dtype,tasks,tile_tokens,dim,num_transforms,pattern,seed,lds_fits,policy,best_variant,global_ms,lds_ms,chunk2_ms,chunk4_ms,chunk8_ms,auto_ms,auto_speedup_vs_global,best_speedup_vs_global,auto_vs_best,max_abs_diff_auto
fp16,32,64,32,8,random,0,1,graph_global,chunk2,0.014806200563907624,0.019536200165748595,0.010996100306510926,0.013936200737953186,0.019456300139427184,0.00984409973025322,1.5040685252715096,1.3464955894537167,1.1170244723057143,0.0
fp16,32,64,32,8,random,1,1,graph_global,global,0.009588100016117096,0.01928820013999939,0.010692200064659119,0.013612200319766999,0.019212199747562407,0.009588100016117096,1.0,1.0,1.0,0.0
fp16,32,64,32,8,random,2,1,graph_global,global,0.009824100136756896,0.0192561998963356,0.01061210036277771,0.013648100197315216,0.019352200627326965,0.00958010032773018,1.0254694419348036,1.0,1.0254694419348036,0.0
fp16,32,64,32,8,contiguous,0,1,graph_global,global,0.009756100177764893,0.019248199462890626,0.010624100267887116,0.013552099466323853,0.019200299680233002,0.009520100057125091,1.0247896680942101,1.0,1.0247896680942101,0.0
fp16,32,64,32,8,contiguous,1,1,graph_global,global,0.009588100016117096,0.019240200519561768,0.010660099983215331,0.013572199642658234,0.019160300493240356,0.0095721997320652,1.0016610898745282,1.0,1.0016610898745282,0.0
fp16,32,64,32,8,contiguous,2,1,graph_global,global,0.009720099717378616,0.019248199462890626,0.010600099712610245,0.0135561004281044,0.01907230019569397,0.009560099989175796,1.0167361981970875,1.0,1.0167361981970875,0.0
fp16,32,64,32,8,page-cross,0,1,graph_global,global,0.009668099880218505,0.019220200181007386,0.011392199993133545,0.013316099345684052,0.019300200045108795,0.009508100152015687,1.0168277285309093,1.0,1.0168277285309093,0.0
fp16,32,64,32,8,page-cross,1,1,graph_global,global,0.009752099961042404,0.019400200247764586,0.010752099752426147,0.013692200183868408,0.019348199665546417,0.009660100191831588,1.009523686854574,1.0,1.009523686854574,0.0
fp16,32,64,32,8,page-cross,2,1,graph_global,global,0.00984020009636879,0.019388200342655183,0.010736200213432311,0.01369210034608841,0.019408200681209565,0.00963210016489029,1.0216048346587008,1.0,1.0216048346587008,0.0
fp16,32,64,32,8,tail-negative,0,1,graph_global,global,0.0099481001496315,0.019396300613880157,0.010800100117921829,0.013808199763298034,0.019320200383663177,0.0096280999481678,1.0332360697527443,1.0,1.0332360697527443,0.0
fp16,32,64,32,8,tail-negative,1,1,graph_global,global,0.009996099770069123,0.01928820013999939,0.010716100037097932,0.01366409957408905,0.01929219961166382,0.009648200124502182,1.0360585022157065,1.0,1.0360585022157065,0.0
fp16,32,64,32,8,tail-negative,2,1,graph_global,global,0.009836100041866302,0.019328199326992035,0.010700099915266038,0.01345209926366806,0.019496199488639832,0.009700199961662293,1.0140100287356058,1.0,1.0140100287356058,0.0
fp16,32,64,32,16,random,0,1,graph_lds_chunked(chunk=2),chunk2,0.012248100340366363,0.031588399410247804,0.012000200152397156,0.014308199286460876,0.019800199568271636,0.011968199908733369,1.0233870117283674,1.0206580044350082,1.0026737724894148,0.0
fp16,32,64,32,16,random,1,1,graph_lds_chunked(chunk=2),chunk2,0.01233220025897026,0.031584298610687254,0.012036199867725372,0.014096200466156006,0.02000019997358322,0.012004099786281586,1.0273323679851138,1.024592512129896,1.0026740931861022,0.0
fp16,32,64,32,16,random,2,1,graph_lds_chunked(chunk=2),chunk2,0.012380199879407883,0.03156029880046844,0.011976099759340286,0.014300200343132018,0.019824199378490448,0.01207209974527359,1.0255216690248867,1.0337422139250665,0.992047780588386,0.0
fp16,32,64,32,16,contiguous,0,1,graph_lds_chunked(chunk=2),chunk2,0.012340100109577179,0.031616398692131044,0.012032199651002884,0.014288200438022614,0.019812199473381042,0.012012200057506561,1.0272972520022017,1.0255897065794308,1.0016649400942856,0.0
fp16,32,64,32,16,contiguous,1,1,graph_lds_chunked(chunk=2),chunk2,0.012404099851846696,0.03165229856967926,0.012080200016498566,0.014316199719905854,0.01986420005559921,0.012056100368499755,1.0288650121274865,1.0268124563257035,1.0019989588060978,0.0
fp16,32,64,32,16,contiguous,2,1,graph_lds_chunked(chunk=2),chunk2,0.012320099771022797,0.03162840008735657,0.01206820011138916,0.014312200248241425,0.019796200096607208,0.011996199935674667,1.027000203154743,1.0208730098364802,1.0060019152815531,0.0
fp16,32,64,32,16,page-cross,0,1,graph_lds_chunked(chunk=2),chunk2,0.012280099838972092,0.0313603013753891,0.012216199934482575,0.014028200507164001,0.019936199486255645,0.012616099417209625,0.9733673961240987,1.005230751365582,0.9683024467783167,0.0
fp16,32,64,32,16,page-cross,1,1,graph_lds_chunked(chunk=2),chunk2,0.01236409991979599,0.03156029880046844,0.012032199651002884,0.014316199719905854,0.019856199622154236,0.012064100056886674,1.024867156397469,1.027584338559861,0.9973557575174802,0.0
fp16,32,64,32,16,page-cross,2,1,graph_lds_chunked(chunk=2),chunk2,0.012340100109577179,0.03160040080547333,0.01196020022034645,0.01435219943523407,0.019812199473381042,0.012032199651002884,1.0255897065794308,1.0317636730348754,0.9940161040587094,0.0
fp16,32,64,32,16,tail-negative,0,1,graph_lds_chunked(chunk=2),chunk2,0.012248200178146363,0.03154439926147461,0.012016099691390992,0.014408199489116669,0.019904300570487976,0.01202009990811348,1.0189765702262523,1.0193157923716014,0.9996672060338044,0.0
fp16,32,64,32,16,tail-negative,1,1,graph_lds_chunked(chunk=2),chunk2,0.012236099690198898,0.031588399410247804,0.012036199867725372,0.014312100410461426,0.01982019990682602,0.012060199677944184,1.014585165830745,1.0166082172671087,0.9980099989337072,0.0
fp16,32,64,32,16,tail-negative,2,1,graph_lds_chunked(chunk=2),chunk2,0.012276200205087661,0.031560400128364564,0.012032099813222886,0.014356200397014619,0.01982029974460602,0.012084099650382995,1.0158969687657762,1.0202874307605492,0.9956968381042388,0.0
fp16,32,64,32,32,random,0,1,graph_lds_chunked(chunk=2),chunk2,0.016724200546741487,0.05583260059356689,0.01623619943857193,0.016360199451446532,0.020736199617385865,0.01621219962835312,1.0315812123046488,1.0300563632527342,1.0014803549653335,0.0
fp16,32,64,32,32,random,1,1,graph_lds_chunked(chunk=2),chunk2,0.01673620045185089,0.05640869736671448,0.016308200359344483,0.01642020046710968,0.02083220034837723,0.01620420068502426,1.0328309786559418,1.0262444710682725,1.0064180687675843,0.0
fp16,32,64,32,32,random,2,1,graph_lds_chunked(chunk=2),chunk2,0.016852200031280518,0.056648701429367065,0.016464200615882874,0.01652020066976547,0.02092829942703247,0.01631619930267334,1.0328508323944876,1.0235662468193776,1.0090708203831074,0.0
fp16,32,64,32,32,contiguous,0,1,graph_lds_chunked(chunk=2),chunk4,0.017012199759483336,0.05620070099830628,0.017472200095653534,0.01623619943857193,0.021028199791908266,0.016308200359344483,1.043168429662778,1.0477944560762098,0.9955849867437213,0.0
fp16,32,64,32,32,contiguous,1,1,graph_lds_chunked(chunk=2),chunk2,0.016836200654506684,0.05595269799232483,0.016244199872016907,0.016444200277328493,0.02080029994249344,0.016224199533462526,1.0377214986651206,1.0364438253132793,1.0012327473237204,0.0
fp16,32,64,32,32,contiguous,2,1,graph_lds_chunked(chunk=2),chunk4,0.016760200262069702,0.05557270050048828,0.01623619943857193,0.016172200441360474,0.020788200199604034,0.0162882000207901,1.028978047953558,1.036358677524514,0.9928783058114728,0.0
fp16,32,64,32,32,page-cross,0,1,graph_lds_chunked(chunk=2),chunk2,0.016760200262069702,0.05578870177268982,0.01631219983100891,0.0163442000746727,0.020728300511837005,0.016196200251579286,1.0348229832756866,1.027464133329777,1.0071621477647705,0.0
fp16,32,64,32,32,page-cross,1,1,graph_lds_chunked(chunk=2),chunk4,0.01668419986963272,0.05597259998321533,0.016416199505329132,0.01620820015668869,0.020932300388813017,0.01652819961309433,1.0094384300885864,1.0293678328464866,0.9806391824943762,0.0
fp16,32,64,32,32,page-cross,2,1,graph_lds_chunked(chunk=2),chunk2,0.016972200572490694,0.05634070038795471,0.0162882000207901,0.01649619936943054,0.020756199955940247,0.016408200562000274,1.0343730568357743,1.0419936242695658,0.9926865508038656,0.0
fp16,32,64,32,32,tail-negative,0,1,graph_lds_chunked(chunk=2),chunk2,0.01660420000553131,0.05562869906425476,0.016108199954032898,0.01629219949245453,0.020712199807167053,0.01613620072603226,1.029003065061284,1.0307917739358725,0.9982647233710853,0.0
fp16,32,64,32,32,tail-negative,1,1,graph_lds_chunked(chunk=2),chunk2,0.016668200492858887,0.05586469769477844,0.016196200251579286,0.01632020026445389,0.02066829949617386,0.01631219983100891,1.0218241969530824,1.0291426528412784,0.9928887838163242,0.0
fp16,32,64,32,32,tail-negative,2,1,graph_lds_chunked(chunk=2),chunk2,0.01668419986963272,0.055824702978134154,0.016172200441360474,0.016304199397563935,0.020672300457954408,0.01614820063114166,1.033192505514044,1.0316592309209083,1.0014862219492449,0.0
fp16,32,64,64,8,random,0,1,graph_global,global,0.012660199403762817,0.027780300378799437,0.0140842005610466,0.018744300305843353,0.02760840058326721,0.012404099851846696,1.020646363297212,1.0,1.020646363297212,0.0
fp16,32,64,64,8,random,1,1,graph_global,global,0.012620100378990173,0.02771629989147186,0.014072200655937195,0.018772299587726592,0.028640401363372803,0.012340100109577179,1.0226902753564928,1.0,1.0226902753564928,0.0
fp16,32,64,64,8,random,2,1,graph_global,global,0.012628099322319031,0.027752301096916197,0.014208200573921203,0.018784199655056,0.027664300799369813,0.012412200123071671,1.0173941120112984,1.0,1.0173941120112984,0.0
fp16,32,64,64,8,contiguous,0,1,graph_global,global,0.012432199716567994,0.02772429883480072,0.014108200371265412,0.018752199411392213,0.02764829993247986,0.012416200339794159,1.0012885888062355,1.0,1.0012885888062355,0.0
fp16,32,64,64,8,contiguous,1,1,graph_global,global,0.012644100189208984,0.027768298983573914,0.014116199314594268,0.01881230026483536,0.02764439880847931,0.012388099730014802,1.020665030535226,1.0,1.020665030535226,0.0
fp16,32,64,64,8,contiguous,2,1,graph_global,global,0.012716199457645416,0.02774440050125122,0.01419219970703125,0.018792200088500976,0.02766830027103424,0.012480200082063676,1.0189099032090772,1.0,1.0189099032090772,0.0
fp16,32,64,64,8,page-cross,0,1,graph_global,global,0.012676200270652771,0.027728399634361266,0.014044100046157837,0.01873620003461838,0.027752301096916197,0.012344200164079666,1.0268952303235646,1.0,1.0268952303235646,0.0
fp16,32,64,64,8,page-cross,1,1,graph_global,global,0.012368100136518479,0.027600300312042237,0.014252200722694397,0.018608300387859343,0.027808400988578796,0.012592099606990814,0.9822111103419181,1.0,0.9822111103419181,0.0
fp16,32,64,64,8,page-cross,2,1,graph_global,global,0.012592099606990814,0.02774440050125122,0.01411219984292984,0.018764300644397734,0.027640300989151,0.012456200271844863,1.0109101758305161,1.0,1.0109101758305161,0.0
fp16,32,64,64,8,tail-negative,0,1,graph_global,global,0.012356200069189072,0.027732300758361816,0.014080199599266052,0.01877630054950714,0.02760840058326721,0.01236409991979599,0.9993610654509295,1.0,0.9993610654509295,0.0
fp16,32,64,64,8,tail-negative,1,1,graph_global,global,0.012672199308872223,0.027892300486564638,0.014220100641250611,0.018880200386047364,0.02782039940357208,0.012476100027561188,1.0157179952771962,1.0,1.0157179952771962,0.0
fp16,32,64,64,8,tail-negative,2,1,graph_global,global,0.012648199498653413,0.02779630124568939,0.014120100438594818,0.018804199993610382,0.027768298983573914,0.012428099662065506,1.0177098544888339,1.0,1.0177098544888339,0.0
fp16,32,64,64,16,random,0,1,graph_global,chunk2,0.01674019992351532,0.0476606011390686,0.016480199992656708,0.0197843000292778,0.02880840003490448,0.01649619936943054,1.0147913194197289,1.015776503378264,0.9990301173976182,0.0
fp16,32,64,64,16,random,1,1,graph_global,chunk2,0.01673219949007034,0.04770059883594513,0.01650020033121109,0.019696299731731415,0.028784400224685668,0.01652020066976547,1.0128327024920987,1.0140603843712377,0.9987893404593453,0.0
fp16,32,64,64,16,random,2,1,graph_global,chunk2,0.016856199502944945,0.04812059998512268,0.016412200033664705,0.019676199555397032,0.028668299317359924,0.016644200682640074,1.0127370983051163,1.0270530135124791,0.9860611720923705,0.0
fp16,32,64,64,16,contiguous,0,1,graph_global,global,0.01658419966697693,0.04720059931278229,0.016600200533866884,0.019528299570083618,0.028892400860786437,0.016672199964523314,0.9947217345201209,1.0,0.9947217345201209,0.0
fp16,32,64,64,16,contiguous,1,1,graph_global,chunk2,0.016696199774742126,0.04737260043621063,0.016456200182437895,0.019688299298286437,0.02865239977836609,0.016384199261665344,1.0190427684682022,1.014584143948392,1.0043945340033196,0.0
fp16,32,64,64,16,contiguous,2,1,graph_global,chunk2,0.01666020005941391,0.047632598876953126,0.016488200426101683,0.019724200665950774,0.02897230088710785,0.016532200574874877,1.0077424347690025,1.010431680163224,0.9973385183313065,0.0
fp16,32,64,64,16,page-cross,0,1,graph_global,chunk2,0.016724200546741487,0.047480601072311404,0.016700200736522675,0.019640199840068817,0.02900429964065552,0.017540200054645537,0.9534783237727137,1.0014370971102358,0.9521100491724216,0.0
fp16,32,64,64,16,page-cross,1,1,graph_global,chunk2,0.01672019958496094,0.04757660031318665,0.016464200615882874,0.019748300313949585,0.028792399168014526,0.016596199572086336,1.0074715908504235,1.0155488246924727,0.9920464347497078,0.0
fp16,32,64,64,16,page-cross,2,1,graph_global,chunk2,0.01672019958496094,0.04778459966182709,0.01655620038509369,0.019624200463294984,0.0290803998708725,0.016456200182437895,1.0160425492881877,1.0099056061205267,1.0060767492827727,0.0
fp16,32,64,64,16,tail-negative,0,1,graph_global,chunk2,0.01658419966697693,0.04764060080051422,0.01647620052099228,0.0197843000292778,0.02879230082035065,0.016480199992656708,1.0063105832675916,1.0065548574652905,0.9997573165576747,0.0
fp16,32,64,64,16,tail-negative,1,1,graph_global,chunk2,0.01663219928741455,0.047652599215507505,0.01650020033121109,0.019748300313949585,0.0287883996963501,0.01642819941043854,1.0124176650087648,1.0079998396112668,1.0043827639885357,0.0
fp16,32,64,64,16,tail-negative,2,1,graph_global,chunk2,0.016600300371646882,0.047520598769187926,0.01655219942331314,0.019768199324607848,0.028824299573898315,0.016444200277328493,1.0094927142509693,1.002906015515134,1.0065676131501236,0.0
fp16,32,64,64,32,random,0,1,graph_lds_chunked(chunk=2),chunk2,0.024820299446582796,0.08796510100364685,0.023576299846172332,0.024052299559116364,0.03069640100002289,0.023676300048828126,1.0483183350183676,1.0527648362349968,0.9957763585336576,0.0
fp16,32,64,64,32,random,1,1,graph_lds_chunked(chunk=2),chunk2,0.02474430054426193,0.09047309756278991,0.02405630052089691,0.02454430013895035,0.031236401200294493,0.024680300056934355,1.002593181086937,1.0285995771780194,0.9747166957209614,0.0
fp16,32,64,64,32,random,2,1,graph_lds_chunked(chunk=2),chunk2,0.025188300013542175,0.08958119750022889,0.023896299302577972,0.024324299395084382,0.03116840124130249,0.024004299938678742,1.0493244992725501,1.0540669789327932,0.9955007795946281,0.0
fp16,32,64,64,32,contiguous,0,1,graph_lds_chunked(chunk=2),chunk2,0.025092300772666932,0.08888909816741944,0.024120299518108367,0.024128299951553345,0.031300398707389834,0.02416429966688156,1.0384038072105704,1.040298059061366,0.9981791258435063,0.0
fp16,32,64,64,32,contiguous,1,1,graph_lds_chunked(chunk=2),chunk2,0.025024300813674925,0.08872110247612,0.024160300195217133,0.02422430068254471,0.031476399302482604,0.024120299518108367,1.0374788586222936,1.035761170659164,1.0016583822716933,0.0
fp16,32,64,64,32,contiguous,2,1,graph_lds_chunked(chunk=2),chunk4,0.024864299595355986,0.08794909715652466,0.024420300126075746,0.02369229942560196,0.03074040114879608,0.02366030067205429,1.0508868817852246,1.0494675568926652,1.0013524237917004,0.0
fp16,32,64,64,32,page-cross,0,1,graph_lds_chunked(chunk=2),chunk2,0.024308300018310545,0.08690109848976135,0.023684300482273102,0.023708300292491914,0.030704399943351744,0.02364429980516434,1.0280828875719625,1.0263465470092514,1.0016917683094184,0.0
fp16,32,64,64,32,page-cross,1,1,graph_lds_chunked(chunk=2),chunk4,0.02440029978752136,0.08666099905967713,0.02450830042362213,0.02365629971027374,0.03064039945602417,0.023596300184726714,1.0340731214851664,1.0314503995282283,1.0025427514092173,0.0
fp16,32,64,64,32,page-cross,2,1,graph_lds_chunked(chunk=2),chunk2,0.024716299772262574,0.0872970998287201,0.023524299263954163,0.023912300169467927,0.03053629994392395,0.023484300076961517,1.0524605669005938,1.050671031469783,1.0017032309611766,0.0
fp16,32,64,64,32,tail-negative,0,1,graph_lds_chunked(chunk=2),chunk2,0.024500299990177155,0.08710110187530518,0.02337229996919632,0.02390030026435852,0.03050040006637573,0.023368300497531892,1.0484416696355314,1.0482622601313303,1.0001711494451575,0.0
fp16,32,64,64,32,tail-negative,1,1,graph_lds_chunked(chunk=2),chunk4,0.02437230050563812,0.08783310055732726,0.024268299341201782,0.024072299897670745,0.030708399415016175,0.023348300158977507,1.0438575973277815,1.0124624821576107,1.0310086701714283,0.0
fp16,32,64,64,32,tail-negative,2,1,graph_lds_chunked(chunk=2),chunk2,0.024452300369739534,0.08726109862327576,0.02347629964351654,0.02403630018234253,0.03072429895401001,0.023364299535751344,1.0465668072917558,1.0415738741217053,1.0047936428649966,0.0
fp16,32,64,128,8,random,0,1,graph_global,global,0.01876419931650162,0.04491659998893738,0.021084199845790862,0.029084300994873045,0.04466859996318817,0.018556199967861176,1.0112091564544838,1.0,1.0112091564544838,0.0
fp16,32,64,128,8,random,1,1,graph_global,global,0.018080200254917144,0.04448060095310211,0.02076829969882965,0.028908398747444154,0.04449650049209595,0.01785220056772232,1.0127715172328424,1.0,1.0127715172328424,0.0
fp16,32,64,128,8,random,2,1,graph_global,global,0.018100200593471526,0.044484499096870425,0.020776200294494628,0.028980401158332825,0.04442450106143951,0.01782020032405853,1.015712520865154,1.0,1.015712520865154,0.0
fp16,32,64,128,8,contiguous,0,1,graph_global,global,0.018204200267791747,0.04454050064086914,0.02085629999637604,0.028980401158332825,0.04442450106143951,0.01785220056772232,1.019717440364515,1.0,1.019717440364515,0.0
fp16,32,64,128,8,contiguous,1,1,graph_global,global,0.018116199970245363,0.0445044994354248,0.020876200497150423,0.02907240092754364,0.04440850019454956,0.017932200431823732,1.0102608455176028,1.0,1.0102608455176028,0.0
fp16,32,64,128,8,contiguous,2,1,graph_global,global,0.01806419938802719,0.04442049860954285,0.020812200009822847,0.028964298963546752,0.04441249966621399,0.01779630035161972,1.0150536364926595,1.0,1.0150536364926595,0.0
fp16,32,64,128,8,page-cross,0,1,graph_global,global,0.01793230026960373,0.044392600655555725,0.021080300211906433,0.028820401430130003,0.04464850127696991,0.018060199916362762,0.9929181488936258,1.0,0.9929181488936258,0.0
fp16,32,64,128,8,page-cross,1,1,graph_global,global,0.01785220056772232,0.044308599829673764,0.02109230011701584,0.02880840003490448,0.044588598608970645,0.01804019957780838,0.9895788841317852,1.0,0.9895788841317852,0.0
fp16,32,64,128,8,page-cross,2,1,graph_global,global,0.01803620010614395,0.04442049860954285,0.02076829969882965,0.02889629900455475,0.04451259970664978,0.017832300066947936,1.0114343095635734,1.0,1.0114343095635734,0.0
fp16,32,64,128,8,tail-negative,0,1,graph_global,global,0.018528300523757934,0.04481660127639771,0.021068300306797027,0.029116401076316835,0.044688498973846434,0.018344199657440184,1.0100359170612865,1.0,1.0100359170612865,0.0
fp16,32,64,128,8,tail-negative,1,1,graph_global,global,0.018068200349807738,0.044388499855995175,0.020716199278831483,0.028816398978233338,0.044328498840332034,0.017744199931621553,1.0182595112450683,1.0,1.0182595112450683,0.0
fp16,32,64,128,8,tail-negative,2,1,graph_global,global,0.018020200729370116,0.04451659917831421,0.02079630047082901,0.028920400142669677,0.04441260099411011,0.01780419945716858,1.0121320406863092,1.0,1.0121320406863092,0.0
fp16,32,64,128,16,random,0,1,graph_global,global,0.025792300701141357,0.07922499775886535,0.026000401377677916,0.031240400671958924,0.04751259982585907,0.025432300567626954,1.0141552327347314,1.0,1.0141552327347314,0.0
fp16,32,64,128,16,random,1,1,graph_global,global,0.025692299008369446,0.07973690032958984,0.026492300629615783,0.030996400117874145,0.04760459959506989,0.025728398561477663,0.9985968985585342,1.0,0.9985968985585342,0.0
fp16,32,64,128,16,random,2,1,graph_global,chunk2,0.025420299172401427,0.07846099734306336,0.025296300649642944,0.030760401487350465,0.046908599138259885,0.02522430121898651,1.0077702034919955,1.0049018441263755,1.0028543677000747,0.0
fp16,32,64,128,16,contiguous,0,1,graph_global,chunk2,0.025728300213813782,0.07983689904212951,0.025712299346923827,0.03131240010261536,0.047708600759506226,0.02546829879283905,1.0102088256105992,1.0006223040061124,1.009580559583877,0.0
fp16,32,64,128,16,contiguous,1,1,graph_global,chunk2,0.02583630084991455,0.07892889976501465,0.025500300526618957,0.030792400240898132,0.046900498867034915,0.025584301352500914,1.0098497705269174,1.0131763279787567,0.996716704328776,0.0
fp16,32,64,128,16,contiguous,2,1,graph_global,global,0.025528299808502197,0.07964900135993958,0.025764301419258118,0.03132439851760864,0.047820600867271426,0.025452399253845216,1.0029820589367626,1.0,1.0029820589367626,0.0
fp16,32,64,128,16,page-cross,0,1,graph_global,global,0.02543630003929138,0.07869300246238708,0.025540301203727724,0.03098439872264862,0.04727259874343872,0.025352299213409424,1.0033133415306776,1.0,1.0033133415306776,0.0
fp16,32,64,128,16,page-cross,1,1,graph_global,chunk2,0.025588300824165345,0.07829290032386779,0.02558029890060425,0.03040429949760437,0.04678860008716583,0.026076298952102662,0.9812857595767835,1.00031281587413,0.9809788938066144,0.0
fp16,32,64,128,16,page-cross,2,1,graph_global,chunk2,0.025452300906181335,0.07849299907684326,0.025440299510955812,0.0306443989276886,0.04657660126686096,0.025352400541305543,1.003940469649532,1.0004717474029878,1.0034670866574176,0.0
fp16,32,64,128,16,tail-negative,0,1,graph_global,global,0.025556299090385436,0.07980899810791016,0.02605629861354828,0.030600398778915405,0.04694460034370422,0.02605229914188385,0.9809613712479985,1.0,0.9809613712479985,0.0
fp16,32,64,128,16,tail-negative,1,1,graph_global,global,0.025424298644065858,0.07883700132369995,0.02629629969596863,0.030812400579452514,0.047216498851776124,0.02615639865398407,0.9720106724322807,1.0,0.9720106724322807,0.0
fp16,32,64,128,16,tail-negative,2,1,graph_global,global,0.025288298726081848,0.07874900102615356,0.025588300824165345,0.03104040026664734,0.04733259975910187,0.025104299187660217,1.007329403503607,1.0,1.007329403503607,0.0
fp16,32,64,128,32,random,0,1,graph_lds_chunked(chunk=2),chunk2,0.040816500782966614,0.15186189413070678,0.03918449878692627,0.03977650105953216,0.050356698036193845,0.03912050127983093,1.0433532150062217,1.0416491736927576,1.001635907133131,0.0
fp16,32,64,128,32,random,1,1,graph_lds_chunked(chunk=2),chunk2,0.04059650003910065,0.15410590171813965,0.03981649875640869,0.04068050086498261,0.051292598247528076,0.03908849954605102,1.0385791347982805,1.0195899013487821,1.01862438361186,0.0
fp16,32,64,128,32,random,2,1,graph_lds_chunked(chunk=2),chunk2,0.0410645991563797,0.152121901512146,0.03967649936676025,0.03993239998817444,0.0503525972366333,0.03898850083351135,1.0532489908174132,1.0349854400406695,1.0176461910189056,0.0
fp16,32,64,128,32,contiguous,0,1,graph_lds_chunked(chunk=2),chunk4,0.04058850109577179,0.15136990547180176,0.039592400193214417,0.03951649963855743,0.05040460228919983,0.038956499099731444,1.0418929327263804,1.0271279457193718,1.014375022185447,0.0
fp16,32,64,128,32,contiguous,1,1,graph_lds_chunked(chunk=2),chunk4,0.04068849980831146,0.15129380226135253,0.03930450081825256,0.039056500792503356,0.049908599257469176,0.038928499817848204,1.0452110920970121,1.0417855922239034,1.0032881044801132,0.0
fp16,32,64,128,32,contiguous,2,1,graph_lds_chunked(chunk=2),chunk2,0.040556499361991884,0.15093380212783813,0.03901639878749848,0.03912450075149536,0.05005660057067871,0.03889650106430054,1.0426773167835115,1.0394731605774667,1.003082480940888,0.0
fp16,32,64,128,32,page-cross,0,1,graph_lds_chunked(chunk=2),chunk2,0.04047249853610992,0.1504459023475647,0.039196398854255673,0.039456498622894284,0.0505607008934021,0.03870449960231781,1.0456794158807892,1.0325565541518031,1.0127090973140602,0.0
fp16,32,64,128,32,page-cross,1,1,graph_lds_chunked(chunk=2),chunk2,0.0413765013217926,0.15215389728546141,0.03918839991092682,0.039356499910354614,0.0500806987285614,0.0397724986076355,1.040329442964621,1.0558354364005478,0.9853140054772282,0.0
fp16,32,64,128,32,page-cross,2,1,graph_lds_chunked(chunk=2),chunk4,0.0405364990234375,0.15039780139923095,0.03912450075149536,0.0388604998588562,0.05023260116577148,0.03900049924850464,1.039384105448131,1.043128605413431,0.9964103180126903,0.0
fp16,32,64,128,32,tail-negative,0,1,graph_lds_chunked(chunk=2),chunk2,0.040360501408576964,0.1519299030303955,0.039112401008605954,0.03994849920272827,0.05059670209884644,0.03874450027942657,1.041709174656938,1.031910605531386,1.0094955600543578,0.0
fp16,32,64,128,32,tail-negative,1,1,graph_lds_chunked(chunk=2),chunk2,0.04026449918746948,0.15232789516448975,0.038608399033546445,0.039556500315666196,0.050140601396560666,0.0389724999666214,1.033151561279226,1.0428948155162836,0.9906574909644802,0.0
fp16,32,64,128,32,tail-negative,2,1,graph_lds_chunked(chunk=2),chunk2,0.040728500485420226,0.15090190172195433,0.038908499479293826,0.03926050066947937,0.04991660118103027,0.03939250111579895,1.033915068395732,1.0467764378087867,0.9877133560247331,0.0
fp16,32,128,32,8,random,0,1,graph_global,global,0.012648199498653413,0.027924400568008424,0.0141402006149292,0.018844200670719145,0.027580299973487855,0.01252020001411438,1.010223437676294,1.0,1.010223437676294,0.0
fp16,32,128,32,8,random,1,1,graph_global,global,0.012692099809646607,0.02786029875278473,0.01411219984292984,0.01885630041360855,0.027708399295806884,0.012380199879407883,1.0251934486742424,1.0,1.0251934486742424,0.0
fp16,32,128,32,8,random,2,1,graph_global,global,0.012628099322319031,0.0278562992811203,0.014188100397586823,0.018888199329376222,0.02769629955291748,0.012388099730014802,1.019373398465847,1.0,1.019373398465847,0.0
fp16,32,128,32,8,contiguous,0,1,graph_global,global,0.012676100432872772,0.02786029875278473,0.0141402006149292,0.01886419951915741,0.02772040069103241,0.012572099268436433,1.0082723785595176,1.0,1.0082723785595176,0.0
fp16,32,128,32,8,contiguous,1,1,graph_global,global,0.012504200637340545,0.027872300148010253,0.014260099828243255,0.018872199952602385,0.027812299132347108,0.012508100271224976,0.9996882313221136,1.0,0.9996882313221136,0.0
fp16,32,128,32,8,contiguous,2,1,graph_global,global,0.0126800999045372,0.02790830135345459,0.014216199517250061,0.018876199424266816,0.02771629989147186,0.012452100217342377,1.018310139110291,1.0,1.018310139110291,0.0
fp16,32,128,32,8,page-cross,0,1,graph_global,global,0.012800200283527375,0.027868300676345825,0.01416810005903244,0.01883620023727417,0.027708300948143007,0.012492100149393082,1.0246635978298062,1.0,1.0246635978298062,0.0
fp16,32,128,32,8,page-cross,1,1,graph_global,global,0.012512199580669403,0.02788040041923523,0.014264200627803803,0.01885620057582855,0.027764299511909486,0.01249620020389557,1.001280339344183,1.0,1.001280339344183,0.0
fp16,32,128,32,8,page-cross,2,1,graph_global,global,0.012700200080871582,0.02783229947090149,0.014144200086593627,0.018828299641609193,0.02774440050125122,0.012528200447559357,1.0137289975549308,1.0,1.0137289975549308,0.0
fp16,32,128,32,8,tail-negative,0,1,graph_global,global,0.012644200026988984,0.02783229947090149,0.014240099489688874,0.018844200670719145,0.027792298793792726,0.012412100285291671,1.018699473607408,1.0,1.018699473607408,0.0
fp16,32,128,32,8,tail-negative,1,1,graph_global,global,0.012624099850654602,0.027896299958229065,0.01416410058736801,0.01880819946527481,0.027736398577690124,0.012396100163459777,1.0183928561554305,1.0,1.0183928561554305,0.0
fp16,32,128,32,8,tail-negative,2,1,graph_global,global,0.01265220046043396,0.027900299429893492,0.014128200709819794,0.018820199370384216,0.027856400609016417,0.012440100312232971,1.0170497136580499,1.0,1.0170497136580499,0.0
fp16,32,128,32,16,random,0,1,graph_global,chunk2,0.016708199679851533,0.04739660024642944,0.016488200426101683,0.019716300070285797,0.02870439887046814,0.016404199600219726,1.018531844712968,1.0133428299065057,1.0051206903066963,0.0
fp16,32,128,32,16,random,1,1,graph_global,chunk2,0.016668200492858887,0.04722059965133667,0.016644200682640074,0.019536300003528594,0.028928399085998535,0.017552199959754943,0.9496359733296704,1.0014419322787813,0.9482686341770946,0.0
fp16,32,128,32,16,random,2,1,graph_global,chunk2,0.016612200438976286,0.04721260070800781,0.0164682999253273,0.019760200381278993,0.028800299763679503,0.016336199641227723,1.0168950431440626,1.008738030901883,1.0080863534359727,0.0
fp16,32,128,32,16,contiguous,0,1,graph_global,chunk2,0.016936199367046358,0.04735260009765625,0.016512200236320496,0.019580300152301788,0.02899239957332611,0.01650419980287552,1.0261751293204515,1.0256779305397004,1.0004847513687747,0.0
fp16,32,128,32,16,contiguous,1,1,graph_global,chunk2,0.016756199300289154,0.04728460013866424,0.0164682000875473,0.019776199758052827,0.028820401430130003,0.01660420000553131,1.0091542678784409,1.0174882021842586,0.9918093062033279,0.0
fp16,32,128,32,16,contiguous,2,1,graph_global,chunk2,0.016796199977397917,0.047808599472045896,0.01657620072364807,0.019812199473381042,0.028720399737358092,0.016672199964523314,1.0074375315278405,1.0132719950378006,0.9942419572054366,0.0
fp16,32,128,32,16,page-cross,0,1,graph_global,chunk2,0.01654819995164871,0.047364598512649535,0.016516199707984923,0.019796200096607208,0.028820401430130003,0.01652819961309433,1.0012100736330978,1.001937506462114,0.9992739738513383,0.0
fp16,32,128,32,16,page-cross,1,1,graph_global,chunk2,0.01682019978761673,0.04739660024642944,0.01647620052099228,0.019836199283599854,0.028876298666000368,0.01654819995164871,1.016436823144678,1.0208785554768018,0.9956491080077107,0.0
fp16,32,128,32,16,page-cross,2,1,graph_global,global,0.016620199382305145,0.04714860022068024,0.016792300343513488,0.019592200219631196,0.029120400547981262,0.016776199638843536,0.9907010967980383,1.0,0.9907010967980383,0.0
fp16,32,128,32,16,tail-negative,0,1,graph_global,chunk2,0.016792300343513488,0.04775660037994385,0.016516199707984923,0.01992419958114624,0.02884030044078827,0.016488200426101683,1.018443487436652,1.0167169591316507,1.001698140558682,0.0
fp16,32,128,32,16,tail-negative,1,1,graph_global,chunk2,0.016540199518203735,0.04738860130310059,0.01649619936943054,0.019772200286388396,0.028804299235343934,0.016404199600219726,1.0082905549370533,1.0026672900701439,1.0056083058883034,0.0
fp16,32,128,32,16,tail-negative,2,1,graph_global,chunk2,0.016568200290203096,0.047288501262664796,0.016416199505329132,0.020764300227165224,0.028792399168014526,0.01636829972267151,1.0122126653909391,1.0092591945428429,1.0029263749729165,0.0
fp16,32,128,32,32,random,0,1,graph_lds_chunked(chunk=2),chunk2,0.02454030066728592,0.08629710078239441,0.023380300402641295,0.02380030006170273,0.030484399199485777,0.023340299725532532,1.0514132618631575,1.049614429441359,1.0017138030607637,0.0
fp16,32,128,32,32,random,1,1,graph_lds_chunked(chunk=2),chunk2,0.024708299338817595,0.08792510032653808,0.023968300223350524,0.024376299977302552,0.03131240010261536,0.02352830022573471,1.0501523315225394,1.0308740756987909,1.0187008833359985,0.0
fp16,32,128,32,32,random,2,1,graph_lds_chunked(chunk=2),chunk2,0.025160300731658935,0.08879709839820862,0.023948299884796142,0.02417230010032654,0.03095639944076538,0.023964299261569975,1.049907633727764,1.050609055870068,0.9993323661752342,0.0
fp16,32,128,32,32,contiguous,0,1,graph_lds_chunked(chunk=2),chunk2,0.024876299500465392,0.08669710159301758,0.023488299548625947,0.023908300697803496,0.030488398671150208,0.023648299276828766,1.051927633749115,1.059093249767442,0.9932341972532633,0.0
fp16,32,128,32,32,contiguous,1,1,graph_lds_chunked(chunk=2),chunk2,0.024900299310684205,0.08684499859809876,0.023520299792289735,0.023888300359249114,0.030408400297164916,0.02360830008983612,1.054726482463018,1.058672701053192,0.9962724847951137,0.0
fp16,32,128,32,32,contiguous,2,1,graph_lds_chunked(chunk=2),chunk2,0.024756300449371337,0.08668509721755982,0.023632299900054932,0.024052299559116364,0.03092440068721771,0.023464299738407135,1.055062402260802,1.0475620466086668,1.0071598199614202,0.0
fp16,32,128,32,32,page-cross,0,1,graph_lds_chunked(chunk=2),chunk2,0.02512829899787903,0.08708500266075134,0.023436300456523895,0.023856300115585326,0.030440399050712587,0.02360830008983612,1.0643840895896313,1.0721956327746318,0.9927144422657405,0.0
fp16,32,128,32,32,page-cross,1,1,graph_lds_chunked(chunk=2),chunk4,0.024636399745941163,0.08705710172653199,0.0236163005232811,0.023568299412727357,0.030604401230812074,0.02379229962825775,1.0354778701879195,1.0453193637143379,0.990585180120027,0.0
fp16,32,128,32,32,page-cross,2,1,graph_lds_chunked(chunk=2),chunk2,0.024532300233840943,0.08697310090065002,0.02390030026435852,0.024044300615787505,0.031200399994850157,0.02369229942560196,1.0354545919393234,1.0264431811522008,1.0087792592445373,0.0
fp16,32,128,32,32,tail-negative,0,1,graph_lds_chunked(chunk=2),chunk2,0.024500299990177155,0.08644909858703613,0.023324300348758698,0.023776300251483917,0.03034439980983734,0.023364299535751344,1.0486212074403316,1.0504195034292225,0.9982880211353462,0.0
fp16,32,128,32,32,tail-negative,1,1,graph_lds_chunked(chunk=2),chunk2,0.02459229975938797,0.08774110078811645,0.023660199344158174,0.02419629991054535,0.03100839853286743,0.023408299684524535,1.0505803535848521,1.0393952900257342,1.0107611258839178,0.0
fp16,32,128,32,32,tail-negative,2,1,graph_lds_chunked(chunk=2),chunk2,0.024676300585269928,0.08624910116195679,0.02348030060529709,0.023600299656391144,0.0306084007024765,0.02350029945373535,1.0500419636715588,1.0509363146612793,0.9991489960169387,0.0
fp16,32,128,64,8,random,0,1,graph_global,global,0.018028199672698975,0.04490860104560852,0.020948299765586854,0.029132398962974548,0.04447259902954102,0.017812199890613556,1.0121265078660633,1.0,1.0121265078660633,0.0
fp16,32,128,64,8,random,1,1,graph_global,global,0.01804029941558838,0.044604599475860596,0.020752300322055817,0.028904300928115845,0.04445259869098663,0.01784819960594177,1.0107629796779423,1.0,1.0107629796779423,0.0
fp16,32,128,64,8,random,2,1,graph_global,global,0.017988300323486327,0.04459660053253174,0.020764300227165224,0.02891240119934082,0.044464600086212155,0.017812199890613556,1.0098865066614018,1.0,1.0098865066614018,0.0
fp16,32,128,64,8,contiguous,0,1,graph_global,global,0.018104299902915955,0.044676598906517026,0.020852300524711608,0.028976398706436157,0.04466060101985932,0.017900200188159944,1.0114020911839305,1.0,1.0114020911839305,0.0
fp16,32,128,64,8,contiguous,1,1,graph_global,global,0.018112200498580932,0.04473260045051575,0.02082030028104782,0.029000300168991088,0.04459660053253174,0.01780419945716858,1.0172993479517745,1.0,1.0172993479517745,0.0
fp16,32,128,64,8,contiguous,2,1,graph_global,global,0.01818020045757294,0.044708600640296935,0.020860299468040466,0.02894429862499237,0.044636601209640504,0.017896200716495513,1.0158692755840435,1.0,1.0158692755840435,0.0
fp16,32,128,64,8,page-cross,0,1,graph_global,global,0.018020200729370116,0.04475649893283844,0.020892199873924256,0.029012399911880492,0.044612500071525577,0.01785220056772232,1.0094106136109378,1.0,1.0094106136109378,0.0
fp16,32,128,64,8,page-cross,1,1,graph_global,global,0.01812019944190979,0.04477649927139282,0.020876200497150423,0.02886430025100708,0.0447405993938446,0.017912200093269347,1.0116121608488842,1.0,1.0116121608488842,0.0
fp16,32,128,64,8,page-cross,2,1,graph_global,global,0.018168200552463532,0.04469659924507141,0.020856200158596037,0.028772300481796263,0.04459660053253174,0.017944300174713136,1.0124775207486727,1.0,1.0124775207486727,0.0
fp16,32,128,64,8,tail-negative,0,1,graph_global,global,0.01803620010614395,0.04438050091266632,0.02098020017147064,0.02872839868068695,0.0446925014257431,0.01779630035161972,1.0134803161210075,1.0,1.0134803161210075,0.0
fp16,32,128,64,8,tail-negative,1,1,graph_global,global,0.017928199470043184,0.04452860057353973,0.020736299455165863,0.028840398788452147,0.04449250102043152,0.017728200554847716,1.0112813996308712,1.0,1.0112813996308712,0.0
fp16,32,128,64,8,tail-negative,2,1,graph_global,global,0.017948199808597565,0.044604599475860596,0.02090830057859421,0.02867630124092102,0.044676598906517026,0.017704200744628907,1.0137819869695435,1.0,1.0137819869695435,0.0
fp16,32,128,64,16,random,0,1,graph_global,global,0.02504430115222931,0.07899699807167053,0.02532829940319061,0.030600300431251524,0.04662060141563416,0.025056400895118715,0.9995170997247349,1.0,0.9995170997247349,0.0
fp16,32,128,64,16,random,1,1,graph_global,global,0.025272399187088013,0.07916100025177002,0.025424399971961976,0.03121640086174011,0.047624599933624265,0.025560298562049867,0.9887364627505053,1.0,0.9887364627505053,0.0
fp16,32,128,64,16,random,2,1,graph_global,global,0.025512298941612242,0.07959700226783753,0.025804299116134643,0.03117640018463135,0.04800460040569306,0.025268399715423585,1.0096523416178107,1.0,1.0096523416178107,0.0
fp16,32,128,64,16,contiguous,0,1,graph_global,chunk2,0.025752300024032594,0.07914100289344787,0.025472399592399598,0.03106040060520172,0.04722859859466553,0.026140299439430238,0.9851570401365647,1.0109883809971525,0.9744494186618545,0.0
fp16,32,128,64,16,contiguous,1,1,graph_global,chunk2,0.02583639919757843,0.07909700274467468,0.025456300377845763,0.030776399374008178,0.046792599558830264,0.026228299736976622,0.9850581035245036,1.0149314242089735,0.9705661683421096,0.0
fp16,32,128,64,16,contiguous,2,1,graph_global,chunk2,0.026416298747062684,0.07924100160598754,0.02549630105495453,0.030828401446342468,0.046920600533485415,0.025424298644065858,1.039017796199006,1.036083575030166,1.0028320313530252,0.0
fp16,32,128,64,16,page-cross,0,1,graph_global,chunk2,0.025656300783157348,0.07910900115966797,0.02544429898262024,0.030784401297569274,0.04678860008716583,0.025412300229072572,1.009601671312132,1.0083319961254156,1.00125918367323,0.0
fp16,32,128,64,16,page-cross,1,1,graph_global,global,0.025396299362182618,0.07871699929237366,0.025644299387931824,0.030548301339149476,0.04701659977436066,0.02557240128517151,0.993113594573107,1.0,0.993113594573107,0.0
fp16,32,128,64,16,page-cross,2,1,graph_global,chunk2,0.02589629888534546,0.08066099882125854,0.025876298546791077,0.031372401118278506,0.047780600190162656,0.02552430033683777,1.0145742897395233,1.0007729211547862,1.013790709453661,0.0
fp16,32,128,64,16,tail-negative,0,1,graph_global,global,0.025500300526618957,0.07968909740447998,0.025500300526618957,0.030632400512695314,0.046668601036071775,0.025244298577308654,1.01014098088431,1.0,1.01014098088431,0.0
fp16,32,128,64,16,tail-negative,1,1,graph_global,global,0.02535640001296997,0.07885699868202209,0.02560029923915863,0.030464398860931396,0.04691259860992432,0.02593640089035034,0.9776375727753283,1.0,0.9776375727753283,0.0
fp16,32,128,64,16,tail-negative,2,1,graph_global,global,0.02531229853630066,0.07904899716377259,0.025452399253845216,0.030704399943351744,0.04676060080528259,0.025048300623893738,1.0105395538152833,1.0,1.0105395538152833,0.0
fp16,32,128,64,32,random,0,1,graph_lds_chunked(chunk=2),chunk2,0.04044849872589111,0.15127389430999755,0.038884499669075014,0.039256501197814944,0.050312697887420654,0.03856450021266937,1.0488531811078108,1.0402216582475394,1.008297772683192,0.0
fp16,32,128,64,32,random,1,1,graph_lds_chunked(chunk=2),chunk2,0.04037249982357025,0.15208590030670166,0.039252498745918275,0.03990449905395508,0.05110470056533813,0.03866449892520905,1.044174913572916,1.0285332428109037,1.01520774449571,0.0
fp16,32,128,64,32,random,2,1,graph_lds_chunked(chunk=2),chunk2,0.041104501485824584,0.1539620041847229,0.03894050121307373,0.039140498638153075,0.05030059814453125,0.03950450122356415,1.0405017203787919,1.0555719676259412,0.9857231456410845,0.0
fp16,32,128,64,32,contiguous,0,1,graph_lds_chunked(chunk=2),chunk2,0.041104599833488464,0.15367000102996825,0.039244499802589414,0.03943249881267548,0.05001659989356995,0.03967660069465637,1.0359909647961454,1.0473977255476783,0.9891094276096805,0.0
fp16,32,128,64,32,contiguous,1,1,graph_lds_chunked(chunk=2),chunk2,0.04164850115776062,0.15338590145111083,0.038872501254081725,0.038956499099731444,0.04974870085716247,0.03960449993610382,1.0516103277393858,1.0714129478196983,0.9815172850761132,0.0
fp16,32,128,64,32,contiguous,2,1,graph_lds_chunked(chunk=2),chunk4,0.04098849892616272,0.15162190198898315,0.03934449851512909,0.03886449933052063,0.050052601099014285,0.03921250104904175,1.045291624599507,1.0546514076401365,0.9911252353404879,0.0
fp16,32,128,64,32,page-cross,0,1,graph_lds_chunked(chunk=2),chunk2,0.04066849946975708,0.15052590370178223,0.03887650072574615,0.03899250030517578,0.0499646008014679,0.03894850015640259,1.0441608613026847,1.046094651281826,0.9981514196858078,0.0
fp16,32,128,64,32,page-cross,1,1,graph_lds_chunked(chunk=2),chunk2,0.040784499049186705,0.15143389701843263,0.03916450142860413,0.03932049870491028,0.05009670257568359,0.038908499479293826,1.0482156751095282,1.0413639280851255,1.0065795893631555,0.0
fp16,32,128,64,32,page-cross,2,1,graph_lds_chunked(chunk=2),chunk2,0.04066460132598877,0.15243799686431886,0.03981649875640869,0.039856499433517455,0.05036060214042663,0.03889650106430054,1.0454565375627323,1.0213002799359292,1.0236524537409493,0.0
fp16,32,128,64,32,tail-negative,0,1,graph_lds_chunked(chunk=2),chunk2,0.04006859958171845,0.15026979446411132,0.0387924998998642,0.03902049958705902,0.04986859858036041,0.038540500402450564,1.0396491784826625,1.0328955258142236,1.0065385631940993,0.0
fp16,32,128,64,32,tail-negative,1,1,graph_lds_chunked(chunk=2),chunk2,0.0400644987821579,0.15068589448928832,0.03857249915599823,0.03890450000762939,0.049828699231147765,0.03858439922332764,1.038360051954247,1.038680398180206,0.9996915834490377,0.0
fp16,32,128,64,32,tail-negative,2,1,graph_lds_chunked(chunk=2),chunk2,0.0399165004491806,0.15152989625930785,0.03867250084877014,0.038908499479293826,0.04976060092449188,0.03844850063323975,1.0381809379237985,1.032167549889653,1.0058259805152647,0.0
fp16,32,128,128,8,random,0,1,graph_global,global,0.02982029914855957,0.07801690101623535,0.03482440114021301,0.04926469922065735,0.0785049021244049,0.029484400153160097,1.0113924310365687,1.0,1.0113924310365687,0.0
fp16,32,128,128,8,random,1,1,graph_global,global,0.02865239977836609,0.07790089845657348,0.03388040065765381,0.048952600359916686,0.07776489853858948,0.0284604012966156,1.0067461621411966,1.0,1.0067461621411966,0.0
fp16,32,128,128,8,random,2,1,graph_global,global,0.028720301389694215,0.07802500128746033,0.033920401334762575,0.0488646000623703,0.07777299880981445,0.02841239869594574,1.0108369130337598,1.0,1.0108369130337598,0.0
fp16,32,128,128,8,contiguous,0,1,graph_global,global,0.028716298937797546,0.07821300029754638,0.0342604011297226,0.049304598569869997,0.07805290222167968,0.028604400157928467,1.0039119428916974,1.0,1.0039119428916974,0.0
fp16,32,128,128,8,contiguous,1,1,graph_global,global,0.02870430052280426,0.07816500067710877,0.0342164009809494,0.04927659928798676,0.07801290154457093,0.02852030098438263,1.0064515286329687,1.0,1.0064515286329687,0.0
fp16,32,128,128,8,contiguous,2,1,graph_global,global,0.028736299276351927,0.07816089987754822,0.03424440026283264,0.049304598569869997,0.07808889746665955,0.028500398993492125,1.008277087030033,1.0,1.008277087030033,0.0
fp16,32,128,128,8,page-cross,0,1,graph_global,global,0.028472301363945008,0.07814090251922608,0.03425639867782593,0.04958460032939911,0.07823299765586852,0.028692400455474852,0.9923290108866494,1.0,0.9923290108866494,0.0
fp16,32,128,128,8,page-cross,1,1,graph_global,global,0.02857629954814911,0.0778410017490387,0.03443639874458313,0.049012601375579834,0.07804099917411804,0.028584301471710205,0.9997200588032905,1.0,0.9997200588032905,0.0
fp16,32,128,128,8,page-cross,2,1,graph_global,global,0.028608301281929018,0.07810900211334229,0.034448400139808655,0.04910469949245453,0.07832499742507934,0.028632301092147826,0.9991617924755133,1.0,0.9991617924755133,0.0
fp16,32,128,128,8,tail-negative,0,1,graph_global,global,0.029756399989128112,0.07834500074386597,0.03458440005779266,0.04958060085773468,0.07828500270843505,0.029496398568153382,1.0088146836087117,1.0,1.0088146836087117,0.0
fp16,32,128,128,8,tail-negative,1,1,graph_global,global,0.028588300943374632,0.07767699956893921,0.03409239947795868,0.048780599236488344,0.07790899872779847,0.028272399306297304,1.01117349941386,1.0,1.01117349941386,0.0
fp16,32,128,128,8,tail-negative,2,1,graph_global,global,0.028756299614906312,0.07800899744033814,0.03388040065765381,0.04887660145759583,0.07776899933815003,0.028396400809288024,1.0126740993703882,1.0,1.0126740993703882,0.0
fp16,32,128,128,16,random,0,1,graph_global,global,0.043248501420021054,0.14538979530334473,0.06134080290794373,0.053976702690124514,0.0852171003818512,0.04284850060939789,1.0093352347208022,1.0,1.0093352347208022,0.0
fp16,32,128,128,16,random,1,1,graph_global,global,0.044816499948501586,0.14933789968490602,0.062300801277160645,0.05430870056152344,0.08497310280799866,0.044664600491523744,1.003400891428698,1.0,1.003400891428698,0.0
fp16,32,128,128,16,random,2,1,graph_global,global,0.04360449910163879,0.14772579669952393,0.06197670102119446,0.05364069938659668,0.08411309719085694,0.04367649853229523,0.9983515292416767,1.0,0.9983515292416767,0.0
fp16,32,128,128,16,contiguous,0,1,graph_global,global,0.04380449950695038,0.14468979835510254,0.06121270060539245,0.05274459719657898,0.08284900188446045,0.043476599454879764,1.0075419893961788,1.0,1.0075419893961788,0.0
fp16,32,128,128,16,contiguous,1,1,graph_global,global,0.04324049949645996,0.1446377992630005,0.06123669743537903,0.05271260142326355,0.08282099962234497,0.043040499091148376,1.0046467956816214,1.0,1.0046467956816214,0.0
fp16,32,128,128,16,contiguous,2,1,graph_global,global,0.04348059892654419,0.14482979774475097,0.06148080229759216,0.05273669958114624,0.08283699750900268,0.04324049949645996,1.0055526516316928,1.0,1.0055526516316928,0.0
fp16,32,128,128,16,page-cross,0,1,graph_global,global,0.0434484988451004,0.1443817973136902,0.0610526978969574,0.05252869725227356,0.08247699737548828,0.0430525004863739,1.0091980338947288,1.0,1.0091980338947288,0.0
fp16,32,128,128,16,page-cross,1,1,graph_global,global,0.0430965006351471,0.14548180103302003,0.06218469738960266,0.0531965970993042,0.08297709822654724,0.04346849918365479,0.9914421119777798,1.0,0.9914421119777798,0.0
fp16,32,128,128,16,page-cross,2,1,graph_global,global,0.043504598736763,0.144717800617218,0.061192798614501956,0.05235270261764526,0.0830169975757599,0.04321649968624115,1.0066664133516943,1.0,1.0066664133516943,0.0
fp16,32,128,128,16,tail-negative,0,1,graph_global,global,0.04292060136795044,0.14488580226898193,0.06040070056915283,0.05279660224914551,0.0832410991191864,0.04311249852180481,0.9955489206046058,1.0,0.9955489206046058,0.0
fp16,32,128,128,16,tail-negative,1,1,graph_global,global,0.043316501379013064,0.14527380466461182,0.06160479784011841,0.05331270098686218,0.08334500193595887,0.042968499660491946,1.0080989962710076,1.0,1.0080989962710076,0.0
fp16,32,128,128,16,tail-negative,2,1,graph_global,global,0.04280450046062469,0.144717800617218,0.06015669703483582,0.05245270133018494,0.08249300122261047,0.042588600516319276,1.0050694303566676,1.0,1.0050694303566676,0.0
fp16,32,128,128,32,random,0,1,graph_global,global,0.07222480177879334,0.27879939079284666,0.11454950571060181,0.10041320323944092,0.09640120267868042,0.07195289731025696,1.0037789231386187,1.0,1.0037789231386187,0.0
fp16,32,128,128,32,random,1,1,graph_global,global,0.07452499866485596,0.2844275951385498,0.11322139501571656,0.0997651994228363,0.09257709980010986,0.07380489706993103,1.0097568267623573,1.0,1.0097568267623573,0.0
fp16,32,128,128,32,random,2,1,graph_global,global,0.07292889952659606,0.2797755002975464,0.11273339986801148,0.09880520105361938,0.08888909816741944,0.07218090295791627,1.0103628042602335,1.0,1.0103628042602335,0.0
fp16,32,128,128,32,contiguous,0,1,graph_global,global,0.07320489883422851,0.2773235082626343,0.11472150087356567,0.09989719986915588,0.08996909856796265,0.07306489944458008,1.0019160963843468,1.0,1.0019160963843468,0.0
fp16,32,128,128,32,contiguous,1,1,graph_global,global,0.07438889741897584,0.2835235118865967,0.11409740447998047,0.09993320107460021,0.0890330970287323,0.07448890209197997,0.998657455403482,1.0,0.998657455403482,0.0
fp16,32,128,128,32,contiguous,2,1,graph_global,global,0.07294089794158935,0.27734339237213135,0.11338939666748046,0.10002930164337158,0.08899710178375245,0.07325289845466613,0.9957407758647274,1.0,0.9957407758647274,0.0
fp16,32,128,128,32,page-cross,0,1,graph_global,global,0.07298489809036254,0.27908740043640134,0.11472140550613404,0.1000931978225708,0.08937709927558898,0.07248889803886413,1.006842427805048,1.0,1.006842427805048,0.0
fp16,32,128,128,32,page-cross,1,1,graph_global,global,0.07416899800300598,0.2793474912643433,0.11394540071487427,0.09991719722747802,0.08890510201454163,0.07340490221977233,1.010409329079221,1.0,1.010409329079221,0.0
fp16,32,128,128,32,page-cross,2,1,graph_global,global,0.07269690036773682,0.27795939445495604,0.11534550189971923,0.10007729530334472,0.08904110193252564,0.0725009024143219,1.0027033863977974,1.0,1.0027033863977974,0.0
fp16,32,128,128,32,tail-negative,0,1,graph_global,global,0.07178090214729309,0.2764794111251831,0.11298140287399291,0.0991811990737915,0.08959310054779053,0.0714968979358673,1.003972259211589,1.0,1.003972259211589,0.0
fp16,32,128,128,32,tail-negative,1,1,graph_global,global,0.07179290056228638,0.28052339553833006,0.11099740266799926,0.09896519780158997,0.08909710049629212,0.0719448983669281,0.997887302531633,1.0,0.997887302531633,0.0
fp16,32,128,128,32,tail-negative,2,1,graph_global,global,0.07217289805412293,0.2773914098739624,0.1113893985748291,0.0988651990890503,0.08859710097312927,0.07167279720306396,1.006977554533585,1.0,1.006977554533585,0.0
fp16,32,256,32,8,random,0,1,graph_global,global,0.017944200336933135,0.04452860057353973,0.02071229964494705,0.028832298517227174,0.04438459873199463,0.017704300582408905,1.0135503661049787,1.0,1.0135503661049787,0.0
fp16,32,256,32,8,random,1,1,graph_global,global,0.017920200526714326,0.0445125013589859,0.020756199955940247,0.028756299614906312,0.04436860084533691,0.01767220050096512,1.0140333415601335,1.0,1.0140333415601335,0.0
fp16,32,256,32,8,random,2,1,graph_global,global,0.01795620024204254,0.04432049989700317,0.020888200402259825,0.028556299209594727,0.04459260106086731,0.017704200744628907,1.0142338816108423,1.0,1.0142338816108423,0.0
fp16,32,256,32,8,contiguous,0,1,graph_global,global,0.017980200052261353,0.04470449984073639,0.020628200471401216,0.02902440130710602,0.044604501128196715,0.01780019998550415,1.0101122496884187,1.0,1.0101122496884187,0.0
fp16,32,256,32,8,contiguous,1,1,graph_global,global,0.018048200011253356,0.044744500517845155,0.02058819979429245,0.02881230115890503,0.04458059966564178,0.017628300189971923,1.0238196432302813,1.0,1.0238196432302813,0.0
fp16,32,256,32,8,contiguous,2,1,graph_global,global,0.018032200634479523,0.0447405993938446,0.02064020037651062,0.028920298814773558,0.044692599773406984,0.01775220036506653,1.0157727078139558,1.0,1.0157727078139558,0.0
fp16,32,256,32,8,page-cross,0,1,graph_global,global,0.01804019957780838,0.04454059898853302,0.020652300119400023,0.02881230115890503,0.04443260133266449,0.017780299484729766,1.014617306828933,1.0,1.014617306828933,0.0
fp16,32,256,32,8,page-cross,1,1,graph_global,global,0.017976200580596922,0.0445044994354248,0.020660300552845002,0.02860429883003235,0.04462459981441498,0.017792299389839172,1.0103359991155934,1.0,1.0103359991155934,0.0
fp16,32,256,32,8,page-cross,2,1,graph_global,global,0.01798419952392578,0.04439249932765961,0.02066829949617386,0.02881230115890503,0.04440859854221344,0.01777220070362091,1.0119286757920576,1.0,1.0119286757920576,0.0
fp16,32,256,32,8,tail-negative,0,1,graph_global,global,0.017944200336933135,0.044604501128196715,0.020724299550056457,0.028776299953460694,0.04440059959888458,0.017708300054073332,1.0133214527729633,1.0,1.0133214527729633,0.0
fp16,32,256,32,8,tail-negative,1,1,graph_global,global,0.01788419932126999,0.0443684995174408,0.020624199509620668,0.028804299235343934,0.04441660046577454,0.017656199634075165,1.0129132934561298,1.0,1.0129132934561298,0.0
fp16,32,256,32,8,tail-negative,2,1,graph_global,global,0.01790820062160492,0.04446850121021271,0.020632199943065643,0.028880301117897033,0.04440059959888458,0.01764020025730133,1.015192591943091,1.0,1.015192591943091,0.0
fp16,32,256,32,16,random,0,1,graph_global,global,0.025048300623893738,0.07863699793815612,0.025516399741172792,0.03037239909172058,0.04694460034370422,0.02546429932117462,0.983663453997536,1.0,0.983663453997536,0.0
fp16,32,256,32,16,random,1,1,graph_global,global,0.025316300988197326,0.07950900197029113,0.025396299362182618,0.030604401230812074,0.04655250012874603,0.02510029971599579,1.008605525617046,1.0,1.008605525617046,0.0
fp16,32,256,32,16,random,2,1,graph_global,global,0.025268301367759705,0.07942100167274475,0.025348299741744997,0.03034839928150177,0.046816501021385196,0.02491630017757416,1.0141273458610185,1.0,1.0141273458610185,0.0
fp16,32,256,32,16,contiguous,0,1,graph_global,global,0.02538830041885376,0.07958499789237976,0.02581630051136017,0.030920299887657165,0.04783259928226471,0.02522830069065094,1.006342073140983,1.0,1.006342073140983,0.0
fp16,32,256,32,16,contiguous,1,1,graph_global,chunk2,0.025876298546791077,0.07978489995002747,0.025504299998283388,0.0303523987531662,0.0467846006155014,0.025516399741172792,1.0141046075962494,1.0145857188212468,0.9995258052463459,0.0
fp16,32,256,32,16,contiguous,2,1,graph_global,global,0.025416299700737,0.07875699996948242,0.025432300567626954,0.030680400133132935,0.04679659903049469,0.02512040138244629,1.0117792034365134,1.0,1.0117792034365134,0.0
fp16,32,256,32,16,page-cross,0,1,graph_global,global,0.025364300608634947,0.07876899838447571,0.025564301013946533,0.03042440116405487,0.04685249924659729,0.02604430019855499,0.9738906561229942,1.0,0.9738906561229942,0.0
fp16,32,256,32,16,page-cross,1,1,graph_global,chunk2,0.025456300377845763,0.07855299711227418,0.02536030113697052,0.03061639964580536,0.04662860035896301,0.025876399874687196,0.9837651489822438,1.0037854140752018,0.9800552341045892,0.0
fp16,32,256,32,16,page-cross,2,1,graph_global,global,0.025368300080299378,0.0787289023399353,0.025452300906181335,0.030372300744056703,0.04663259983062744,0.025216299295425414,1.0060278783612606,1.0,1.0060278783612606,0.0
fp16,32,256,32,16,tail-negative,0,1,graph_global,global,0.025080400705337524,0.07886899709701538,0.025364398956298828,0.0305404007434845,0.046648600697517396,0.024844299256801605,1.0095032444302603,1.0,1.0095032444302603,0.0
fp16,32,256,32,16,tail-negative,1,1,graph_global,global,0.02506830096244812,0.078889000415802,0.025292301177978517,0.030476400256156923,0.04644060134887695,0.024824300408363344,1.009829100924132,1.0,1.009829100924132,0.0
fp16,32,256,32,16,tail-negative,2,1,graph_global,global,0.025192299485206605,0.07883689999580383,0.025372299551963805,0.030620399117469787,0.046660500764846805,0.025028300285339356,1.006552550432812,1.0,1.006552550432812,0.0
fp16,32,256,32,32,random,0,1,graph_lds_chunked(chunk=2),chunk2,0.03997249901294708,0.14954190254211425,0.0383444994688034,0.03880040049552917,0.049700701236724855,0.038156500458717345,1.0475934252983845,1.0424571859509655,1.0049270506421168,0.0
fp16,32,256,32,32,random,1,1,graph_lds_chunked(chunk=2),chunk2,0.03989250063896179,0.15065380334854125,0.038884499669075014,0.03900850117206574,0.05044059753417969,0.038508498668670656,1.035940169524633,1.0259229507506933,1.009764104377049,0.0
fp16,32,256,32,32,random,2,1,graph_lds_chunked(chunk=2),chunk2,0.0410524994134903,0.1531378984451294,0.03871240019798279,0.03914850056171417,0.05047670006752014,0.03927649855613709,1.0452179018660437,1.060448311226888,0.9856377635764033,0.0
fp16,32,256,32,32,contiguous,0,1,graph_lds_chunked(chunk=2),chunk2,0.041084501147270205,0.15190180540084838,0.03852050006389618,0.03894050121307373,0.04964860081672669,0.03942449986934662,1.0421058297105825,1.0665619885287307,0.9770701008650381,0.0
fp16,32,256,32,32,contiguous,1,1,graph_lds_chunked(chunk=2),chunk2,0.04067260026931763,0.1513779044151306,0.03860040009021759,0.03904449939727783,0.04989260137081146,0.038540500402450564,1.055321021901716,1.053683386033742,1.0015542010908405,0.0
fp16,32,256,32,32,contiguous,2,1,graph_lds_chunked(chunk=2),chunk2,0.04102450013160706,0.15249789953231813,0.038872501254081725,0.03896049857139587,0.04977259933948517,0.03914850056171417,1.0479200874356742,1.0553604426805276,0.9929499392397582,0.0
fp16,32,256,32,32,page-cross,0,1,graph_lds_chunked(chunk=2),chunk2,0.04067249894142151,0.1508978009223938,0.03863250017166138,0.03877649903297424,0.049708598852157594,0.038508498668670656,1.0561953944600655,1.0528052484487287,1.0032201074380396,0.0
fp16,32,256,32,32,page-cross,1,1,graph_lds_chunked(chunk=2),chunk2,0.04064449965953827,0.1526739001274109,0.03938849866390228,0.039828500151634215,0.04987660050392151,0.03838840126991272,1.0587703138185593,1.0318875062071624,1.0260520720036705,0.0
fp16,32,256,32,32,page-cross,2,1,graph_lds_chunked(chunk=2),chunk2,0.04039250016212463,0.14984990358352662,0.038824498653411865,0.03912439942359924,0.0497406005859375,0.038404399156570436,1.0517675331268412,1.0403869093767415,1.0109388378953341,0.0
fp16,32,256,32,32,tail-negative,0,1,graph_lds_chunked(chunk=2),chunk2,0.04002049863338471,0.15032190084457397,0.0382764995098114,0.03889650106430054,0.04968859851360321,0.038212400674819944,1.0473170469961133,1.045563182263474,1.0016774354361277,0.0
fp16,32,256,32,32,tail-negative,1,1,graph_lds_chunked(chunk=2),chunk2,0.03990449905395508,0.15019789934158326,0.038284501433372496,0.03891650140285492,0.04972859919071197,0.03814040124416351,1.0462527333810239,1.0423147111737083,1.0037781508455168,0.0
fp16,32,256,32,32,tail-negative,2,1,graph_lds_chunked(chunk=2),chunk4,0.040272501111030576,0.1508259057998657,0.0388604998588562,0.038696500658988955,0.0499565988779068,0.03846850097179413,1.0468955143471583,1.0407272085383132,1.005926918944983,0.0
fp16,32,256,64,8,random,0,1,graph_global,global,0.028932398557662962,0.07884500026702881,0.03405649960041046,0.048768600821495055,0.07781689763069152,0.02856839895248413,1.012741337230142,1.0,1.012741337230142,0.0
fp16,32,256,64,8,random,1,1,graph_global,global,0.028560298681259155,0.07804499864578247,0.0337803989648819,0.04876059889793396,0.07778900265693664,0.028448298573493958,1.0039369703420349,1.0,1.0039369703420349,0.0
fp16,32,256,64,8,random,2,1,graph_global,global,0.028524300456047057,0.07777299880981445,0.033804398775100705,0.048924601078033446,0.07792500257492066,0.028372400999069215,1.0053537752050954,1.0,1.0053537752050954,0.0
fp16,32,256,64,8,contiguous,0,1,graph_global,global,0.0285643994808197,0.0782729983329773,0.033864501118659976,0.04908060133457184,0.07822089791297912,0.02832840085029602,1.0083308137219194,1.0,1.0083308137219194,0.0
fp16,32,256,64,8,contiguous,1,1,graph_global,global,0.028580299019813536,0.07822499871253967,0.033732399344444275,0.04914459884166718,0.07817699909210205,0.02841629981994629,1.005771307344953,1.0,1.005771307344953,0.0
fp16,32,256,64,8,contiguous,2,1,graph_global,global,0.028560298681259155,0.07807300090789795,0.03384450078010559,0.04904859960079193,0.07816089987754822,0.028432399034500122,1.004498376890527,1.0,1.004498376890527,0.0
fp16,32,256,64,8,page-cross,0,1,graph_global,global,0.02849229872226715,0.07776100039482117,0.033676400780677795,0.04876059889793396,0.07751299738883972,0.028232398629188537,1.009205738998383,1.0,1.009205738998383,0.0
fp16,32,256,64,8,page-cross,1,1,graph_global,global,0.028312399983406067,0.07757700085639954,0.03388440012931824,0.048536598682403564,0.07756100296974182,0.028532400727272034,0.9922894415381008,1.0,0.9922894415381008,0.0
fp16,32,256,64,8,page-cross,2,1,graph_global,global,0.028532299399375915,0.07769700288772582,0.033704400062561035,0.04871259927749634,0.07750890254974366,0.02828029990196228,1.008910778820848,1.0,1.008910778820848,0.0
fp16,32,256,64,8,tail-negative,0,1,graph_global,global,0.028428399562835695,0.07788500189781189,0.03364450037479401,0.04863260090351105,0.07744489908218384,0.028164300322532653,1.0093770921797673,1.0,1.0093770921797673,0.0
fp16,32,256,64,8,tail-negative,1,1,graph_global,global,0.02833639979362488,0.07809690237045289,0.033788400888442996,0.048736599087715146,0.07771700024604797,0.02817240059375763,1.0058212717557193,1.0,1.0058212717557193,0.0
fp16,32,256,64,8,tail-negative,2,1,graph_global,global,0.028380298614501955,0.07777699828147888,0.03371640145778656,0.04884859919548035,0.07788500189781189,0.02827639877796173,1.0036744366691137,1.0,1.0036744366691137,0.0
fp16,32,256,64,16,random,0,1,graph_global,global,0.042540499567985536,0.14423780441284179,0.05983279943466187,0.0520006000995636,0.08243709802627563,0.042356500029563905,1.0043440685206098,1.0,1.0043440685206098,0.0
fp16,32,256,64,16,random,1,1,graph_global,global,0.04242449998855591,0.14490180015563964,0.06038069725036621,0.05272859930992126,0.08306909799575805,0.042260599136352536,1.0038783371639988,1.0,1.0038783371639988,0.0
fp16,32,256,64,16,random,2,1,graph_global,global,0.04264050126075745,0.14656579494476318,0.06051679849624634,0.05212460160255432,0.0823769986629486,0.04288049936294556,0.9944030945125722,1.0,0.9944030945125722,0.0
fp16,32,256,64,16,contiguous,0,1,graph_global,global,0.04302850067615509,0.14489779472351075,0.06052079796791077,0.05181270241737366,0.0830370008945465,0.042744499444961545,1.0066441585439367,1.0,1.0066441585439367,0.0
fp16,32,256,64,16,contiguous,1,1,graph_global,global,0.043044498562812804,0.1445698022842407,0.06007270216941833,0.05207260251045227,0.08286499977111816,0.042716598510742186,1.0076761742157012,1.0,1.0076761742157012,0.0
fp16,32,256,64,16,contiguous,2,1,graph_global,global,0.04308860003948212,0.14469380378723146,0.06015679836273193,0.05206059813499451,0.08278899788856506,0.042612498998641966,1.0111728026289968,1.0,1.0111728026289968,0.0
fp16,32,256,64,16,page-cross,0,1,graph_global,global,0.04254449903964996,0.14400579929351806,0.060092699527740476,0.052408599853515626,0.08330510258674621,0.04266059994697571,0.9972784980176076,1.0,0.9972784980176076,0.0
fp16,32,256,64,16,page-cross,1,1,graph_global,global,0.043276599049568175,0.14526180028915406,0.05925679802894592,0.05196059942245483,0.08222900032997131,0.042628499865531924,1.0152034246121873,1.0,1.0152034246121873,0.0
fp16,32,256,64,16,page-cross,2,1,graph_global,global,0.042756500840187076,0.14526180028915406,0.05974879860877991,0.05242069959640503,0.08218500018119812,0.042572501301765445,1.0043220279005312,1.0,1.0043220279005312,0.0
fp16,32,256,64,16,tail-negative,0,1,graph_global,global,0.042828500270843506,0.14496580362319947,0.059724700450897214,0.05217670202255249,0.08234900236129761,0.04238860011100769,1.0103777939984762,1.0,1.0103777939984762,0.0
fp16,32,256,64,16,tail-negative,1,1,graph_global,global,0.042536601424217224,0.14505380392074585,0.060924798250198364,0.05212069749832153,0.08235300183296204,0.042216500639915465,1.007582361859692,1.0,1.007582361859692,0.0
fp16,32,256,64,16,tail-negative,2,1,graph_global,global,0.042616501450538635,0.14445379972457886,0.059540802240371705,0.0521806001663208,0.08258900046348572,0.042200499773025514,1.0098577429118276,1.0,1.0098577429118276,0.0
fp16,32,256,64,32,random,0,1,graph_global,global,0.07207289934158326,0.2745313882827759,0.1108333945274353,0.09830930233001708,0.0884211003780365,0.07226889729499816,0.997287934910438,1.0,0.997287934910438,0.0
fp16,32,256,64,32,random,1,1,graph_global,global,0.07317690253257751,0.2794914960861206,0.11178139448165894,0.09888929724693299,0.08854510188102722,0.07368490099906921,0.9931057997011068,1.0,0.9931057997011068,0.0
fp16,32,256,64,32,random,2,1,graph_global,global,0.07147290110588074,0.279851508140564,0.11148539781570435,0.09851719737052918,0.08850510120391845,0.0714968979358673,0.9996643654385106,1.0,0.9996643654385106,0.0
fp16,32,256,64,32,contiguous,0,1,graph_global,global,0.07229290008544922,0.27799549102783205,0.1124493956565857,0.09938120245933532,0.09512119889259338,0.07207689881324768,1.002996816951867,1.0,1.002996816951867,0.0
fp16,32,256,64,32,contiguous,1,1,graph_global,global,0.0734408974647522,0.2813075065612793,0.11218940019607544,0.09887719750404358,0.08853309750556945,0.07376090288162232,0.9956615848726297,1.0,0.9956615848726297,0.0
fp16,32,256,64,32,contiguous,2,1,graph_global,global,0.07234489917755127,0.2792715072631836,0.1133653998374939,0.09920920133590698,0.08849310278892517,0.07225289940834045,1.0012733021091773,1.0,1.0012733021091773,0.0
fp16,32,256,64,32,page-cross,0,1,graph_global,global,0.07200090289115905,0.27518739700317385,0.11099729537963868,0.09818519949913025,0.08864910006523133,0.07148889899253845,1.0071620056517312,1.0,1.0071620056517312,0.0
fp16,32,256,64,32,page-cross,1,1,graph_global,global,0.07294089794158935,0.27906739711761475,0.11125340461730956,0.09813320040702819,0.08840510249137878,0.07261689901351928,1.0044617565948355,1.0,1.0044617565948355,0.0
fp16,32,256,64,32,page-cross,2,1,graph_global,global,0.0721089005470276,0.27889950275421144,0.11117739677429199,0.09816520214080811,0.0892890989780426,0.07318099737167358,0.9853500654110932,1.0,0.9853500654110932,0.0
fp16,32,256,64,32,tail-negative,0,1,graph_global,global,0.07185689806938171,0.2742753982543945,0.11052540540695191,0.09840930104255677,0.08854910135269164,0.0717848002910614,1.0010043599484566,1.0,1.0010043599484566,0.0
fp16,32,256,64,32,tail-negative,1,1,graph_global,global,0.07140089869499207,0.27402338981628416,0.11037729978561402,0.09840120077133178,0.08844910264015197,0.07116090059280396,1.0033726119285846,1.0,1.0033726119285846,0.0
fp16,32,256,64,32,tail-negative,2,1,graph_global,global,0.07135289907455444,0.27407140731811525,0.11012140512466431,0.09766119718551636,0.08989710211753846,0.0711089015007019,1.0034313225025722,1.0,1.0034313225025722,0.0
fp16,32,256,128,8,random,0,0,graph_global,global,0.05194460153579712,,,,,0.05212069749832153,0.9966213813134392,1.0,0.9966213813134392,0.0
fp16,32,256,128,8,random,1,0,graph_global,global,0.04960460066795349,,,,,0.04986059963703156,0.9948657061699688,1.0,0.9948657061699688,0.0
fp16,32,256,128,8,random,2,0,graph_global,global,0.04983670115470886,,,,,0.04937660098075867,1.0093181823943185,1.0,1.0093181823943185,0.0
fp16,32,256,128,8,contiguous,0,0,graph_global,global,0.0497406005859375,,,,,0.04949670135974884,1.004927585465059,1.0,1.004927585465059,0.0
fp16,32,256,128,8,contiguous,1,0,graph_global,global,0.04978460073471069,,,,,0.0495606005191803,1.0045197235946264,1.0,1.0045197235946264,0.0
fp16,32,256,128,8,contiguous,2,0,graph_global,global,0.04974859952926636,,,,,0.049708598852157594,1.0008047033719,1.0,1.0008047033719,0.0
fp16,32,256,128,8,page-cross,0,0,graph_global,global,0.049680599570274354,,,,,0.049244698882102964,1.0088517281670253,1.0,1.0088517281670253,0.0
fp16,32,256,128,8,page-cross,1,0,graph_global,global,0.04961259961128235,,,,,0.04934059977531433,1.0055126982081013,1.0,1.0055126982081013,0.0
fp16,32,256,128,8,page-cross,2,0,graph_global,global,0.049708598852157594,,,,,0.05161070227622986,0.9631451745436079,1.0,0.9631451745436079,0.0
fp16,32,256,128,8,tail-negative,0,0,graph_global,global,0.05277659893035889,,,,,0.05228469967842102,1.0094080917546302,1.0,1.0094080917546302,0.0
fp16,32,256,128,8,tail-negative,1,0,graph_global,global,0.04952459931373596,,,,,0.04940460026264191,1.0024289044027503,1.0,1.0024289044027503,0.0
fp16,32,256,128,8,tail-negative,2,0,graph_global,global,0.04934859871864319,,,,,0.04934870004653931,0.9999979466957382,1.0,0.9999979466957382,0.0
fp16,32,256,128,16,random,0,0,graph_global,global,0.07792490124702453,,,,,0.07909299731254578,0.9852313592200157,1.0,0.9852313592200157,0.0
fp16,32,256,128,16,random,1,0,graph_global,global,0.08030099868774414,,,,,0.08087700009346008,0.9928780567398603,1.0,0.9928780567398603,0.0
fp16,32,256,128,16,random,2,0,graph_global,global,0.07905300259590149,,,,,0.07894889712333679,1.001318643785512,1.0,1.001318643785512,0.0
fp16,32,256,128,16,contiguous,0,0,graph_global,global,0.07999299764633179,,,,,0.08021699786186218,0.9972075716930204,1.0,0.9972075716930204,0.0
fp16,32,256,128,16,contiguous,1,0,graph_global,global,0.08124899864196777,,,,,0.08179299831390381,0.9933490679746415,1.0,0.9933490679746415,0.0
fp16,32,256,128,16,contiguous,2,0,graph_global,global,0.08150500059127808,,,,,0.0808929979801178,1.0075655820212115,1.0,1.0075655820212115,0.0
fp16,32,256,128,16,page-cross,0,0,graph_global,global,0.08036100268363952,,,,,0.0803529977798462,1.0000996217193447,1.0,1.0000996217193447,0.0
fp16,32,256,128,16,page-cross,1,0,graph_global,global,0.08005300164222717,,,,,0.07977700233459473,1.0034596349769433,1.0,1.0034596349769433,0.0
fp16,32,256,128,16,page-cross,2,0,graph_global,global,0.07914100289344787,,,,,0.07906100153923035,1.001011894014242,1.0,1.001011894014242,0.0
fp16,32,256,128,16,tail-negative,0,0,graph_global,global,0.07967299818992615,,,,,0.07982500195503235,0.9980957875179028,1.0,0.9980957875179028,0.0
fp16,32,256,128,16,tail-negative,1,0,graph_global,global,0.08097299933433533,,,,,0.08083299994468689,1.0017319583554272,1.0,1.0017319583554272,0.0
fp16,32,256,128,16,tail-negative,2,0,graph_global,global,0.08037300109863281,,,,,0.07987689971923828,1.0062108241699201,1.0,1.0062108241699201,0.0
fp16,32,256,128,32,random,0,0,graph_global,global,0.14243799448013306,,,,,0.14279799461364745,0.9974789552578214,1.0,0.9974789552578214,0.0
fp16,32,256,128,32,random,1,0,graph_global,global,0.14540209770202636,,,,,0.14525810480117798,1.0009912899596582,1.0,1.0009912899596582,0.0
fp16,32,256,128,32,random,2,0,graph_global,global,0.1435819983482361,,,,,0.14210599660873413,1.010386625298902,1.0,1.010386625298902,0.0
fp16,32,256,128,32,contiguous,0,0,graph_global,global,0.1443619966506958,,,,,0.14680609703063965,0.9833515063108466,1.0,0.9833515063108466,0.0
fp16,32,256,128,32,contiguous,1,0,graph_global,global,0.14871820211410522,,,,,0.14503810405731202,1.0253733188303331,1.0,1.0253733188303331,0.0
fp16,32,256,128,32,contiguous,2,0,graph_global,global,0.14277809858322144,,,,,0.14503010511398315,0.9844721443938016,1.0,0.9844721443938016,0.0
fp16,32,256,128,32,page-cross,0,0,graph_global,global,0.14597409963607788,,,,,0.1449540972709656,1.0070367266901437,1.0,1.0070367266901437,0.0
fp16,32,256,128,32,page-cross,1,0,graph_global,global,0.14571809768676758,,,,,0.14119809865951538,1.0320117556126,1.0,1.0320117556126,0.0
fp16,32,256,128,32,page-cross,2,0,graph_global,global,0.14578609466552733,,,,,0.14581010341644288,0.99983534233669,1.0,0.99983534233669,0.0
fp16,32,256,128,32,tail-negative,0,0,graph_global,global,0.14535410404205323,,,,,0.14227410554885864,1.0216483419896594,1.0,1.0216483419896594,0.0
fp16,32,256,128,32,tail-negative,1,0,graph_global,global,0.14354209899902343,,,,,0.14163010120391845,1.013499939482159,1.0,1.013499939482159,0.0
fp16,32,256,128,32,tail-negative,2,0,graph_global,global,0.14377009868621826,,,,,0.14251810312271118,1.0087848177605134,1.0,1.0087848177605134,0.0
fp16,128,64,32,8,random,0,1,graph_lds_chunked(chunk=2),chunk2,0.017124299705028535,0.02141229957342148,0.016796199977397917,0.016944199800491333,0.02146030068397522,0.016564300656318663,1.0338075877955193,1.0195341641604727,1.0139999463841411,0.0
fp16,128,64,32,8,random,1,1,graph_lds_chunked(chunk=2),chunk4,0.01723629981279373,0.02134830057621002,0.01650419980287552,0.016452300548553466,0.020804299414157866,0.016612300276756288,1.0375625004148603,1.0476528654413135,0.9903685988371705,0.0
fp16,128,64,32,8,random,2,1,graph_lds_chunked(chunk=2),chunk4,0.016796199977397917,0.02056429982185364,0.016484299302101137,0.016108299791812896,0.020892299711704254,0.016480199992656708,1.01917452366367,1.0427047046848885,0.9774335140951248,0.0
fp16,128,64,32,8,contiguous,0,1,graph_lds_chunked(chunk=2),chunk2,0.016820299625396728,0.02074030041694641,0.01632020026445389,0.016324299573898315,0.02071229964494705,0.016220299899578093,1.0369906678380367,1.030642967171921,1.0061589715044907,0.0
fp16,128,64,32,8,contiguous,1,1,graph_lds_chunked(chunk=2),chunk2,0.016772300004959106,0.020776300132274626,0.01613620072603226,0.01634819954633713,0.020676299929618835,0.01614820063114166,1.038648230107686,1.0394206349887951,0.9992568890253778,0.0
fp16,128,64,32,8,contiguous,2,1,graph_lds_chunked(chunk=2),chunk2,0.01676419973373413,0.020752300322055817,0.016324199736118317,0.016324199736118317,0.020764300227165224,0.016248300671577454,1.0317509549204193,1.026953847951412,1.0046712001504028,0.0
fp16,128,64,32,8,page-cross,0,1,graph_lds_chunked(chunk=2),chunk2,0.01662430018186569,0.02071229964494705,0.016192199289798738,0.01633629947900772,0.020588299632072447,0.016144299507141115,1.0297318985263038,1.0266857444336905,1.0029669780739905,0.0
fp16,128,64,32,8,page-cross,1,1,graph_lds_chunked(chunk=2),chunk2,0.016616199910640717,0.020732299983501436,0.01618420034646988,0.01631619930267334,0.020596200227737428,0.016168199479579926,1.0277087397162934,1.0266926727872017,1.0009896505118063,0.0
fp16,128,64,32,8,page-cross,2,1,graph_lds_chunked(chunk=2),chunk2,0.016612200438976286,0.020700199902057646,0.01621219962835312,0.016332200169563292,0.02063229978084564,0.01614820063114166,1.0287338396663097,1.0246728278575854,1.0039632277721418,0.0
fp16,128,64,32,8,tail-negative,0,1,graph_lds_chunked(chunk=2),chunk2,0.01666419953107834,0.02074030041694641,0.0161761999130249,0.01634819954633713,0.02064419984817505,0.01623619943857193,1.0263608545907377,1.030167753902479,0.9963045831154003,0.0
fp16,128,64,32,8,tail-negative,1,1,graph_lds_chunked(chunk=2),chunk2,0.016768200695514678,0.020756199955940247,0.016196200251579286,0.016464200615882874,0.020684200525283813,0.016248199343681335,1.0320036294997552,1.035316953053826,0.9967997012467557,0.0
fp16,128,64,32,8,tail-negative,2,1,graph_lds_chunked(chunk=2),chunk2,0.0166922003030777,0.020756299793720245,0.016192199289798738,0.016296200454235077,0.020680299401283263,0.01719219982624054,0.9709170712173966,1.030879129161532,0.9418340557608285,0.0
fp16,128,64,32,16,random,0,1,graph_lds_chunked(chunk=4),chunk4,0.02540439963340759,0.033992400765419005,0.023740300536155702,0.023484300076961517,0.024296300113201143,0.023312300443649292,1.0897422884032977,1.0817609871341118,1.0073780635132077,0.0
fp16,128,64,32,16,random,1,1,graph_lds_chunked(chunk=4),chunk4,0.02538830041885376,0.033992400765419005,0.023752300441265105,0.023564299941062926,0.02435230016708374,0.023296299576759338,1.089799705536987,1.0774052478687197,1.0115039885806993,0.0
fp16,128,64,32,16,random,2,1,graph_lds_chunked(chunk=4),chunk4,0.025428301095962523,0.03400849997997284,0.024096299707889558,0.02376430034637451,0.024656300246715546,0.023332299292087556,1.0898326297651155,1.0700210284054028,1.018515151416451,0.0
fp16,128,64,32,16,contiguous,0,1,graph_lds_chunked(chunk=4),chunk4,0.025900301337242127,0.03432050049304962,0.023892299830913545,0.02363629937171936,0.02440830022096634,0.023720300197601317,1.0919044498374966,1.0957849589699997,0.996458694654697,0.0
fp16,128,64,32,16,contiguous,1,1,graph_lds_chunked(chunk=4),chunk4,0.025344300270080566,0.03396840095520019,0.02398830056190491,0.023296299576759338,0.024448299407958986,0.023280200362205506,1.0886633222979492,1.0879109871751622,1.0006915410650832,0.0
fp16,128,64,32,16,contiguous,2,1,graph_lds_chunked(chunk=4),chunk4,0.02532829940319061,0.03388850092887878,0.023680299520492554,0.023572300374507905,0.024420300126075746,0.02326429933309555,1.08871963176466,1.074494173278978,1.0132392141711397,0.0
fp16,128,64,32,16,page-cross,0,1,graph_lds_chunked(chunk=4),chunk4,0.025220298767089845,0.03391239941120148,0.02363629937171936,0.0234483003616333,0.024276299774646758,0.02326429933309555,1.0840772982666926,1.0755704412741118,1.0079091584020325,0.0
fp16,128,64,32,16,page-cross,1,1,graph_lds_chunked(chunk=4),chunk4,0.025156301259994508,0.03372839987277985,0.023776300251483917,0.02324430048465729,0.024504299461841583,0.023672300577163696,1.0626893308486631,1.0822567569456116,0.9819197930884972,0.0
fp16,128,64,32,16,page-cross,2,1,graph_lds_chunked(chunk=4),chunk4,0.02517229914665222,0.03375639915466309,0.023488299548625947,0.023324300348758698,0.024228300154209136,0.023200300335884095,1.0849988483863728,1.0792306208658418,1.0053447589505042,0.0
fp16,128,64,32,16,tail-negative,0,1,graph_lds_chunked(chunk=4),chunk4,0.026804301142692565,0.03395250141620636,0.02384430021047592,0.02364429980516434,0.024528299272060395,0.023308299481868744,1.1499895633117003,1.1336474906665677,1.0144154799262368,0.0
fp16,128,64,32,16,tail-negative,1,1,graph_lds_chunked(chunk=4),chunk4,0.025324299931526184,0.03395240008831024,0.02366430014371872,0.02342029958963394,0.024292300641536712,0.02334430068731308,1.0848172438632602,1.0812970105102744,1.0032555656020214,0.0
fp16,128,64,32,16,tail-negative,2,1,graph_lds_chunked(chunk=4),chunk4,0.025296300649642944,0.034020400047302245,0.023696300387382508,0.023416300117969514,0.024268299341201782,0.023276199400424958,1.0867882773500002,1.0802859769563138,1.006019054706242,0.0
fp16,128,64,32,32,random,0,1,graph_lds_chunked(chunk=4),chunk4,0.04274049997329712,0.0605446994304657,0.03908849954605102,0.03662439882755279,0.03798849880695343,0.03595640063285828,1.188675707830424,1.1669952638551746,1.0185780051100017,0.0
fp16,128,64,32,32,random,1,1,graph_lds_chunked(chunk=4),chunk4,0.043044498562812804,0.06116880178451538,0.03932839930057526,0.03667249977588653,0.03766840100288391,0.03628849983215332,1.1861746493216385,1.1737541434553662,1.010581863276502,0.0
fp16,128,64,32,32,random,2,1,graph_lds_chunked(chunk=4),chunk4,0.042716598510742186,0.06078469753265381,0.039084500074386595,0.03643240034580231,0.03810450136661529,0.03704439997673035,1.1531189204731311,1.1724892706846843,0.9834792942708622,0.0
fp16,128,64,32,32,contiguous,0,1,graph_lds_chunked(chunk=4),chunk4,0.042628499865531924,0.062048697471618654,0.039652499556541446,0.03724449872970581,0.03868849873542786,0.03591639995574951,1.1868811996205633,1.1445582923507545,1.0369775026336876,0.0
fp16,128,64,32,32,contiguous,1,1,graph_lds_chunked(chunk=4),chunk4,0.043444499373435974,0.06049280166625977,0.03989650011062622,0.03595640063285828,0.03801639974117279,0.036112499237060544,1.2030321991353883,1.2082549590276508,0.9956774355832435,0.0
fp16,128,64,32,32,contiguous,2,1,graph_lds_chunked(chunk=4),chunk4,0.04314059913158417,0.06158869862556458,0.03929249942302704,0.03686839938163757,0.038396498560905455,0.03657239973545075,1.1795944330600396,1.1701240047071446,1.0080935253996992,0.0
fp16,128,64,32,32,page-cross,0,1,graph_lds_chunked(chunk=4),chunk4,0.04323650002479553,0.06046069860458374,0.0382764995098114,0.03609640002250671,0.03758449852466583,0.03654449880123138,1.1831192503135015,1.1978064293901012,0.9877382699606331,0.0
fp16,128,64,32,32,page-cross,1,1,graph_lds_chunked(chunk=4),chunk4,0.04234449863433838,0.06082469820976257,0.03860850036144257,0.03666839897632599,0.03762049973011017,0.03588840067386627,1.1798937216272611,1.154795404666482,1.0217339944888575,0.0
fp16,128,64,32,32,page-cross,2,1,graph_lds_chunked(chunk=4),chunk4,0.042372500896453856,0.060476797819137576,0.038368499279022215,0.0360724002122879,0.037612500786781314,0.03586849868297577,1.1813290896550703,1.1746515520755354,1.0056846965108386,0.0
fp16,128,64,32,32,tail-negative,0,1,graph_lds_chunked(chunk=4),chunk4,0.04268459975719452,0.06106879711151123,0.03867250084877014,0.03620850145816803,0.03769640028476715,0.03624039888381958,1.1778181552039184,1.1788557393491796,0.9991198378982028,0.0
fp16,128,64,32,32,tail-negative,1,1,graph_lds_chunked(chunk=4),chunk4,0.042512500286102296,0.06040869951248169,0.03859249949455261,0.03620449900627136,0.03791640102863312,0.03603239953517914,1.179840944109107,1.1742325250444223,1.0047762423072657,0.0
fp16,128,64,32,32,tail-negative,2,1,graph_lds_chunked(chunk=4),chunk4,0.043372499942779544,0.061216801404953,0.03857249915599823,0.03621239960193634,0.03769649863243103,0.03690850138664246,1.175135763124657,1.19772510022949,0.9811397981886623,0.0
fp16,128,64,64,8,random,0,1,graph_lds_chunked(chunk=2),chunk2,0.0251242995262146,0.031084400415420533,0.02365629971027374,0.024020299315452576,0.030656400322914123,0.02382030040025711,1.0547431856041334,1.0620553439853198,0.993115087247951,0.0
fp16,128,64,64,8,random,1,1,graph_lds_chunked(chunk=2),chunk2,0.024740399420261384,0.030596300959587097,0.02342029958963394,0.02377229928970337,0.03043240010738373,0.023416300117969514,1.0565460510678955,1.0563656252805464,1.0001707986165311,0.0
fp16,128,64,64,8,random,2,1,graph_lds_chunked(chunk=2),chunk2,0.024756300449371337,0.03055639863014221,0.02340420037508011,0.023836299777030945,0.030444398522377014,0.0233923003077507,1.0583097909857413,1.057771684254203,1.000508717277602,0.0
fp16,128,64,64,8,contiguous,0,1,graph_lds_chunked(chunk=2),chunk2,0.024840299785137177,0.03074829876422882,0.023540300130844117,0.023860199749469756,0.030464398860931396,0.023552300035953523,1.0546867926791639,1.0552244298954248,0.9994904996500942,0.0
fp16,128,64,64,8,contiguous,1,1,graph_lds_chunked(chunk=2),chunk2,0.02488429993391037,0.030536401271820068,0.02340030074119568,0.023760299384593963,0.030396398901939393,0.02342029958963394,1.062509889708004,1.0634179538599753,0.9991460891282914,0.0
fp16,128,64,64,8,contiguous,2,1,graph_lds_chunked(chunk=2),chunk2,0.02499240040779114,0.030736398696899415,0.023396299779415132,0.02382829934358597,0.030444398522377014,0.0236283004283905,1.0577316165220927,1.0682202161634256,0.9901812383976374,0.0
fp16,128,64,64,8,page-cross,0,1,graph_lds_chunked(chunk=2),chunk2,0.024496300518512724,0.030672401189804077,0.02355629950761795,0.023964299261569975,0.03040440082550049,0.023432299494743347,1.045407452393141,1.0399044429958442,1.0052918414132774,0.0
fp16,128,64,64,8,page-cross,1,1,graph_lds_chunked(chunk=2),chunk4,0.024240300059318542,0.030244401097297667,0.023640300333499908,0.023552300035953523,0.03050830066204071,0.02353619933128357,1.0299156511263525,1.0292115853787003,1.0006840826100818,0.0
fp16,128,64,64,8,page-cross,2,1,graph_lds_chunked(chunk=2),chunk2,0.024448299407958986,0.030440399050712587,0.023440299928188323,0.023816299438476563,0.030412399768829347,0.02336820065975189,1.0462208778473645,1.0430028405292922,1.0030853581534247,0.0
fp16,128,64,64,8,tail-negative,0,1,graph_lds_chunked(chunk=2),chunk2,0.024604299664497377,0.03055639863014221,0.023364299535751344,0.023808300495147705,0.03029640018939972,0.023308299481868744,1.0556025197649779,1.053072429021406,1.002402579987706,0.0
fp16,128,64,64,8,tail-negative,1,1,graph_lds_chunked(chunk=2),chunk2,0.02451629936695099,0.03098039925098419,0.02379229962825775,0.02401629984378815,0.030440399050712587,0.02365629971027374,1.0363539381564293,1.0304300025640798,1.0057489936993378,0.0
fp16,128,64,64,8,tail-negative,2,1,graph_lds_chunked(chunk=2),chunk2,0.024636299908161165,0.030536401271820068,0.023384299874305726,0.023752300441265105,0.030304399132728577,0.0234483003616333,1.05066463360695,1.0535401975079492,0.9972705703040082,0.0
fp16,128,64,64,16,random,0,1,graph_lds_chunked(chunk=4),chunk4,0.040144500136375424,0.05238879919052124,0.03687649965286255,0.036056500673294065,0.0383525013923645,0.03548449873924255,1.1313249887331605,1.1133775986783214,1.0161197693182835,0.0
fp16,128,64,64,16,random,1,1,graph_lds_chunked(chunk=4),chunk4,0.041792601346969604,0.053008800745010375,0.03724449872970581,0.0360164999961853,0.038340499997138976,0.03616049885749817,1.1557528979803766,1.1603737551232374,0.9960177855432708,0.0
fp16,128,64,64,16,random,2,1,graph_lds_chunked(chunk=4),chunk4,0.04088059961795807,0.05243669748306275,0.03691650032997131,0.03634060025215149,0.03864850103855133,0.03616450130939484,1.130406839243158,1.1249291242936417,1.0048693867295468,0.0
fp16,128,64,64,16,contiguous,0,1,graph_lds_chunked(chunk=4),chunk4,0.040632599592208864,0.05306469798088074,0.037384599447250366,0.03610849976539612,0.03841249942779541,0.03598850071430206,1.1290439664262315,1.125291824811518,1.0033343720553038,0.0
fp16,128,64,64,16,contiguous,1,1,graph_lds_chunked(chunk=4),chunk4,0.0406605988740921,0.05400869846343994,0.03737260103225708,0.03578850030899048,0.03814849853515625,0.035900500416755673,1.1325914235756662,1.1361358683106846,0.9968802633259976,0.0
fp16,128,64,64,16,contiguous,2,1,graph_lds_chunked(chunk=4),chunk4,0.04094060063362122,0.05275670289993286,0.03732460141181946,0.03647249937057495,0.03873650133609772,0.03596050143241882,1.138488035562062,1.1225060344137263,1.0142377863978993,0.0
fp16,128,64,64,16,page-cross,0,1,graph_lds_chunked(chunk=4),chunk4,0.04141260087490082,0.05338069796562195,0.037228599190711975,0.036308500170707705,0.038428500294685364,0.036152499914169314,1.1454975720412048,1.1405759169394418,1.0043150613901877,0.0
fp16,128,64,64,16,page-cross,1,1,graph_lds_chunked(chunk=4),chunk4,0.03973250091075897,0.052784699201583865,0.03717660009860992,0.036352500319480896,0.038428500294685364,0.03573650121688843,1.111818436550865,1.0929784901058586,1.0172372527140783,0.0
fp16,128,64,64,16,page-cross,2,1,graph_lds_chunked(chunk=4),chunk4,0.04019249975681305,0.05322880148887634,0.03658050000667572,0.03576450049877167,0.03797650039196014,0.03615660071372986,1.111622745595955,1.1238099007755877,0.989155501147283,0.0
fp16,128,64,64,16,tail-negative,0,1,graph_lds_chunked(chunk=4),chunk4,0.041288599371910095,0.05251280069351196,0.03718850016593933,0.036036500334739686,0.03795259892940521,0.03551650047302246,1.1625187961092054,1.1457438704753278,1.0146410782253787,0.0
fp16,128,64,64,16,tail-negative,1,1,graph_lds_chunked(chunk=4),chunk4,0.04033659994602203,0.05276070237159729,0.03700850009918213,0.035908499360084535,0.038316598534584044,0.03591650128364563,1.12306595866533,1.12331622498432,0.9997772075988721,0.0
fp16,128,64,64,16,tail-negative,2,1,graph_lds_chunked(chunk=4),chunk4,0.040016600489616395,0.05244879722595215,0.03690049946308136,0.035796499252319335,0.038048601150512694,0.03554849922657013,1.1256902924246843,1.117891450992198,1.0069763852524003,0.0
fp16,128,64,64,32,random,0,1,graph_lds_chunked(chunk=4),chunk4,0.0713129997253418,0.09830530285835266,0.0635608971118927,0.059408897161483766,0.061048901081085204,0.05851290225982666,1.218756837742833,1.2003757540137567,1.0153127749103683,0.0
fp16,128,64,64,32,random,1,1,graph_lds_chunked(chunk=4),chunk4,0.07370100021362305,0.10272140502929687,0.06732900142669677,0.06040890216827392,0.06180890202522278,0.06081290245056152,1.2119303181350216,1.2200354180965398,0.9933566683054467,0.0
fp16,128,64,64,32,random,2,1,graph_lds_chunked(chunk=4),chunk4,0.07197309732437134,0.09829739928245544,0.06514899730682373,0.06002089977264404,0.06170480251312256,0.05917689800262451,1.2162363988930158,1.1991339282983358,1.0142623523453713,0.0
fp16,128,64,64,32,contiguous,0,1,graph_lds_chunked(chunk=4),chunk4,0.07370889782905579,0.10276130437850953,0.06670479774475098,0.06137679815292359,0.06177279949188232,0.060792797803878786,1.2124610232094453,1.200924454309365,1.0096064068465613,0.0
fp16,128,64,64,32,contiguous,1,1,graph_lds_chunked(chunk=4),chunk4,0.07382490038871765,0.10122530460357666,0.06614890098571777,0.05925670266151428,0.06043270230293274,0.060356801748275755,1.2231413569031042,1.245848943205965,0.9817734032470847,0.0
fp16,128,64,64,32,contiguous,2,1,graph_lds_chunked(chunk=4),chunk4,0.07306489944458008,0.10026520490646362,0.0660207986831665,0.05965269804000854,0.06116480231285095,0.06031680107116699,1.211352361979074,1.2248381354951638,0.9889897504614861,0.0
fp16,128,64,64,32,page-cross,0,1,graph_lds_chunked(chunk=4),chunk4,0.07168089747428893,0.09988120198249817,0.06394079923629761,0.058980798721313475,0.06112480163574219,0.06012070178985596,1.192283112809297,1.2153259879199654,0.9810397577771652,0.0
fp16,128,64,64,32,page-cross,1,1,graph_lds_chunked(chunk=4),chunk4,0.07330499887466431,0.09939720034599304,0.06382480263710022,0.05873270034790039,0.0601127028465271,0.06024479866027832,1.216785523477848,1.2481121835101332,0.9749007657755703,0.0
fp16,128,64,64,32,page-cross,2,1,graph_lds_chunked(chunk=4),chunk4,0.07250890135765076,0.0983892023563385,0.06253679990768432,0.05802069902420044,0.059920698404312134,0.05884479880332947,1.2322057825363517,1.249707476419877,0.9859953675450004,0.0
fp16,128,64,64,32,tail-negative,0,1,graph_lds_chunked(chunk=4),chunk4,0.07282490134239197,0.101501202583313,0.06468480229377746,0.059912800788879395,0.06099280118942261,0.06026080250740051,1.2084953786244133,1.2155148880288906,0.9942250732807885,0.0
fp16,128,64,64,32,tail-negative,1,1,graph_lds_chunked(chunk=4),chunk4,0.07164880037307739,0.09824920296669007,0.06732490062713622,0.06007279753684998,0.06166480183601379,0.05930470228195191,1.2081470375222192,1.192699579691231,1.012951675421054,0.0
fp16,128,64,64,32,tail-negative,2,1,graph_lds_chunked(chunk=4),chunk4,0.07310490012168884,0.10253330469131469,0.06480879783630371,0.05955269932746887,0.059948700666427615,0.06052070260047913,1.2079321121614026,1.2275665242258629,0.9840054191141762,0.0
fp16,128,64,128,8,random,0,1,graph_lds_chunked(chunk=2),chunk2,0.04095250070095062,0.05041660070419311,0.03931649923324585,0.03973239958286286,0.05024060010910034,0.03922840058803558,1.0439503035318978,1.0416110665906229,1.0022457873349324,0.0
fp16,128,64,128,8,random,1,1,graph_lds_chunked(chunk=2),chunk2,0.04068050086498261,0.05045260190963745,0.03884040117263794,0.03904449939727783,0.049908599257469176,0.03910839855670929,1.040198585631004,1.0473759188059306,0.9931473188889915,0.0
fp16,128,64,128,8,random,2,1,graph_lds_chunked(chunk=2),chunk2,0.04077250063419342,0.05010870099067688,0.0387924998998642,0.038928499817848204,0.04990060031414032,0.03880450129508972,1.050715748777133,1.0510408130293287,0.999690721570308,0.0
fp16,128,64,128,8,contiguous,0,1,graph_lds_chunked(chunk=2),chunk2,0.040836501121521,0.0501725971698761,0.03877249956130981,0.03902849853038788,0.05003659725189209,0.038796499371528625,1.0525821087736966,1.0532336471355797,0.9993813923779828,0.0
fp16,128,64,128,8,contiguous,1,1,graph_lds_chunked(chunk=2),chunk2,0.04085260033607483,0.050180697441101076,0.03878839910030365,0.03907650113105774,0.05000460147857666,0.038768500089645386,1.0537575671385357,1.053216974241018,1.0005132778057508,0.0
fp16,128,64,128,8,contiguous,2,1,graph_lds_chunked(chunk=2),chunk2,0.040816500782966614,0.05021669864654541,0.03894050121307373,0.03948050141334534,0.05046060085296631,0.038724499940872195,1.054022668989623,1.0481760509354472,1.0055778970039986,0.0
fp16,128,64,128,8,page-cross,0,1,graph_lds_chunked(chunk=2),chunk2,0.04056859910488129,0.04981270134449005,0.03860450088977814,0.038752499222755435,0.04961659908294678,0.03856450021266937,1.0519674540357074,1.0508774409675947,1.0010372409051895,0.0
fp16,128,64,128,8,page-cross,1,1,graph_lds_chunked(chunk=2),chunk2,0.04048050045967102,0.049968600273132324,0.038696500658988955,0.039012500643730165,0.05019260048866272,0.03870849907398224,1.045778095975822,1.046102354742706,0.9996900315103836,0.0
fp16,128,64,128,8,page-cross,2,1,graph_lds_chunked(chunk=2),chunk4,0.04072049856185913,0.049788698554039,0.03893240094184876,0.03878450095653534,0.04999270141124725,0.03920449912548065,1.0386690168270296,1.0499167852512377,0.989286990567051,0.0
fp16,128,64,128,8,tail-negative,0,1,graph_lds_chunked(chunk=2),chunk2,0.04204849898815155,0.05052059888839722,0.03921250104904175,0.03976050019264221,0.050252598524093625,0.03927649855613709,1.0705765670036116,1.0723238218231201,0.9983705903161436,0.0
fp16,128,64,128,8,tail-negative,1,1,graph_lds_chunked(chunk=2),chunk2,0.040712499618530275,0.050572699308395384,0.03913249969482422,0.03936850130558014,0.0499206006526947,0.039112499356269835,1.0409076456016344,1.0403756452061004,1.0005113541421171,0.0
fp16,128,64,128,8,tail-negative,2,1,graph_lds_chunked(chunk=2),chunk2,0.04093649983406067,0.0502206027507782,0.03881649971008301,0.03902849853038788,0.049908599257469176,0.03905250132083893,1.0482427104410956,1.054615953004824,0.9939568119128394,0.0
fp16,128,64,128,16,random,0,1,graph_lds_chunked(chunk=4),chunk4,0.07236890196800232,0.09307309985160828,0.06720479726791381,0.06240469813346863,0.06808080077171326,0.062056702375411985,1.166173824870788,1.1596707320532607,1.0056077062546998,0.0
fp16,128,64,128,16,random,1,1,graph_lds_chunked(chunk=4),chunk4,0.07442889809608459,0.09614120125770569,0.06844480037689209,0.06427680253982544,0.06930490136146546,0.06348879933357239,1.1723154143305268,1.1579433816728668,1.012411688589555,0.0
fp16,128,64,128,16,random,2,1,graph_lds_chunked(chunk=4),chunk4,0.07301689982414246,0.09616119861602783,0.06840479969978333,0.06326079964637757,0.06696490049362183,0.06342480182647706,1.1512357582749455,1.1542203107184963,0.9974142263692336,0.0
fp16,128,64,128,16,contiguous,0,1,graph_lds_chunked(chunk=4),chunk4,0.07196490168571472,0.09634119868278504,0.06755679845809937,0.0630568027496338,0.0673687994480133,0.06306080222129821,1.1411986392619855,1.1412710214859834,0.9999365775327376,0.0
fp16,128,64,128,16,contiguous,1,1,graph_lds_chunked(chunk=4),chunk4,0.07186490297317505,0.09620919823646545,0.06826080083847046,0.06320080161094666,0.0672448992729187,0.06331279873847961,1.1350770208409335,1.1370884726362036,0.9982310507549101,0.0
fp16,128,64,128,16,contiguous,2,1,graph_lds_chunked(chunk=4),chunk4,0.07095680236816407,0.09627320170402527,0.06756479740142822,0.062496799230575564,0.06661679744720458,0.06286479830741883,1.128720751177377,1.1353669826574027,0.9941461821758548,0.0
fp16,128,64,128,16,page-cross,0,1,graph_lds_chunked(chunk=4),chunk4,0.07235289812088012,0.08952509760856628,0.0665008008480072,0.06189280152320862,0.0656328022480011,0.06152070164680481,1.1760740073522538,1.1690034437001395,1.006048368540074,0.0
fp16,128,64,128,16,page-cross,1,1,graph_lds_chunked(chunk=4),chunk4,0.07026479840278625,0.08898509740829467,0.06611279845237732,0.06301680207252502,0.06662889719009399,0.06165279746055603,1.1396854854435432,1.1150168858445026,1.022123969522091,0.0
fp16,128,64,128,16,page-cross,2,1,graph_lds_chunked(chunk=4),chunk4,0.0719169020652771,0.08895310163497924,0.0668287992477417,0.06172080039978027,0.0663329005241394,0.061740797758102414,1.1648197735805776,1.1651971717711735,0.9996761078727798,0.0
fp16,128,64,128,16,tail-negative,0,1,graph_lds_chunked(chunk=4),chunk4,0.07222890257835388,0.08924509882926941,0.06707689762115479,0.062324798107147215,0.06652889847755432,0.0634207010269165,1.138885275766647,1.1589111360486042,0.9827201071255239,0.0
fp16,128,64,128,16,tail-negative,1,1,graph_lds_chunked(chunk=4),chunk4,0.07417690157890319,0.0902171015739441,0.06657289862632751,0.0622767984867096,0.06652479767799377,0.0631928026676178,1.1738188282146573,1.1910840534735128,0.9855046121988573,0.0
fp16,128,64,128,16,tail-negative,2,1,graph_lds_chunked(chunk=4),chunk4,0.07078490257263184,0.08913710117340087,0.06675680279731751,0.06231679916381836,0.06575679779052734,0.06203680038452149,1.14101472245324,1.1358879711801715,1.0045134303761858,0.0
fp16,128,64,128,32,random,0,1,graph_lds_chunked(chunk=8),chunk8,0.13241369724273683,0.17549409866333007,0.12422549724578857,0.11575340032577515,0.11526540517807007,0.1127653956413269,1.1742405237853757,1.1487722360249797,1.0221700063439227,0.0
fp16,128,64,128,32,random,1,1,graph_lds_chunked(chunk=8),chunk8,0.13538960218429566,0.17581820487976074,0.12452950477600097,0.11478140354156494,0.11263339519500733,0.11375340223312377,1.1902026623065842,1.2020378321179919,0.9901540787692562,0.0
fp16,128,64,128,32,random,2,1,graph_lds_chunked(chunk=8),chunk8,0.13573770523071288,0.17453809976577758,0.12274149656295777,0.11272939443588256,0.11199339628219604,0.11302939653396607,1.2009062190288065,1.212015259263028,0.9908342406175839,0.0
fp16,128,64,128,32,contiguous,0,1,graph_lds_chunked(chunk=8),chunk8,0.13496960401535035,0.17412619590759276,0.12422159910202027,0.11224939823150634,0.11049729585647583,0.11278140544891357,1.1967363190600364,1.221474272009891,0.9797474629497114,0.0
fp16,128,64,128,32,contiguous,1,1,graph_lds_chunked(chunk=8),chunk4,0.13512569665908813,0.17243410348892213,0.12143750190734863,0.1116894006729126,0.11272139549255371,0.10979330539703369,1.2307280136110998,1.2098345576659488,1.0172696802325265,0.0
fp16,128,64,128,32,contiguous,2,1,graph_lds_chunked(chunk=8),chunk4,0.1364936947822571,0.17411019802093505,0.12208549976348877,0.11200139522552491,0.11200939416885376,0.11377739906311035,1.1996556074071125,1.2186785218828278,0.9843905393144,0.0
fp16,128,64,128,32,page-cross,0,1,graph_lds_chunked(chunk=8),chunk4,0.13613369464874267,0.17131019830703736,0.11966949701309204,0.11263339519500733,0.11283739805221557,0.11534940004348755,1.1801855458062138,1.2086441540099915,0.9764541051149267,0.0
fp16,128,64,128,32,page-cross,1,1,graph_lds_chunked(chunk=8),chunk8,0.13361769914627075,0.17116609811782837,0.12194559574127198,0.1105813980102539,0.11021729707717895,0.11107330322265625,1.2029686276496365,1.2123115217814298,0.9922933223318176,0.0
fp16,128,64,128,32,page-cross,2,1,graph_lds_chunked(chunk=8),chunk4,0.1353335976600647,0.17284619808197021,0.1211055040359497,0.11092540025711059,0.11186139583587647,0.112213397026062,1.2060377926945116,1.2200415535700488,0.988521898426689,0.0
fp16,128,64,128,32,tail-negative,0,1,graph_lds_chunked(chunk=8),chunk8,0.133713698387146,0.17237809896469117,0.12300159931182861,0.11211340427398682,0.11155740022659302,0.11122939586639405,1.2021435282068738,1.1986089503300505,1.0029488999526075,0.0
fp16,128,64,128,32,tail-negative,1,1,graph_lds_chunked(chunk=8),chunk8,0.13266160488128662,0.17289409637451172,0.12296160459518432,0.11130930185317993,0.1103134036064148,0.1103253960609436,1.2024575448431158,1.2025882671031307,0.9998912992388246,0.0
fp16,128,64,128,32,tail-negative,2,1,graph_lds_chunked(chunk=8),chunk8,0.13228559494018555,0.17488210201263427,0.12280149459838867,0.11220539808273315,0.11208540201187134,0.11059739589691162,1.1961004494490053,1.180221443343485,1.0134542599569587,0.0
fp16,128,128,32,8,random,0,1,graph_lds_chunked(chunk=2),chunk2,0.025056299567222596,0.031048399209976197,0.023664200305938722,0.02414029985666275,0.03064039945602417,0.02371229976415634,1.0566794371036863,1.0588272260750986,0.9979715397200601,0.0
fp16,128,128,32,8,random,1,1,graph_lds_chunked(chunk=2),chunk2,0.024492299556732176,0.030240398645401,0.023484300076961517,0.023516300320625304,0.030596399307250978,0.02345629930496216,1.0441672506946078,1.0429222704729244,1.001193742100376,0.0
fp16,128,128,32,8,random,2,1,graph_lds_chunked(chunk=2),chunk2,0.024472300708293915,0.0305404007434845,0.023220199346542358,0.023732300102710723,0.030308398604393005,0.023224300146102904,1.0537368426320666,1.0539229376572086,0.999823426345046,0.0
fp16,128,128,32,8,contiguous,0,1,graph_lds_chunked(chunk=2),chunk2,0.024520300328731537,0.030436399579048156,0.023352299630641938,0.02382829934358597,0.030516400933265686,0.023348300158977507,1.0501963809688044,1.0500165172836766,1.000171296053126,0.0
fp16,128,128,32,8,contiguous,1,1,graph_lds_chunked(chunk=2),chunk4,0.024492299556732176,0.030576398968696593,0.023572300374507905,0.023568299412727357,0.03055639863014221,0.023340199887752534,1.0493611740482218,1.0392052106867686,1.0097728179737875,0.0
fp16,128,128,32,8,contiguous,2,1,graph_lds_chunked(chunk=2),chunk2,0.02448430061340332,0.030556300282478334,0.02334430068731308,0.023836299777030945,0.030392399430274962,0.023368300497531892,1.0477570080883416,1.0488341861836024,0.9989729757959357,0.0
fp16,128,128,32,8,page-cross,0,1,graph_lds_chunked(chunk=2),chunk2,0.02462430000305176,0.0304843008518219,0.02342430055141449,0.023788300156593323,0.030304300785064697,0.023464299738407135,1.0494368158256135,1.0512288274735617,0.9982953172505219,0.0
fp16,128,128,32,8,page-cross,1,1,graph_lds_chunked(chunk=2),chunk4,0.02454030066728592,0.03026829957962036,0.02364429980516434,0.023576299846172332,0.030556300282478334,0.023348300158977507,1.0510529888767977,1.0408885544976683,1.0097651514518138,0.0
fp16,128,128,32,8,page-cross,2,1,graph_lds_chunked(chunk=2),chunk2,0.024524299800395964,0.030468401312828065,0.023396299779415132,0.023724299669265748,0.030256399512290956,0.023336300253868104,1.050907793163612,1.0482127529402443,1.0025710813151318,0.0
fp16,128,128,32,8,tail-negative,0,1,graph_lds_chunked(chunk=2),chunk2,0.024424299597740173,0.030444398522377014,0.023280300199985504,0.02371630072593689,0.030328398942947386,0.0232123002409935,1.052213668794713,1.049140233928572,1.002929479555495,0.0
fp16,128,128,32,8,tail-negative,1,1,graph_lds_chunked(chunk=2),chunk2,0.024704299867153168,0.031072399020195006,0.02358430027961731,0.023940299451351166,0.030612298846244813,0.023640300333499908,1.0450078687090747,1.047489201471193,0.9976311614872658,0.0
fp16,128,128,32,8,tail-negative,2,1,graph_lds_chunked(chunk=2),chunk2,0.02443629950284958,0.030472400784492492,0.023256200551986694,0.02382030040025711,0.030356401205062868,0.023160299658775328,1.0550942717872298,1.0507434113420593,1.004140744922315,0.0
fp16,128,128,32,16,random,0,1,graph_lds_chunked(chunk=4),chunk4,0.03986049890518188,0.05218070149421692,0.03671639859676361,0.03584440052509308,0.03830049932003021,0.03535239994525909,1.127518894527763,1.1120425595422445,1.0139170347867703,0.0
fp16,128,128,32,16,random,1,1,graph_lds_chunked(chunk=4),chunk4,0.03958849906921387,0.052020597457885745,0.0368245005607605,0.035348498821258546,0.038184401392936704,0.035612499713897704,1.11164617444039,1.119948523681164,0.9925868474619844,0.0
fp16,128,128,32,16,random,2,1,graph_lds_chunked(chunk=4),chunk4,0.03974849879741669,0.05344070196151733,0.037184500694274904,0.03557640016078949,0.037876400351524356,0.03573240041732788,1.1123937472205552,1.1172715231943415,0.9956342071980493,0.0
fp16,128,128,32,16,contiguous,0,1,graph_lds_chunked(chunk=4),chunk4,0.0402525007724762,0.052644699811935425,0.03684439957141876,0.0357124000787735,0.038024500012397766,0.035676398873329164,1.1282669227742046,1.127129531582539,1.0010091042420555,0.0
fp16,128,128,32,16,contiguous,1,1,graph_lds_chunked(chunk=4),chunk4,0.0398485004901886,0.05283669829368591,0.03726840019226074,0.03634040057659149,0.03846449851989746,0.03573650121688843,1.115064405671502,1.096534431595034,1.0168986705228342,0.0
fp16,128,128,32,16,contiguous,2,1,graph_lds_chunked(chunk=4),chunk4,0.03973250091075897,0.05319269895553589,0.03662050068378449,0.03566040098667145,0.037984499335289,0.03595649898052215,1.105015839620045,1.114191086230621,0.9917651049950357,0.0
fp16,128,128,32,16,page-cross,0,1,graph_lds_chunked(chunk=4),chunk4,0.0399044007062912,0.05254459977149963,0.03669250011444092,0.03570050001144409,0.03954249918460846,0.035668501257896425,1.1187574273942058,1.117754672721657,1.0008971151693844,0.0
fp16,128,128,32,16,page-cross,1,1,graph_lds_chunked(chunk=4),chunk4,0.03982050120830536,0.05206059813499451,0.03655239939689636,0.035696500539779664,0.03830850124359131,0.035448399186134336,1.1233370793195416,1.1155295506888685,1.0069989437983529,0.0
fp16,128,128,32,16,page-cross,2,1,graph_lds_chunked(chunk=4),chunk4,0.040028500556945804,0.05222859978675842,0.03724850118160248,0.035696500539779664,0.03794040083885193,0.03542050123214722,1.1300941309271033,1.1213564341506983,1.0077920779783307,0.0
fp16,128,128,32,16,tail-negative,0,1,graph_lds_chunked(chunk=4),chunk4,0.03972840011119842,0.05198860168457031,0.03664849996566773,0.03538450002670288,0.03801249861717224,0.03538450002670288,1.122762793913081,1.122762793913081,1.0,0.0
fp16,128,128,32,16,tail-negative,1,1,graph_lds_chunked(chunk=4),chunk4,0.03993650078773499,0.05263659954071045,0.03662439882755279,0.03557249903678894,0.03810450136661529,0.03573240041732788,1.1176551343124543,1.1226790883157467,0.9955250311014259,0.0
fp16,128,128,32,16,tail-negative,2,1,graph_lds_chunked(chunk=4),chunk4,0.03970850110054016,0.05215659737586975,0.0370725005865097,0.03561640083789826,0.03892450034618378,0.03529250025749207,1.1251257579040648,1.1148937053259922,1.0091776036847213,0.0
fp16,128,128,32,32,random,0,1,graph_lds_chunked(chunk=4),chunk4,0.07062489986419677,0.09936119914054871,0.06281669735908509,0.058720701932907106,0.06043279767036438,0.05873669981956482,1.202398161305482,1.2027257430418854,0.999727633886363,0.0
fp16,128,128,32,32,random,1,1,graph_lds_chunked(chunk=4),chunk4,0.07205290198326111,0.09874119758605956,0.06374080181121826,0.05946069955825806,0.0614408016204834,0.06016470193862915,1.1975942647693743,1.211773533082394,0.9882987473105209,0.0
fp16,128,128,32,32,random,2,1,graph_lds_chunked(chunk=4),chunk4,0.0732168972492218,0.10103329420089721,0.06409279704093933,0.06012070178985596,0.061156702041625974,0.06032080054283142,1.213791869311041,1.2178317130285983,0.9966827570062937,0.0
fp16,128,128,32,32,contiguous,0,1,graph_lds_chunked(chunk=4),chunk4,0.07336490154266358,0.10027320384979248,0.06571279764175415,0.06024870276451111,0.061724799871444705,0.05980479717254639,1.226739409064362,1.2177009325730817,1.007422574993173,0.0
fp16,128,128,32,32,contiguous,1,1,graph_lds_chunked(chunk=4),chunk4,0.07285689711570739,0.1004533052444458,0.06300479769706727,0.05866879820823669,0.05994470119476318,0.059836798906326295,1.2175934950959506,1.2418338084429823,0.98048022756167,0.0
fp16,128,128,32,32,contiguous,2,1,graph_lds_chunked(chunk=4),chunk8,0.07232490181922913,0.0988211989402771,0.06422880291938782,0.0599727988243103,0.05974079966545105,0.05988879799842835,1.2076532546391587,1.210645023572653,0.9975287810421378,0.0
fp16,128,128,32,32,page-cross,0,1,graph_lds_chunked(chunk=4),chunk4,0.07180089950561523,0.10082130432128907,0.06362079977989196,0.05887269973754883,0.0599448025226593,0.059664797782897946,1.2034047239525871,1.2195958368768476,0.9867241979394396,0.0
fp16,128,128,32,32,page-cross,1,1,graph_lds_chunked(chunk=4),chunk4,0.07180079817771912,0.09876930117607116,0.06374880075454711,0.060020697116851804,0.06130880117416382,0.058476698398590085,1.22785314739059,1.1962673148886145,1.0264036575344504,0.0
fp16,128,128,32,32,page-cross,2,1,graph_lds_chunked(chunk=4),chunk4,0.07160090208053589,0.09913719892501831,0.06316080093383789,0.05848469734191895,0.05981670022010803,0.05873280167579651,1.219095633744342,1.2242672927233547,0.9957757109009189,0.0
fp16,128,128,32,32,tail-negative,0,1,graph_lds_chunked(chunk=4),chunk4,0.07154489755630493,0.09814130067825318,0.06283680200576783,0.05880879759788513,0.05976880192756653,0.05971270203590393,1.1981520701120938,1.2165679367482563,0.9848624428773077,0.0
fp16,128,128,32,32,tail-negative,1,1,graph_lds_chunked(chunk=4),chunk4,0.0725009024143219,0.09817320108413696,0.06324880123138428,0.058508700132369994,0.05972869992256165,0.05825269818305969,1.2445930347550098,1.2391473789418663,1.0043946796851506,0.0
fp16,128,128,32,32,tail-negative,2,1,graph_lds_chunked(chunk=4),chunk4,0.07070890069007874,0.10086530447006226,0.06510890126228333,0.05884870290756226,0.06041669845581055,0.05903270244598389,1.1977920332341012,1.2015371146097495,0.9968830913917588,0.0
fp16,128,128,64,8,random,0,1,graph_lds_chunked(chunk=2),chunk4,0.04031650125980377,0.050024598836898804,0.038796499371528625,0.03866049945354462,0.049968600273132324,0.038980498909950256,1.0342736082711472,1.0428344648844758,0.9917907808941883,0.0
fp16,128,128,64,8,random,1,1,graph_lds_chunked(chunk=2),chunk2,0.04060850143432617,0.04995259940624237,0.038556501269340515,0.0388604998588562,0.04958060085773468,0.03858050107955933,1.0525654228954873,1.053220600869648,0.9993779290173209,0.0
fp16,128,128,64,8,random,2,1,graph_lds_chunked(chunk=2),chunk2,0.04044849872589111,0.049940600991249084,0.0385325014591217,0.038868498802185056,0.049568700790405276,0.03854449987411499,1.0493974200727605,1.0497241859265756,0.9996887126559567,0.0
fp16,128,128,64,8,contiguous,0,1,graph_lds_chunked(chunk=2),chunk2,0.04096049964427948,0.05006870031356812,0.03873249888420105,0.0393325001001358,0.050412601232528685,0.03909249901771546,1.0477841190382202,1.0575227734915713,0.9907910688096132,0.0
fp16,128,128,64,8,contiguous,1,1,graph_lds_chunked(chunk=2),chunk2,0.0413565993309021,0.04989269971847534,0.038680499792099,0.038956499099731444,0.05000069737434387,0.039040499925613405,1.05932555704209,1.0691847197731847,0.9907788031864259,0.0
fp16,128,128,64,8,contiguous,2,1,graph_lds_chunked(chunk=2),chunk2,0.04073249995708465,0.050140601396560666,0.038828501105308534,0.03902849853038788,0.04994859993457794,0.038868498802185056,1.0479566027076612,1.0490361151622154,0.9989709482457739,0.0
fp16,128,128,64,8,page-cross,0,1,graph_lds_chunked(chunk=2),chunk2,0.040440499782562256,0.0499646008014679,0.03881649971008301,0.039068499207496644,0.05029659867286682,0.038740500807762146,1.0438816984642463,1.0418378804016013,1.0019617428979037,0.0
fp16,128,128,64,8,page-cross,1,1,graph_lds_chunked(chunk=2),chunk2,0.04064050018787384,0.04997659921646118,0.03874450027942657,0.038840499520301816,0.04980059862136841,0.03876050114631653,1.0485029601258384,1.0489359752938676,0.9995871862742549,0.0
fp16,128,128,64,8,page-cross,2,1,graph_lds_chunked(chunk=2),chunk2,0.040836501121521,0.05004460215568542,0.038796499371528625,0.03897649943828583,0.04981260001659393,0.03884449899196625,1.0512814473412755,1.0525821087736966,0.9987643135660585,0.0
fp16,128,128,64,8,tail-negative,0,1,graph_lds_chunked(chunk=2),chunk2,0.04033249914646149,0.0499125987291336,0.0385325014591217,0.038872501254081725,0.04978860020637512,0.03853650093078613,1.046605119102564,1.0467137512276323,0.9998962160142247,0.0
fp16,128,128,64,8,tail-negative,1,1,graph_lds_chunked(chunk=2),chunk2,0.04074450135231018,0.05014070272445679,0.03852050006389618,0.03890450000762939,0.04980460107326508,0.03894450068473816,1.0462196365577596,1.0577355248432634,0.9891126959291549,0.0
fp16,128,128,64,8,tail-negative,2,1,graph_lds_chunked(chunk=2),chunk2,0.040868499875068666,0.04984869956970215,0.0385325014591217,0.03883650004863739,0.04974859952926636,0.03894450068473816,1.0494036168522374,1.060624105040914,0.9894208625512583,0.0
fp16,128,128,64,16,random,0,1,graph_lds_chunked(chunk=4),chunk4,0.07018089890480042,0.08978909850120545,0.06597679853439331,0.06131669878959656,0.0669368028640747,0.06203280091285705,1.1313514442688106,1.1445642099164646,0.98845607303358,0.0
fp16,128,128,64,16,random,1,1,graph_lds_chunked(chunk=4),chunk4,0.07195289731025696,0.09393320083618165,0.06770089864730836,0.06326069831848144,0.06650480031967163,0.06203680038452149,1.1598421721344867,1.1374028302377452,1.0197285792686581,0.0
fp16,128,128,64,16,random,2,1,graph_lds_chunked(chunk=4),chunk4,0.071076899766922,0.09615319967269897,0.06768090128898621,0.06300079822540283,0.06694080233573914,0.06280879974365235,1.1316391979629454,1.1281904637561047,1.0030568723257587,0.0
fp16,128,128,64,16,contiguous,0,1,graph_lds_chunked(chunk=4),chunk4,0.07106490135192871,0.08897309899330139,0.06613680124282836,0.0616208016872406,0.0655888020992279,0.06197680234909057,1.1466371070848171,1.1532615513933444,0.9942559046553456,0.0
fp16,128,128,64,16,contiguous,1,1,graph_lds_chunked(chunk=4),chunk4,0.07152090072631836,0.09132909774780273,0.06625679731369019,0.061668801307678225,0.0657368004322052,0.06322479844093323,1.1312159546563938,1.1597582441968672,0.9753894488930847,0.0
fp16,128,128,64,16,contiguous,2,1,graph_lds_chunked(chunk=4),chunk4,0.07123690247535705,0.09022510051727295,0.06670479774475098,0.06226080060005188,0.06644080281257629,0.06146479845046997,1.1589870018488992,1.1441693937243989,1.0129505370496472,0.0
fp16,128,128,64,16,page-cross,0,1,graph_lds_chunked(chunk=4),chunk4,0.07246090173721313,0.09640920162200928,0.06769689917564392,0.06215680241584778,0.0657489001750946,0.06338480114936829,1.1431904876763237,1.1657758913083691,0.9806262903526873,0.0
fp16,128,128,64,16,page-cross,1,1,graph_lds_chunked(chunk=4),chunk4,0.07242890000343323,0.08902509808540345,0.06617680191993713,0.06174880266189575,0.06665289998054505,0.06199679970741272,1.1682683678069465,1.172960395685988,0.9959998411742644,0.0
fp16,128,128,64,16,page-cross,2,1,graph_lds_chunked(chunk=4),chunk4,0.07259290218353272,0.08902509808540345,0.06688079833984376,0.06179680228233338,0.06569280028343201,0.06237679719924927,1.1637805312711118,1.1747032128276604,0.9907017522066223,0.0
fp16,128,128,64,16,tail-negative,0,1,graph_lds_chunked(chunk=4),chunk4,0.06924480199813843,0.08888109922409057,0.06619290113449097,0.06328480243682862,0.06616479754447938,0.06114869713783264,1.1324002838859626,1.094177422253299,1.0349329650340884,0.0
fp16,128,128,64,16,tail-negative,1,1,graph_lds_chunked(chunk=4),chunk4,0.07238489985466004,0.08936510086059571,0.06580880284309387,0.06138479709625244,0.06562089920043945,0.06262879967689514,1.1557765792749832,1.179199138528702,0.9801368924989692,0.0
fp16,128,128,64,16,tail-negative,2,1,graph_lds_chunked(chunk=4),chunk4,0.07218890190124512,0.09104120135307311,0.06632480025291443,0.06156880259513855,0.06684880256652832,0.06168869733810425,1.1702127782921272,1.172491568107013,0.998056455264267,0.0
fp16,128,128,64,32,random,0,1,graph_lds_chunked(chunk=8),chunk8,0.13257759809494019,0.17686619758605956,0.12286549806594849,0.11289739608764648,0.11086939573287964,0.11040539741516113,1.200825332808723,1.1957997716011968,1.0042026778453024,0.0
fp16,128,128,64,32,random,1,1,graph_lds_chunked(chunk=8),chunk8,0.13386969566345214,0.1748502016067505,0.12328150272369384,0.11334539651870727,0.11207339763641358,0.11287740468978882,1.1859742526093207,1.1944823525182104,0.9928771656684983,0.0
fp16,128,128,64,32,random,2,1,graph_lds_chunked(chunk=8),chunk8,0.13577369451522828,0.17673020362854003,0.12279759645462036,0.11306940317153931,0.11277740001678467,0.11345340013504028,1.1967353499641333,1.2039087130490778,0.9940416054745739,0.0
fp16,128,128,64,32,contiguous,0,1,graph_lds_chunked(chunk=8),chunk8,0.13575769662857057,0.17352219820022582,0.12139350175857544,0.11100540161132813,0.11069339513778687,0.11300139427185059,1.20138072192255,1.2264299641327707,0.9795754809138788,0.0
fp16,128,128,64,32,contiguous,1,1,graph_lds_chunked(chunk=8),chunk8,0.1354097008705139,0.17558619976043702,0.12410160303115844,0.11186540126800537,0.10966140031814575,0.11135740280151367,1.215991909508447,1.234798210470303,0.9847697374337033,0.0
fp16,128,128,64,32,contiguous,2,1,graph_lds_chunked(chunk=8),chunk8,0.13411370515823365,0.17401809692382814,0.12158149480819702,0.11197340488433838,0.11121740341186523,0.11280540227890015,1.18889434768958,1.2058697743695546,0.9859226700587552,0.0
fp16,128,128,64,32,page-cross,0,1,graph_lds_chunked(chunk=8),chunk8,0.13349369764328003,0.17061409950256348,0.12134560346603393,0.11046539545059204,0.11010930538177491,0.11018539667129516,1.2115371154084795,1.2123743509272529,0.9993094249163775,0.0
fp16,128,128,64,32,page-cross,1,1,graph_lds_chunked(chunk=8),chunk8,0.13451770544052125,0.16973409652709961,0.1204414963722229,0.1107174038887024,0.11036540269851684,0.1108773946762085,1.2132112756919367,1.2188394383698378,0.9953823592339376,0.0
fp16,128,128,64,32,page-cross,2,1,graph_lds_chunked(chunk=8),chunk4,0.13462170362472534,0.1737460970878601,0.12229360342025757,0.11125739812850952,0.11160540580749512,0.10982539653778076,1.2257793540350612,1.2100022640222858,1.0130388929689513,0.0
fp16,128,128,64,32,tail-negative,0,1,graph_lds_chunked(chunk=8),chunk4,0.1315816044807434,0.17147010564804077,0.11989350318908691,0.11156140565872193,0.11479749679565429,0.11193339824676514,1.1755347960638378,1.1794545228595037,0.9966766613551469,0.0
fp16,128,128,64,32,tail-negative,1,1,graph_lds_chunked(chunk=8),chunk8,0.13949769735336304,0.1737460970878601,0.12108949422836304,0.11220539808273315,0.11207339763641358,0.11128929853439332,1.2534691043115171,1.244699458527338,1.007045592993633,0.0
fp16,128,128,64,32,tail-negative,2,1,graph_lds_chunked(chunk=8),chunk8,0.13413770198822023,0.1745542049407959,0.12200950384140015,0.1131134033203125,0.1125573992729187,0.11237740516662598,1.1936358718136397,1.1917270908416746,1.0016016930274003,0.0
fp16,128,128,128,8,random,0,1,graph_global,global,0.07561699748039245,0.0963371992111206,0.1151934027671814,0.10215719938278198,0.09604520201683045,0.07538890242576599,1.0030255786632665,1.0,1.0030255786632665,0.0
fp16,128,128,128,8,random,1,1,graph_global,global,0.07304890155792236,0.08873310089111328,0.11081329584121705,0.09868519902229309,0.08835309743881226,0.07220889925956726,1.0116329470047114,1.0,1.0116329470047114,0.0
fp16,128,128,128,8,random,2,1,graph_global,global,0.07257289886474609,0.08894910216331482,0.11134539842605591,0.09854530096054077,0.08843709826469422,0.07234089970588684,1.0032070261747157,1.0,1.0032070261747157,0.0
fp16,128,128,128,8,contiguous,0,1,graph_global,global,0.07230889797210693,0.08956909775733948,0.11249339580535889,0.10005320310592651,0.09070119857788086,0.07250490188598632,0.9972966805170276,1.0,0.9972966805170276,0.0
fp16,128,128,128,8,contiguous,1,1,graph_global,global,0.07260090112686157,0.08914520144462586,0.11131739616394043,0.09912919998168945,0.08886510133743286,0.07262889742851257,0.9996145294415552,1.0,0.9996145294415552,0.0
fp16,128,128,128,8,contiguous,2,1,graph_global,global,0.07268890142440795,0.08951709866523742,0.11220940351486205,0.0990132987499237,0.08892509937286378,0.07240489721298218,1.00392244478423,1.0,1.00392244478423,0.0
fp16,128,128,128,8,page-cross,0,1,graph_global,global,0.07269290089607239,0.08912109732627868,0.11240140199661255,0.10071330070495606,0.09656519889831543,0.07254899740219116,1.0019835352525062,1.0,1.0019835352525062,0.0
fp16,128,128,128,8,page-cross,1,1,graph_global,global,0.07426890134811401,0.09187319874763489,0.11147739887237548,0.09893720149993897,0.08924509882926941,0.07388089895248413,1.005251728134486,1.0,1.005251728134486,0.0
fp16,128,128,128,8,page-cross,2,1,graph_global,global,0.07263290286064147,0.08924109935760498,0.11216139793395996,0.09893329739570618,0.08898919820785522,0.07235689759254456,1.0038144983723758,1.0,1.0038144983723758,0.0
fp16,128,128,128,8,tail-negative,0,1,graph_global,global,0.07286099791526794,0.08957719802856445,0.11210960149765015,0.10004940032958984,0.09368929862976075,0.07257689833641053,1.0039144629402672,1.0,1.0039144629402672,0.0
fp16,128,128,128,8,tail-negative,1,1,graph_global,global,0.07217299938201904,0.08871719837188721,0.11081349849700928,0.1005213975906372,0.08941320180892945,0.07218899726867675,0.9997783888506143,1.0,0.9997783888506143,0.0
fp16,128,128,128,8,tail-negative,2,1,graph_global,global,0.07299699783325195,0.08873720169067383,0.1117136001586914,0.10040940046310425,0.09396129846572876,0.0729449987411499,1.0007128534238046,1.0,1.0007128534238046,0.0
fp16,128,128,128,16,random,0,1,graph_global,global,0.13082979917526244,0.17226239442825317,0.21033089160919188,0.18251849412918092,0.1741304039955139,0.1316298007965088,0.9939223366106653,1.0,0.9939223366106653,0.0
fp16,128,128,128,16,random,1,1,graph_global,global,0.1302417993545532,0.17562240362167358,0.20827078819274902,0.18121449947357177,0.17321430444717406,0.13282979726791383,0.9805164355694928,1.0,0.9805164355694928,0.0
fp16,128,128,128,16,random,2,1,graph_global,global,0.1310297966003418,0.17707040309906005,0.21696290969848633,0.18883850574493408,0.1754181981086731,0.13351379632949828,0.9813951831387805,1.0,0.9813951831387805,0.0
fp16,128,128,128,16,contiguous,0,1,graph_global,global,0.13086559772491455,0.1707661986351013,0.2102586030960083,0.1826781988143921,0.1719061017036438,0.13273359537124635,0.985926715530404,1.0,0.985926715530404,0.0
fp16,128,128,128,16,contiguous,1,1,graph_global,global,0.13028169870376588,0.17616620063781738,0.21475470066070557,0.18277419805526735,0.17148610353469848,0.13344570398330688,0.9762899427625127,1.0,0.9762899427625127,0.0
fp16,128,128,128,16,contiguous,2,1,graph_global,global,0.13062169551849365,0.17178210020065307,0.2119347095489502,0.18062230348587036,0.17181409597396852,0.13137760162353515,0.9942463091447843,1.0,0.9942463091447843,0.0
fp16,128,128,128,16,page-cross,0,1,graph_global,global,0.13144559860229493,0.1752102017402649,0.21118669509887694,0.18161430358886718,0.17176209688186644,0.1325057029724121,0.9919995566504947,1.0,0.9919995566504947,0.0
fp16,128,128,128,16,page-cross,1,1,graph_global,global,0.13099370002746583,0.17476619482040406,0.21519870758056642,0.18567830324172974,0.17566219568252564,0.13415369987487794,0.9764449295818202,1.0,0.9764449295818202,0.0
fp16,128,128,128,16,page-cross,2,1,graph_global,global,0.1312615990638733,0.17496620416641234,0.20982658863067627,0.18071030378341674,0.1717702031135559,0.13324559926986695,0.9851102008856939,1.0,0.9851102008856939,0.0
fp16,128,128,128,16,tail-negative,0,1,graph_global,global,0.1311297059059143,0.17331819534301757,0.2090466022491455,0.18321419954299928,0.17436619997024536,0.13388969898223876,0.979386068552663,1.0,0.979386068552663,0.0
fp16,128,128,128,16,tail-negative,1,1,graph_global,global,0.1310497045516968,0.17261420488357543,0.2085505962371826,0.1817621946334839,0.17263809442520142,0.13109760284423827,0.9996346363968349,1.0,0.9996346363968349,0.0
fp16,128,128,128,16,tail-negative,2,1,graph_global,global,0.1308295965194702,0.17740620374679567,0.2250148057937622,0.1798503041267395,0.17250620126724242,0.13290170431137086,0.984408719191095,1.0,0.984408719191095,0.0
fp16,128,128,128,32,random,0,1,graph_global,global,0.246875,0.3360882043838501,0.3953489065170288,0.3446043014526367,0.31979200839996336,0.2515830993652344,0.9812861063516853,1.0,0.9812861063516853,0.0
fp16,128,128,128,32,random,1,1,graph_global,global,0.24628300666809083,0.33115620613098146,0.3904849052429199,0.34378030300140383,0.3188040018081665,0.26755530834198,0.9204938156311979,1.0,0.9204938156311979,0.0
fp16,128,128,128,32,random,2,1,graph_global,global,0.24954710006713868,0.3209359884262085,0.3804007053375244,0.3394201993942261,0.31762399673461916,0.2670193910598755,0.9345654601211382,1.0,0.9345654601211382,0.0
fp16,128,128,128,32,contiguous,0,1,graph_global,global,0.2487710952758789,0.321428108215332,0.3847208023071289,0.34242830276489256,0.32247200012207033,0.2694153070449829,0.9233740205946905,1.0,0.9233740205946905,0.0
fp16,128,128,128,32,contiguous,1,1,graph_global,global,0.24879510402679444,0.31899590492248536,0.38333680629730227,0.341388201713562,0.31976799964904784,0.2699353933334351,0.9216838924100357,1.0,0.9216838924100357,0.0
fp16,128,128,128,32,contiguous,2,1,graph_global,global,0.24783110618591309,0.3219480037689209,0.3830087900161743,0.3416961908340454,0.3178080081939697,0.27375938892364504,0.9052880602938382,1.0,0.9052880602938382,0.0
fp16,128,128,128,32,page-cross,0,1,graph_global,global,0.24627909660339356,0.31796000003814695,0.3832727909088135,0.3421242952346802,0.3184238910675049,0.2699672937393188,0.9122553076418262,1.0,0.9122553076418262,0.0
fp16,128,128,128,32,page-cross,1,1,graph_global,global,0.2470630884170532,0.32491610050201414,0.3846168041229248,0.3426681995391846,0.3210000038146973,0.2659672975540161,0.9289228062592034,1.0,0.9289228062592034,0.0
fp16,128,128,128,32,page-cross,2,1,graph_global,global,0.24729909896850585,0.3246440887451172,0.38736920356750487,0.3427006006240845,0.3184042930603027,0.26855130195617677,0.9208635265110764,1.0,0.9208635265110764,0.0
fp16,128,128,128,32,tail-negative,0,1,graph_global,global,0.24865539073944093,0.32572839260101316,0.38644120693206785,0.34082870483398436,0.31846840381622316,0.26863560676574705,0.9256233517706047,1.0,0.9256233517706047,0.0
fp16,128,128,128,32,tail-negative,1,1,graph_global,global,0.24851539134979247,0.32314040660858157,0.3840852022171021,0.33896849155426023,0.3181483030319214,0.2811638116836548,0.8838811433862763,1.0,0.8838811433862763,0.0
fp16,128,128,128,32,tail-negative,2,1,graph_global,global,0.24559929370880126,0.3377252101898193,0.38370070457458494,0.3399561882019043,0.31761200428009034,0.2502794027328491,0.9813004627110948,1.0,0.9813004627110948,0.0
fp16,128,256,32,8,random,0,1,graph_lds_chunked(chunk=2),chunk2,0.04020450115203857,0.04960060119628906,0.038184401392936704,0.03854849934577942,0.04981659948825836,0.03826049864292145,1.0508096490654804,1.052903795408864,0.9980110753209218,0.0
fp16,128,256,32,8,random,1,1,graph_lds_chunked(chunk=2),chunk2,0.04021649956703186,0.04981260001659393,0.03826040029525757,0.03888849914073944,0.0498445987701416,0.03826049864292145,1.0511232470429992,1.05112594893621,0.9999974295247744,0.0
fp16,128,256,32,8,random,2,1,graph_lds_chunked(chunk=2),chunk2,0.04072049856185913,0.0498445987701416,0.0383204996585846,0.03883250057697296,0.04973660111427307,0.03830850124359131,1.0629624558510058,1.062629634912312,1.000313205022483,0.0
fp16,128,256,32,8,contiguous,0,1,graph_lds_chunked(chunk=2),chunk2,0.040628498792648314,0.04976870119571686,0.03858439922332764,0.038856500387191774,0.049480599164962766,0.03863239884376526,1.0516690655673637,1.0529773589965563,0.9987575293827408,0.0
fp16,128,256,32,8,contiguous,1,1,graph_lds_chunked(chunk=2),chunk2,0.04030860066413879,0.04971660077571869,0.038600501418113706,0.03893249928951263,0.04958460032939911,0.03864449858665466,1.0430618105641254,1.044250700982437,0.9988614894706863,0.0
fp16,128,256,32,8,contiguous,2,1,graph_lds_chunked(chunk=2),chunk2,0.040344598889350894,0.0499767005443573,0.03858850002288818,0.03904449939727783,0.04955660104751587,0.03878450095653534,1.040224777793684,1.0455083474460294,0.9949464108390409,0.0
fp16,128,256,32,8,page-cross,0,1,graph_lds_chunked(chunk=2),chunk2,0.04048849940299988,0.04970459938049317,0.03838450014591217,0.038796401023864745,0.04960069954395294,0.038628500699996945,1.0481509421618085,1.054813772462575,0.9936834060431242,0.0
fp16,128,256,32,8,page-cross,1,1,graph_lds_chunked(chunk=2),chunk2,0.04015649855136871,0.04971660077571869,0.03830049932003021,0.038768500089645386,0.049624601006507875,0.03834849894046784,1.0471465549070802,1.0484588781945163,0.9987483311794775,0.0
fp16,128,256,32,8,page-cross,2,1,graph_lds_chunked(chunk=2),chunk2,0.040040498971939086,0.04971260130405426,0.03833650052547455,0.038780400156974794,0.04959270060062408,0.03834849894046784,1.0441216756384104,1.044448460947348,0.9996871216520908,0.0
fp16,128,256,32,8,tail-negative,0,1,graph_lds_chunked(chunk=2),chunk2,0.04003649950027466,0.049968600273132324,0.03814449906349182,0.038444501161575315,0.04981260001659393,0.03880049884319305,1.0318552774817853,1.0496008725565797,0.9830930065525094,0.0
fp16,128,256,32,8,tail-negative,1,1,graph_lds_chunked(chunk=2),chunk2,0.04098049998283386,0.050436598062515256,0.03884850144386291,0.03910050094127655,0.04958060085773468,0.03823249936103821,1.0718760391740454,1.0548798141429403,1.016112001389385,0.0
fp16,128,256,32,8,tail-negative,2,1,graph_lds_chunked(chunk=2),chunk2,0.040152499079704286,0.05001659989356995,0.03848449885845184,0.0389724999666214,0.04968859851360321,0.03820450007915497,1.0509887316026465,1.0433421317862925,1.0073289476034695,0.0
fp16,128,256,32,16,random,0,1,graph_lds_chunked(chunk=4),chunk4,0.0714618980884552,0.08902119994163513,0.06608880162239075,0.06104080080986023,0.06569290161132812,0.06111279726028442,1.1693442501755091,1.1707234692260393,0.9988219087711276,0.0
fp16,128,256,32,16,random,1,1,graph_lds_chunked(chunk=4),chunk4,0.07015690207481384,0.08849310278892517,0.06585289835929871,0.06264479756355286,0.06743689775466918,0.06141279935836792,1.1423824155192899,1.1199158558001563,1.0200609354736583,0.0
fp16,128,256,32,16,random,2,1,graph_lds_chunked(chunk=4),chunk4,0.07071300148963929,0.09613329768180848,0.06855689883232116,0.06381679773330688,0.06760089993476867,0.06270490288734436,1.127710884373464,1.1080625164733575,1.017732183525747,0.0
fp16,128,256,32,16,contiguous,0,1,graph_lds_chunked(chunk=4),chunk4,0.0717369019985199,0.08973320126533509,0.06598089933395386,0.061828899383544925,0.06580889821052552,0.06316490173339843,1.1357082814962889,1.1602487301854167,0.9788489760422266,0.0
fp16,128,256,32,16,contiguous,1,1,graph_lds_chunked(chunk=4),chunk4,0.06975290179252625,0.09388129711151123,0.06719689965248107,0.0627249002456665,0.06578890085220337,0.061928802728652955,1.1263402281189794,1.112044842149355,1.0128550445339906,0.0
fp16,128,256,32,16,contiguous,2,1,graph_lds_chunked(chunk=4),chunk4,0.07122889757156373,0.09112520217895508,0.0671849012374878,0.06310489773750305,0.06720889806747436,0.061612802743911746,1.1560729978089204,1.1287380239146256,1.0242172880820415,0.0
fp16,128,256,32,16,page-cross,0,1,graph_lds_chunked(chunk=4),chunk4,0.07039300203323365,0.08932120203971863,0.06619690060615539,0.06126490235328674,0.06563289761543274,0.061928898096084595,1.136674544475452,1.14899394807339,0.9892780953123429,0.0
fp16,128,256,32,16,page-cross,1,1,graph_lds_chunked(chunk=4),chunk4,0.07103689908981323,0.08872519731521607,0.06519290208816528,0.06125280261039734,0.06556079983711242,0.06152480244636536,1.1546058868167859,1.1597330417948106,0.995579021384016,0.0
fp16,128,256,32,16,page-cross,2,1,graph_lds_chunked(chunk=4),chunk4,0.06932500004768372,0.08872119784355163,0.06519690155982971,0.060912799835205075,0.06618890166282654,0.06103280186653137,1.135864615871413,1.1381023403166035,0.9980338108745406,0.0
fp16,128,256,32,16,tail-negative,0,1,graph_lds_chunked(chunk=4),chunk4,0.06966490149497986,0.08818920254707337,0.06517680287361145,0.06139280200004578,0.06575289964675904,0.061256802082061766,1.1372598491454764,1.1347405432794535,1.0022201602656604,0.0
fp16,128,256,32,16,tail-negative,1,1,graph_lds_chunked(chunk=4),chunk4,0.06896089911460876,0.09600930213928223,0.0669929027557373,0.06295679807662964,0.06599289774894715,0.06252080202102661,1.1030072693471886,1.0953685895949006,1.0069736158447935,0.0
fp16,128,256,32,16,tail-negative,2,1,graph_lds_chunked(chunk=4),chunk4,0.06879289746284485,0.09141330122947693,0.06529690027236938,0.06132079958915711,0.06559680104255676,0.06217679977416992,1.10640781951958,1.1218525838500153,0.9862328040664387,0.0
fp16,128,256,32,32,random,0,1,graph_lds_chunked(chunk=4),chunk8,0.13117380142211915,0.17521040439605712,0.12154569625854492,0.11230159997940063,0.11120949983596802,0.11084150075912476,1.18343581171081,1.1795197498019334,1.0033200477648077,0.0
fp16,128,256,32,32,random,1,1,graph_lds_chunked(chunk=4),chunk8,0.13419779539108276,0.17567039728164674,0.12362970113754272,0.11258549690246582,0.11053750514984131,0.11504960060119629,1.1664342569624475,1.214047623104649,0.9607813027791766,0.0
fp16,128,256,32,32,random,2,1,graph_lds_chunked(chunk=4),chunk8,0.1310217022895813,0.17215030193328856,0.12082560062408447,0.11245750188827515,0.11150549650192261,0.10968550443649291,1.1945215820695967,1.1750246077539521,1.0165928221306897,0.0
fp16,128,256,32,32,contiguous,0,1,graph_lds_chunked(chunk=4),chunk8,0.13474980592727662,0.1726343035697937,0.12152559757232666,0.11160949468612671,0.109409499168396,0.11182550191879273,1.205000680659868,1.2316097500810095,0.9783948857019106,0.0
fp16,128,256,32,32,contiguous,1,1,graph_lds_chunked(chunk=4),chunk4,0.133581805229187,0.172674298286438,0.11879750490188598,0.11020549535751342,0.11227350234985352,0.11299760341644287,1.1821649414712172,1.2121156462827865,0.9752905550692135,0.0
fp16,128,256,32,32,contiguous,2,1,graph_lds_chunked(chunk=4),chunk4,0.13256980180740358,0.17611440420150756,0.12243349552154541,0.11099740266799926,0.11182940006256104,0.11175750494003296,1.186227286288631,1.1943504858751408,0.993198646726754,0.0
fp16,128,256,32,32,page-cross,0,1,graph_lds_chunked(chunk=4),chunk8,0.13417370319366456,0.17302210330963136,0.12184159755706787,0.11238139867782593,0.11200139522552491,0.1120453953742981,1.1974941294592678,1.1979645693117815,0.9996073006960599,0.0
fp16,128,256,32,32,page-cross,1,1,graph_lds_chunked(chunk=4),chunk8,0.13373759984970093,0.17385809421539306,0.12248159646987915,0.11294540166854858,0.11252139806747437,0.11214540004730225,1.1925375431653125,1.188552596631479,1.0033527725614562,0.0
fp16,128,256,32,32,page-cross,2,1,graph_lds_chunked(chunk=4),chunk8,0.13467769622802733,0.17380620241165162,0.12296160459518432,0.11394150257110595,0.11393749713897705,0.11186540126800537,1.2039262783795734,1.182031373427065,1.018523116598021,0.0
fp16,128,256,32,32,tail-negative,0,1,graph_lds_chunked(chunk=4),chunk4,0.13527369499206543,0.17621819972991942,0.12254949808120727,0.11322540044784546,0.11337740421295166,0.11388150453567505,1.1878460470259151,1.1947292255713946,0.9942387125064364,0.0
fp16,128,256,32,32,tail-negative,1,1,graph_lds_chunked(chunk=4),chunk8,0.13479360342025756,0.17610620260238646,0.12233350276947022,0.1132614016532898,0.11270140409469605,0.11347340345382691,1.1878871992687343,1.1960241711540593,0.9931966492972515,0.0
fp16,128,256,32,32,tail-negative,2,1,graph_lds_chunked(chunk=4),chunk8,0.1336856007575989,0.1744660973548889,0.12218159437179565,0.11249339580535889,0.11173739433288574,0.1130094051361084,1.1829599544974871,1.1964266891648243,0.9887442040625676,0.0
fp16,128,256,64,8,random,0,1,graph_global,global,0.07406089901924133,0.09617319703102112,0.11172130107879638,0.09930920004844665,0.0883771002292633,0.0742048978805542,0.9980594426321472,1.0,0.9980594426321472,0.0
fp16,128,256,64,8,random,1,1,graph_global,global,0.07226889729499816,0.08904119729995727,0.11190140247344971,0.09830120205879211,0.08900910019874572,0.07183690071105957,1.0060135749129289,1.0,1.0060135749129289,0.0
fp16,128,256,64,8,random,2,1,graph_global,global,0.07177690267562867,0.08856109976768493,0.11258139610290527,0.10046529769897461,0.09131709933280945,0.07211290001869201,0.9953406763148306,1.0,0.9953406763148306,0.0
fp16,128,256,64,8,contiguous,0,1,graph_global,global,0.07250490188598632,0.08838109970092774,0.1117933988571167,0.09899330139160156,0.08818110227584838,0.07225689888000489,1.0034322398252005,1.0,1.0034322398252005,0.0
fp16,128,256,64,8,contiguous,1,1,graph_global,global,0.07227290272712708,0.08845710158348083,0.11220539808273315,0.09986919760704041,0.08900110125541687,0.07198089957237244,1.0040566755415588,1.0,1.0040566755415588,0.0
fp16,128,256,64,8,contiguous,2,1,graph_global,global,0.0722769021987915,0.08843309879302978,0.11105740070343018,0.09772120118141174,0.08822910189628601,0.07208889722824097,1.0026079601405926,1.0,1.0026079601405926,0.0
fp16,128,256,64,8,page-cross,0,1,graph_global,global,0.07299289703369141,0.088093101978302,0.11289739608764648,0.0999891996383667,0.08923709988594056,0.07226889729499816,1.0100181373425128,1.0,1.0100181373425128,0.0
fp16,128,256,64,8,page-cross,1,1,graph_global,global,0.07251690030097961,0.08833709955215455,0.10993340015411376,0.09811729788780213,0.0882090985774994,0.07229290008544922,1.0030985091933733,1.0,1.0030985091933733,0.0
fp16,128,256,64,8,page-cross,2,1,graph_global,global,0.0723488986492157,0.08868110179901123,0.11228140592575073,0.10015729665756226,0.09031710028648376,0.07223690152168274,1.0015504143335847,1.0,1.0015504143335847,0.0
fp16,128,256,64,8,tail-negative,0,1,graph_global,global,0.0719888985157013,0.08900910019874572,0.11051729917526246,0.09803720116615296,0.08791710138320923,0.07180889844894409,1.0025066540588308,1.0,1.0025066540588308,0.0
fp16,128,256,64,8,tail-negative,1,1,graph_global,global,0.07182490229606628,0.08829709887504578,0.1106253981590271,0.09854120016098022,0.08850510120391845,0.07178890109062194,1.000501487066906,1.0,1.000501487066906,0.0
fp16,128,256,64,8,tail-negative,2,1,graph_global,global,0.07188490033149719,0.08845710158348083,0.11009329557418823,0.09892920255661011,0.08838109970092774,0.07174090147018433,1.002007207302416,1.0,1.002007207302416,0.0
fp16,128,256,64,16,random,0,1,graph_global,global,0.13064169883728027,0.1712622046470642,0.21238670349121094,0.18297029733657838,0.1718981981277466,0.131005597114563,0.9972222692365998,1.0,0.9972222692365998,0.0
fp16,128,256,64,16,random,1,1,graph_global,global,0.1318256974220276,0.17498619556427003,0.20981059074401856,0.18118629455566407,0.17098209857940674,0.13252170085906984,0.9947480040436366,1.0,0.9947480040436366,0.0
fp16,128,256,64,16,random,2,1,graph_global,global,0.13028559684753419,0.16975009441375732,0.2095186948776245,0.1830543041229248,0.17380210161209106,0.12978960275650026,1.0038215240704949,1.0,1.0038215240704949,0.0
fp16,128,256,64,16,contiguous,0,1,graph_global,global,0.13146959543228148,0.1704820990562439,0.20979459285736085,0.18069030046463014,0.1710101008415222,0.13162959814071656,0.9987844473378698,1.0,0.9987844473378698,0.0
fp16,128,256,64,16,contiguous,1,1,graph_global,global,0.13080960512161255,0.17426220178604127,0.21003060340881347,0.1805101990699768,0.17098619937896728,0.13094969987869262,0.9989301635879284,1.0,0.9989301635879284,0.0
fp16,128,256,64,16,contiguous,2,1,graph_global,global,0.1306496024131775,0.174058198928833,0.2080065965652466,0.1793143033981323,0.17130210399627685,0.1334617018699646,0.9789295399550128,1.0,0.9789295399550128,0.0
fp16,128,256,64,16,page-cross,0,1,graph_global,global,0.12966959476470946,0.17313020229339598,0.21811070442199706,0.1821342945098877,0.17235009670257567,0.1318256974220276,0.9836442916708752,1.0,0.9836442916708752,0.0
fp16,128,256,64,16,page-cross,1,1,graph_global,global,0.1308295965194702,0.16872210502624513,0.2118906021118164,0.18235429525375366,0.17254209518432617,0.13031359910964965,1.003959658956134,1.0,1.003959658956134,0.0
fp16,128,256,64,16,page-cross,2,1,graph_global,global,0.1312615990638733,0.1727702021598816,0.20504260063171387,0.18032629489898683,0.17095409631729125,0.13358570337295533,0.982602147906551,1.0,0.982602147906551,0.0
fp16,128,256,64,16,tail-negative,0,1,graph_global,global,0.1305415987968445,0.16969809532165528,0.20725860595703124,0.18190629482269288,0.1707942008972168,0.1300976037979126,1.0034127838328335,1.0,1.0034127838328335,0.0
fp16,128,256,64,16,tail-negative,1,1,graph_global,global,0.13030569553375243,0.17468219995498657,0.21042261123657227,0.18310630321502686,0.17181819677352905,0.13142160177230836,0.9915089587746064,1.0,0.9915089587746064,0.0
fp16,128,256,64,16,tail-negative,2,1,graph_global,global,0.13059359788894653,0.1756742000579834,0.20565850734710694,0.17956620454788208,0.17123019695281982,0.13300169706344606,0.9818942221966478,1.0,0.9818942221966478,0.0
fp16,128,256,64,32,random,0,1,graph_global,global,0.2463670015335083,0.3341922044754028,0.3870527982711792,0.33846020698547363,0.3167360067367554,0.2548432111740112,0.9667395117121044,1.0,0.9667395117121044,0.0
fp16,128,256,64,32,random,1,1,graph_global,global,0.24810309410095216,0.32082810401916506,0.3784568071365356,0.33884429931640625,0.31766390800476074,0.27066740989685056,0.9166345301619523,1.0,0.9166345301619523,0.0
fp16,128,256,64,32,random,2,1,graph_global,global,0.24898710250854492,0.3165318965911865,0.37780470848083497,0.3386121988296509,0.3169799089431763,0.26758339405059817,0.9305028191004379,1.0,0.9305028191004379,0.0
fp16,128,256,64,32,contiguous,0,1,graph_global,global,0.246419095993042,0.3216041088104248,0.3834808111190796,0.3383203029632568,0.3162278890609741,0.2680032968521118,0.9194629278348754,1.0,0.9194629278348754,0.0
fp16,128,256,64,32,contiguous,1,1,graph_global,global,0.24885919094085693,0.33105220794677737,0.3826688051223755,0.33841629028320314,0.31756789684295655,0.26985940933227537,0.9221808924751589,1.0,0.9221808924751589,0.0
fp16,128,256,64,32,contiguous,2,1,graph_global,global,0.250351095199585,0.32392799854278564,0.3814286947250366,0.34149630069732667,0.31583199501037595,0.2763634920120239,0.9058761465812307,1.0,0.9058761465812307,0.0
fp16,128,256,64,32,page-cross,0,1,graph_global,global,0.24506709575653077,0.32910809516906736,0.3792607069015503,0.34052419662475586,0.31643190383911135,0.2667712926864624,0.9186411824474657,1.0,0.9186411824474657,0.0
fp16,128,256,64,32,page-cross,1,1,graph_global,global,0.24772310256958008,0.32048399448394777,0.37821669578552247,0.3379682064056396,0.31613199710845946,0.26902339458465574,0.9208236441742879,1.0,0.9208236441742879,0.0
fp16,128,256,64,32,page-cross,2,1,graph_global,global,0.24489109516143798,0.3237760066986084,0.3818928003311157,0.3379362106323242,0.31696391105651855,0.2684194087982178,0.9123449614090051,1.0,0.9123449614090051,0.0
fp16,128,256,64,32,tail-negative,0,1,graph_global,global,0.24679110050201417,0.32074000835418703,0.3784367084503174,0.3390162944793701,0.31837990283966067,0.26735939979553225,0.9230687258078525,1.0,0.9230687258078525,0.0
fp16,128,256,64,32,tail-negative,1,1,graph_global,global,0.24760310649871825,0.32530410289764405,0.37586069107055664,0.3378201961517334,0.316756010055542,0.28427560329437257,0.8709966793820176,1.0,0.8709966793820176,0.0
fp16,128,256,64,32,tail-negative,2,1,graph_global,global,0.24719109535217285,0.3243079900741577,0.38355679512023927,0.3383601903915405,0.3168720006942749,0.2695873975753784,0.9169237789873192,1.0,0.9169237789873192,0.0
fp16,128,256,128,8,random,0,0,graph_global,global,0.13752169609069825,,,,,0.1405416965484619,0.9785117119550191,1.0,0.9785117119550191,0.0
fp16,128,256,128,8,random,1,0,graph_global,global,0.1438778042793274,,,,,0.13888579607009888,1.0359432595015614,1.0,1.0359432595015614,0.0
fp16,128,256,128,8,random,2,0,graph_global,global,0.1410897970199585,,,,,0.14063379764556885,1.0032424593662674,1.0,1.0032424593662674,0.0
fp16,128,256,128,8,contiguous,0,0,graph_global,global,0.1415457010269165,,,,,0.14452580213546753,0.979380144828688,1.0,0.979380144828688,0.0
fp16,128,256,128,8,contiguous,1,0,graph_global,global,0.14309779405593873,,,,,0.14262969493865968,1.003281919080598,1.0,1.003281919080598,0.0
fp16,128,256,128,8,contiguous,2,0,graph_global,global,0.1427497982978821,,,,,0.14294580221176148,0.9986288235761619,1.0,0.9986288235761619,0.0
fp16,128,256,128,8,page-cross,0,0,graph_global,global,0.14480580091476442,,,,,0.14449779987335204,1.00213152755047,1.0,1.00213152755047,0.0
fp16,128,256,128,8,page-cross,1,0,graph_global,global,0.1445019006729126,,,,,0.14554979801177978,0.992800420521488,1.0,0.992800420521488,0.0
fp16,128,256,128,8,page-cross,2,0,graph_global,global,0.14554979801177978,,,,,0.14412980079650878,1.009852211044653,1.0,1.009852211044653,0.0
fp16,128,256,128,8,tail-negative,0,0,graph_global,global,0.14492180347442626,,,,,0.1443418025970459,1.0040182460447686,1.0,1.0040182460447686,0.0
fp16,128,256,128,8,tail-negative,1,0,graph_global,global,0.14440180063247682,,,,,0.14304980039596557,1.009451255665991,1.0,1.009451255665991,0.0
fp16,128,256,128,8,tail-negative,2,0,graph_global,global,0.14477779865264892,,,,,0.14574179649353028,0.9933855773424328,1.0,0.9933855773424328,0.0
fp16,128,256,128,16,random,0,0,graph_global,global,0.26541929244995116,,,,,0.266391396522522,0.9963508428377917,1.0,0.9963508428377917,0.0
fp16,128,256,128,16,random,1,0,graph_global,global,0.26918730735778806,,,,,0.2695594072341919,0.9986195997378768,1.0,0.9986195997378768,0.0
fp16,128,256,128,16,random,2,0,graph_global,global,0.26919939517974856,,,,,0.2705873966217041,0.9948704135547892,1.0,0.9948704135547892,0.0
fp16,128,256,128,16,contiguous,0,0,graph_global,global,0.27132339477539064,,,,,0.27032740116119386,1.0036843975487446,1.0,1.0036843975487446,0.0
fp16,128,256,128,16,contiguous,1,0,graph_global,global,0.27165539264678956,,,,,0.2687994003295898,1.0106249951216328,1.0,1.0106249951216328,0.0
fp16,128,256,128,16,contiguous,2,0,graph_global,global,0.2703433036804199,,,,,0.2716193914413452,0.9953019268832253,1.0,0.9953019268832253,0.0
fp16,128,256,128,16,page-cross,0,0,graph_global,global,0.27096340656280515,,,,,0.2718954086303711,0.99657220372988,1.0,0.99657220372988,0.0
fp16,128,256,128,16,page-cross,1,0,graph_global,global,0.27052741050720214,,,,,0.26564741134643555,1.0183702116125743,1.0,1.0183702116125743,0.0
fp16,128,256,128,16,page-cross,2,0,graph_global,global,0.2686113119125366,,,,,0.2679553985595703,1.002447845262653,1.0,1.002447845262653,0.0
fp16,128,256,128,16,tail-negative,0,0,graph_global,global,0.2716073989868164,,,,,0.2720953941345215,0.9982065291870988,1.0,0.9982065291870988,0.0
fp16,128,256,128,16,tail-negative,1,0,graph_global,global,0.2714874029159546,,,,,0.2748954057693481,0.9876025470711103,1.0,0.9876025470711103,0.0
fp16,128,256,128,16,tail-negative,2,0,graph_global,global,0.27176339626312257,,,,,0.27194740772247317,0.9993233564500884,1.0,0.9993233564500884,0.0
fp16,128,256,128,32,random,0,0,graph_global,global,0.5280945777893067,,,,,0.5324386119842529,0.9918412487427288,1.0,0.9918412487427288,0.0
fp16,128,256,128,32,random,1,0,graph_global,global,0.5298387050628662,,,,,0.5324306011199951,0.9951319551286559,1.0,0.9951319551286559,0.0
fp16,128,256,128,32,random,2,0,graph_global,global,0.529982614517212,,,,,0.5285305976867676,1.0027472710885603,1.0,1.0027472710885603,0.0
fp16,128,256,128,32,contiguous,0,0,graph_global,global,0.532490587234497,,,,,0.5336306095123291,0.9978636490157978,1.0,0.9978636490157978,0.0
fp16,128,256,128,32,contiguous,1,0,graph_global,global,0.5292866230010986,,,,,0.5301665782928466,0.9983402286606193,1.0,0.9983402286606193,0.0
fp16,128,256,128,32,contiguous,2,0,graph_global,global,0.5317505836486817,,,,,0.5302227020263672,1.002881584693517,1.0,1.002881584693517,0.0
fp16,128,256,128,32,page-cross,0,0,graph_global,global,0.5316505908966065,,,,,0.5313547134399415,1.0005568360441361,1.0,1.0005568360441361,0.0
fp16,128,256,128,32,page-cross,1,0,graph_global,global,0.5389947891235352,,,,,0.5509229183197022,0.9783488237654961,1.0,0.9783488237654961,0.0
fp16,128,256,128,32,page-cross,2,0,graph_global,global,0.5402108192443847,,,,,0.5501547813415527,0.9819251555481903,1.0,0.9819251555481903,0.0
fp16,128,256,128,32,tail-negative,0,0,graph_global,global,0.5452348232269287,,,,,0.5502469062805175,0.9908912108430218,1.0,0.9908912108430218,0.0
fp16,128,256,128,32,tail-negative,1,0,graph_global,global,0.5390307903289795,,,,,0.5499989032745362,0.9800579366972267,1.0,0.9800579366972267,0.0
fp16,128,256,128,32,tail-negative,2,0,graph_global,global,0.5381786823272705,,,,,0.5466349124908447,0.9845303877042141,1.0,0.9845303877042141,0.0
fp16,256,64,32,8,random,0,1,graph_lds_chunked(chunk=4),chunk4,0.028316399455070494,0.02678830027580261,0.026124298572540283,0.025716298818588258,0.026600399613380434,0.02594830095767975,1.0912621794102428,1.1011071093404323,0.9910590624230129,0.0
fp16,256,64,32,8,random,1,1,graph_lds_chunked(chunk=4),chunk4,0.027604299783706664,0.02637630105018616,0.02568030059337616,0.02525230050086975,0.025768300890922545,0.025188401341438293,1.0959131311876429,1.0931400005617669,1.0025368485504609,0.0
fp16,256,64,32,8,random,2,1,graph_lds_chunked(chunk=4),chunk4,0.02682029902935028,0.02575629949569702,0.024992300570011138,0.02416830062866211,0.025072398781776428,0.02451229989528656,1.0941567761459838,1.1097304457369694,0.9859662590579434,0.0
fp16,256,64,32,8,contiguous,0,1,graph_lds_chunked(chunk=4),chunk4,0.025876298546791077,0.024932299554347993,0.02400030046701431,0.023804299533367157,0.02457229942083359,0.023892299830913545,1.0830392523917054,1.087043057516544,0.9963167925160337,0.0
fp16,256,64,32,8,contiguous,1,1,graph_lds_chunked(chunk=4),chunk4,0.025304299592971802,0.024236300587654115,0.0236163005232811,0.023312300443649292,0.024264299869537355,0.023224300146102904,1.089561340224839,1.0854484161328304,1.0037891474443916,0.0
fp16,256,64,32,8,contiguous,2,1,graph_lds_chunked(chunk=4),chunk4,0.025248301029205323,0.02416429966688156,0.0237963005900383,0.023288199305534364,0.02424429953098297,0.023280300199985504,1.084535027998524,1.0841671654366658,1.0003393042822044,0.0
fp16,256,64,32,8,page-cross,0,1,graph_lds_chunked(chunk=4),chunk4,0.025136300921440126,0.024160300195217133,0.023516300320625304,0.023220300674438477,0.024264299869537355,0.02321619987487793,1.082705225528314,1.0825140153809822,1.00017663526256,0.0
fp16,256,64,32,8,page-cross,1,1,graph_lds_chunked(chunk=4),chunk4,0.02504029870033264,0.024076299369335176,0.023548300564289092,0.0232123002409935,0.024524299800395964,0.023124200105667115,1.0828611837775934,1.0787512844638658,1.0038098673650897,0.0
fp16,256,64,32,8,page-cross,2,1,graph_lds_chunked(chunk=4),chunk4,0.025104299187660217,0.024324299395084382,0.02350829988718033,0.023228299617767335,0.024264299869537355,0.023164300620555876,1.0837494988034646,1.0807635341701005,1.0027628288140358,0.0
fp16,256,64,32,8,tail-negative,0,1,graph_lds_chunked(chunk=4),chunk4,0.025240299105644227,0.024324299395084382,0.023568299412727357,0.023464299738407135,0.024212299287319182,0.02313230037689209,1.0911279334267125,1.0756894255118161,1.0143521982727968,0.0
fp16,256,64,32,8,tail-negative,1,1,graph_lds_chunked(chunk=4),chunk2,0.025468400120735167,0.024316300451755524,0.0237963005900383,0.02442830055952072,0.024232299625873567,0.02332029938697815,1.0921129140801895,1.0702672049535653,1.020411453350635,0.0
fp16,256,64,32,8,tail-negative,2,1,graph_lds_chunked(chunk=4),chunk4,0.025472301244735717,0.02448430061340332,0.023736299574375154,0.023436200618743897,0.02432029992341995,0.02340030074119568,1.0885458920573756,1.0868784432730696,1.0015341630838537,0.0
fp16,256,64,32,16,random,0,1,graph_lds_chunked(chunk=4),chunk4,0.042968499660491946,0.04060850143432617,0.03963649868965149,0.03602840006351471,0.03748050034046173,0.03617239892482758,1.1878808411293877,1.1926285814730182,0.9960190956200576,0.0
fp16,256,64,32,16,random,1,1,graph_lds_chunked(chunk=4),chunk4,0.04358460009098053,0.04160850048065186,0.03947249948978424,0.03653639853000641,0.0378724992275238,0.03668839931488037,1.1879667934518785,1.1929090398766482,0.9958569796526308,0.0
fp16,256,64,32,16,random,2,1,graph_lds_chunked(chunk=4),chunk4,0.04315260052680969,0.04151250123977661,0.03977650105953216,0.036976400017738345,0.03903650045394898,0.036780500411987306,1.173246694401842,1.1670308766161253,1.0053261810893468,0.0
fp16,256,64,32,16,contiguous,0,1,graph_lds_chunked(chunk=4),chunk4,0.0434484988451004,0.04157249927520752,0.039540499448776245,0.0367004007101059,0.03824450075626373,0.03657239973545075,1.1880133422851233,1.1838698761982818,1.0034999337090553,0.0
fp16,256,64,32,16,contiguous,1,1,graph_lds_chunked(chunk=4),chunk4,0.043900498747825624,0.04160850048065186,0.03986850082874298,0.0367684006690979,0.03873650133609772,0.0370725005865097,1.184179595476237,1.1939735737464892,0.991797156582352,0.0
fp16,256,64,32,16,contiguous,2,1,graph_lds_chunked(chunk=4),chunk4,0.04368050098419189,0.041344499588012694,0.039300501346588135,0.036992400884628296,0.03866449892520905,0.03776049911975861,1.1567776380724686,1.1807965944254986,0.9796586842590649,0.0
fp16,256,64,32,16,page-cross,0,1,graph_lds_chunked(chunk=4),chunk4,0.04305259883403778,0.0407164990901947,0.038524499535560607,0.03660449981689453,0.037524500489234926,0.03717640042304993,1.158062597349918,1.1761559111420279,0.9846165685852466,0.0
fp16,256,64,32,16,page-cross,1,1,graph_lds_chunked(chunk=4),chunk4,0.04295659959316254,0.04037649929523468,0.03842040002346039,0.03578850030899048,0.03782849907875061,0.037108498811721805,1.1575946472831566,1.2002905744103323,0.964428674158213,0.0
fp16,256,64,32,16,page-cross,2,1,graph_lds_chunked(chunk=4),chunk4,0.042600500583648684,0.04131250083446503,0.03886449933052063,0.036828500032424924,0.038540500402450564,0.036808401346206665,1.157358076569629,1.1567264630962955,1.0005460352931175,0.0
fp16,256,64,32,16,tail-negative,0,1,graph_lds_chunked(chunk=4),chunk4,0.04329650104045868,0.041400501132011415,0.03922049999237061,0.03650450110435486,0.037568399310112,0.03650850057601929,1.1859293139225255,1.1860592455896777,0.9998904509470035,0.0
fp16,256,64,32,16,tail-negative,1,1,graph_lds_chunked(chunk=4),chunk4,0.043556499481201175,0.04088050127029419,0.03900850117206574,0.036176401376724246,0.03804050087928772,0.037068501114845276,1.1750272649615598,1.2040031021224034,0.9759337520727602,0.0
fp16,256,64,32,16,tail-negative,2,1,graph_lds_chunked(chunk=4),chunk4,0.04242059886455536,0.04066849946975708,0.03847239911556244,0.03605250120162964,0.03748039901256561,0.03578450083732605,1.1854461532772684,1.176634004595439,1.0074892860884632,0.0
fp16,256,64,32,32,random,0,1,graph_lds_chunked(chunk=8),chunk8,0.07767289876937866,0.07351289987564087,0.0701209008693695,0.06429280042648315,0.06280069947242736,0.06133670210838318,1.2663364038081,1.236815822465177,1.0238682112621131,0.0
fp16,256,64,32,32,random,1,1,graph_lds_chunked(chunk=8),chunk8,0.07978100180625916,0.0754450023174286,0.070032799243927,0.06376879811286926,0.06258080005645753,0.06488479971885681,1.2295792258271117,1.274847904377771,0.9644909181752518,0.0
fp16,256,64,32,32,random,2,1,graph_lds_chunked(chunk=8),chunk8,0.07729290127754211,0.07487300038337708,0.0698328971862793,0.0648488998413086,0.06280879974365235,0.0629368007183075,1.2281034370254955,1.2306062461471186,0.9979661982624751,0.0
fp16,256,64,32,32,contiguous,0,1,graph_lds_chunked(chunk=8),chunk8,0.08042100071907043,0.07493699789047241,0.0712568998336792,0.06299269795417786,0.062408798933029176,0.06237279772758484,1.2893601641906731,1.2886163825291708,1.0005771940133514,0.0
fp16,256,64,32,32,contiguous,1,1,graph_lds_chunked(chunk=8),chunk8,0.07922499775886535,0.07593299746513367,0.0701367974281311,0.06279280185699462,0.06245279908180237,0.06294879913330079,1.2585624960231248,1.268557997778359,0.9921205796087057,0.0
fp16,256,64,32,32,contiguous,2,1,graph_lds_chunked(chunk=8),chunk8,0.07852100133895874,0.07350890040397644,0.06906489729881286,0.06413679718971252,0.06243680119514465,0.062212800979614256,1.262135767921594,1.2576076902713726,1.003600548633131,0.0
fp16,256,64,32,32,page-cross,0,1,graph_lds_chunked(chunk=8),chunk4,0.07913699746131897,0.07569289803504944,0.07113289833068848,0.06295279860496521,0.06321679949760436,0.06290479898452758,1.2580438812114152,1.2570846604916033,1.000763051805466,0.0
fp16,256,64,32,32,page-cross,1,1,graph_lds_chunked(chunk=8),chunk8,0.07886899709701538,0.07353690266609192,0.06972090005874634,0.06141669750213623,0.06114069819450378,0.06203280091285705,1.2714079637933746,1.289959052252126,0.9856188547796433,0.0
fp16,256,64,32,32,page-cross,2,1,graph_lds_chunked(chunk=8),chunk8,0.07834489941596985,0.07545700073242187,0.07083690166473389,0.0628328025341034,0.062324798107147215,0.06264079809188842,1.2507008499643462,1.2570421693349296,0.9949553646446575,0.0
fp16,256,64,32,32,tail-negative,0,1,graph_lds_chunked(chunk=8),chunk8,0.07840890288352967,0.07372900247573852,0.0698207974433899,0.06213679909706116,0.061908799409866336,0.06232079863548279,1.2581498408283716,1.2665227500928362,0.9933890573510418,0.0
fp16,256,64,32,32,tail-negative,1,1,graph_lds_chunked(chunk=8),chunk8,0.0789009988307953,0.073368901014328,0.0683808982372284,0.06356480121612548,0.06292070150375366,0.06146079897880554,1.2837613591389192,1.2539751933008614,1.0237533932068075,0.0
fp16,256,64,32,32,tail-negative,2,1,graph_lds_chunked(chunk=8),chunk8,0.07888889908790589,0.07541289925575256,0.06971290111541747,0.0635807991027832,0.061692798137664796,0.06289280056953431,1.2543391035781002,1.2787375750386414,0.9809198760271013,0.0
fp16,256,64,64,8,random,0,1,graph_lds_chunked(chunk=4),chunk4,0.0401764988899231,0.03830850124359131,0.03741649985313415,0.03542850017547607,0.03814840018749237,0.03557249903678894,1.1294258198832958,1.1340163622769905,0.9959519610594706,0.0
fp16,256,64,64,8,random,1,1,graph_lds_chunked(chunk=4),chunk4,0.04047249853610992,0.037920400500297546,0.03671649992465973,0.03556849956512451,0.03786050081253052,0.03566049933433533,1.1349391985978563,1.137874777709034,0.9974201211164131,0.0
fp16,256,64,64,8,random,2,1,graph_lds_chunked(chunk=4),chunk4,0.041200500726699826,0.03810450136661529,0.037108498811721805,0.03544439971446991,0.03798849880695343,0.03545640110969543,1.1620045869639513,1.1623980391429802,0.9996615168248917,0.0
fp16,256,64,64,8,contiguous,0,1,graph_lds_chunked(chunk=4),chunk4,0.04015649855136871,0.03787649869918823,0.03681249916553497,0.03557650148868561,0.03810450136661529,0.03549250066280365,1.1314079820093645,1.1287365781073129,1.0023667204145466,0.0
fp16,256,64,64,8,contiguous,1,1,graph_lds_chunked(chunk=4),chunk4,0.04013650119304657,0.03788039982318878,0.03677650094032288,0.035696500539779664,0.03796840012073517,0.03548850119113922,1.1309720006734987,1.1243819586269816,1.0058610350299149,0.0
fp16,256,64,64,8,contiguous,2,1,graph_lds_chunked(chunk=4),chunk4,0.040184500813484195,0.03807249963283539,0.03716450035572052,0.03612050116062164,0.03829250037670136,0.03546450138092041,1.1330908161337665,1.1125122720415934,1.0184973636779835,0.0
fp16,256,64,64,8,page-cross,0,1,graph_lds_chunked(chunk=4),chunk4,0.039784500002861024,0.03811239898204803,0.03668850064277649,0.03546450138092041,0.03813239932060242,0.035592499375343326,1.1177776413876037,1.1218119091973118,0.9964037930274829,0.0
fp16,256,64,64,8,page-cross,1,1,graph_lds_chunked(chunk=4),chunk4,0.03954850137233734,0.038292399048805235,0.03661650121212005,0.03566049933433533,0.03812049925327301,0.03562850058078766,1.1100242987397428,1.1090282556491993,1.0008981223746733,0.0
fp16,256,64,64,8,page-cross,2,1,graph_lds_chunked(chunk=4),chunk4,0.04089249968528748,0.0380605012178421,0.036568498611450194,0.03564850091934204,0.038000500202178954,0.035612499713897704,1.1482625486502782,1.147102925248118,1.0010109148679132,0.0
fp16,256,64,64,8,tail-negative,0,1,graph_lds_chunked(chunk=4),chunk4,0.03994449973106384,0.03820050060749054,0.037120398879051206,0.036212500929832456,0.03907650113105774,0.03571639955043793,1.1183797984635906,1.1030583004599084,1.0138900165089133,0.0
fp16,256,64,64,8,tail-negative,1,1,graph_lds_chunked(chunk=4),chunk4,0.040124499797821046,0.03806850016117096,0.036912500858306885,0.03679639995098114,0.0379485011100769,0.03554840087890625,1.1287286855603726,1.0904463439704286,1.0351070383257501,0.0
fp16,256,64,64,8,tail-negative,2,1,graph_lds_chunked(chunk=4),chunk4,0.04010849893093109,0.03806850016117096,0.03684850037097931,0.035420399904251096,0.03811649978160858,0.035420399904251096,1.1323559033594461,1.1323559033594461,1.0,0.0
fp16,256,64,64,16,random,0,1,graph_lds_chunked(chunk=4),chunk4,0.0713008999824524,0.06817690134048462,0.06482080221176148,0.06026870012283325,0.06227269768714905,0.05886480212211609,1.2112654321768959,1.183050237306172,1.023849532319921,0.0
fp16,256,64,64,16,random,1,1,graph_lds_chunked(chunk=4),chunk4,0.07459700107574463,0.06914489865303039,0.06575679779052734,0.060228800773620604,0.06178479790687561,0.06141279935836792,1.2146816600956698,1.2385602920458132,0.9807206543730693,0.0
fp16,256,64,64,16,random,2,1,graph_lds_chunked(chunk=4),chunk4,0.073785001039505,0.06715289950370788,0.06575689911842346,0.05984870195388794,0.06132079958915711,0.06014879941940308,1.2267077938666735,1.2328588362092574,0.9950107488692728,0.0
fp16,256,64,64,16,contiguous,0,1,graph_lds_chunked(chunk=4),chunk4,0.07430499792098999,0.068784898519516,0.06630889773368835,0.0605567991733551,0.06226080060005188,0.06018880009651184,1.2345319694335664,1.2270298122639889,1.0061140789690637,0.0
fp16,256,64,64,16,contiguous,1,1,graph_lds_chunked(chunk=4),chunk4,0.0741129994392395,0.06876490116119385,0.06471289992332459,0.060236799716949466,0.06154490113258362,0.06080089807510376,1.2189458015520114,1.2303608390135896,0.9907222035197983,0.0
fp16,256,64,64,16,contiguous,2,1,graph_lds_chunked(chunk=4),chunk4,0.07337700128555298,0.06860889792442322,0.06584889888763427,0.05853279829025269,0.06115679740905762,0.060524797439575194,1.2123460860618123,1.2536048750256361,0.9670878840807156,0.0
fp16,256,64,64,16,page-cross,0,1,graph_lds_chunked(chunk=4),chunk4,0.073649001121521,0.06672890186309814,0.06417289972305298,0.059112799167633054,0.06060079932212829,0.0594327986240387,1.2391979315564703,1.245906168521405,0.9946157767459362,0.0
fp16,256,64,64,16,page-cross,1,1,graph_lds_chunked(chunk=4),chunk4,0.0734690010547638,0.06750890016555786,0.06216480135917664,0.05881279706954956,0.06028069853782654,0.05974079966545105,1.2297960768217162,1.2492009344136858,0.9844661838961261,0.0
fp16,256,64,64,16,page-cross,2,1,graph_lds_chunked(chunk=4),chunk4,0.07201290130615234,0.06676890254020691,0.06273679733276367,0.058764702081680296,0.06176080107688904,0.05843279957771301,1.2324054610866009,1.2254448462285683,1.005680071917928,0.0
fp16,256,64,64,16,tail-negative,0,1,graph_lds_chunked(chunk=4),chunk4,0.07328500151634217,0.06860889792442322,0.06447679996490478,0.06018880009651184,0.06139280200004578,0.060184800624847413,1.217666267155271,1.2175853547309592,1.0000664531845733,0.0
fp16,256,64,64,16,tail-negative,1,1,graph_lds_chunked(chunk=4),chunk4,0.07210900187492371,0.06813690066337585,0.06580880284309387,0.05958880186080932,0.06174479722976685,0.059912800788879395,1.203565864480635,1.2101099472239722,0.9945921585403463,0.0
fp16,256,64,64,16,tail-negative,2,1,graph_lds_chunked(chunk=4),chunk4,0.07308099865913391,0.06679279804229736,0.0629688024520874,0.058852797746658324,0.06023280024528503,0.05924879908561707,1.2334595770207717,1.2417591254322904,0.9933162976284717,0.0
fp16,256,64,64,32,random,0,1,graph_lds_chunked(chunk=8),chunk8,0.13762179613113404,0.13202159404754638,0.12542959451675414,0.11110939979553222,0.10781339406967164,0.10704530477523803,1.2856406585986855,1.2764814364549129,1.0071753665052974,0.0
fp16,256,64,64,32,random,1,1,graph_lds_chunked(chunk=8),chunk8,0.1384297013282776,0.1298416018486023,0.1212496042251587,0.10997339487075805,0.10783330202102662,0.10618129968643189,1.3037107450848662,1.2837379430455067,1.0155583171375122,0.0
fp16,256,64,64,32,random,2,1,graph_lds_chunked(chunk=8),chunk8,0.13966569900512696,0.13106169700622558,0.12220950126647949,0.10972529649734497,0.10752129554748535,0.10812129974365234,1.2917500930553376,1.2989584834703323,0.9944506383331541,0.0
fp16,256,64,64,32,contiguous,0,1,graph_lds_chunked(chunk=8),chunk8,0.14432979822158815,0.13021769523620605,0.12260650396347046,0.11044529676437378,0.10825339555740357,0.1072572946548462,1.3456408600090204,1.3332588551003404,1.009287022442276,0.0
fp16,256,64,64,32,contiguous,1,1,graph_lds_chunked(chunk=8),chunk8,0.14051779508590698,0.13180969953536986,0.12295349836349487,0.11004530191421509,0.10944939851760864,0.10830940008163452,1.2973739581236392,1.2838608250853012,1.0105253877790374,0.0
fp16,256,64,64,32,contiguous,2,1,graph_lds_chunked(chunk=8),chunk8,0.14508579969406127,0.1338176965713501,0.1242136001586914,0.11267850399017335,0.11079740524291992,0.1096094012260437,1.3236620040908333,1.3094692910539294,1.0108385230061263,0.0
fp16,256,64,64,32,page-cross,0,1,graph_lds_chunked(chunk=8),chunk4,0.14572590589523315,0.13489370346069335,0.12498550415039063,0.1107174038887024,0.11111340522766114,0.11063339710235595,1.3171963413580283,1.3161969191557519,1.0007593257420155,0.0
fp16,256,64,64,32,page-cross,1,1,graph_lds_chunked(chunk=8),chunk4,0.14400980472564698,0.13277360200881957,0.12484159469604492,0.11000930070877075,0.11038140058517457,0.10889730453491211,1.3224368164179667,1.3090693586616486,1.010211420554511,0.0
fp16,256,64,64,32,page-cross,2,1,graph_lds_chunked(chunk=8),chunk4,0.1411417007446289,0.13048959970474244,0.12128950357437134,0.1081292986869812,0.10867739915847778,0.10852129459381103,1.3005899097768245,1.3053048753531071,0.9963878434338896,0.0
fp16,256,64,64,32,tail-negative,0,1,graph_lds_chunked(chunk=8),chunk8,0.14075779914855957,0.13250960111618043,0.12407759428024293,0.11084140539169311,0.1102094054222107,0.10890940427780152,1.2924301632347608,1.2771849971363007,1.0119365370973217,0.0
fp16,256,64,64,32,tail-negative,1,1,graph_lds_chunked(chunk=8),chunk8,0.144553804397583,0.13388170003890992,0.12506959438323975,0.11238939762115478,0.11160939931869507,0.10945340394973754,1.3206880661652518,1.2951759016712994,1.019697837537767,0.0
fp16,256,64,64,32,tail-negative,2,1,graph_lds_chunked(chunk=8),chunk8,0.1476659059524536,0.1345216989517212,0.12506550550460815,0.11252540349960327,0.1114374041557312,0.11094130277633667,1.3310273293811559,1.325101810035829,1.0044717464729498,0.0
fp16,256,64,128,8,random,0,1,graph_lds_chunked(chunk=4),chunk4,0.07674090266227722,0.06958879828453064,0.0698328971862793,0.06510890126228333,0.06924089789390564,0.06568080186843872,1.1683916834022874,1.178654549139691,0.9912927280135688,0.0
fp16,256,64,128,8,random,1,1,graph_lds_chunked(chunk=4),chunk4,0.07357289791107177,0.06818079948425293,0.06880490183830261,0.06382079720497132,0.06800479888916015,0.06372079849243165,1.1546135587081554,1.1528044326174731,1.0015693261055345,0.0
fp16,256,64,128,8,random,2,1,graph_lds_chunked(chunk=4),chunk4,0.07235689759254456,0.0674888014793396,0.06807680130004883,0.06312479972839355,0.06731290221214295,0.06341279745101928,1.1410456642988158,1.1462515192741025,0.9954583659103167,0.0
fp16,256,64,128,8,contiguous,0,1,graph_lds_chunked(chunk=4),chunk4,0.07311689853668213,0.06776890158653259,0.06834089756011963,0.06339280009269714,0.06757680177688599,0.063400799036026,1.153248849358116,1.1533943670222133,0.9998738352915031,0.0
fp16,256,64,128,8,contiguous,1,1,graph_lds_chunked(chunk=4),chunk4,0.07309690117835999,0.06716089844703674,0.06776890158653259,0.06282879710197449,0.06669679880142212,0.06264079809188842,1.1669216134688034,1.1634299007781386,1.0030012230976095,0.0
fp16,256,64,128,8,contiguous,2,1,graph_lds_chunked(chunk=4),chunk4,0.07083290219306945,0.06652889847755432,0.0669768989086151,0.062408798933029176,0.06711689829826355,0.062280797958374025,1.1373152643357478,1.1349826211057221,1.0020552237423275,0.0
fp16,256,64,128,8,page-cross,0,1,graph_lds_chunked(chunk=4),chunk4,0.07194889783859253,0.06600490212440491,0.06638090014457702,0.0626807987689972,0.0669368028640747,0.06203280091285705,1.1598524777184491,1.147861853256718,1.0104460518726286,0.0
fp16,256,64,128,8,page-cross,1,1,graph_lds_chunked(chunk=4),chunk4,0.07208889722824097,0.06647679805755616,0.06689680218696595,0.06274880170822143,0.06719689965248107,0.06228479743003845,1.1574075890543756,1.1488489862077442,1.0074497196318921,0.0
fp16,256,64,128,8,page-cross,2,1,graph_lds_chunked(chunk=4),chunk4,0.07096490263938904,0.06576480269432068,0.06592479944229127,0.06154469847679138,0.06583279967308045,0.06194080114364624,1.1456891310594306,1.1530628046890186,0.993605141368187,0.0
fp16,256,64,128,8,tail-negative,0,1,graph_lds_chunked(chunk=4),chunk4,0.07313290238380432,0.06831690073013305,0.06670089960098266,0.06260880231857299,0.06699680089950562,0.06378080248832703,1.1466287586643158,1.1680929785508665,0.9816245621875245,0.0
fp16,256,64,128,8,tail-negative,1,1,graph_lds_chunked(chunk=4),chunk4,0.07231690287590027,0.06580880284309387,0.06624079942703247,0.06155269742012024,0.0657168984413147,0.061764699220657346,1.1708452204639526,1.174877883617517,0.9965675895258598,0.0
fp16,256,64,128,8,tail-negative,2,1,graph_lds_chunked(chunk=4),chunk4,0.07031279802322388,0.06674489974975586,0.06688889861106873,0.06189680099487305,0.06606090068817139,0.06246880292892456,1.125566598470344,1.1359682066452503,0.9908433985088153,0.0
fp16,256,64,128,16,random,0,1,graph_lds_chunked(chunk=8),chunk4,0.1354496955871582,0.12276959419250488,0.12280550003051757,0.11484949588775635,0.11522550582885742,0.11035330295562744,1.2274185906480923,1.179366914414101,1.040743619010088,0.0
fp16,256,64,128,16,random,1,1,graph_lds_chunked(chunk=8),chunk8,0.13824169635772704,0.12711349725723267,0.12709759473800658,0.11660549640655518,0.11428539752960205,0.11284949779510497,1.2250094068537671,1.209618195727235,1.012724024143237,0.0
fp16,256,64,128,16,random,2,1,graph_lds_chunked(chunk=8),chunk8,0.13478569984436034,0.12656559944152831,0.12548960447311402,0.11388540267944336,0.11299339532852173,0.11206140518188476,1.202784309420288,1.1928635249208925,1.0083167808321185,0.0
fp16,256,64,128,16,contiguous,0,1,graph_lds_chunked(chunk=8),chunk8,0.13686569929122924,0.12688560485839845,0.1253214955329895,0.11574150323867798,0.11430950164794922,0.11307339668273926,1.210414680256279,1.1973256581307534,1.0109318814281154,0.0
fp16,256,64,128,16,contiguous,1,1,graph_lds_chunked(chunk=8),chunk8,0.138189697265625,0.12754160165786743,0.12623759508132934,0.11524139642715454,0.11406539678573609,0.11384539604187012,1.213836501695699,1.2114953452991948,1.0019324518295414,0.0
fp16,256,64,128,16,contiguous,2,1,graph_lds_chunked(chunk=8),chunk8,0.13633769750595093,0.12733360528945922,0.12598960399627684,0.11635739803314209,0.11489739418029785,0.11388939619064331,1.197106157958118,1.186603912809448,1.0088506746314398,0.0
fp16,256,64,128,16,page-cross,0,1,graph_lds_chunked(chunk=8),chunk8,0.1376657009124756,0.12770559787750244,0.1250656008720398,0.11560139656066895,0.11537350416183471,0.11415740251541137,1.2059288130166643,1.1932176448361278,1.0106528496586908,0.0
fp16,256,64,128,16,page-cross,1,1,graph_lds_chunked(chunk=8),chunk8,0.1387017011642456,0.1278656005859375,0.12516950368881224,0.1158174991607666,0.115305495262146,0.11445740461349488,1.2118193806038149,1.2029062522034057,1.007409661712276,0.0
fp16,256,64,128,16,page-cross,2,1,graph_lds_chunked(chunk=8),chunk4,0.1398496985435486,0.12804960012435912,0.1253895044326782,0.11602150201797486,0.11670939922332764,0.11449350118637085,1.2214640752046118,1.2053774180744712,1.0133457429091697,0.0
fp16,256,64,128,16,tail-negative,0,1,graph_lds_chunked(chunk=8),chunk4,0.1389857053756714,0.13037359714508057,0.12665749788284303,0.11700949668884278,0.11705349683761597,0.11612550020217896,1.1968577541857037,1.1878155988079224,1.007612423499789,0.0
fp16,256,64,128,16,tail-negative,1,1,graph_lds_chunked(chunk=8),chunk4,0.13901770114898682,0.12876969575881958,0.1265015959739685,0.11699750423431396,0.11731339693069458,0.11575340032577515,1.2009815759859914,1.188210826023882,1.010747882179162,0.0
fp16,256,64,128,16,tail-negative,2,1,graph_lds_chunked(chunk=8),chunk8,0.13772170543670653,0.12668960094451903,0.12468960285186767,0.11564140319824219,0.11419340372085571,0.11430139541625976,1.2048995984270823,1.206039061357392,0.999055202300805,0.0
fp16,256,64,128,32,random,0,1,graph_lds_chunked(chunk=8),chunk8,0.2608232021331787,0.24606699943542482,0.2373828887939453,0.21283071041107177,0.21051859855651855,0.20726659297943115,1.2583947966909577,1.2389556263512496,1.0156899649400333,0.0
fp16,256,64,128,32,random,1,1,graph_lds_chunked(chunk=8),chunk8,0.26591930389404295,0.2500751972198486,0.24217100143432618,0.21715879440307617,0.21452670097351073,0.21192259788513185,1.2547944699988005,1.2395627336239048,1.012287991532599,0.0
fp16,256,64,128,32,random,2,1,graph_lds_chunked(chunk=8),chunk8,0.272939395904541,0.25184309482574463,0.24499909877777098,0.21611471176147462,0.2138066053390503,0.21475870609283448,1.27091190327137,1.27657139250548,0.9955666488632474,0.0
fp16,256,64,128,32,contiguous,0,1,graph_lds_chunked(chunk=8),chunk8,0.27034339904785154,0.25081920623779297,0.24251899719238282,0.2168226957321167,0.2138906955718994,0.21368670463562012,1.265139071281214,1.263932488157137,1.0009546262441884,0.0
fp16,256,64,128,32,contiguous,1,1,graph_lds_chunked(chunk=8),chunk8,0.2724273920059204,0.2508030891418457,0.24244699478149415,0.21613469123840331,0.21357460021972657,0.21411869525909424,1.2723195033309433,1.2755608191500571,0.9974589092339214,0.0
fp16,256,64,128,32,contiguous,2,1,graph_lds_chunked(chunk=8),chunk8,0.27037930488586426,0.24801509380340575,0.24156711101531983,0.21517469882965087,0.21167869567871095,0.21103858947753906,1.2811841926883276,1.277309953271112,1.0030331239549912,0.0
fp16,256,64,128,32,page-cross,0,1,graph_lds_chunked(chunk=8),chunk8,0.27056739330291746,0.2489551067352295,0.24096300601959228,0.21436669826507568,0.21359469890594482,0.21118268966674805,1.2812006217454663,1.2667327170982845,1.0114214344130334,0.0
fp16,256,64,128,32,page-cross,1,1,graph_lds_chunked(chunk=8),chunk8,0.2709834098815918,0.2507671117782593,0.24177510738372804,0.2153907060623169,0.2136786937713623,0.21352670192718506,1.2690844163087394,1.268181703560702,1.0007118165681643,0.0
fp16,256,64,128,32,page-cross,2,1,graph_lds_chunked(chunk=8),chunk8,0.2688873052597046,0.2466270923614502,0.23962700366973877,0.21305470466613768,0.21260271072387696,0.21093459129333497,1.2747425806788515,1.2647407191761006,1.0079082307947407,0.0
fp16,256,64,128,32,tail-negative,0,1,graph_lds_chunked(chunk=8),chunk4,0.2690433979034424,0.2505951881408691,0.2419990062713623,0.21453869342803955,0.2149066925048828,0.2143707036972046,1.255038087123426,1.2540553575883726,1.000783641271581,0.0
fp16,256,64,128,32,tail-negative,1,1,graph_lds_chunked(chunk=8),chunk8,0.2695272922515869,0.24927909374237062,0.24213099479675293,0.2171386957168579,0.21417860984802245,0.21196260452270507,1.2715794508116434,1.258423016391968,1.0104546994518555,0.0
fp16,256,64,128,32,tail-negative,2,1,graph_lds_chunked(chunk=8),chunk8,0.2725874900817871,0.25102710723876953,0.24307100772857665,0.21697070598602294,0.21692678928375245,0.2140666961669922,1.2733764521181903,1.2565874919451618,1.0133607570349434,0.0
fp16,256,128,32,8,random,0,1,graph_lds_chunked(chunk=4),chunk4,0.04352459907531738,0.04085650146007538,0.039680498838424685,0.03810850083827973,0.04069249927997589,0.03825249969959259,1.1378236564179607,1.1421230989910058,0.9962355698988635,0.0
fp16,256,128,32,8,random,1,1,graph_lds_chunked(chunk=4),chunk4,0.04265249967575073,0.040360501408576964,0.038184499740600585,0.0370604008436203,0.039244499802589414,0.037504398822784425,1.1372665877752655,1.1508914826832768,0.9881614425747203,0.0
fp16,256,128,32,8,random,2,1,graph_lds_chunked(chunk=4),chunk4,0.04113650023937225,0.03892450034618378,0.037412500381469725,0.036376398801803586,0.03860450088977814,0.03616839945316315,1.1373602609272944,1.1308568630859812,1.0057508585335602,0.0
fp16,256,128,32,8,contiguous,0,1,graph_lds_chunked(chunk=4),chunk4,0.04143649935722351,0.039652499556541446,0.03658050000667572,0.03540039956569672,0.038184499740600585,0.035636401176452635,1.1627576856611264,1.1705093689783046,0.9933775127968909,0.0
fp16,256,128,32,8,contiguous,1,1,graph_lds_chunked(chunk=4),chunk4,0.040040498971939086,0.03836440145969391,0.03668450117111206,0.035620400309562684,0.037980499863624576,0.03574849963188172,1.1200609643552597,1.1240889665462233,0.9964166517857217,0.0
fp16,256,128,32,8,contiguous,2,1,graph_lds_chunked(chunk=4),chunk4,0.039828500151634215,0.03787240087985992,0.0373324990272522,0.035432401299476626,0.038212499022483824,0.0353285014629364,1.1273758722378535,1.1240700232253953,1.002940963591372,0.0
fp16,256,128,32,8,page-cross,0,1,graph_lds_chunked(chunk=4),chunk4,0.03956049978733063,0.03783650100231171,0.0368245005607605,0.035408401489257814,0.03816049993038177,0.035668501257896425,1.1091158414897677,1.1172630823035736,0.9927078582091803,0.0
fp16,256,128,32,8,page-cross,1,1,graph_lds_chunked(chunk=4),chunk4,0.040128499269485474,0.03803249895572662,0.036976400017738345,0.03586849868297577,0.03854439854621887,0.03544439971446991,1.1321534457558697,1.1187671841010625,1.0119651897598008,0.0
fp16,256,128,32,8,page-cross,2,1,graph_lds_chunked(chunk=4),chunk4,0.04005649983882904,0.038288500905036923,0.0375205010175705,0.035648399591445924,0.037952500581741336,0.03567650020122528,1.1227698796938983,1.1236549269505178,0.999212349596489,0.0
fp16,256,128,32,8,tail-negative,0,1,graph_lds_chunked(chunk=4),chunk4,0.03957650065422058,0.03774450123310089,0.036760398745536806,0.03533250093460083,0.03808850049972534,0.03548440039157867,1.1153211049780924,1.1201160293599153,0.9957192609907003,0.0
fp16,256,128,32,8,tail-negative,1,1,graph_lds_chunked(chunk=4),chunk4,0.04070850014686585,0.03796850144863129,0.03722839951515198,0.03570449948310852,0.03830049932003021,0.03612839877605438,1.1267728857622974,1.140150421829178,0.9882668674143728,0.0
fp16,256,128,32,8,tail-negative,2,1,graph_lds_chunked(chunk=4),chunk4,0.040512499213218686,0.038724499940872195,0.03729639947414398,0.036152499914169314,0.03820450007915497,0.03597249984741211,1.1262075025384477,1.1206002160127397,1.0050038242413157,0.0
fp16,256,128,32,16,random,0,1,graph_lds_chunked(chunk=4),chunk4,0.07051690220832825,0.06648880243301392,0.06382079720497132,0.059412801265716554,0.06117280125617981,0.05842880010604858,1.206886023336774,1.1868974481265402,1.0168410297298935,0.0
fp16,256,128,32,16,random,1,1,graph_lds_chunked(chunk=4),chunk4,0.07207689881324768,0.06845290064811707,0.0639087975025177,0.0596327006816864,0.060604697465896605,0.060096800327301025,1.199346694344795,1.2086807739596972,0.9922774649717284,0.0
fp16,256,128,32,16,random,2,1,graph_lds_chunked(chunk=4),chunk4,0.07285289764404297,0.06877689957618713,0.06377279758453369,0.059652799367904664,0.06099280118942261,0.06020470261573792,1.2100864962166382,1.221282126170267,0.9908328880659734,0.0
fp16,256,128,32,16,contiguous,0,1,graph_lds_chunked(chunk=4),chunk4,0.0722769021987915,0.06727679967880248,0.06245669722557068,0.05945670008659363,0.061164700984954835,0.05924469828605652,1.2199724918812216,1.2156224965988078,1.0035784096580842,0.0
fp16,256,128,32,16,contiguous,1,1,graph_lds_chunked(chunk=4),chunk4,0.07386090159416199,0.06737679839134217,0.06349679827690125,0.0596006989479065,0.061448699235916136,0.06072080135345459,1.216401956954078,1.239262339166853,0.9815532341375405,0.0
fp16,256,128,32,16,contiguous,2,1,graph_lds_chunked(chunk=4),chunk4,0.07284489870071412,0.06774889826774597,0.06327279806137084,0.058196800947189334,0.05998479723930359,0.05988879799842835,1.2163359615704055,1.251699363454998,0.9717476872505704,0.0
fp16,256,128,32,16,page-cross,0,1,graph_lds_chunked(chunk=4),chunk4,0.0732209026813507,0.06806079745292663,0.06355680227279663,0.05900470018386841,0.06057670116424561,0.059908699989318845,1.2222081716746531,1.2409333909533014,0.9849103751940601,0.0
fp16,256,128,32,16,page-cross,1,1,graph_lds_chunked(chunk=4),chunk4,0.07221689820289612,0.06937689781188965,0.06412479877471924,0.05913270115852356,0.06046469807624817,0.06044880151748657,1.194678742836701,1.221268380913233,0.9782278502480766,0.0
fp16,256,128,32,16,page-cross,2,1,graph_lds_chunked(chunk=4),chunk4,0.07412089705467224,0.06672090291976929,0.06316879987716675,0.0584447979927063,0.059668701887130735,0.05978879928588867,1.2397120855405142,1.2682206047477873,0.9775208515769678,0.0
fp16,256,128,32,16,tail-negative,0,1,graph_lds_chunked(chunk=4),chunk4,0.07058889865875244,0.06644880175590515,0.0642408013343811,0.059380799531936646,0.06122879981994629,0.058136701583862305,1.2141882276710834,1.1887495489310103,1.0213995275648675,0.0
fp16,256,128,32,16,tail-negative,1,1,graph_lds_chunked(chunk=4),chunk4,0.07322490215301514,0.06706079840660095,0.06504089832305908,0.05842469930648804,0.059908699989318845,0.0589726984500885,1.2416746066824291,1.2533209930424671,0.9907075789644549,0.0
fp16,256,128,32,16,tail-negative,2,1,graph_lds_chunked(chunk=4),chunk4,0.07117679715156555,0.06697279810905457,0.062464702129364016,0.05866469740867615,0.05983279943466187,0.05950869917869568,1.1960738200280991,1.213281586636786,0.9858171698983854,0.0
fp16,256,128,32,32,random,0,1,graph_lds_chunked(chunk=8),chunk8,0.13830970525741576,0.13004570007324218,0.1238455057144165,0.10905729532241822,0.10716129541397094,0.10495330095291137,1.3178213929590472,1.2906684705808802,1.0210378753313363,0.0
fp16,256,128,32,32,random,1,1,graph_lds_chunked(chunk=8),chunk4,0.1398656964302063,0.13075369596481323,0.12146949768066406,0.10890129804611207,0.10906939506530762,0.10799729824066162,1.2950851429498635,1.2843345207050056,1.008370577969793,0.0
fp16,256,128,32,32,random,2,1,graph_lds_chunked(chunk=8),chunk8,0.1436337947845459,0.13343369960784912,0.12321749925613404,0.10946140289306641,0.10922139883041382,0.11050939559936523,1.2997428318698627,1.3150700899515453,0.9883449116523916,0.0
fp16,256,128,32,32,contiguous,0,1,graph_lds_chunked(chunk=8),chunk8,0.1409937024116516,0.13246569633483887,0.12346550226211547,0.11052939891815186,0.10918140411376953,0.10876940488815308,1.2962625157013092,1.2913710311394504,1.0037878227433543,0.0
fp16,256,128,32,32,contiguous,1,1,graph_lds_chunked(chunk=8),chunk8,0.1433258056640625,0.13249770402908326,0.12272549867630005,0.11032940149307251,0.10962140560150146,0.1089053988456726,1.3160578555629394,1.307461849057876,1.0065745753967945,0.0
fp16,256,128,32,32,contiguous,2,1,graph_lds_chunked(chunk=8),chunk4,0.1426537036895752,0.1330696940422058,0.1230774998664856,0.11044540405273437,0.11056139469146728,0.10958139896392823,1.3018058268861272,1.2916219096039734,1.0078845962633727,0.0
fp16,256,128,32,32,page-cross,0,1,graph_lds_chunked(chunk=8),chunk4,0.1440258026123047,0.13638570308685302,0.1285375952720642,0.111885404586792,0.11202139854431152,0.11181739568710328,1.288044688639768,1.2872617580837424,1.000608213948025,0.0
fp16,256,128,32,32,page-cross,1,1,graph_lds_chunked(chunk=8),chunk4,0.14776990413665772,0.13589370250701904,0.1286936044692993,0.11171339750289917,0.11176140308380127,0.11190550327301026,1.3204882674639413,1.3227590194168324,0.9982833215124156,0.0
fp16,256,128,32,32,page-cross,2,1,graph_lds_chunked(chunk=8),chunk4,0.1468778967857361,0.13254170417785643,0.1254855990409851,0.10988140106201172,0.11040539741516113,0.11026140451431274,1.3320880269275934,1.3366947942613632,0.9965536131706748,0.0
fp16,256,128,32,32,tail-negative,0,1,graph_lds_chunked(chunk=8),chunk4,0.14411380290985107,0.13151769638061522,0.12055749893188476,0.1083333969116211,0.10836130380630493,0.10967739820480346,1.3139790446226998,1.3302804769190408,0.9877458681990917,0.0
fp16,256,128,32,32,tail-negative,1,1,graph_lds_chunked(chunk=8),chunk4,0.1411497950553894,0.13228169679641724,0.12294150590896606,0.11060930490493774,0.11138139963150025,0.10861339569091796,1.29956157026027,1.2761114010860066,1.018376271189417,0.0
fp16,256,128,32,32,tail-negative,2,1,graph_lds_chunked(chunk=8),chunk8,0.14394179582595826,0.13476970195770263,0.12488160133361817,0.11218140125274659,0.11142940521240234,0.11019339561462402,1.3062651806226344,1.2917756812179162,1.0112167302848256,0.0
fp16,256,128,64,8,random,0,1,graph_lds_chunked(chunk=4),chunk4,0.07484089732170104,0.06988880038261414,0.07007690072059632,0.06517689824104309,0.06942489743232727,0.06528480052947998,1.1463755225522352,1.1482733812357515,0.9983472065846603,0.0
fp16,256,128,64,8,random,1,1,graph_lds_chunked(chunk=4),chunk4,0.07289289832115173,0.06839690208435059,0.0691008985042572,0.06459280252456664,0.06887689828872681,0.06501290202140808,1.1212066536754326,1.128498771878311,0.9935382134348794,0.0
fp16,256,128,64,8,random,2,1,graph_lds_chunked(chunk=4),chunk4,0.07218890190124512,0.06756089925765991,0.0681888997554779,0.06306470036506653,0.06771680116653442,0.06341680288314819,1.138324523143502,1.1446800108992947,0.9944478040192213,0.0
fp16,256,128,64,8,contiguous,0,1,graph_lds_chunked(chunk=4),chunk4,0.07251690030097961,0.06739280223846436,0.06783689856529236,0.06314880251884461,0.06736080050468445,0.06326879858970642,1.1461716030242088,1.1483495713056382,0.9981033926115781,0.0
fp16,256,128,64,8,contiguous,1,1,graph_lds_chunked(chunk=4),chunk4,0.07144489884376526,0.06722480058670044,0.06765279769897461,0.06292080283164977,0.06730080246925355,0.06275280117988587,1.1385133014056665,1.1354734146498808,1.0026771976486328,0.0
fp16,256,128,64,8,contiguous,2,1,graph_lds_chunked(chunk=4),chunk4,0.07179290056228638,0.06648489832878113,0.06722490191459655,0.06262879967689514,0.06704490184783936,0.06218469738960266,1.1545107329619364,1.1463240702786779,1.0071416651673974,0.0
fp16,256,128,64,8,page-cross,0,1,graph_lds_chunked(chunk=4),chunk4,0.07236890196800232,0.0663927972316742,0.06676480174064636,0.06189680099487305,0.06576480269432068,0.06298879981040954,1.1489169850167968,1.1691864652907777,0.9826636033894389,0.0
fp16,256,128,64,8,page-cross,1,1,graph_lds_chunked(chunk=4),chunk4,0.07177289724349975,0.06608880162239075,0.06672880053520203,0.06117269992828369,0.06611679792404175,0.06152870059013367,1.1664946042271658,1.1732831365567205,0.9942140715075158,0.0
fp16,256,128,64,8,page-cross,2,1,graph_lds_chunked(chunk=4),chunk4,0.07093690037727356,0.06636080145835876,0.06684479713439942,0.0622048020362854,0.06637279987335205,0.06239669919013977,1.1368694385757403,1.1403765956186878,0.9969245624152392,0.0
fp16,256,128,64,8,tail-negative,0,1,graph_lds_chunked(chunk=4),chunk4,0.06958490014076232,0.0661208987236023,0.06552479863166809,0.061812800168991086,0.06630480289459229,0.06172879934310913,1.1272679993982448,1.1257360926947648,1.0013608044668916,0.0
fp16,256,128,64,8,tail-negative,1,1,graph_lds_chunked(chunk=4),chunk4,0.07224090099334717,0.06512479782104492,0.06568480134010315,0.061368799209594725,0.06552889943122864,0.06293269991874695,1.1479072260783048,1.1771600866202485,0.9751496326842581,0.0
fp16,256,128,64,8,tail-negative,2,1,graph_lds_chunked(chunk=4),chunk4,0.0711089015007019,0.06560490131378174,0.06552879810333252,0.06137670278549194,0.0658527970314026,0.06127679944038391,1.1604539099644657,1.1585650299466792,1.0016303616706552,0.0
fp16,256,128,64,16,random,0,1,graph_lds_chunked(chunk=8),chunk8,0.13357369899749755,0.12259360551834106,0.12200549840927125,0.11333739757537842,0.1128093957901001,0.11054929494857788,1.2082727353406415,1.1840653702820352,1.020444280920774,0.0
fp16,256,128,64,16,random,1,1,graph_lds_chunked(chunk=8),chunk8,0.138897705078125,0.12560950517654418,0.12210149765014648,0.11328539848327637,0.11296950578689575,0.1144894003868103,1.2131927026331657,1.2295150280655371,0.9867245824086818,0.0
fp16,256,128,64,16,random,2,1,graph_lds_chunked(chunk=8),chunk8,0.13540170192718506,0.12547359466552735,0.12331349849700927,0.11420539617538453,0.11354939937591553,0.11236939430236817,1.20496958062122,1.1924475397613115,1.0105011251584408,0.0
fp16,256,128,64,16,contiguous,0,1,graph_lds_chunked(chunk=8),chunk8,0.13745369911193847,0.1272096037864685,0.12449359893798828,0.11498550176620484,0.11404939889907836,0.11360139846801758,1.20996485048233,1.2052119558610777,1.0039436172186464,0.0
fp16,256,128,64,16,contiguous,1,1,graph_lds_chunked(chunk=8),chunk8,0.13698170185089112,0.12730560302734376,0.12468949556350709,0.116069495677948,0.11506550312042237,0.11455349922180176,1.1957880185367644,1.1904671525012345,1.0044695614023038,0.0
fp16,256,128,64,16,contiguous,2,1,graph_lds_chunked(chunk=8),chunk8,0.13761769533157348,0.12776559591293335,0.12520159482955934,0.1156654953956604,0.11538939476013184,0.11434550285339355,1.2035252099771516,1.1926372923408533,1.009129278202368,0.0
fp16,256,128,64,16,page-cross,0,1,graph_lds_chunked(chunk=8),chunk8,0.13936970233917237,0.12796159982681274,0.12659759521484376,0.11549750566482545,0.11464940309524536,0.11464539766311646,1.2156589377334435,1.215616467042489,1.0000349375745607,0.0
fp16,256,128,64,16,page-cross,1,1,graph_lds_chunked(chunk=8),chunk8,0.1390136957168579,0.12776559591293335,0.12508560419082643,0.11611740589141846,0.1147413969039917,0.11488939523696899,1.2099784791288224,1.2115391608241943,0.9987118190267079,0.0
fp16,256,128,64,16,page-cross,2,1,graph_lds_chunked(chunk=8),chunk8,0.13805780410766602,0.12983360290527343,0.12711360454559326,0.11751350164413452,0.11634550094604493,0.11611349582672119,1.188990161089395,1.1866191901282899,1.0019980891770752,0.0
fp16,256,128,64,16,tail-negative,0,1,graph_lds_chunked(chunk=8),chunk4,0.1369657039642334,0.12870160341262818,0.12544560432434082,0.11584939956665039,0.11588939428329467,0.1146054983139038,1.1951058717015925,1.1822737491654793,1.010853765927875,0.0
fp16,256,128,64,16,tail-negative,1,1,graph_lds_chunked(chunk=8),chunk8,0.13722970485687255,0.12709360122680663,0.12424559593200683,0.1152454972267151,0.1144294023513794,0.11424540281295777,1.201183605449268,1.1992521330792243,1.0016105640480157,0.0
fp16,256,128,64,16,tail-negative,2,1,graph_lds_chunked(chunk=8),chunk8,0.13637770414352418,0.1276296019554138,0.12581360340118408,0.11643340587615966,0.11452939510345458,0.11404540538787841,1.1958193640479566,1.1907659515736897,1.0042438335321804,0.0
fp16,256,128,64,32,random,0,1,graph_lds_chunked(chunk=8),chunk8,0.2623033046722412,0.24566709995269775,0.23879899978637695,0.2126507043838501,0.2113826036453247,0.2083345890045166,1.2590482738637059,1.240893527417968,1.0146303820953229,0.0
fp16,256,128,64,32,random,1,1,graph_lds_chunked(chunk=8),chunk4,0.26961140632629393,0.2500030994415283,0.24030299186706544,0.21333870887756348,0.21399469375610353,0.21332259178161622,1.2638671041569849,1.2637716228095566,1.0000755526914082,0.0
fp16,256,128,64,32,random,2,1,graph_lds_chunked(chunk=8),chunk8,0.2694633960723877,0.24710710048675538,0.23875100612640382,0.21337471008300782,0.2124506950378418,0.209838604927063,1.284145956679656,1.268357328858777,1.0124480912922897,0.0
fp16,256,128,64,32,contiguous,0,1,graph_lds_chunked(chunk=8),chunk8,0.269083309173584,0.24917519092559814,0.24175100326538085,0.21443068981170654,0.21425869464874267,0.21170659065246583,1.2710199920762355,1.255880465503261,1.0120549104702476,0.0
fp16,256,128,64,32,contiguous,1,1,graph_lds_chunked(chunk=8),chunk8,0.26813530921936035,0.2501071929931641,0.24089500904083253,0.213042688369751,0.2116905927658081,0.2128066062927246,1.2599952317764456,1.2666378118936852,0.9947557383374585,0.0
fp16,256,128,64,32,contiguous,2,1,graph_lds_chunked(chunk=8),chunk8,0.2702873945236206,0.24791910648345947,0.2401829957962036,0.21329469680786134,0.21322269439697267,0.21077470779418944,1.282352125415077,1.267629579900188,1.011614233170583,0.0
fp16,256,128,64,32,page-cross,0,1,graph_lds_chunked(chunk=8),chunk8,0.26870338916778563,0.24880709648132324,0.2419511079788208,0.21460270881652832,0.21343870162963868,0.21165070533752442,1.2695605655519926,1.2589253360154096,1.0084478636121854,0.0
fp16,256,128,64,32,page-cross,1,1,graph_lds_chunked(chunk=8),chunk8,0.27041139602661135,0.24998719692230226,0.24174699783325196,0.21323471069335936,0.21106669902801514,0.213858699798584,1.2644395401322917,1.2811656091268064,0.9869446472217478,0.0
fp16,256,128,64,32,page-cross,2,1,graph_lds_chunked(chunk=8),chunk8,0.26792340278625487,0.2478471040725708,0.24073901176452636,0.212982702255249,0.2118227005004883,0.21125059127807616,1.2682729130617125,1.2648474509729766,1.0027082017567424,0.0
fp16,256,128,64,32,tail-negative,0,1,graph_lds_chunked(chunk=8),chunk8,0.26902740001678466,0.25120320320129397,0.24122300148010253,0.21603469848632811,0.21321070194244385,0.21267468929290773,1.264971402620764,1.2617912589087976,1.0025203405789294,0.0
fp16,256,128,64,32,tail-negative,1,1,graph_lds_chunked(chunk=8),chunk8,0.27086739540100097,0.25112309455871584,0.24055109024047852,0.21339070796966553,0.21084270477294922,0.21339058876037598,1.2693502416133626,1.2846894356278094,0.9880599983240692,0.0
fp16,256,128,64,32,tail-negative,2,1,graph_lds_chunked(chunk=8),chunk4,0.2669114112854004,0.2485351085662842,0.24109899997711182,0.21313459873199464,0.21354660987854004,0.21118268966674805,1.2638886819113526,1.2523138564707048,1.0092427512327207,0.0
fp16,256,128,128,8,random,0,1,graph_global,global,0.14240180253982543,0.18508230447769164,0.2192188024520874,0.18852239847183228,0.17755030393600463,0.1403257966041565,1.0147941860007759,1.0,1.0147941860007759,0.0
fp16,256,128,128,8,random,1,1,graph_global,global,0.13348569869995117,0.18043830394744872,0.22607479095458985,0.18398629426956176,0.17353819608688353,0.13266570568084718,1.0061808966748094,1.0,1.0061808966748094,0.0
fp16,256,128,128,8,random,2,1,graph_global,global,0.13149759769439698,0.17753419876098633,0.209818696975708,0.18168629407882692,0.17169020175933838,0.13348560333251952,0.9851069659312224,1.0,0.9851069659312224,0.0
fp16,256,128,128,8,contiguous,0,1,graph_global,global,0.13165760040283203,0.17936619520187377,0.21458659172058106,0.18391029834747313,0.17301820516586303,0.13146959543228148,1.0014300262348292,1.0,1.0014300262348292,0.0
fp16,256,128,128,8,contiguous,1,1,graph_global,global,0.1308135986328125,0.18380229473114013,0.21483070850372316,0.184026300907135,0.1740141987800598,0.13373370170593263,0.9781647928990918,1.0,0.9781647928990918,0.0
fp16,256,128,128,8,contiguous,2,1,graph_global,global,0.1307176947593689,0.18303829431533813,0.20968270301818848,0.18053029775619506,0.1715901017189026,0.13158960342407228,0.9933740307591513,1.0,0.9933740307591513,0.0
fp16,256,128,128,8,page-cross,0,1,graph_global,global,0.13143759965896606,0.18395830392837526,0.21106259822845458,0.18180630207061768,0.17163410186767578,0.13473360538482665,0.9755368698369904,1.0,0.9755368698369904,0.0
fp16,256,128,128,8,page-cross,1,1,graph_global,global,0.13103760480880738,0.17610219717025757,0.2141026020050049,0.1819743037223816,0.17140220403671264,0.130765700340271,1.002079325601659,1.0,1.002079325601659,0.0
fp16,256,128,128,8,page-cross,2,1,graph_global,global,0.1314857006072998,0.18376230001449584,0.21111860275268554,0.18323429822921752,0.17153019905090333,0.13416169881820678,0.9800539331681165,1.0,0.9800539331681165,0.0
fp16,256,128,128,8,tail-negative,0,1,graph_global,global,0.13092559576034546,0.1801542043685913,0.21074268817901612,0.18458629846572877,0.1728580951690674,0.1326977014541626,0.9866455434088338,1.0,0.9866455434088338,0.0
fp16,256,128,128,8,tail-negative,1,1,graph_global,global,0.13008569478988646,0.18315030336380006,0.20644259452819824,0.17987420558929443,0.1709941029548645,0.13326970338821412,0.9761085339174752,1.0,0.9761085339174752,0.0
fp16,256,128,128,8,tail-negative,2,1,graph_global,global,0.13097770214080812,0.181626296043396,0.20587849617004395,0.17956219911575316,0.17087409496307374,0.13322969675064086,0.9830969020814655,1.0,0.9830969020814655,0.0
fp16,256,128,128,16,random,0,1,graph_global,global,0.24735519886016846,0.3342962026596069,0.3943528890609741,0.34365229606628417,0.3188119888305664,0.27176339626312257,0.910185853803056,1.0,0.910185853803056,0.0
fp16,256,128,128,16,random,1,1,graph_global,global,0.24758310317993165,0.3322721004486084,0.3878129005432129,0.34074831008911133,0.3186959981918335,0.26924738883972166,0.9195376202044195,1.0,0.9195376202044195,0.0
fp16,256,128,128,16,random,2,1,graph_global,global,0.24645910263061524,0.3357522010803223,0.387208890914917,0.33989629745483396,0.317792010307312,0.2692913055419922,0.9152137390198192,1.0,0.9152137390198192,0.0
fp16,256,128,128,16,contiguous,0,1,graph_global,global,0.2479551076889038,0.3311121940612793,0.38508079051971433,0.3418001890182495,0.3179358959197998,0.2713834047317505,0.9136708559390194,1.0,0.9136708559390194,0.0
fp16,256,128,128,16,contiguous,1,1,graph_global,global,0.24679911136627197,0.3299360990524292,0.38889689445495607,0.340572190284729,0.320176100730896,0.27733550071716306,0.8898936873500619,1.0,0.8898936873500619,0.0
fp16,256,128,128,16,contiguous,2,1,graph_global,global,0.2461190938949585,0.3435762882232666,0.3948770046234131,0.34146029949188234,0.32047600746154786,0.2591113090515137,0.9498585561390058,1.0,0.9498585561390058,0.0
fp16,256,128,128,16,page-cross,0,1,graph_global,global,0.24706709384918213,0.3323040962219238,0.39110090732574465,0.3414683103561401,0.31788389682769774,0.2707793951034546,0.9124294474281808,1.0,0.9124294474281808,0.0
fp16,256,128,128,16,page-cross,1,1,graph_global,global,0.24669110774993896,0.3293680906295776,0.3873049020767212,0.3409363031387329,0.32087609767913816,0.2706634044647217,0.9114313338288506,1.0,0.9114313338288506,0.0
fp16,256,128,128,16,page-cross,2,1,graph_global,global,0.24625110626220703,0.33934431076049804,0.3852288007736206,0.34189629554748535,0.3198601007461548,0.2743074893951416,0.8977192230704311,1.0,0.8977192230704311,0.0
fp16,256,128,128,16,tail-negative,0,1,graph_global,global,0.24615108966827393,0.3251281023025513,0.383020806312561,0.3408042907714844,0.3228080034255981,0.2755673885345459,0.8932518865069397,1.0,0.8932518865069397,0.0
fp16,256,128,128,16,tail-negative,1,1,graph_global,global,0.24736309051513672,0.3267961025238037,0.38243680000305175,0.34048030376434324,0.319160008430481,0.2697354078292847,0.9170582850275727,1.0,0.9170582850275727,0.0
fp16,256,128,128,16,tail-negative,2,1,graph_global,global,0.24865119457244872,0.3292521953582764,0.3864448070526123,0.3396121978759766,0.3169719934463501,0.2676393985748291,0.9290530314165555,1.0,0.9290530314165555,0.0
fp16,256,128,128,32,random,0,1,graph_global,global,0.509218406677246,0.6591321945190429,0.7443172931671143,0.6481760978698731,0.6193957805633545,0.4970221996307373,1.0245385559348656,1.0,1.0245385559348656,0.0
fp16,256,128,128,32,random,1,1,graph_global,global,0.5095784187316894,0.6565042018890381,0.7486934185028076,0.6473960876464844,0.6212277889251709,0.5010783195495605,1.0169636139711054,1.0,1.0169636139711054,0.0
fp16,256,128,128,32,random,2,1,graph_global,global,0.5193465232849122,0.6541643142700195,0.7508735179901123,0.6499082088470459,0.6201757907867431,0.4929341793060303,1.0535818879836372,1.0,1.0535818879836372,0.0
fp16,256,128,128,32,contiguous,0,1,graph_global,global,0.4876300811767578,0.6555202960968017,0.7675176143646241,0.6543682098388672,0.6206558227539063,0.50551438331604,0.9646215761024128,1.0,0.9646215761024128,0.0
fp16,256,128,128,32,contiguous,1,1,graph_global,global,0.5017142772674561,0.6531922817230225,0.7581375122070313,0.6564962863922119,0.6258677959442138,0.5038023948669433,0.9958552844909784,1.0,0.9958552844909784,0.0
fp16,256,128,128,32,contiguous,2,1,graph_global,global,0.5073422908782959,0.655144214630127,0.7507894039154053,0.6516121864318848,0.6200117111206055,0.4920341968536377,1.0311118497912286,1.0,1.0311118497912286,0.0
fp16,256,128,128,32,page-cross,0,1,graph_global,global,0.5089303970336914,0.6446041107177735,0.7558175086975097,0.6514962196350098,0.6262039184570313,0.5038064002990723,1.0101705669709184,1.0,1.0101705669709184,0.0
fp16,256,128,128,32,page-cross,1,1,graph_global,global,0.5225905895233154,0.6461881160736084,0.7609055042266846,0.6537322044372559,0.6194198131561279,0.49875831604003906,1.0477832102580182,1.0,1.0477832102580182,0.0
fp16,256,128,128,32,page-cross,2,1,graph_global,global,0.49047012329101564,0.651976203918457,0.7619616031646729,0.6575881958007812,0.6196998119354248,0.5018222808837891,0.9773781316110944,1.0,0.9773781316110944,0.0
fp16,256,128,128,32,tail-negative,0,1,graph_global,global,0.5032783031463623,0.652024221420288,0.7534934997558593,0.652936315536499,0.6229279041290283,0.501710319519043,1.003125276810775,1.0,1.003125276810775,0.0
fp16,256,128,128,32,tail-negative,1,1,graph_global,global,0.507590389251709,0.6525362014770508,0.7506494045257568,0.6522922039031982,0.624439811706543,0.4978622913360596,1.019539736358709,1.0,1.019539736358709,0.0
fp16,256,128,128,32,tail-negative,2,1,graph_global,global,0.5064864158630371,0.6452240943908691,0.7529173851013183,0.6524961948394775,0.6237917900085449,0.5004542827606201,1.0120533149784279,1.0,1.0120533149784279,0.0
fp16,256,256,32,8,random,0,1,graph_lds_chunked(chunk=4),chunk4,0.06954079866409302,0.06556879878044128,0.06518880128860474,0.06251680254936218,0.06702479720115662,0.06110470294952393,1.1380596796540816,1.112353732569493,1.0231095076430488,0.0
fp16,256,256,32,8,random,1,1,graph_lds_chunked(chunk=4),chunk4,0.07038090229034424,0.06590880155563354,0.06556879878044128,0.06154069900512695,0.06605280041694642,0.061724799871444705,1.1402370268826751,1.1436480805081661,0.9970173922523656,0.0
fp16,256,256,32,8,random,2,1,graph_lds_chunked(chunk=4),chunk4,0.07122489809989929,0.06685280203819274,0.06608080267906188,0.06252880096435547,0.06714479923248291,0.06252480149269105,1.139146329128694,1.1390734669692617,1.0000639661633295,0.0
fp16,256,256,32,8,contiguous,0,1,graph_lds_chunked(chunk=4),chunk4,0.07132490277290345,0.06777290105819703,0.06537280082702637,0.0614687979221344,0.06697279810905457,0.06310880184173584,1.1301894615551715,1.1603432177615425,0.9740130715250428,0.0
fp16,256,256,32,8,contiguous,1,1,graph_lds_chunked(chunk=4),chunk4,0.07009289860725403,0.06582880020141602,0.0658847987651825,0.06209279894828797,0.06699680089950562,0.061952799558639526,1.1313919484931385,1.1288410217363318,1.0022597750326994,0.0
fp16,256,256,32,8,contiguous,2,1,graph_lds_chunked(chunk=4),chunk4,0.07125290036201477,0.06574079990386963,0.06535279750823975,0.06159279942512512,0.06580079793930053,0.06206880211830139,1.1479664167871124,1.1568381535999657,0.9923310475322366,0.0
fp16,256,256,32,8,page-cross,0,1,graph_lds_chunked(chunk=4),chunk4,0.06952080130577087,0.06730489730834961,0.06678490042686462,0.06269279718399048,0.06644080281257629,0.06194480061531067,1.1223024469399563,1.1089120988132273,1.012075211498783,0.0
fp16,256,256,32,8,page-cross,1,1,graph_lds_chunked(chunk=4),chunk4,0.0713329017162323,0.06650480031967163,0.0654528021812439,0.06133279800415039,0.06676080226898193,0.06242079734802246,1.1427745999225398,1.1630465923208853,0.9825699223640799,0.0
fp16,256,256,32,8,page-cross,2,1,graph_lds_chunked(chunk=4),chunk4,0.06934890151023865,0.06575289964675904,0.06572489738464356,0.06200079917907715,0.0674888014793396,0.06176080107688904,1.122862726859757,1.1185162518621403,1.0038859292302462,0.0
fp16,256,256,32,8,tail-negative,0,1,graph_lds_chunked(chunk=4),chunk4,0.07149289846420288,0.06738889813423157,0.06654490232467651,0.06178879737854004,0.06588879823684693,0.06290479898452758,1.1365253465286118,1.1570527587098367,0.9822588797038833,0.0
fp16,256,256,32,8,tail-negative,1,1,graph_lds_chunked(chunk=4),chunk4,0.06915289759635926,0.06566089987754822,0.06585689783096313,0.06199280023574829,0.0678728997707367,0.061080801486969,1.1321543907886076,1.1154988536311041,1.0149310213123817,0.0
fp16,256,256,32,8,tail-negative,2,1,graph_lds_chunked(chunk=4),chunk4,0.07163289785385132,0.0665448009967804,0.06538079977035523,0.062036699056625365,0.0659608006477356,0.06242079734802246,1.1475806285278205,1.1546858382723881,0.9938466295254836,0.0
fp16,256,256,32,16,random,0,1,graph_lds_chunked(chunk=8),chunk4,0.13116159439086914,0.12302550077438354,0.12318960428237916,0.1159093976020813,0.11691349744796753,0.10972939729690552,1.1953186440637456,1.1315872319615434,1.0563203704514474,0.0
fp16,256,256,32,16,random,1,1,graph_lds_chunked(chunk=8),chunk8,0.1398218035697937,0.12631759643554688,0.12413760423660278,0.11503340005874634,0.11288139820098878,0.11281739473342896,1.2393638755811747,1.2386611593952506,1.0005673191417959,0.0
fp16,256,256,32,16,random,2,1,graph_lds_chunked(chunk=8),chunk4,0.13650569915771485,0.12456949949264526,0.1200376033782959,0.11176539659500122,0.11343339681625367,0.11393749713897705,1.1980752832512187,1.2213592338634456,0.980936034242297,0.0
fp16,256,256,32,16,contiguous,0,1,graph_lds_chunked(chunk=8),chunk8,0.13693369626998902,0.12627359628677368,0.12272549867630005,0.11435339450836182,0.11350140571594239,0.11224540472030639,1.2199492407836297,1.2064493422459466,1.0111897765326403,0.0
fp16,256,256,32,16,contiguous,1,1,graph_lds_chunked(chunk=8),chunk8,0.13569769859313965,0.1270535945892334,0.12335760593414306,0.11509339809417725,0.11466939449310302,0.11355739831924438,1.194970126135262,1.1833820104570396,1.0097923709975503,0.0
fp16,256,256,32,16,contiguous,2,1,graph_lds_chunked(chunk=8),chunk8,0.1367177963256836,0.12817759513854982,0.12340960502624512,0.11475340127944947,0.11386539936065673,0.11364550590515136,1.2030198223569737,1.2006965864375032,1.0019349067413972,0.0
fp16,256,256,32,16,page-cross,0,1,graph_lds_chunked(chunk=8),chunk8,0.13768969774246215,0.12728559970855713,0.12330950498580932,0.11444549560546875,0.11413340568542481,0.11350539922714234,1.2130673842829554,1.2063926149891937,1.0055328333502949,0.0
fp16,256,256,32,16,page-cross,1,1,graph_lds_chunked(chunk=8),chunk8,0.13680969476699828,0.12868560552597047,0.12491359710693359,0.11503349542617798,0.11434539556503295,0.11411739587783813,1.1988504794961505,1.1964600243932775,1.0019979398008598,0.0
fp16,256,256,32,16,page-cross,2,1,graph_lds_chunked(chunk=8),chunk8,0.1381898045539856,0.1280336022377014,0.12456560134887695,0.11612540483474731,0.11600149869918823,0.11438939571380616,1.2080648183484273,1.1912760274962952,1.0140931156714512,0.0
fp16,256,256,32,16,tail-negative,0,1,graph_lds_chunked(chunk=8),chunk8,0.13877370357513427,0.1298656940460205,0.12584960460662842,0.11676139831542968,0.11617350578308105,0.11644539833068848,1.191749142212014,1.194538312670466,0.9976650640428462,0.0
fp16,256,256,32,16,tail-negative,1,1,graph_lds_chunked(chunk=8),chunk8,0.13738980293273925,0.1267416000366211,0.12360149621963501,0.11489750146865844,0.1143375039100647,0.11356140375137329,1.2098283254188622,1.2016162521862204,1.0068341895490354,0.0
fp16,256,256,32,16,tail-negative,2,1,graph_lds_chunked(chunk=8),chunk4,0.13643369674682618,0.12785359621047973,0.1244534969329834,0.11580549478530884,0.11584939956665039,0.11402939558029175,1.1964782945004637,1.1781280067906954,1.0155758012745624,0.0
fp16,256,256,32,32,random,0,1,graph_lds_chunked(chunk=8),chunk4,0.25984721183776854,0.24737510681152344,0.23788700103759766,0.2123507022857666,0.21321868896484375,0.20859858989715577,1.245680577063726,1.2236701317242855,1.017987237547774,0.0
fp16,256,256,32,32,random,1,1,graph_lds_chunked(chunk=8),chunk8,0.2684952974319458,0.25085110664367677,0.2404949903488159,0.21445469856262206,0.21313068866729737,0.21299469470977783,1.260572700168856,1.2597683567338067,1.0006384851871772,0.0
fp16,256,256,32,32,random,2,1,graph_lds_chunked(chunk=8),chunk8,0.27043540477752687,0.2525912046432495,0.2412709951400757,0.21546669006347657,0.21287870407104492,0.21595470905303954,1.252278340969664,1.270373220081579,0.9857562495604616,0.0
fp16,256,256,32,32,contiguous,0,1,graph_lds_chunked(chunk=8),chunk8,0.26715540885925293,0.253347110748291,0.24206299781799318,0.21422669887542725,0.21372671127319337,0.21380670070648194,1.2495184106788548,1.249986055873779,0.9996258796706359,0.0
fp16,256,256,32,32,contiguous,1,1,graph_lds_chunked(chunk=8),chunk4,0.2703834056854248,0.25100319385528563,0.23883500099182128,0.21363070011138915,0.21400671005249022,0.2134866952896118,1.266511738910137,1.265658004886209,1.0006745376876156,0.0
fp16,256,256,32,32,contiguous,2,1,graph_lds_chunked(chunk=8),chunk8,0.26717538833618165,0.24747910499572753,0.23755099773406982,0.2120507001876831,0.2113347053527832,0.20931460857391357,1.2764297253616494,1.264228645693489,1.0096510071257463,0.0
fp16,256,256,32,32,page-cross,0,1,graph_lds_chunked(chunk=8),chunk4,0.26799540519714354,0.24873919486999513,0.23949100971221923,0.21264269351959228,0.2134866952896118,0.21110270023345948,1.2695024976031388,1.260308552160299,1.007294995679495,0.0
fp16,256,256,32,32,page-cross,1,1,graph_lds_chunked(chunk=8),chunk4,0.26902740001678466,0.2505950927734375,0.23932700157165526,0.2124466896057129,0.2130826950073242,0.2129826068878174,1.263142582147505,1.2663289812426912,0.9974837509506738,0.0
fp16,256,256,32,32,page-cross,2,1,graph_lds_chunked(chunk=8),chunk4,0.26837940216064454,0.24203500747680665,0.23423099517822266,0.21038269996643066,0.2104266881942749,0.20513460636138917,1.3083087584346247,1.2756723922806772,1.0255836579606459,0.0
fp16,256,256,32,32,tail-negative,0,1,graph_lds_chunked(chunk=8),chunk4,0.2660233020782471,0.24821920394897462,0.23877499103546143,0.21304669380187988,0.21371068954467773,0.21076269149780275,1.262193513414211,1.2486619591742276,1.0108368435032105,0.0
fp16,256,256,32,32,tail-negative,1,1,graph_lds_chunked(chunk=8),chunk4,0.26991939544677734,0.25109519958496096,0.24106299877166748,0.21261460781097413,0.21352670192718506,0.21360270977020263,1.2636515507558923,1.2695242261376052,0.9953741131828734,0.0
fp16,256,256,32,32,tail-negative,2,1,graph_lds_chunked(chunk=8),chunk8,0.2683954000473022,0.25106709003448485,0.2399590015411377,0.21494669914245607,0.21381869316101074,0.21329069137573242,1.2583549629669373,1.2552475935543852,1.0024755031824066,0.0
fp16,256,256,64,8,random,0,1,graph_global,global,0.14153380393981935,0.18471829891204833,0.21837470531463624,0.18729439973831177,0.17729419469833374,0.14120570421218873,1.002323558594613,1.0,1.002323558594613,0.0
fp16,256,256,64,8,random,1,1,graph_global,global,0.13457369804382324,0.1800542950630188,0.22060680389404297,0.18395830392837526,0.1738502025604248,0.13349770307540892,1.008060026080048,1.0,1.008060026080048,0.0
fp16,256,256,64,8,random,2,1,graph_global,global,0.13100169897079467,0.176602303981781,0.21050660610198973,0.1805703043937683,0.17087420225143432,0.13249770402908326,0.988709200138591,1.0,0.988709200138591,0.0
fp16,256,256,64,8,contiguous,0,1,graph_global,global,0.13257369995117188,0.18147029876708984,0.2079106092453003,0.18027019500732422,0.17269020080566405,0.1326977014541626,0.9990655339042662,1.0,0.9990655339042662,0.0
fp16,256,256,64,8,contiguous,1,1,graph_global,global,0.13216160535812377,0.17981029748916627,0.20956270694732665,0.18121429681777954,0.17326619625091552,0.1346297025680542,0.9816675134620992,1.0,0.9816675134620992,0.0
fp16,256,256,64,8,contiguous,2,1,graph_global,global,0.13134160041809081,0.1826943039894104,0.2135667085647583,0.18073029518127443,0.17197419404983522,0.13186559677124024,0.9960262845959856,1.0,0.9960262845959856,0.0
fp16,256,256,64,8,page-cross,0,1,graph_global,global,0.13163770437240602,0.18442230224609374,0.21660270690917968,0.1798341989517212,0.1718860983848572,0.13455369472503662,0.9783284259968521,1.0,0.9783284259968521,0.0
fp16,256,256,64,8,page-cross,1,1,graph_global,global,0.13115370273590088,0.17427419424057006,0.2099307060241699,0.18337429761886598,0.17195409536361694,0.13139770030975342,0.9981430605461332,1.0,0.9981430605461332,0.0
fp16,256,256,64,8,page-cross,2,1,graph_global,global,0.13217370510101317,0.18161829710006713,0.2082345962524414,0.1807023048400879,0.17187819480895997,0.13328570127487183,0.9916570482563212,1.0,0.9916570482563212,0.0
fp16,256,256,64,8,tail-negative,0,1,graph_global,global,0.13096959590911866,0.17833019495010377,0.21236660480499267,0.18636640310287475,0.1751862049102783,0.13074159622192383,1.001743895544979,1.0,1.001743895544979,0.0
fp16,256,256,64,8,tail-negative,1,1,graph_global,global,0.13184159994125366,0.18195029497146606,0.2095546007156372,0.1799103021621704,0.17087810039520263,0.1331496000289917,0.9901764625094387,1.0,0.9901764625094387,0.0
fp16,256,256,64,8,tail-negative,2,1,graph_global,global,0.13092960119247438,0.1770102024078369,0.20749859809875487,0.17916630506515502,0.17093019485473632,0.13058170080184936,1.0026642354057935,1.0,1.0026642354057935,0.0
fp16,256,256,64,16,random,0,1,graph_global,global,0.24655508995056152,0.34087629318237306,0.3867687940597534,0.3397202968597412,0.3194040060043335,0.258055305480957,0.9554350742413078,1.0,0.9554350742413078,0.0
fp16,256,256,64,16,random,1,1,graph_global,global,0.24730310440063477,0.3300801992416382,0.38169279098510744,0.3391803026199341,0.3203200101852417,0.26843938827514646,0.9212623601539156,1.0,0.9212623601539156,0.0
fp16,256,256,64,16,random,2,1,graph_global,global,0.246635103225708,0.33334829807281496,0.3869488000869751,0.34047229290008546,0.317628002166748,0.26969940662384034,0.9144814455216768,1.0,0.9144814455216768,0.0
fp16,256,256,64,16,contiguous,0,1,graph_global,global,0.24999520778656006,0.32488811016082764,0.37979280948638916,0.338092303276062,0.3184839963912964,0.27183549404144286,0.9196562379320741,1.0,0.9196562379320741,0.0
fp16,256,256,64,16,contiguous,1,1,graph_global,global,0.24979119300842284,0.33218019008636473,0.3786288022994995,0.3376482009887695,0.31784400939941404,0.2855436086654663,0.87479174958901,1.0,0.87479174958901,0.0
fp16,256,256,64,16,contiguous,2,1,graph_global,global,0.24728710651397706,0.33962430953979494,0.3837969064712524,0.3400083065032959,0.31736800670623777,0.25868730545043944,0.9559305822270181,1.0,0.9559305822270181,0.0
fp16,256,256,64,16,page-cross,0,1,graph_global,global,0.2492192029953003,0.32697210311889646,0.3835887908935547,0.3387882947921753,0.3183039903640747,0.27145938873291015,0.9180717755189081,1.0,0.9180717755189081,0.0
fp16,256,256,64,16,page-cross,1,1,graph_global,global,0.24917910099029542,0.32917609214782717,0.39069690704345705,0.3387042999267578,0.3179840087890625,0.27146339416503906,0.9179105041278763,1.0,0.9179105041278763,0.0
fp16,256,256,64,16,page-cross,2,1,graph_global,global,0.24902710914611817,0.3298202037811279,0.3847929000854492,0.3396403074264526,0.3179960012435913,0.2718153953552246,0.9161626361180708,1.0,0.9161626361180708,0.0
fp16,256,256,64,16,tail-negative,0,1,graph_global,global,0.24726309776306152,0.3269442081451416,0.37967278957366946,0.3396923065185547,0.3198479890823364,0.2771554946899414,0.8921457539193982,1.0,0.8921457539193982,0.0
fp16,256,256,64,16,tail-negative,1,1,graph_global,global,0.2455151081085205,0.3432523965835571,0.38635690212249757,0.33886830806732177,0.3167840003967285,0.2515592098236084,0.9759734429149861,1.0,0.9759734429149861,0.0
fp16,256,256,64,16,tail-negative,2,1,graph_global,global,0.24535109996795654,0.33474020957946776,0.3836927890777588,0.3384562969207764,0.3209359884262085,0.2695594072341919,0.9101930534919032,1.0,0.9101930534919032,0.0
fp16,256,256,64,32,random,0,1,graph_global,global,0.5089144229888916,0.6516801834106445,0.7391173839569092,0.6453001976013184,0.6190678119659424,0.5015704154968261,1.014642026852383,1.0,1.014642026852383,0.0
fp16,256,256,64,32,random,1,1,graph_global,global,0.508786392211914,0.6459201812744141,0.7473773956298828,0.6485482215881347,0.6185118198394776,0.4967782020568848,1.0241721357847626,1.0,1.0241721357847626,0.0
fp16,256,256,64,32,random,2,1,graph_global,global,0.507962417602539,0.6450602054595947,0.7512013912200928,0.6497362136840821,0.6218159198760986,0.5046903133392334,1.0064833902629438,1.0,1.0064833902629438,0.0
fp16,256,256,64,32,contiguous,0,1,graph_global,global,0.5138144969940186,0.6457242012023926,0.7537495136260987,0.648704195022583,0.6177597999572754,0.4976623058319092,1.0324561273233441,1.0,1.0324561273233441,0.0
fp16,256,256,64,32,contiguous,1,1,graph_global,global,0.495654296875,0.6690564155578613,0.7629776954650879,0.6491241931915284,0.622835922241211,0.5037622928619385,0.9839051153652729,1.0,0.9839051153652729,0.0
fp16,256,256,64,32,contiguous,2,1,graph_global,global,0.5048583984375,0.6485241889953614,0.7497933864593506,0.646908187866211,0.620839786529541,0.5034943103790284,1.002709242250314,1.0,1.002709242250314,0.0
fp16,256,256,64,32,page-cross,0,1,graph_global,global,0.5055304050445557,0.6523882865905761,0.7437893867492675,0.6496201992034912,0.6195518016815186,0.496218204498291,1.0187663420282613,1.0,1.0187663420282613,0.0
fp16,256,256,64,32,page-cross,1,1,graph_global,global,0.5075823783874511,0.6463922023773193,0.7460413932800293,0.6515721797943115,0.6199479103088379,0.5025224208831787,1.0100691179020025,1.0,1.0100691179020025,0.0
fp16,256,256,64,32,page-cross,2,1,graph_global,global,0.5189304828643799,0.6460721969604493,0.7527494907379151,0.6500522136688233,0.6212759017944336,0.5024902820587158,1.0327174502525864,1.0,1.0327174502525864,0.0
fp16,256,256,64,32,tail-negative,0,1,graph_global,global,0.5086144924163818,0.6629283905029297,0.7589975833892822,0.6516082763671875,0.6229598999023438,0.5021543025970459,1.012864949649789,1.0,1.012864949649789,0.0
fp16,256,256,64,32,tail-negative,1,1,graph_global,global,0.4996222972869873,0.6533202171325684,0.7489735126495362,0.6497121810913086,0.6197198867797852,0.49989027976989747,0.9994639173959664,1.0,0.9994639173959664,0.0
fp16,256,256,64,32,tail-negative,2,1,graph_global,global,0.5013423919677734,0.6549201965332031,0.7417933940887451,0.6503242015838623,0.6200599193572998,0.4948742866516113,1.0130701988174131,1.0,1.0130701988174131,0.0
fp16,256,256,128,8,random,0,0,graph_global,global,0.25262320041656494,,,,,0.274011492729187,0.9219438130145852,1.0,0.9219438130145852,0.0
fp16,256,256,128,8,random,1,0,graph_global,global,0.2584472894668579,,,,,0.2602752923965454,0.9929766559366595,1.0,0.9929766559366595,0.0
fp16,256,256,128,8,random,2,0,graph_global,global,0.26524341106414795,,,,,0.2667232990264893,0.9944515984627411,1.0,0.9944515984627411,0.0
fp16,256,256,128,8,contiguous,0,0,graph_global,global,0.2694514036178589,,,,,0.271447491645813,0.9926465040592137,1.0,0.9926465040592137,0.0
fp16,256,256,128,8,contiguous,1,0,graph_global,global,0.27174739837646483,,,,,0.27066740989685056,1.003990094263753,1.0,1.003990094263753,0.0
fp16,256,256,128,8,contiguous,2,0,graph_global,global,0.27242751121520997,,,,,0.27234339714050293,1.000308852998054,1.0,1.000308852998054,0.0
fp16,256,256,128,8,page-cross,0,0,graph_global,global,0.2741835117340088,,,,,0.2729474067687988,1.0045287294715244,1.0,1.0045287294715244,0.0
fp16,256,256,128,8,page-cross,1,0,graph_global,global,0.27360351085662843,,,,,0.2687593936920166,1.0180239920103515,1.0,1.0180239920103515,0.0
fp16,256,256,128,8,page-cross,2,0,graph_global,global,0.27088749408721924,,,,,0.27293150424957274,0.992510904272581,1.0,0.992510904272581,0.0
fp16,256,256,128,8,tail-negative,0,0,graph_global,global,0.274227499961853,,,,,0.273647403717041,1.0021198675263583,1.0,1.0021198675263583,0.0
fp16,256,256,128,8,tail-negative,1,0,graph_global,global,0.2722074031829834,,,,,0.2720235109329224,1.0006760160157862,1.0,1.0006760160157862,0.0
fp16,256,256,128,8,tail-negative,2,0,graph_global,global,0.2742475032806396,,,,,0.27446351051330564,0.9992129837869448,1.0,0.9992129837869448,0.0
fp16,256,256,128,16,random,0,0,graph_global,global,0.5315587043762207,,,,,0.5354388236999512,0.992753384416695,1.0,0.992753384416695,0.0
fp16,256,256,128,16,random,1,0,graph_global,global,0.5357227802276612,,,,,0.5335308074951172,1.004108427670438,1.0,1.004108427670438,0.0
fp16,256,256,128,16,random,2,0,graph_global,global,0.533223009109497,,,,,0.5366789817810058,0.9935604471409708,1.0,0.9935604471409708,0.0
fp16,256,256,128,16,contiguous,0,0,graph_global,global,0.5358591079711914,,,,,0.5370870113372803,0.9977137719956556,1.0,0.9977137719956556,0.0
fp16,256,256,128,16,contiguous,1,0,graph_global,global,0.5403231143951416,,,,,0.5401831150054932,1.0002591702438661,1.0,1.0002591702438661,0.0
fp16,256,256,128,16,contiguous,2,0,graph_global,global,0.5353950023651123,,,,,0.5443431854248046,0.9835615043978015,1.0,0.9835615043978015,0.0
fp16,256,256,128,16,page-cross,0,0,graph_global,global,0.5457711219787598,,,,,0.5536232948303222,0.9858167585705203,1.0,0.9858167585705203,0.0
fp16,256,256,128,16,page-cross,1,0,graph_global,global,0.5507509231567382,,,,,0.5535749912261962,0.9948984905130874,1.0,0.9948984905130874,0.0
fp16,256,256,128,16,page-cross,2,0,graph_global,global,0.5564070224761963,,,,,0.5554749965667725,1.0016778899413734,1.0,1.0016778899413734,0.0
fp16,256,256,128,16,tail-negative,0,0,graph_global,global,0.5461149215698242,,,,,0.5510029792785645,0.99112879985669,1.0,0.99112879985669,0.0
fp16,256,256,128,16,tail-negative,1,0,graph_global,global,0.546298885345459,,,,,0.5507750034332275,0.9918730551316475,1.0,0.9918730551316475,0.0
fp16,256,256,128,16,tail-negative,2,0,graph_global,global,0.5389627933502197,,,,,0.5453108787536621,0.9883587772575685,1.0,0.9883587772575685,0.0
fp16,256,256,128,32,random,0,0,graph_global,global,1.155110740661621,,,,,1.106138038635254,1.0442735900184656,1.0,1.0442735900184656,0.0
fp16,256,256,128,32,random,1,0,graph_global,global,1.0862016677856445,,,,,1.0774336814880372,1.0081378431436243,1.0,1.0081378431436243,0.0
fp16,256,256,128,32,random,2,0,graph_global,global,1.1209781646728516,,,,,1.1317103385925293,0.9905168543984276,1.0,0.9905168543984276,0.0
fp16,256,256,128,32,contiguous,0,0,graph_global,global,1.116282081604004,,,,,1.1528105735778809,0.9683135349283738,1.0,0.9683135349283738,0.0
fp16,256,256,128,32,contiguous,1,0,graph_global,global,1.128342342376709,,,,,1.160518741607666,0.9722741235644474,1.0,0.9722741235644474,0.0
fp16,256,256,128,32,contiguous,2,0,graph_global,global,1.1148061752319336,,,,,1.1305983543395997,0.9860320165449997,1.0,0.9860320165449997,0.0
fp16,256,256,128,32,page-cross,0,0,graph_global,global,1.0876217842102052,,,,,1.127934169769287,0.9642599837476973,1.0,0.9642599837476973,0.0
fp16,256,256,128,32,page-cross,1,0,graph_global,global,1.1134780883789062,,,,,1.1368344306945801,0.9794549305641599,1.0,0.9794549305641599,0.0
fp16,256,256,128,32,page-cross,2,0,graph_global,global,1.113818073272705,,,,,1.1315343856811524,0.9843431073481849,1.0,0.9843431073481849,0.0
fp16,256,256,128,32,tail-negative,0,0,graph_global,global,1.1596866607666017,,,,,1.1185782432556153,1.0367505963564432,1.0,1.0367505963564432,0.0
fp16,256,256,128,32,tail-negative,1,0,graph_global,global,1.088429832458496,,,,,1.114862060546875,0.9762910327440749,1.0,0.9762910327440749,0.0
fp16,256,256,128,32,tail-negative,2,0,graph_global,global,1.1309022903442383,,,,,1.1592666625976562,0.975532486900072,1.0,0.975532486900072,0.0
bf16,32,64,32,8,random,0,1,graph_global,global,0.009832199662923813,0.017416200041770934,0.01032010018825531,0.012692199647426605,0.017316199839115143,0.00950009971857071,1.0349575219409453,1.0,1.0349575219409453,0.0
bf16,32,64,32,8,random,1,1,graph_global,global,0.009652099758386611,0.017352199554443358,0.01032020002603531,0.012380100041627883,0.01686830073595047,0.009512200206518173,1.0147073809246123,1.0,1.0147073809246123,0.0
bf16,32,64,32,8,random,2,1,graph_global,global,0.009324099868535995,0.016628199815750123,0.009984099864959716,0.012244199961423874,0.01655620038509369,0.009236100316047668,1.009527782232446,1.0,1.009527782232446,0.0
bf16,32,64,32,8,contiguous,0,1,graph_global,global,0.009404099732637405,0.01631219983100891,0.00989610031247139,0.011984100192785263,0.0159961998462677,0.009036199748516082,1.0407140163299,1.0,1.0407140163299,0.0
bf16,32,64,32,8,contiguous,1,1,graph_global,global,0.009060099720954895,0.01612419933080673,0.009808199852705002,0.011880099773406982,0.016044199466705322,0.009044100344181061,1.0017690401659605,1.0,1.0017690401659605,0.0
bf16,32,64,32,8,contiguous,2,1,graph_global,global,0.009056100249290466,0.01612419933080673,0.009756100177764893,0.012008199840784073,0.01602019965648651,0.009004200249910355,1.0057639765819988,1.0,1.0057639765819988,0.0
bf16,32,64,32,8,page-cross,0,1,graph_global,global,0.008976099640130996,0.01591619998216629,0.009772100299596787,0.011996199935674667,0.01607619971036911,0.009024199843406678,0.9946698650173594,1.0,0.9946698650173594,0.0
bf16,32,64,32,8,page-cross,1,1,graph_global,global,0.009288100153207779,0.015880200266838073,0.009856099635362625,0.011800199747085571,0.016000199317932128,0.009088099747896195,1.022006845309756,1.0,1.022006845309756,0.0
bf16,32,64,32,8,page-cross,2,1,graph_global,global,0.009340199828147887,0.01592019945383072,0.009888199716806411,0.011960099637508392,0.01604820042848587,0.009136100113391877,1.022339916619,1.0,1.022339916619,0.0
bf16,32,64,32,8,tail-negative,0,1,graph_global,global,0.009192100167274475,0.01610420048236847,0.009776099771261215,0.011944200098514556,0.01596820056438446,0.008964099735021592,1.02543483885639,1.0,1.02543483885639,0.0
bf16,32,64,32,8,tail-negative,1,1,graph_global,global,0.009392199665307998,0.016108199954032898,0.00978809967637062,0.011716099828481675,0.016220200061798095,0.008984100073575974,1.045424648923082,1.0,1.045424648923082,0.0
bf16,32,64,32,8,tail-negative,2,1,graph_global,chunk2,0.010044100135564804,0.015904200077056885,0.00984010025858879,0.011764200031757354,0.0162882000207901,0.009024100005626678,1.113030676666054,1.0207314835840169,1.0904245578454719,0.0
bf16,32,64,32,16,random,0,1,graph_lds_chunked(chunk=2),chunk2,0.01124809980392456,0.024792300164699556,0.010868199914693833,0.012216100096702575,0.016272200644016264,0.010664200037717819,1.0547532645807063,1.034955180454226,1.0191294120754013,0.0
bf16,32,64,32,16,random,1,1,graph_lds_chunked(chunk=2),chunk2,0.011232099682092666,0.0249562993645668,0.010656200349330902,0.012128099799156189,0.0162321999669075,0.010660199820995331,1.053648137061275,1.0540435909501198,0.9996248220735457,0.0
bf16,32,64,32,16,random,2,1,graph_lds_chunked(chunk=2),chunk2,0.011396100372076034,0.02493239939212799,0.01066809967160225,0.012344200164079666,0.016324199736118317,0.01064009964466095,1.0710520345356385,1.0682408978997142,1.0026315568346533,0.0
bf16,32,64,32,16,contiguous,0,1,graph_lds_chunked(chunk=2),chunk2,0.011184199899435043,0.02472430020570755,0.010652100294828415,0.012184099853038787,0.016436299681663512,0.010648100078105927,1.0503469931158345,1.049952553006374,1.0003756742229266,0.0
bf16,32,64,32,16,contiguous,1,1,graph_lds_chunked(chunk=2),chunk2,0.011364199966192246,0.0249562993645668,0.010656099766492844,0.012320200353860855,0.016244199872016907,0.010688100010156631,1.063257263254754,1.0664502224280934,0.9970059932417007,0.0
bf16,32,64,32,16,contiguous,2,1,graph_lds_chunked(chunk=2),chunk2,0.011236199736595153,0.024984300136566162,0.010704100131988525,0.012312199920415878,0.01620420068502426,0.010716100037097932,1.048534419956579,1.0497098866831862,0.9988801984800567,0.0
bf16,32,64,32,16,page-cross,0,1,graph_lds_chunked(chunk=2),chunk2,0.011240199953317643,0.02496030032634735,0.01069210022687912,0.012460199743509292,0.016272200644016264,0.01066809967160225,1.0536271969072697,1.0512621201455485,1.0022497498163385,0.0
bf16,32,64,32,16,page-cross,1,1,graph_lds_chunked(chunk=2),chunk2,0.011276199668645858,0.025020301342010498,0.01064009964466095,0.0121800996363163,0.01639219969511032,0.010660099983215331,1.057794925601129,1.059783276964337,0.9981238132300942,0.0
bf16,32,64,32,16,page-cross,2,1,graph_lds_chunked(chunk=2),chunk2,0.011256200075149537,0.02480439990758896,0.010660099983215331,0.012092199921607972,0.016248199343681335,0.010656099766492844,1.0563151924068557,1.055918808723444,1.000375392198848,0.0
bf16,32,64,32,16,tail-negative,0,1,graph_lds_chunked(chunk=2),chunk2,0.011292199790477752,0.024836300313472746,0.010972099751234055,0.012192100286483765,0.016460199654102326,0.010676100105047225,1.0577083091548813,1.029174000100363,1.027725446864899,0.0
bf16,32,64,32,16,tail-negative,1,1,graph_lds_chunked(chunk=2),chunk2,0.011080200225114823,0.02472829967737198,0.010860099643468856,0.012156099826097489,0.016372300684452057,0.010912100225687027,1.015404917105883,1.0202669025949807,0.9952345945195993,0.0
bf16,32,64,32,16,tail-negative,2,1,graph_lds_chunked(chunk=2),chunk2,0.011344199627637863,0.0249442994594574,0.01061210036277771,0.012372200191020966,0.016164200007915498,0.01066410019993782,1.0637746659304652,1.0689872164635772,0.9951238420321281,0.0
bf16,32,64,32,32,random,0,1,graph_lds_chunked(chunk=4),chunk4,0.01480019986629486,0.04244450032711029,0.014420199394226074,0.013460199534893035,0.01684830039739609,0.013576200604438782,1.090157717723756,1.0995527835919614,0.9914555571970688,0.0
bf16,32,64,32,32,random,1,1,graph_lds_chunked(chunk=4),chunk4,0.014820200204849244,0.042628499865531924,0.014156199991703033,0.013680200278759002,0.016804200410842896,0.01347620040178299,1.0997313606948464,1.0833321079268334,1.0151377889088842,0.0
bf16,32,64,32,32,random,2,1,graph_lds_chunked(chunk=4),chunk4,0.014792199432849883,0.04268049895763397,0.014228199422359467,0.013668200373649598,0.01689620018005371,0.013576200604438782,1.0895684193126556,1.0822346050301692,1.0067765475696298,0.0
bf16,32,64,32,32,contiguous,0,1,graph_lds_chunked(chunk=4),chunk4,0.014880199730396271,0.04245249927043915,0.01427610069513321,0.013544100522994994,0.017052200436592103,0.013484199345111848,1.1035286077842277,1.0986480575164712,1.0044423236671343,0.0
bf16,32,64,32,32,contiguous,1,1,graph_lds_chunked(chunk=4),chunk4,0.014840200543403625,0.042432600259780885,0.014308199286460876,0.013460199534893035,0.017124199867248537,0.013576099276542663,1.093112258617991,1.102524558044864,0.9914629571212783,0.0
bf16,32,64,32,32,contiguous,2,1,graph_lds_chunked(chunk=4),chunk4,0.014812199771404267,0.04260849952697754,0.014240099489688874,0.013708199560642242,0.016912199556827545,0.013588200509548187,1.0900780983468707,1.0805357556897357,1.0088311216050818,0.0
bf16,32,64,32,32,page-cross,0,1,graph_lds_chunked(chunk=4),chunk4,0.014772099256515504,0.0423445999622345,0.01435219943523407,0.013512200117111206,0.01702820062637329,0.013408200442790985,1.101721242872516,1.093241598591248,1.007756423001279,0.0
bf16,32,64,32,32,page-cross,1,1,graph_lds_chunked(chunk=4),chunk4,0.01477620005607605,0.042416501045227054,0.014216199517250061,0.01366419941186905,0.0168722003698349,0.013556200265884399,1.0899957042728197,1.0813805925022648,1.0079667712092186,0.0
bf16,32,64,32,32,page-cross,2,1,graph_lds_chunked(chunk=4),chunk4,0.014816099405288696,0.042592599987983704,0.01424420028924942,0.013460199534893035,0.01713619977235794,0.013544100522994994,1.0939153456616864,1.1007340096913678,0.9938053480953192,0.0
bf16,32,64,32,32,tail-negative,0,1,graph_lds_chunked(chunk=4),chunk4,0.014584200084209442,0.042416501045227054,0.014400200545787811,0.01358409970998764,0.01705619990825653,0.014128200709819794,1.0322758278817985,1.0736228675858792,0.961488301942513,0.0
bf16,32,64,32,32,tail-negative,1,1,graph_lds_chunked(chunk=4),chunk4,0.014920200407505035,0.04308449923992157,0.01424420028924942,0.013756200671195984,0.01692429929971695,0.013580200076103211,1.0986730919936734,1.0846163678570306,1.0129600885190548,0.0
bf16,32,64,32,32,tail-negative,2,1,graph_lds_chunked(chunk=4),chunk4,0.014816200733184815,0.042728498578071594,0.014464199542999268,0.013488200306892396,0.017144200205802918,0.013496200740337371,1.0978053022657135,1.0984564579467149,0.9994072084730435,0.0
bf16,32,64,64,8,random,0,1,graph_global,global,0.011304199695587158,0.020948199927806853,0.012092100083827972,0.015236200392246246,0.021048200130462647,0.011172100156545638,1.011824056103196,1.0,1.011824056103196,0.0
bf16,32,64,64,8,random,1,1,graph_global,global,0.011268100142478943,0.021132299304008485,0.012076099961996078,0.015196099877357483,0.021028199791908266,0.011060100048780441,1.0188063482953247,1.0,1.0188063482953247,0.0
bf16,32,64,64,8,random,2,1,graph_global,global,0.01135609969496727,0.020880299806594848,0.012296199798583984,0.01501220017671585,0.021252299845218658,0.011124199628829956,1.0208464495311924,1.0,1.0208464495311924,0.0
bf16,32,64,64,8,contiguous,0,1,graph_global,global,0.011360199749469757,0.02114419937133789,0.012180200219154358,0.015028199553489685,0.021052299439907073,0.011132100224494934,1.020490250750071,1.0,1.020490250750071,0.0
bf16,32,64,64,8,contiguous,1,1,graph_global,global,0.011244100332260133,0.02109230011701584,0.012072200328111649,0.015216200053691864,0.021072299778461458,0.011080200225114823,1.0147921611356632,1.0,1.0147921611356632,0.0
bf16,32,64,64,8,contiguous,2,1,graph_global,global,0.011080099642276764,0.02117229998111725,0.012088199704885482,0.015224200487136842,0.02103630006313324,0.01104009971022606,1.0036231495276853,1.0,1.0036231495276853,0.0
bf16,32,64,64,8,page-cross,0,1,graph_global,global,0.011184199899435043,0.021132199466228484,0.012164100259542465,0.015232199430465698,0.021088199317455293,0.011016099900007247,1.0152594839329376,1.0,1.0152594839329376,0.0
bf16,32,64,64,8,page-cross,1,1,graph_global,global,0.01100419983267784,0.021212300658226012,0.012132100015878677,0.015268200635910034,0.02108830064535141,0.011132100224494934,0.9885106683161491,1.0,0.9885106683161491,0.0
bf16,32,64,64,8,page-cross,2,1,graph_global,global,0.01127609983086586,0.021184299886226655,0.01207209974527359,0.015248200297355652,0.021096299588680267,0.011180199682712555,1.0085776775795507,1.0,1.0085776775795507,0.0
bf16,32,64,64,8,tail-negative,0,1,graph_global,chunk2,0.012084200233221053,0.021140199899673463,0.012048199772834778,0.015116199851036072,0.02096419930458069,0.011056099832057954,1.092989428169059,1.0029880364755777,1.089733265423324,0.0
bf16,32,64,64,8,tail-negative,1,1,graph_global,global,0.011212100088596345,0.021136300265789033,0.012076099961996078,0.015180200338363647,0.02103630006313324,0.010948199778795242,1.0241044477752617,1.0,1.0241044477752617,0.0
bf16,32,64,64,8,tail-negative,2,1,graph_global,global,0.011316200345754623,0.02112029939889908,0.012092100083827972,0.015260200202465057,0.021020300686359406,0.011108200252056121,1.0187249139355408,1.0,1.0187249139355408,0.0
bf16,32,64,64,16,random,0,1,graph_lds_chunked(chunk=2),chunk2,0.01445620059967041,0.03398039937019348,0.013736200332641602,0.015724200010299682,0.021740299463272095,0.013668200373649598,1.0576520832647411,1.0524162613818215,1.0049750484433269,0.0
bf16,32,64,64,16,random,1,1,graph_lds_chunked(chunk=2),chunk2,0.014480200409889222,0.034132400155067445,0.01371220052242279,0.015908199548721313,0.021608200669288636,0.013696199655532837,1.057242211275715,1.056008507621411,1.0011682705635419,0.0
bf16,32,64,64,16,random,2,1,graph_lds_chunked(chunk=2),chunk2,0.014216199517250061,0.033992400765419005,0.01390019953250885,0.015716199576854707,0.02183620035648346,0.013928200304508209,1.020677417501573,1.0227334855159576,0.9979896345983554,0.0
bf16,32,64,64,16,contiguous,0,1,graph_lds_chunked(chunk=2),chunk2,0.01454019993543625,0.033976399898529054,0.013944199681282044,0.01567620038986206,0.021800200641155242,0.013700200617313385,1.0613129209992247,1.042741804318411,1.0178098898537522,0.0
bf16,32,64,64,16,contiguous,1,1,graph_lds_chunked(chunk=2),chunk2,0.014500199258327484,0.03422040045261383,0.013688099384307862,0.015844200551509858,0.021624299883842468,0.013708199560642242,1.0577756177375155,1.0593288995951198,0.998533711429757,0.0
bf16,32,64,64,16,contiguous,2,1,graph_lds_chunked(chunk=2),chunk2,0.014504100382328033,0.03416840136051178,0.01382009983062744,0.015960200130939482,0.021928299963474274,0.013756099343299865,1.0543759550117304,1.0494931700988688,1.0046525170929903,0.0
bf16,32,64,64,16,page-cross,0,1,graph_lds_chunked(chunk=2),chunk2,0.01461620032787323,0.03443639874458313,0.013776199519634246,0.01597220003604889,0.02170419991016388,0.013732199370861054,1.0643743171168907,1.0609747853202758,1.003204158895811,0.0
bf16,32,64,64,16,page-cross,1,1,graph_lds_chunked(chunk=2),chunk2,0.014548200368881225,0.034028398990631106,0.013880200684070587,0.015652200579643248,0.021584199368953706,0.013800199329853057,1.0542021909357546,1.048126082613291,1.0057971158463246,0.0
bf16,32,64,64,16,page-cross,2,1,graph_lds_chunked(chunk=2),chunk2,0.014572200179100037,0.03427639901638031,0.013704200088977814,0.015868200361728667,0.02156430035829544,0.013708199560642242,1.0630280157970882,1.063338252833914,0.9997082423810119,0.0
bf16,32,64,64,16,tail-negative,0,1,graph_lds_chunked(chunk=2),chunk2,0.014348199963569641,0.033860400319099426,0.013600100576877595,0.015636199712753297,0.021524299681186677,0.013608099520206451,1.054386760051558,1.0550069010492422,0.9994121924728006,0.0
bf16,32,64,64,16,tail-negative,1,1,graph_lds_chunked(chunk=2),chunk2,0.01443219929933548,0.0341843992471695,0.01366419941186905,0.01580419987440109,0.02156829982995987,0.01366019994020462,1.0565144992394082,1.0562052604998817,1.0002927828056642,0.0
bf16,32,64,64,16,tail-negative,2,1,graph_lds_chunked(chunk=2),chunk2,0.014360199868679046,0.03412840068340302,0.013728199899196625,0.0157041996717453,0.0215721994638443,0.013672199845314027,1.0503210917883725,1.0460366234555927,1.0040959066219173,0.0
bf16,32,64,64,32,random,0,1,graph_lds_chunked(chunk=4),chunk4,0.020472200214862825,0.06098880171775818,0.019136300683021544,0.018232299387454985,0.022804300487041473,0.018124300241470336,1.1295443102415752,1.1228534470506248,1.0059588036252862,0.0
bf16,32,64,64,32,random,1,1,graph_lds_chunked(chunk=4),chunk4,0.020436300337314604,0.06019269824028015,0.019268199801445007,0.01829629987478256,0.022860300540924073,0.01817619949579239,1.1243439720193105,1.116963565156776,1.0066075627645907,0.0
bf16,32,64,64,32,random,2,1,graph_lds_chunked(chunk=4),chunk4,0.020432299375534056,0.06013669967651367,0.01915619969367981,0.01803230047225952,0.023084199428558348,0.018104200065135957,1.1285944312381646,1.1330944383367303,0.9960285683643711,0.0
bf16,32,64,64,32,contiguous,0,1,graph_lds_chunked(chunk=4),chunk4,0.020600299537181854,0.05992869734764099,0.019396199285984038,0.018136300146579742,0.022712300717830657,0.018204200267791747,1.1316234294361982,1.1358600911259613,0.9962700849137471,0.0
bf16,32,64,64,32,contiguous,1,1,graph_lds_chunked(chunk=4),chunk4,0.020516300201416017,0.05999280214309692,0.019320200383663177,0.01809220016002655,0.02283630073070526,0.01814830005168915,1.1304805487556653,1.1339859176854203,0.9969088073537016,0.0
bf16,32,64,64,32,contiguous,2,1,graph_lds_chunked(chunk=4),chunk4,0.020500299334526063,0.06032869815826416,0.019412200152873992,0.018348300457000734,0.022936299443244934,0.018100200593471526,1.132600670841196,1.1172860060019478,1.0137070228723706,0.0
bf16,32,64,64,32,page-cross,0,1,graph_lds_chunked(chunk=4),chunk4,0.02064030021429062,0.060148698091506955,0.019140200316905977,0.018308299779891967,0.02281229943037033,0.01825219988822937,1.1308390408107085,1.1273739485607448,1.0030735961695652,0.0
bf16,32,64,64,32,page-cross,1,1,graph_lds_chunked(chunk=4),chunk4,0.020572300255298614,0.06093270182609558,0.01928820013999939,0.018240199983119966,0.022716300189495088,0.018116199970245363,1.1355748053723866,1.1278549727709588,1.0068447032533459,0.0
bf16,32,64,64,32,page-cross,2,1,graph_lds_chunked(chunk=4),chunk4,0.020520299673080444,0.060092699527740476,0.01926420032978058,0.01826830059289932,0.02273229956626892,0.018136200308799744,1.1314552841106373,1.1232735945376577,1.0072837905322143,0.0
bf16,32,64,64,32,tail-negative,0,1,graph_lds_chunked(chunk=4),chunk4,0.02003619968891144,0.05986480116844177,0.019324299693107606,0.01806430071592331,0.02290029972791672,0.018212200701236726,1.1001525854890701,1.109159994842753,0.9918790711930067,0.0
bf16,32,64,64,32,tail-negative,1,1,graph_lds_chunked(chunk=4),chunk4,0.020284299552440644,0.06002879738807678,0.019052299857139587,0.01824820041656494,0.022628200054168702,0.018100300431251527,1.1206609320925016,1.1115780783527245,1.0081711342789677,0.0
bf16,32,64,64,32,tail-negative,2,1,graph_lds_chunked(chunk=4),chunk4,0.020232300460338592,0.05964069962501526,0.019192199409008025,0.018028199672698975,0.0228643000125885,0.018296200037002563,1.105819810639391,1.1222585076521756,0.9853521297448881,0.0
bf16,32,64,128,8,random,0,1,graph_global,global,0.014992199838161469,0.030732399225234984,0.01684020012617111,0.021392300724983215,0.031072399020195006,0.01514420062303543,0.9899631027970696,1.0,0.9899631027970696,0.0
bf16,32,64,128,8,random,1,1,graph_global,global,0.015316100418567657,0.030868399143218993,0.016780200600624084,0.021556299924850465,0.03084830045700073,0.01501619964838028,1.0199718155864907,1.0,1.0199718155864907,0.0
bf16,32,64,128,8,random,2,1,graph_global,global,0.015416200459003448,0.030856400728225708,0.016800199449062348,0.021560299396514892,0.030812400579452514,0.01506820023059845,1.0230950095618139,1.0,1.0230950095618139,0.0
bf16,32,64,128,8,contiguous,0,1,graph_global,global,0.015316200256347657,0.030888399481773375,0.016916200518608093,0.02159229964017868,0.030832400918006896,0.015156200528144837,1.0105567175563364,1.0,1.0105567175563364,0.0
bf16,32,64,128,8,contiguous,1,1,graph_global,global,0.015368199348449707,0.030888399481773375,0.01682019978761673,0.021548299491405486,0.03079639971256256,0.015036199986934663,1.0220800043763403,1.0,1.0220800043763403,0.0
bf16,32,64,128,8,contiguous,2,1,graph_global,global,0.015324200689792632,0.030892398953437806,0.016816200315952302,0.021548299491405486,0.030860400199890135,0.015104199945926666,1.0145655343979538,1.0,1.0145655343979538,0.0
bf16,32,64,128,8,page-cross,0,1,graph_global,global,0.015220199525356293,0.030884400010108948,0.016884200274944305,0.021572299301624298,0.030848398804664612,0.015000200271606446,1.014666421098809,1.0,1.014666421098809,0.0
bf16,32,64,128,8,page-cross,1,1,graph_global,global,0.015288199484348296,0.030836400389671326,0.01684820055961609,0.021552300453186034,0.030820399522781372,0.01514420062303543,1.0095085151667782,1.0,1.0095085151667782,0.0
bf16,32,64,128,8,page-cross,2,1,graph_global,global,0.015296199917793274,0.03088040053844452,0.016856199502944945,0.02161229997873306,0.03077239990234375,0.015084199607372284,1.0140544620158285,1.0,1.0140544620158285,0.0
bf16,32,64,128,8,tail-negative,0,1,graph_global,global,0.015208199620246887,0.030864399671554566,0.016768200695514678,0.021532300114631652,0.030788400769233705,0.014928199350833893,1.0187564663917321,1.0,1.0187564663917321,0.0
bf16,32,64,128,8,tail-negative,1,1,graph_global,global,0.015292200446128845,0.030884400010108948,0.016824199259281157,0.02151630073785782,0.030840399861335754,0.014920100569725037,1.0249395018930938,1.0,1.0249395018930938,0.0
bf16,32,64,128,8,tail-negative,2,1,graph_global,global,0.015136200189590453,0.030988401174545287,0.01674019992351532,0.021472300589084625,0.030820399522781372,0.015032200515270234,1.006918459756745,1.0,1.006918459756745,0.0
bf16,32,64,128,16,random,0,1,graph_lds_chunked(chunk=2),chunk2,0.020880299806594848,0.05176870226860046,0.019780300557613373,0.02294829934835434,0.03244839906692505,0.019668200612068178,1.0616273556709066,1.0556108460423816,1.0056995526818255,0.0
bf16,32,64,128,16,random,1,1,graph_lds_chunked(chunk=2),chunk2,0.02104019969701767,0.052116602659225464,0.01979220062494278,0.022920200228691102,0.03215239942073822,0.019776199758052827,1.0639152089091406,1.0630550940607442,1.0008090971514099,0.0
bf16,32,64,128,16,random,2,1,graph_lds_chunked(chunk=2),chunk2,0.021920299530029295,0.05164459943771362,0.019644199311733244,0.022924299538135528,0.032480499148368834,0.019772300124168397,1.1086367995818212,1.1158662759513218,0.9935211982606631,0.0
bf16,32,64,128,16,contiguous,0,1,graph_lds_chunked(chunk=2),chunk2,0.021136200428009032,0.052160602807998654,0.019984200596809387,0.022936199605464936,0.03276839852333069,0.01990019977092743,1.0621099622772279,1.0576455298083611,1.0042211046546716,0.0
bf16,32,64,128,16,contiguous,1,1,graph_lds_chunked(chunk=2),chunk2,0.021216300129890443,0.05210469961166382,0.01982029974460602,0.022832299768924712,0.03214040100574493,0.019800299406051637,1.071514106670833,1.070432859405385,1.0010101028345193,0.0
bf16,32,64,128,16,contiguous,2,1,graph_lds_chunked(chunk=2),chunk2,0.021008299291133882,0.05175259709358215,0.019700199365615845,0.022748300433158876,0.03222840130329132,0.019692300260066985,1.0668281010185257,1.0664003394707344,1.0004011266050457,0.0
bf16,32,64,128,16,page-cross,0,1,graph_lds_chunked(chunk=2),chunk2,0.020992200076580047,0.051724600791931155,0.019752199947834014,0.02286829948425293,0.03249639868736267,0.01973620057106018,1.0636393768394095,1.0627778238384027,1.0008106614399377,0.0
bf16,32,64,128,16,page-cross,1,1,graph_lds_chunked(chunk=2),chunk2,0.021256199479103087,0.05223259925842285,0.019936199486255645,0.022776299715042116,0.03210040032863617,0.01994819939136505,1.0655698322478282,1.0662112151193848,0.9993984467031847,0.0
bf16,32,64,128,16,page-cross,2,1,graph_lds_chunked(chunk=2),chunk2,0.02098429948091507,0.05164459943771362,0.019724200665950774,0.022800299525260925,0.03224039971828461,0.019728299975395203,1.0636648625115355,1.0638859255340858,0.9997922117237906,0.0
bf16,32,64,128,16,tail-negative,0,1,graph_lds_chunked(chunk=2),chunk2,0.02082419991493225,0.052720701694488524,0.019668200612068178,0.02272830009460449,0.032384398579597476,0.019668200612068178,1.0587750412793107,1.0587750412793107,1.0,0.0
bf16,32,64,128,16,tail-negative,1,1,graph_lds_chunked(chunk=2),chunk2,0.02095630019903183,0.051528602838516235,0.01955219954252243,0.022624300420284273,0.03214839994907379,0.019636300206184388,1.067222439002624,1.0718129258785305,0.9957170819971742,0.0
bf16,32,64,128,16,tail-negative,2,1,graph_lds_chunked(chunk=2),chunk2,0.020708300173282623,0.051288700103759764,0.019776299595832825,0.022604300081729888,0.0323523998260498,0.01952420026063919,1.0606478061501234,1.0471271469636405,1.0129121465580266,0.0
bf16,32,64,128,32,random,0,1,graph_lds_chunked(chunk=4),chunk4,0.031500399112701416,0.09676120281219483,0.029880398511886598,0.02764039933681488,0.03465650081634521,0.0271043986082077,1.162187716024901,1.1396506515282256,1.0197754149189966,0.0
bf16,32,64,128,32,random,1,1,graph_lds_chunked(chunk=4),chunk4,0.03176839947700501,0.09688519835472106,0.02995240092277527,0.027612298727035522,0.03462440073490143,0.02715640068054199,1.1698310041421502,1.150516289536597,1.0167878671351387,0.0
bf16,32,64,128,32,random,2,1,graph_lds_chunked(chunk=4),chunk4,0.031892400979995725,0.09687730073928832,0.03003239929676056,0.027656298875808717,0.03482840061187744,0.02724429965019226,1.1706082149104047,1.1531695229072165,1.0151224010492612,0.0
bf16,32,64,128,32,contiguous,0,1,graph_lds_chunked(chunk=4),chunk4,0.03282440006732941,0.09800519943237304,0.030564400553703307,0.02771629989147186,0.0347324013710022,0.027876400947570802,1.1774977741590342,1.1842994987014583,0.994256753000502,0.0
bf16,32,64,128,32,contiguous,1,1,graph_lds_chunked(chunk=4),chunk4,0.03246450126171112,0.09726920127868652,0.029960399866104125,0.027344301342964172,0.0343203991651535,0.027780398726463318,1.168611782047094,1.1872492500183918,0.9843019753678437,0.0
bf16,32,64,128,32,contiguous,2,1,graph_lds_chunked(chunk=4),chunk4,0.032116401195526126,0.09680920243263244,0.029884400963783263,0.027248299121856688,0.034576401114463806,0.027316400408744813,1.1757186420962216,1.178657098995386,0.997506945063438,0.0
bf16,32,64,128,32,page-cross,0,1,graph_lds_chunked(chunk=4),chunk4,0.032672399282455446,0.09674530029296875,0.029860401153564455,0.027468299865722655,0.034364399313926694,0.02719630002975464,1.2013545683313382,1.1894583735496103,1.0100013544368325,0.0
bf16,32,64,128,32,page-cross,1,1,graph_lds_chunked(chunk=4),chunk4,0.03212040066719055,0.09673320055007935,0.029880398511886598,0.02748039960861206,0.03435240089893341,0.027236399054527283,1.1793189181464663,1.1688476559534589,1.008958620175754,0.0
bf16,32,64,128,32,page-cross,2,1,graph_lds_chunked(chunk=4),chunk4,0.03208039999008179,0.09675329923629761,0.029808399081230164,0.027308300137519836,0.03420040011405945,0.027160298824310303,1.1811504798823371,1.1747490626853554,1.0054491783822739,0.0
bf16,32,64,128,32,tail-negative,0,1,graph_lds_chunked(chunk=4),chunk4,0.03146040141582489,0.09674519896507264,0.029540398716926576,0.027280399203300477,0.03431650102138519,0.02697240114212036,1.166392315243155,1.1532236453496876,1.0114190078798415,0.0
bf16,32,64,128,32,tail-negative,1,1,graph_lds_chunked(chunk=4),chunk4,0.03158040046691894,0.09675329923629761,0.029540398716926576,0.02730030119419098,0.0343203991651535,0.02710829973220825,1.1649716425924435,1.1567784634419598,1.0070827556091466,0.0
bf16,32,64,128,32,tail-negative,2,1,graph_lds_chunked(chunk=4),chunk4,0.031700399518013,0.0967851996421814,0.029588401317596436,0.027444401383399965,0.03429650068283081,0.02722429931163788,1.164415625729683,1.1550770984273433,1.0080847653503426,0.0
bf16,32,128,32,8,random,0,1,graph_global,global,0.011348100006580352,0.02124830037355423,0.012184199690818787,0.015276199579238892,0.02100429981946945,0.011104100197553635,1.0219738479197507,1.0,1.0219738479197507,0.0
bf16,32,128,32,8,random,1,1,graph_global,global,0.011284100264310837,0.021076300740242006,0.01207209974527359,0.015168100595474243,0.020972299575805663,0.010976199805736542,1.0280516448337043,1.0,1.0280516448337043,0.0
bf16,32,128,32,8,random,2,1,graph_global,global,0.01125210002064705,0.02103630006313324,0.01212019994854927,0.0151761993765831,0.020932300388813017,0.011032199859619141,1.0199325758983757,1.0,1.0199325758983757,0.0
bf16,32,128,32,8,contiguous,0,1,graph_global,global,0.011372099816799163,0.02108830064535141,0.012128199636936187,0.015272200107574463,0.02098429948091507,0.01101209968328476,1.032691325348321,1.0,1.032691325348321,0.0
bf16,32,128,32,8,contiguous,1,1,graph_global,global,0.011072099953889847,0.021016299724578857,0.013597199320793152,0.015032200515270234,0.021180200576782226,0.011104100197553635,0.997118159680256,1.0,0.997118159680256,0.0
bf16,32,128,32,8,contiguous,2,1,graph_global,global,0.011100199818611146,0.02112420052289963,0.012108200043439866,0.015232199430465698,0.020960299670696257,0.01100810021162033,1.0083665305747846,1.0,1.0083665305747846,0.0
bf16,32,128,32,8,page-cross,0,1,graph_global,global,0.01130409985780716,0.021152299642562867,0.01212019994854927,0.015212200582027435,0.020964300632476805,0.011156199872493744,1.0132572011082441,1.0,1.0132572011082441,0.0
bf16,32,128,32,8,page-cross,1,1,graph_global,global,0.011344199627637863,0.021136200428009032,0.01214810013771057,0.015192200243473054,0.020972199738025665,0.011044099926948547,1.0271728527154165,1.0,1.0271728527154165,0.0
bf16,32,128,32,8,page-cross,2,1,graph_global,global,0.011368100345134736,0.02103230059146881,0.012144199758768081,0.015224200487136842,0.020972299575805663,0.011100199818611146,1.0241347481037606,1.0,1.0241347481037606,0.0
bf16,32,128,32,8,tail-negative,0,1,graph_global,global,0.011280199885368348,0.021020199358463287,0.012132199853658676,0.015240199863910675,0.020924200117588044,0.011000099778175353,1.025463415136354,1.0,1.025463415136354,0.0
bf16,32,128,32,8,tail-negative,1,1,graph_global,global,0.01122409999370575,0.02108830064535141,0.012104099988937378,0.015116100013256074,0.020952300727367403,0.01098020002245903,1.0222127074869167,1.0,1.0222127074869167,0.0
bf16,32,128,32,8,tail-negative,2,1,graph_global,global,0.011272100359201431,0.020972299575805663,0.012104199826717376,0.015164199471473693,0.02090030014514923,0.011072099953889847,1.0180634573517664,1.0,1.0180634573517664,0.0
bf16,32,128,32,16,random,0,1,graph_lds_chunked(chunk=2),chunk2,0.014468200504779816,0.03379240036010742,0.013604199886322022,0.015736199915409088,0.021688300371170043,0.013620199263095855,1.0622605606058666,1.0635098444360906,0.9988253199189836,0.0
bf16,32,128,32,16,random,1,1,graph_lds_chunked(chunk=2),chunk2,0.014444200694561005,0.03358849883079529,0.013596099615097047,0.015820200741291045,0.021636299788951874,0.013692200183868408,1.054921816844204,1.0623782631396899,0.9929813640261714,0.0
bf16,32,128,32,16,random,2,1,graph_lds_chunked(chunk=2),chunk2,0.014400200545787811,0.03364439904689789,0.013844199478626251,0.01568419933319092,0.021580199897289275,0.013620199263095855,1.0572679788030255,1.0401613013464561,1.0164461775634464,0.0
bf16,32,128,32,16,contiguous,0,1,graph_lds_chunked(chunk=2),chunk2,0.014608199894428252,0.03390440046787262,0.013732199370861054,0.01586019992828369,0.021676300466060637,0.013772200047969817,1.0607019825116228,1.063791713177863,0.9970955492245657,0.0
bf16,32,128,32,16,contiguous,1,1,graph_lds_chunked(chunk=2),chunk2,0.014636200666427613,0.03369239866733551,0.013680200278759002,0.015712200105190276,0.02154030054807663,0.013744199275970459,1.0649002079020111,1.0698820461826846,0.9953435630605744,0.0
bf16,32,128,32,16,contiguous,2,1,graph_lds_chunked(chunk=2),chunk2,0.014652100205421448,0.03367240130901337,0.01372009962797165,0.01594419926404953,0.021596300601959228,0.01379610002040863,1.0620465337121747,1.0679295779711173,0.9944911683501458,0.0
bf16,32,128,32,16,page-cross,0,1,graph_lds_chunked(chunk=2),chunk2,0.014584100246429444,0.033704400062561035,0.01363610029220581,0.01575219929218292,0.021576300263404846,0.013724100589752198,1.0626634620646405,1.0695213392325589,0.9935879005716339,0.0
bf16,32,128,32,16,page-cross,1,1,graph_lds_chunked(chunk=2),chunk2,0.014604200422763825,0.033804398775100705,0.013676199316978454,0.015696200728416442,0.021776199340820312,0.013720199465751648,1.0644306199205646,1.0678551901940545,0.9967930386957546,0.0
bf16,32,128,32,16,page-cross,2,1,graph_lds_chunked(chunk=2),chunk2,0.014624199271202088,0.033872398734092715,0.013676199316978454,0.015872199833393098,0.021632200479507445,0.013700200617313385,1.0674441695927441,1.0693175005900015,0.9982481059215585,0.0
bf16,32,128,32,16,tail-negative,0,1,graph_lds_chunked(chunk=2),chunk2,0.014452099800109863,0.034124401211738584,0.013684099912643433,0.01597220003604889,0.02172030061483383,0.013616099953651428,1.0613978928844632,1.0561235223631213,1.0049940848865295,0.0
bf16,32,128,32,16,tail-negative,1,1,graph_lds_chunked(chunk=2),chunk2,0.014400100708007813,0.033832401037216187,0.013628099858760834,0.01584019958972931,0.021500299870967864,0.013612100481987,1.057889686243764,1.056647724719356,1.0011753789795341,0.0
bf16,32,128,32,16,tail-negative,2,1,graph_lds_chunked(chunk=2),chunk2,0.014392200112342834,0.03382439911365509,0.013624200224876403,0.015844200551509858,0.021532200276851654,0.013596199452877045,1.0585458210012761,1.0563702731015463,1.0020594558131046,0.0
bf16,32,128,32,32,random,0,1,graph_lds_chunked(chunk=4),chunk4,0.020368200540542603,0.05913280248641968,0.019036300480365753,0.01801619976758957,0.023012299835681916,0.018108199536800384,1.1248053954314636,1.130549216998814,0.9949194413821292,0.0
bf16,32,128,32,32,random,1,1,graph_lds_chunked(chunk=4),chunk4,0.020336200296878815,0.05932080149650574,0.019032299518585205,0.01795620024204254,0.022888299822807313,0.017948199808597565,1.1330495823395808,1.1325447490423812,1.000445751302654,0.0
bf16,32,128,32,32,random,2,1,graph_lds_chunked(chunk=4),chunk4,0.02029229998588562,0.06066079735755921,0.019328300654888154,0.018468199670314787,0.02318429946899414,0.018004199862480162,1.1270870208552695,1.0987697960891571,1.0257717538895788,0.0
bf16,32,128,32,32,contiguous,0,1,graph_lds_chunked(chunk=4),chunk4,0.02092819958925247,0.059996801614761355,0.019324299693107606,0.01818020045757294,0.022704300284385682,0.018084199726581575,1.1572643470913762,1.1511534010910676,1.0053085418455234,0.0
bf16,32,128,32,32,contiguous,1,1,graph_lds_chunked(chunk=4),chunk4,0.0205363005399704,0.05936480164527893,0.019172300398349763,0.018168200552463532,0.022780300676822664,0.01804019957780838,1.1383632676232984,1.1303431223509783,1.0070953192121337,0.0
bf16,32,128,32,32,contiguous,2,1,graph_lds_chunked(chunk=4),chunk4,0.020548200607299803,0.059208798408508304,0.019144299626350402,0.017924199998378753,0.02287230044603348,0.018080200254917144,1.1365029323561533,1.1463942942590684,0.9913717627936137,0.0
bf16,32,128,32,32,page-cross,0,1,graph_lds_chunked(chunk=4),chunk4,0.02085629999637604,0.059208798408508304,0.019408200681209565,0.017976200580596922,0.02284429967403412,0.018136300146579742,1.1499754540789981,1.1602173608859163,0.9911724241058608,0.0
bf16,32,128,32,32,page-cross,1,1,graph_lds_chunked(chunk=4),chunk4,0.020544199645519255,0.05924479961395264,0.0190762996673584,0.01819220036268234,0.022740299999713897,0.017912200093269347,1.1469389320432448,1.1292861355936674,1.0156318189811986,0.0
bf16,32,128,32,32,page-cross,2,1,graph_lds_chunked(chunk=4),chunk4,0.02052830010652542,0.059492701292037965,0.019116200506687164,0.01811629980802536,0.022652299702167512,0.01793619990348816,1.1445178029340073,1.1331397870458935,1.0100411405708172,0.0
bf16,32,128,32,32,tail-negative,0,1,graph_lds_chunked(chunk=4),chunk4,0.02029229998588562,0.05940470099449158,0.01891230046749115,0.018108199536800384,0.022744299471378328,0.017944200336933135,1.130855630502496,1.1206138934269305,1.0091393986239499,0.0
bf16,32,128,32,32,tail-negative,1,1,graph_lds_chunked(chunk=4),chunk4,0.021407300233840944,0.05928879976272583,0.019028200209140776,0.018104200065135957,0.022716300189495088,0.01789630055427551,1.19618577978825,1.1824493850499316,1.011616898712107,0.0
bf16,32,128,32,32,tail-negative,2,1,graph_lds_chunked(chunk=4),chunk4,0.020216299593448638,0.05939670205116272,0.018960200250148773,0.018132199347019196,0.02270829975605011,0.017896200716495513,1.1296419789712469,1.1149391867221035,1.0131870799988376,0.0
bf16,32,128,64,8,random,0,1,graph_global,global,0.015168200433254241,0.031212401390075684,0.016796199977397917,0.02153619974851608,0.030840399861335754,0.01501220017671585,1.0103915651737945,1.0,1.0103915651737945,0.0
bf16,32,128,64,8,random,1,1,graph_global,global,0.015204200148582458,0.030968400835990905,0.01671220064163208,0.02127230018377304,0.030864399671554566,0.015052199363708496,1.010098244196821,1.0,1.010098244196821,0.0
bf16,32,128,64,8,random,2,1,graph_global,global,0.015216200053691864,0.030948400497436523,0.016828200221061705,0.02133219987154007,0.031056401133537293,0.015008200705051423,1.0138590463126225,1.0,1.0138590463126225,0.0
bf16,32,128,64,8,contiguous,0,1,graph_global,global,0.015312199294567109,0.03087640106678009,0.016816200315952302,0.021372300386428834,0.030940398573875427,0.015064099431037902,1.0164696113873242,1.0,1.0164696113873242,0.0
bf16,32,128,64,8,contiguous,1,1,graph_global,global,0.015276199579238892,0.030888399481773375,0.016832199692726136,0.021360300481319427,0.03100839853286743,0.015036199986934663,1.0159614525287486,1.0,1.0159614525287486,0.0
bf16,32,128,64,8,contiguous,2,1,graph_global,global,0.015284200012683869,0.031048300862312316,0.016824199259281157,0.021524299681186677,0.030996400117874145,0.0151201993227005,1.010846463494509,1.0,1.010846463494509,0.0
bf16,32,128,64,8,page-cross,0,1,graph_global,global,0.01506820023059845,0.031028300523757935,0.016788199543952942,0.021536299586296083,0.030936399102211,0.015080200135707855,0.9992042608850402,1.0,0.9992042608850402,0.0
bf16,32,128,64,8,page-cross,1,1,graph_global,global,0.015272100269794465,0.03100839853286743,0.016776199638843536,0.02156430035829544,0.03090440034866333,0.015008200705051423,1.0175836910719231,1.0,1.0175836910719231,0.0
bf16,32,128,64,8,page-cross,2,1,graph_global,global,0.015244199335575104,0.031056401133537293,0.016788199543952942,0.021336300671100615,0.030944401025772096,0.015088200569152832,1.0103391233240366,1.0,1.0103391233240366,0.0
bf16,32,128,64,8,tail-negative,0,1,graph_global,global,0.014964200556278229,0.03074840009212494,0.016860200464725493,0.021288299560546876,0.031104400753974915,0.01509619951248169,0.9912561465490488,1.0,0.9912561465490488,0.0
bf16,32,128,64,8,tail-negative,1,1,graph_global,global,0.015160199999809266,0.030948400497436523,0.0166922003030777,0.021396300196647643,0.03085240125656128,0.014888100326061249,1.0182763191937734,1.0,1.0182763191937734,0.0
bf16,32,128,64,8,tail-negative,2,1,graph_global,global,0.015076200664043426,0.0307204008102417,0.0169282004237175,0.021284300088882446,0.03085240125656128,0.014888100326061249,1.0126342739411094,1.0,1.0126342739411094,0.0
bf16,32,128,64,16,random,0,1,graph_lds_chunked(chunk=2),chunk2,0.020856200158596037,0.051796698570251466,0.019664299488067628,0.022744299471378328,0.032004401087760925,0.019548200070858,1.0669115357422585,1.0606124144545124,1.0059391359198693,0.0
bf16,32,128,64,16,random,1,1,graph_lds_chunked(chunk=2),chunk2,0.020792199671268462,0.05169270038604736,0.019548299908638,0.02272830009460449,0.032192400097846983,0.019476200640201568,1.0675695971395207,1.0636321198489904,1.0037019164963628,0.0
bf16,32,128,64,16,random,2,1,graph_lds_chunked(chunk=2),chunk2,0.020920200645923613,0.051884698867797854,0.01958429962396622,0.022692300379276276,0.031920400261878965,0.01966419965028763,1.0638724696643127,1.0682128566049198,0.9959367771003972,0.0
bf16,32,128,64,16,contiguous,0,1,graph_lds_chunked(chunk=2),chunk2,0.02108830064535141,0.05154460072517395,0.01981620043516159,0.022560299932956697,0.03230040073394776,0.019616299867630006,1.0750396755583063,1.064194960802507,1.0101905338356625,0.0
bf16,32,128,64,16,contiguous,1,1,graph_lds_chunked(chunk=2),chunk2,0.020964300632476805,0.052040600776672365,0.019784200191497802,0.022936299443244934,0.032288399338722226,0.019592300057411194,1.0700275399542294,1.0596486301976538,1.0097946710454762,0.0
bf16,32,128,64,16,contiguous,2,1,graph_lds_chunked(chunk=2),chunk2,0.021320199966430663,0.05204470157623291,0.019748300313949585,0.022704300284385682,0.03251239955425263,0.019696199893951417,1.0824524568811857,1.0795967059185714,1.0026452016266432,0.0
bf16,32,128,64,16,page-cross,0,1,graph_lds_chunked(chunk=2),chunk2,0.021308299899101258,0.05220469832420349,0.019780200719833375,0.02290029972791672,0.032332399487495424,0.019716300070285797,1.0807453641474418,1.0772539773944596,1.0032410061380574,0.0
bf16,32,128,64,16,page-cross,1,1,graph_lds_chunked(chunk=2),chunk2,0.021216300129890443,0.05184869766235352,0.01979220062494278,0.02264830023050308,0.03207249939441681,0.01979230046272278,1.0719471528764255,1.0719525600984947,0.9999949557263348,0.0
bf16,32,128,64,16,page-cross,2,1,graph_lds_chunked(chunk=2),chunk2,0.021088199317455293,0.05173659920692444,0.019592200219631196,0.022568200528621674,0.03223640024662018,0.01970819979906082,1.070021591645333,1.0763568706451418,0.994114146364847,0.0
bf16,32,128,64,16,tail-negative,0,1,graph_lds_chunked(chunk=2),chunk2,0.020804299414157866,0.0522367000579834,0.019428199529647826,0.022668300569057463,0.031988400220870974,0.019644300639629363,1.0590501436425985,1.0708300263444426,0.9889992973562222,0.0
bf16,32,128,64,16,tail-negative,1,1,graph_lds_chunked(chunk=2),chunk2,0.020600299537181854,0.0514165997505188,0.01947219967842102,0.02249229997396469,0.03214040100574493,0.01950020045042038,1.0564147578666432,1.0579338686635895,0.9985640777349672,0.0
bf16,32,128,64,16,tail-negative,2,1,graph_lds_chunked(chunk=2),chunk2,0.0207163006067276,0.05146059989929199,0.019740200042724608,0.022504299879074097,0.03224039971828461,0.01949629932641983,1.0625760437856286,1.0494473491601084,1.0125101031852883,0.0
bf16,32,128,64,32,random,0,1,graph_lds_chunked(chunk=4),chunk4,0.03174839913845062,0.09668120145797729,0.029540398716926576,0.027104300260543824,0.03443639874458313,0.027052301168441772,1.173593290299723,1.1713417735659934,1.0019221689045335,0.0
bf16,32,128,64,32,random,1,1,graph_lds_chunked(chunk=4),chunk4,0.03215639889240265,0.09756529927253724,0.030044400691986085,0.027920299768447877,0.03498840034008026,0.027440398931503296,1.1718633891829133,1.1517211190096854,1.0174888432978875,0.0
bf16,32,128,64,32,random,2,1,graph_lds_chunked(chunk=4),chunk4,0.032320401072502135,0.09742119908332825,0.030244401097297667,0.02726840078830719,0.03448449969291687,0.02745630145072937,1.1771578604824633,1.1852694011436589,0.9931563738561302,0.0
bf16,32,128,64,32,contiguous,0,1,graph_lds_chunked(chunk=4),chunk4,0.0329804003238678,0.0973691999912262,0.030204299092292785,0.02753230035305023,0.03447650074958801,0.02730430066585541,1.2078829898438113,1.1978803042592112,1.0083503214378218,0.0
bf16,32,128,64,32,contiguous,1,1,graph_lds_chunked(chunk=4),chunk4,0.032192501425743106,0.09750919938087463,0.030092400312423707,0.027548399567604066,0.034560400247573855,0.02718439996242523,1.1842270372066392,1.1685797335247141,1.0133900180133444,0.0
bf16,32,128,64,32,contiguous,2,1,graph_lds_chunked(chunk=4),chunk4,0.032428398728370667,0.09692130088806153,0.02986840009689331,0.027284300327301024,0.03415240049362182,0.027344399690628053,1.18592469007411,1.1885369366031495,0.997802132648477,0.0
bf16,32,128,64,32,page-cross,0,1,graph_lds_chunked(chunk=4),chunk4,0.03209240138530731,0.09686920046806335,0.029772299528121948,0.027240300178527833,0.03418450057506561,0.027368301153182985,1.172612110838853,1.1781221636685248,0.9953230208211055,0.0
bf16,32,128,64,32,page-cross,1,1,graph_lds_chunked(chunk=4),chunk4,0.03238449990749359,0.09695720076560974,0.03008440136909485,0.02769240140914917,0.03479639887809753,0.027420398592948914,1.1810368035941383,1.1694363168083437,1.00991972510094,0.0
bf16,32,128,64,32,page-cross,2,1,graph_lds_chunked(chunk=4),chunk4,0.03209640085697174,0.09681320190429688,0.030016300082206727,0.027576300501823425,0.034452500939369204,0.02711629867553711,1.1836571517751948,1.1639124999689292,1.0169640345015563,0.0
bf16,32,128,64,32,tail-negative,0,1,graph_lds_chunked(chunk=4),chunk4,0.03143239915370941,0.0968891978263855,0.029664400219917297,0.02743639945983887,0.0344404011964798,0.02697640061378479,1.1651813599493934,1.145645921933738,1.0170518985330839,0.0
bf16,32,128,64,32,tail-negative,1,1,graph_lds_chunked(chunk=4),chunk4,0.03144040107727051,0.09680920243263244,0.029668301343917847,0.02750430107116699,0.03450050055980682,0.027016299962997436,1.1637567365010195,1.1431085267689194,1.0180632103151779,0.0
bf16,32,128,64,32,tail-negative,2,1,graph_lds_chunked(chunk=4),chunk4,0.031444400548934937,0.09675319790840149,0.029592400789260863,0.027372398972511293,0.03436839878559113,0.026940399408340455,1.1671839037100575,1.1487630507107889,1.0160353808279878,0.0
bf16,32,128,128,8,random,0,1,graph_global,global,0.023008200526237487,0.05043269991874695,0.025880300998687746,0.0340164989233017,0.050308597087860105,0.02275629937648773,1.0110695129107867,1.0,1.0110695129107867,0.0
bf16,32,128,128,8,random,1,1,graph_global,global,0.0228643000125885,0.050340700149536136,0.02584039866924286,0.03411650061607361,0.0502206027507782,0.022620299458503725,1.0107867959278076,1.0,1.0107867959278076,0.0
bf16,32,128,128,8,random,2,1,graph_global,global,0.022832299768924712,0.050312697887420654,0.025872400403022765,0.034048399329185484,0.05027660131454468,0.02268030047416687,1.0067018201514117,1.0,1.0067018201514117,0.0
bf16,32,128,128,8,contiguous,0,1,graph_global,global,0.023116299510002138,0.050652599334716795,0.02613230049610138,0.03441640138626099,0.0505886971950531,0.02291229963302612,1.0089035094793353,1.0,1.0089035094793353,0.0
bf16,32,128,128,8,contiguous,1,1,graph_global,global,0.0231563001871109,0.05075269937515259,0.026096400618553162,0.03448449969291687,0.05067660212516785,0.02284030020236969,1.013835194018528,1.0,1.013835194018528,0.0
bf16,32,128,128,8,contiguous,2,1,graph_global,global,0.02305230051279068,0.050700700283050536,0.026152399182319642,0.03442440032958984,0.050628697872161864,0.02291229963302612,1.0061102936853514,1.0,1.0061102936853514,0.0
bf16,32,128,128,8,page-cross,0,1,graph_global,global,0.023144300282001495,0.05079669952392578,0.027120399475097656,0.03417240083217621,0.05094869732856751,0.022880299389362334,1.011538349570806,1.0,1.011538349570806,0.0
bf16,32,128,128,8,page-cross,1,1,graph_global,global,0.02297230064868927,0.05072060227394104,0.026092299818992616,0.03433240056037903,0.05068860054016113,0.022852200269699096,1.0052555280267441,1.0,1.0052555280267441,0.0
bf16,32,128,128,8,page-cross,2,1,graph_global,global,0.02310429960489273,0.05075269937515259,0.026140299439430238,0.03436039984226227,0.050624698400497437,0.022956299781799316,1.0064470243244843,1.0,1.0064470243244843,0.0
bf16,32,128,128,8,tail-negative,0,1,graph_global,global,0.022780199348926545,0.05031660199165344,0.025820299983024597,0.03398840129375458,0.050312602519989015,0.022692300379276276,1.0038735151651061,1.0,1.0038735151651061,0.0
bf16,32,128,128,8,tail-negative,1,1,graph_global,global,0.022668200731277465,0.05036460161209107,0.025876298546791077,0.034064498543739316,0.05030459761619568,0.022512300312519072,1.0069251216710047,1.0,1.0069251216710047,0.0
bf16,32,128,128,8,tail-negative,2,1,graph_global,global,0.022892199456691742,0.05040860176086426,0.025808298587799074,0.03406440019607544,0.050308597087860105,0.02258030027151108,1.0138128891746483,1.0,1.0138128891746483,0.0
bf16,32,128,128,16,random,0,1,graph_global,global,0.03402439951896667,0.08680109977722168,0.044576600193977356,0.03643650114536286,0.052904701232910155,0.0334524005651474,1.0170988910857182,1.0,1.0170988910857182,0.0
bf16,32,128,128,16,random,1,1,graph_global,global,0.03347240090370178,0.0865490972995758,0.044360598921775816,0.036164399981498715,0.05318859815597534,0.033856400847435,0.9886579809394502,1.0,0.9886579809394502,0.0
bf16,32,128,128,16,random,2,1,graph_global,global,0.03393639922142029,0.08700109720230102,0.045120599865913394,0.03688839972019196,0.05339670181274414,0.033460399508476256,1.014225762989574,1.0,1.014225762989574,0.0
bf16,32,128,128,16,contiguous,0,1,graph_global,global,0.034596499800682065,0.08692910075187683,0.04510059952735901,0.036880499124526976,0.053644698858261106,0.03463639914989471,0.9988480514663208,1.0,0.9988480514663208,0.0
bf16,32,128,128,16,contiguous,1,1,graph_global,global,0.034896498918533324,0.087881201505661,0.04530859887599945,0.03665649890899658,0.05335270166397095,0.03443639874458313,1.013360867881766,1.0,1.013360867881766,0.0
bf16,32,128,128,16,contiguous,2,1,graph_global,global,0.034736400842666625,0.08684920072555542,0.04558460116386413,0.036676400899887086,0.05386869907379151,0.03454850018024445,1.0054387502045494,1.0,1.0054387502045494,0.0
bf16,32,128,128,16,page-cross,0,1,graph_global,global,0.03435249924659729,0.08669319748878479,0.04504460096359253,0.03651649951934814,0.05320870280265808,0.03442440032958984,0.9979113337544258,1.0,0.9979113337544258,0.0
bf16,32,128,128,16,page-cross,1,1,graph_global,global,0.033804398775100705,0.08732510209083558,0.045328500866889956,0.036540499329566954,0.053220701217651364,0.034596499800682065,0.9771045906335951,1.0,0.9771045906335951,0.0
bf16,32,128,128,16,page-cross,2,1,graph_global,global,0.034716400504112246,0.08719310164451599,0.045164600014686584,0.0365325003862381,0.053100699186325075,0.03382050096988678,1.0264898362984973,1.0,1.0264898362984973,0.0
bf16,32,128,128,16,tail-negative,0,1,graph_global,global,0.03397650122642517,0.08660519719123841,0.04485659897327423,0.03652839958667755,0.05316069722175598,0.03372839987277985,1.0073558589966063,1.0,1.0073558589966063,0.0
bf16,32,128,128,16,tail-negative,1,1,graph_global,global,0.03431240022182465,0.08682109713554383,0.04428460001945496,0.03632049858570099,0.05297269821166992,0.033408498764038085,1.0270560333815284,1.0,1.0270560333815284,0.0
bf16,32,128,128,16,tail-negative,2,1,graph_global,global,0.03322849869728088,0.08753319978713989,0.044376599788665774,0.03612839877605438,0.05295259952545166,0.03386839926242828,0.9811062648639178,1.0,0.9811062648639178,0.0
bf16,32,128,128,32,random,0,1,graph_global,global,0.05435270071029663,0.16264610290527343,0.07958509922027587,0.06527690291404724,0.056784802675247194,0.054184699058532716,1.0031005367692905,1.0,1.0031005367692905,0.0
bf16,32,128,128,32,random,1,1,graph_global,global,0.054960697889328,0.162398099899292,0.08022900223731995,0.06550880074501038,0.05738070011138916,0.05458070039749145,1.0069621219418066,1.0,1.0069621219418066,0.0
bf16,32,128,128,32,random,2,1,graph_global,global,0.055056697130203246,0.16329009532928468,0.0797690987586975,0.06501280069351197,0.05698469877243042,0.054748702049255374,1.0056256142962217,1.0,1.0056256142962217,0.0
bf16,32,128,128,32,contiguous,0,1,graph_global,global,0.05530869960784912,0.16397000551223756,0.08150900006294251,0.06600880026817321,0.05695670247077942,0.05521270036697388,1.0017387166401421,1.0,1.0017387166401421,0.0
bf16,32,128,128,32,contiguous,1,1,graph_global,global,0.055372697114944455,0.16373809576034545,0.08108909726142884,0.0657168984413147,0.05692870020866394,0.055000698566436766,1.0067635240679416,1.0,1.0067635240679416,0.0
bf16,32,128,128,32,contiguous,2,1,graph_global,global,0.05544869899749756,0.162090003490448,0.08156099915504456,0.06594880223274231,0.05706470012664795,0.0556207001209259,0.9969076059263118,1.0,0.9969076059263118,0.0
bf16,32,128,128,32,page-cross,0,1,graph_global,global,0.05525670051574707,0.16340609788894653,0.08152499794960022,0.06570879817008972,0.05684069991111755,0.055144697427749634,1.0020310762996603,1.0,1.0020310762996603,0.0
bf16,32,128,128,32,page-cross,1,1,graph_global,global,0.05526469945907593,0.16273399591445922,0.081673002243042,0.06576480269432068,0.05769670009613037,0.05517669916152954,1.0015948815149085,1.0,1.0015948815149085,0.0
bf16,32,128,128,32,page-cross,2,1,graph_global,global,0.05584070086479187,0.16414610147476197,0.08182899951934815,0.06588879823684693,0.05689669847488403,0.05560470223426819,1.0042442207410696,1.0,1.0042442207410696,0.0
bf16,32,128,128,32,tail-negative,0,1,graph_global,global,0.05390869975090027,0.16238210201263428,0.0804610013961792,0.06500880122184753,0.05733280181884766,0.053972697257995604,0.9988142614628018,1.0,0.9988142614628018,0.0
bf16,32,128,128,32,tail-negative,1,1,graph_global,global,0.05414869785308838,0.16309410333633423,0.0803849995136261,0.06530879735946656,0.05703669786453247,0.05420870184898376,0.9988930929196101,1.0,0.9988930929196101,0.0
bf16,32,128,128,32,tail-negative,2,1,graph_global,global,0.053740698099136355,0.16437400579452516,0.07983700037002564,0.06533290147781372,0.05738880038261414,0.05350459814071655,1.0044127040782338,1.0,1.0044127040782338,0.0
bf16,32,256,32,8,random,0,1,graph_global,global,0.015088200569152832,0.031108400225639342,0.016844199597835542,0.02166830003261566,0.031300300359725954,0.014904199540615082,1.0123455827356802,1.0,1.0123455827356802,0.0
bf16,32,256,32,8,random,1,1,graph_global,global,0.015000200271606446,0.03093239963054657,0.01676419973373413,0.02132830023765564,0.03080039918422699,0.014812199771404267,1.0126922741458784,1.0,1.0126922741458784,0.0
bf16,32,256,32,8,random,2,1,graph_global,global,0.01504019945859909,0.030884400010108948,0.01673219949007034,0.021396300196647643,0.03082830011844635,0.014832200109958648,1.0140234993526542,1.0,1.0140234993526542,0.0
bf16,32,256,32,8,contiguous,0,1,graph_global,global,0.015048100054264069,0.031144401431083678,0.016652199625968932,0.02146430015563965,0.031056401133537293,0.014816200733184815,1.0156517399605591,1.0,1.0156517399605591,0.0
bf16,32,256,32,8,contiguous,1,1,graph_global,global,0.01509619951248169,0.03109239935874939,0.01668819934129715,0.021496300399303437,0.03106839954853058,0.014844200015068055,1.0169762935798383,1.0,1.0169762935798383,0.0
bf16,32,256,32,8,contiguous,2,1,graph_global,global,0.015104199945926666,0.031112301349639892,0.01660420000553131,0.021508300304412843,0.03103240132331848,0.014880199730396271,1.0150535758651695,1.0,1.0150535758651695,0.0
bf16,32,256,32,8,page-cross,0,1,graph_global,global,0.015000200271606446,0.0318123996257782,0.016696199774742126,0.021320199966430663,0.030732399225234984,0.014832200109958648,1.0113267189225015,1.0,1.0113267189225015,0.0
bf16,32,256,32,8,page-cross,1,1,graph_global,global,0.01554819941520691,0.030832400918006896,0.0166362002491951,0.02130820006132126,0.03076840043067932,0.01480019986629486,1.0505398275475657,1.0,1.0505398275475657,0.0
bf16,32,256,32,8,page-cross,2,1,graph_global,global,0.015092200040817261,0.030900400876998902,0.016596199572086336,0.021320199966430663,0.030784401297569274,0.014872199296951294,1.0147927511912151,1.0,1.0147927511912151,0.0
bf16,32,256,32,8,tail-negative,0,1,graph_global,global,0.015464200079441071,0.030860400199890135,0.016616199910640717,0.021380299329757692,0.030792400240898132,0.014816200733184815,1.0437358644044887,1.0,1.0437358644044887,0.0
bf16,32,256,32,8,tail-negative,1,1,graph_global,global,0.014984199404716491,0.03092440068721771,0.016672199964523314,0.021428200602531432,0.030828401446342468,0.014736199378967285,1.0168293071620063,1.0,1.0168293071620063,0.0
bf16,32,256,32,8,tail-negative,2,1,graph_global,global,0.014976200461387635,0.030816400051116945,0.016612200438976286,0.02117229998111725,0.030812400579452514,0.014752200245857239,1.0151841902765182,1.0,1.0151841902765182,0.0
bf16,32,256,32,16,random,0,1,graph_lds_chunked(chunk=2),chunk2,0.020504200458526613,0.0515326976776123,0.019396300613880157,0.023348300158977507,0.03191240131855011,0.019400200247764586,1.0569066399657001,1.0571191314622972,0.9997989900189366,0.0
bf16,32,256,32,16,random,1,1,graph_lds_chunked(chunk=2),chunk2,0.020464199781417846,0.05148869752883911,0.019352300465106963,0.02236430048942566,0.03202440142631531,0.01937219947576523,1.0563694539186796,1.0574556662302597,0.9989728058146851,0.0
bf16,32,256,32,16,random,2,1,graph_lds_chunked(chunk=2),chunk2,0.020440199971199037,0.05109670162200928,0.01938830018043518,0.02231229990720749,0.03202840089797974,0.019348199665546417,1.0564393754731174,1.0542543586067092,1.0020725708635398,0.0
bf16,32,256,32,16,contiguous,0,1,graph_lds_chunked(chunk=2),chunk2,0.020676299929618835,0.05164459943771362,0.019460199773311614,0.022512300312519072,0.03210839927196503,0.01950030028820038,1.060306745231511,1.0624916583834367,0.9979435950064303,0.0
bf16,32,256,32,16,contiguous,1,1,graph_lds_chunked(chunk=2),chunk2,0.020704300701618196,0.051552599668502806,0.019468200206756592,0.022568300366401672,0.03209640085697174,0.01944829970598221,1.0645815322996923,1.0634933112323657,1.0010232514448685,0.0
bf16,32,256,32,16,contiguous,2,1,graph_lds_chunked(chunk=2),chunk2,0.020632199943065643,0.051732701063156125,0.019488300383090972,0.022488300502300263,0.03219639956951141,0.01960020065307617,1.0526524859748059,1.0586967327826686,0.9942908609985257,0.0
bf16,32,256,32,16,page-cross,0,1,graph_lds_chunked(chunk=2),chunk2,0.021216200292110445,0.051440697908401486,0.019612300395965575,0.02246830016374588,0.032104399800300595,0.0194242000579834,1.0922560635072602,1.0817803043887093,1.009683813872421,0.0
bf16,32,256,32,16,page-cross,1,1,graph_lds_chunked(chunk=2),chunk2,0.02191230058670044,0.051972699165344236,0.019532300531864166,0.022768299281597137,0.031892400979995725,0.019560299813747406,1.1202435952080856,1.1218494488631097,0.9985685658118818,0.0
bf16,32,256,32,16,page-cross,2,1,graph_lds_chunked(chunk=2),chunk2,0.02112019956111908,0.05154470205307007,0.01941229999065399,0.022532300651073457,0.031788399815559386,0.019436199963092805,1.0866424301676256,1.0879802790646835,0.9987703371809202,0.0
bf16,32,256,32,16,tail-negative,0,1,graph_lds_chunked(chunk=2),chunk2,0.02039629966020584,0.051208597421646115,0.019400200247764586,0.022596199810504914,0.031816399097442626,0.019408300518989563,1.0509060100470722,1.0513448005546249,0.9995826388190429,0.0
bf16,32,256,32,16,tail-negative,1,1,graph_lds_chunked(chunk=2),chunk2,0.020356300473213195,0.05152459740638733,0.019376200437545777,0.02241230010986328,0.032216399908065796,0.01934020072221756,1.0525382215825902,1.0505826742877955,1.0018613930561155,0.0
bf16,32,256,32,16,tail-negative,2,1,graph_lds_chunked(chunk=2),chunk2,0.020572300255298614,0.05196470022201538,0.019480200111866,0.022652299702167512,0.03194850087165833,0.019592300057411194,1.050019660530705,1.0560620597920543,0.9942783672556714,0.0
bf16,32,256,32,32,random,0,1,graph_lds_chunked(chunk=4),chunk4,0.031372401118278506,0.09638519883155823,0.02906840145587921,0.02697240114212036,0.034188398718833925,0.02684429883956909,1.1686802216653502,1.1631297099940823,1.0047720487436402,0.0
bf16,32,256,32,32,random,1,1,graph_lds_chunked(chunk=4),chunk4,0.031024399399757385,0.09638519883155823,0.02915239930152893,0.027284300327301024,0.03435240089893341,0.026764300465583802,1.1591709426387453,1.1370787972420158,1.0194288605594564,0.0
bf16,32,256,32,32,random,2,1,graph_lds_chunked(chunk=4),chunk4,0.03218039870262146,0.09617720246315002,0.02907240092754364,0.02695229947566986,0.034004399180412294,0.026884400844573976,1.1969914780197293,1.1939759994011294,1.0025255772478778,0.0
bf16,32,256,32,32,contiguous,0,1,graph_lds_chunked(chunk=4),chunk4,0.031448400020599364,0.09646530151367187,0.029304400086402893,0.026948300004005433,0.03409639894962311,0.026868298649787903,1.1704648824441892,1.1669901261276245,1.0029775370320353,0.0
bf16,32,256,32,32,contiguous,1,1,graph_lds_chunked(chunk=4),chunk4,0.03156839907169342,0.09653729796409607,0.02928439974784851,0.026996400952339173,0.033856400847435,0.026920300722122193,1.1726614571490124,1.1693558384847627,1.002826871475267,0.0
bf16,32,256,32,32,contiguous,2,1,graph_lds_chunked(chunk=4),chunk4,0.03218440115451813,0.09650520086288453,0.02929230034351349,0.02708829939365387,0.03374040126800537,0.026876300573349,1.197501161541285,1.1881292615238206,1.0078879464726291,0.0
bf16,32,256,32,32,page-cross,0,1,graph_lds_chunked(chunk=4),chunk4,0.031532400846481325,0.09628120064735413,0.029568299651145935,0.02676030099391937,0.03422040045261383,0.026728400588035585,1.179733921699608,1.1783275850913,1.0011935022366458,0.0
bf16,32,256,32,32,page-cross,1,1,graph_lds_chunked(chunk=4),chunk4,0.03218440115451813,0.0963212013244629,0.02971639931201935,0.026968398690223695,0.03440850079059601,0.026776400208473206,1.201968931743618,1.1934116491011861,1.0071704366627197,0.0
bf16,32,256,32,32,page-cross,2,1,graph_lds_chunked(chunk=4),chunk4,0.032260400056838986,0.09639719724655152,0.029216399788856505,0.026964300870895387,0.03396840095520019,0.026748299598693848,1.2060729295261183,1.196411515036167,1.0080753272335894,0.0
bf16,32,256,32,32,tail-negative,0,1,graph_lds_chunked(chunk=4),chunk4,0.031172400712966918,0.09639319777488708,0.028984400629997253,0.0270004004240036,0.03398849964141846,0.02676439881324768,1.1646964660210262,1.154516237664919,1.0088177437648667,0.0
bf16,32,256,32,32,tail-negative,1,1,graph_lds_chunked(chunk=4),chunk4,0.031104400753974915,0.09646520018577576,0.029168400168418884,0.027116400003433228,0.03396050035953522,0.026956400275230406,1.1538781304770878,1.1470696976750883,1.005935500533053,0.0
bf16,32,256,32,32,tail-negative,2,1,graph_lds_chunked(chunk=4),chunk4,0.031076401472091675,0.09631720185279846,0.02888439893722534,0.026884299516677857,0.03404049873352051,0.026652398705482482,1.1659889158756718,1.155931232383913,1.0087009358428842,0.0
bf16,32,256,64,8,random,0,1,graph_global,global,0.022748300433158876,0.05052059888839722,0.025696301460266115,0.03377240002155304,0.05067669749259949,0.022508199512958526,1.010667264614485,1.0,1.010667264614485,0.0
bf16,32,256,64,8,random,1,1,graph_global,global,0.022860300540924073,0.050524598360061644,0.02575629949569702,0.033916398882865906,0.05034059882164001,0.022508299350738524,1.015638728839547,1.0,1.015638728839547,0.0
bf16,32,256,64,8,random,2,1,graph_global,global,0.022792300581932066,0.05020459890365601,0.02581630051136017,0.0336683988571167,0.05031669735908508,0.022476199269294738,1.0140638240856479,1.0,1.0140638240856479,0.0
bf16,32,256,64,8,contiguous,0,1,graph_global,global,0.022780300676822664,0.05073670148849487,0.02573640048503876,0.03435249924659729,0.05066059827804566,0.022692300379276276,1.0038779804636622,1.0,1.0038779804636622,0.0
bf16,32,256,64,8,contiguous,1,1,graph_global,global,0.022888299822807313,0.050388699769973753,0.02572439908981323,0.03408040106296539,0.05085669755935669,0.022504299879074097,1.017063403251673,1.0,1.017063403251673,0.0
bf16,32,256,64,8,contiguous,2,1,graph_global,global,0.022700299322605134,0.05086060166358948,0.025712299346923827,0.03438439965248108,0.05071660280227661,0.02252029925584793,1.0079927919568148,1.0,1.0079927919568148,0.0
bf16,32,256,64,8,page-cross,0,1,graph_global,global,0.0226842999458313,0.05034869909286499,0.025576299428939818,0.034920498728752136,0.050208598375320435,0.02260030061006546,1.0037167353308756,1.0,1.0037167353308756,0.0
bf16,32,256,64,8,page-cross,1,1,graph_global,global,0.02278430014848709,0.050252598524093625,0.025664299726486206,0.03390440046787262,0.050180697441101076,0.022568300366401672,1.0095709370479218,1.0,1.0095709370479218,0.0
bf16,32,256,64,8,page-cross,2,1,graph_global,global,0.022628200054168702,0.05026460289955139,0.02552030086517334,0.03382439911365509,0.05014870166778564,0.02246430069208145,1.007295992175934,1.0,1.007295992175934,0.0
bf16,32,256,64,8,tail-negative,0,1,graph_global,global,0.022588300704956054,0.050888699293136594,0.027214398980140685,0.034132400155067445,0.05096870064735413,0.022448299825191496,1.0062365916730784,1.0,1.0062365916730784,0.0
bf16,32,256,64,8,tail-negative,1,1,graph_global,global,0.02244420051574707,0.05027660131454468,0.025640299916267394,0.03394039869308472,0.05046870112419129,0.022596299648284912,0.9932688477801548,1.0,0.9932688477801548,0.0
bf16,32,256,64,8,tail-negative,2,1,graph_global,global,0.022660300135612488,0.05088070034980774,0.025592398643493653,0.0337363988161087,0.050672602653503415,0.022584299743175506,1.003365187023784,1.0,1.003365187023784,0.0
bf16,32,256,64,16,random,0,1,graph_global,global,0.033704400062561035,0.0870131015777588,0.0439166009426117,0.03608039915561676,0.0528086006641388,0.03290840089321136,1.0241883272278318,1.0,1.0241883272278318,0.0
bf16,32,256,64,16,random,1,1,graph_global,global,0.033432400226593016,0.0876130998134613,0.044208601117134094,0.03616040050983429,0.052996599674224855,0.03332439959049225,1.0032408876807364,1.0,1.0032408876807364,0.0
bf16,32,256,64,16,random,2,1,graph_global,global,0.0338124006986618,0.08708109855651855,0.0445044994354248,0.0361285001039505,0.053024697303771975,0.03398039937019348,0.9950560124470155,1.0,0.9950560124470155,0.0
bf16,32,256,64,16,contiguous,0,1,graph_global,global,0.03367249965667725,0.08662909865379334,0.04461660087108612,0.03614439964294434,0.05362460017204285,0.03411239981651306,0.9871043913004659,1.0,0.9871043913004659,0.0
bf16,32,256,64,16,contiguous,1,1,graph_global,global,0.03349640071392059,0.08736910223960877,0.04437260031700134,0.036068499088287354,0.05305669903755188,0.03377250134944916,0.9918246909616876,1.0,0.9918246909616876,0.0
bf16,32,256,64,16,contiguous,2,1,graph_global,global,0.03436039984226227,0.08692910075187683,0.044308599829673764,0.03586849868297577,0.053088700771331786,0.03354440033435822,1.0243259530583486,1.0,1.0243259530583486,0.0
bf16,32,256,64,16,page-cross,0,1,graph_global,global,0.0344884991645813,0.08698509931564331,0.043548598885536194,0.036020401120185855,0.0525206983089447,0.03460449874401093,0.996647846851135,1.0,0.996647846851135,0.0
bf16,32,256,64,16,page-cross,1,1,graph_global,global,0.03435240089893341,0.08672509789466858,0.044016501307487486,0.036040499806404114,0.052804702520370485,0.03404040038585663,1.009165594691607,1.0,1.009165594691607,0.0
bf16,32,256,64,16,page-cross,2,1,graph_global,global,0.034652501344680786,0.08678510189056396,0.04365260004997253,0.03598439991474152,0.05260869860649109,0.03418450057506561,1.0136904375299411,1.0,1.0136904375299411,0.0
bf16,32,256,64,16,tail-negative,0,1,graph_global,global,0.03362840116024017,0.08757309913635254,0.04376449882984161,0.036092498898506166,0.052700698375701904,0.03295240104198456,1.0205144419489893,1.0,1.0205144419489893,0.0
bf16,32,256,64,16,tail-negative,1,1,graph_global,global,0.03341650068759918,0.08688510060310364,0.04381259977817535,0.03610849976539612,0.05306469798088074,0.03276439905166626,1.019902749777422,1.0,1.019902749777422,0.0
bf16,32,256,64,16,tail-negative,2,1,graph_global,global,0.03350839912891388,0.08680909872055054,0.04377250075340271,0.03618850111961365,0.05288869738578796,0.033128398656845096,1.0114705354763736,1.0,1.0114705354763736,0.0
bf16,32,256,64,32,random,0,1,graph_global,global,0.05390059947967529,0.16337809562683106,0.07974100112915039,0.06493279933929444,0.057024800777435304,0.05420870184898376,0.994316366952177,1.0,0.994316366952177,0.0
bf16,32,256,64,32,random,1,1,graph_global,global,0.05454869866371155,0.1654541015625,0.08035699725151062,0.0666808009147644,0.057424801588058474,0.05436469912528992,1.0033845407292254,1.0,1.0033845407292254,0.0
bf16,32,256,64,32,random,2,1,graph_global,global,0.05492069721221924,0.1632539987564087,0.07926909923553467,0.06496880054473878,0.057148700952529906,0.054576700925827025,1.006302987915296,1.0,1.006302987915296,0.0
bf16,32,256,64,32,contiguous,0,1,graph_global,global,0.055004698038101194,0.16296210289001464,0.08004900217056274,0.06549689769744874,0.056676697731018064,0.055000698566436766,1.0000727167430354,1.0,1.0000727167430354,0.0
bf16,32,256,64,32,contiguous,1,1,graph_global,global,0.05485270023345947,0.16455409526824952,0.08103700280189514,0.06598079800605774,0.05741279721260071,0.05452470183372497,1.0060155927259307,1.0,1.0060155927259307,0.0
bf16,32,256,64,32,contiguous,2,1,graph_global,global,0.05461270213127136,0.16338210105895995,0.08125299811363221,0.06516879796981812,0.05649679899215698,0.055076700448989865,0.9915754154853876,1.0,0.9915754154853876,0.0
bf16,32,256,64,32,page-cross,0,1,graph_global,global,0.054000699520111085,0.16405010223388672,0.07920100092887879,0.06429280042648315,0.05628079771995544,0.053384697437286376,1.0115389261791425,1.0,1.0115389261791425,0.0
bf16,32,256,64,32,page-cross,1,1,graph_global,global,0.053940600156784056,0.1632259964942932,0.0783490002155304,0.06408479809761047,0.05637270212173462,0.05383269786834717,1.0020044005355402,1.0,1.0020044005355402,0.0
bf16,32,256,64,32,page-cross,2,1,graph_global,global,0.05400469899177551,0.16427810192108155,0.0807569980621338,0.06532880067825317,0.05691279768943787,0.05390470027923584,1.0018551019117379,1.0,1.0018551019117379,0.0
bf16,32,256,64,32,tail-negative,0,1,graph_global,global,0.05417270064353943,0.16329410076141357,0.07911700010299683,0.06402890086174011,0.05645670294761658,0.05376870036125183,1.0075136702128427,1.0,1.0075136702128427,0.0
bf16,32,256,64,32,tail-negative,1,1,graph_global,global,0.05390059947967529,0.16429810523986815,0.07923300266265869,0.06481680274009705,0.057260698080062865,0.05359269976615906,1.005745180124526,1.0,1.005745180124526,0.0
bf16,32,256,64,32,tail-negative,2,1,graph_global,global,0.05384470224380493,0.16508209705352783,0.08030899763107299,0.06480889916419982,0.05682470202445984,0.0534807026386261,1.0068061859179078,1.0,1.0068061859179078,0.0
bf16,32,256,128,8,random,0,0,graph_global,global,0.037796500325202945,,,,,0.03760040104389191,1.0052153507905972,1.0,1.0052153507905972,0.0
bf16,32,256,128,8,random,1,0,graph_global,global,0.037824499607086184,,,,,0.03751640021800995,1.0082123921081407,1.0,1.0082123921081407,0.0
bf16,32,256,128,8,random,2,0,graph_global,global,0.03783240020275116,,,,,0.037572500109672544,1.0069172956901984,1.0,1.0069172956901984,0.0
bf16,32,256,128,8,contiguous,0,0,graph_global,global,0.038008499145507815,,,,,0.03782840073108673,1.0047609312299868,1.0,1.0047609312299868,0.0
bf16,32,256,128,8,contiguous,1,0,graph_global,global,0.03807649910449982,,,,,0.03785240054130554,1.0059203263198522,1.0,1.0059203263198522,0.0
bf16,32,256,128,8,contiguous,2,0,graph_global,global,0.038156500458717345,,,,,0.037884500622749326,1.007179712850819,1.0,1.007179712850819,0.0
bf16,32,256,128,8,page-cross,0,0,graph_global,global,0.03750849962234497,,,,,0.03779250085353851,0.9924852490631895,1.0,0.9924852490631895,0.0
bf16,32,256,128,8,page-cross,1,0,graph_global,global,0.03760449886322022,,,,,0.03945949971675873,0.9529897523573853,1.0,0.9529897523573853,0.0
bf16,32,256,128,8,page-cross,2,0,graph_global,global,0.03777250051498413,,,,,0.03780049979686737,0.9992592880508537,1.0,0.9992592880508537,0.0
bf16,32,256,128,8,tail-negative,0,0,graph_global,global,0.03808850049972534,,,,,0.03790850043296814,1.0047482771595118,1.0,1.0047482771595118,0.0
bf16,32,256,128,8,tail-negative,1,0,graph_global,global,0.03805640041828155,,,,,0.03761239945888519,1.0118046433033794,1.0,1.0118046433033794,0.0
bf16,32,256,128,8,tail-negative,2,0,graph_global,global,0.03770450055599213,,,,,0.03764849901199341,1.0014874841087524,1.0,1.0014874841087524,0.0
bf16,32,256,128,16,random,0,0,graph_global,global,0.058404797315597536,,,,,0.05820479989051819,1.003436098491113,1.0,1.003436098491113,0.0
bf16,32,256,128,16,random,1,0,graph_global,global,0.05845670104026794,,,,,0.058056801557540894,1.0068880729216663,1.0,1.0068880729216663,0.0
bf16,32,256,128,16,random,2,0,graph_global,global,0.057996702194213864,,,,,0.0580407977104187,0.9992402668821879,1.0,0.9992402668821879,0.0
bf16,32,256,128,16,contiguous,0,0,graph_global,global,0.06082469820976257,,,,,0.060836797952651976,0.9998011114441161,1.0,0.9998011114441161,0.0
bf16,32,256,128,16,contiguous,1,0,graph_global,global,0.06094080209732056,,,,,0.06106870174407959,0.9979056432655958,1.0,0.9979056432655958,0.0
bf16,32,256,128,16,contiguous,2,0,graph_global,global,0.06081669926643372,,,,,0.06266480088233947,0.9705081387017286,1.0,0.9705081387017286,0.0
bf16,32,256,128,16,page-cross,0,0,graph_global,global,0.06219279766082764,,,,,0.06201679706573486,1.002837950416985,1.0,1.002837950416985,0.0
bf16,32,256,128,16,page-cross,1,0,graph_global,global,0.06060479879379273,,,,,0.06130880117416382,0.988517107382818,1.0,0.988517107382818,0.0
bf16,32,256,128,16,page-cross,2,0,graph_global,global,0.061140799522399904,,,,,0.0607246994972229,1.006852236875969,1.0,1.006852236875969,0.0
bf16,32,256,128,16,tail-negative,0,0,graph_global,global,0.06008470058441162,,,,,0.06035280227661133,0.9955577590089201,1.0,0.9955577590089201,0.0
bf16,32,256,128,16,tail-negative,1,0,graph_global,global,0.05995280146598816,,,,,0.05948879718780518,1.007799859807522,1.0,1.007799859807522,0.0
bf16,32,256,128,16,tail-negative,2,0,graph_global,global,0.05987679958343506,,,,,0.05918880105018616,1.0116237957357093,1.0,1.0116237957357093,0.0
bf16,32,256,128,32,random,0,0,graph_global,global,0.10425330400466919,,,,,0.10321329832077027,1.0100762760305049,1.0,1.0100762760305049,0.0
bf16,32,256,128,32,random,1,0,graph_global,global,0.10390139818191528,,,,,0.10452539920806884,0.9940301493141258,1.0,0.9940301493141258,0.0
bf16,32,256,128,32,random,2,0,graph_global,global,0.10591330528259277,,,,,0.10738539695739746,0.9862915096790236,1.0,0.9862915096790236,0.0
bf16,32,256,128,32,contiguous,0,0,graph_global,global,0.1079293966293335,,,,,0.1086493968963623,0.9933731775086098,1.0,0.9933731775086098,0.0
bf16,32,256,128,32,contiguous,1,0,graph_global,global,0.10805740356445312,,,,,0.10849740505218505,0.9959445897575127,1.0,0.9959445897575127,0.0
bf16,32,256,128,32,contiguous,2,0,graph_global,global,0.10823739767074585,,,,,0.10815340280532837,1.000776627117028,1.0,1.000776627117028,0.0
bf16,32,256,128,32,page-cross,0,0,graph_global,global,0.10690939426422119,,,,,0.10768929719924927,0.9927578417232579,1.0,0.9927578417232579,0.0
bf16,32,256,128,32,page-cross,1,0,graph_global,global,0.10578140020370483,,,,,0.10738140344619751,0.9850998106641962,1.0,0.9850998106641962,0.0
bf16,32,256,128,32,page-cross,2,0,graph_global,global,0.10556130409240723,,,,,0.10546540021896363,1.0009093396814925,1.0,1.0009093396814925,0.0
bf16,32,256,128,32,tail-negative,0,0,graph_global,global,0.1055372953414917,,,,,0.1048814058303833,1.0062536300492493,1.0,1.0062536300492493,0.0
bf16,32,256,128,32,tail-negative,1,0,graph_global,global,0.10728139877319336,,,,,0.10828540325164795,0.9907281642002906,1.0,0.9907281642002906,0.0
bf16,32,256,128,32,tail-negative,2,0,graph_global,global,0.10658129453659057,,,,,0.10748139619827271,0.9916255120093369,1.0,0.9916255120093369,0.0
bf16,128,64,32,8,random,0,1,graph_lds_chunked(chunk=4),chunk4,0.015416200459003448,0.017656199634075165,0.014752200245857239,0.014256200194358826,0.0173443004488945,0.013980099558830261,1.1027246547229417,1.0813681239622066,1.0197495471592812,0.0
bf16,128,64,32,8,random,1,1,graph_lds_chunked(chunk=4),chunk4,0.015228199958801269,0.01724029928445816,0.01442819982767105,0.01387220025062561,0.017120200395584106,0.013852199912071228,1.099334405759691,1.0977494329433795,1.0014438384286493,0.0
bf16,128,64,32,8,random,2,1,graph_lds_chunked(chunk=4),chunk4,0.014928199350833893,0.01703220009803772,0.014220200479030609,0.013840200006961822,0.01689620018005371,0.013544200360774994,1.1021838833739541,1.0786115333105584,1.021854346384602,0.0
bf16,128,64,32,8,contiguous,0,1,graph_lds_chunked(chunk=4),chunk4,0.014880199730396271,0.01684020012617111,0.01403219997882843,0.013604199886322022,0.01677220016717911,0.013420200347900391,1.1087911763347333,1.0937945527658095,1.0137106402029548,0.0
bf16,128,64,32,8,contiguous,1,1,graph_lds_chunked(chunk=4),chunk4,0.014716200530529022,0.01686830073595047,0.014092199504375458,0.013624200224876403,0.01677220016717911,0.013428199291229247,1.0959176440091296,1.0801515162452426,1.0145962187033652,0.0
bf16,128,64,32,8,contiguous,2,1,graph_lds_chunked(chunk=4),chunk4,0.014784200489521027,0.016908200085163118,0.014020200073719024,0.013612200319766999,0.016784200072288515,0.013416199386119843,1.1019663664820376,1.0860992449583704,1.0146092740578927,0.0
bf16,128,64,32,8,page-cross,0,1,graph_lds_chunked(chunk=4),chunk4,0.014692200720310212,0.01684020012617111,0.014184199273586273,0.013608199357986451,0.01671230047941208,0.013376200199127197,1.098383733914874,1.0796579572217668,1.0173441751323662,0.0
bf16,128,64,32,8,page-cross,1,1,graph_lds_chunked(chunk=4),chunk4,0.014620199799537659,0.016804200410842896,0.014132100343704223,0.013596099615097047,0.01666020005941391,0.013536199927330017,1.0800815500677565,1.0753230862845,1.0044251479801278,0.0
bf16,128,64,32,8,page-cross,2,1,graph_lds_chunked(chunk=4),chunk4,0.01456419974565506,0.016760200262069702,0.014100100100040435,0.01358409970998764,0.016724200546741487,0.013376200199127197,1.0888144262826882,1.0721505330932461,1.015542493964318,0.0
bf16,128,64,32,8,tail-negative,0,1,graph_lds_chunked(chunk=4),chunk4,0.014704200625419616,0.016888199746608733,0.014100199937820435,0.013584199547767638,0.016796199977397917,0.013416099548339843,1.09601159207552,1.082448809273862,1.0125297221313923,0.0
bf16,128,64,32,8,tail-negative,1,1,graph_lds_chunked(chunk=4),chunk4,0.014744199812412262,0.01689220070838928,0.014116199314594268,0.013600200414657593,0.016800199449062348,0.013400200009346008,1.1002969957260995,1.084116363206069,1.0149251806071622,0.0
bf16,128,64,32,8,tail-negative,2,1,graph_lds_chunked(chunk=4),chunk4,0.01477220058441162,0.016860200464725493,0.014124199748039246,0.013604199886322022,0.016752299666404725,0.013508200645446777,1.0935727838326788,1.0858558906697582,1.007106737854653,0.0
bf16,128,64,32,16,random,0,1,graph_lds_chunked(chunk=8),chunk8,0.02164430022239685,0.026352399587631227,0.019772300124168397,0.019416199624538423,0.018960200250148773,0.018920299410820008,1.1439723945393305,1.1415649590635002,1.0021088904811912,0.0
bf16,128,64,32,16,random,1,1,graph_lds_chunked(chunk=8),chunk8,0.02172829955816269,0.026348298788070677,0.019832199811935423,0.019488300383090972,0.01904029995203018,0.01899220049381256,1.1440643523767304,1.141174225873784,1.0025325900615514,0.0
bf16,128,64,32,16,random,2,1,graph_lds_chunked(chunk=8),chunk8,0.021736299991607665,0.026396399736404418,0.019880199432373048,0.019772200286388396,0.01946420073509216,0.018984299898147584,1.1449618952621272,1.1167322145634841,1.025278827216136,0.0
bf16,128,64,32,16,contiguous,0,1,graph_lds_chunked(chunk=8),chunk8,0.021876199543476103,0.02690030038356781,0.02037619948387146,0.019584199786186217,0.01949629932641983,0.019560199975967408,1.1184036753384037,1.1220693310669076,0.9967331290259768,0.0
bf16,128,64,32,16,contiguous,1,1,graph_lds_chunked(chunk=8),chunk8,0.021852299571037292,0.026672399044036864,0.02125629931688309,0.0193122997879982,0.019212199747562407,0.019200299680233002,1.1381228384437438,1.137417883332691,1.0006197854995802,0.0
bf16,128,64,32,16,contiguous,2,1,graph_lds_chunked(chunk=8),chunk8,0.021684299409389495,0.026412400603294372,0.019748300313949585,0.01936430037021637,0.01904820054769516,0.018948200345039367,1.1443988882599312,1.1383909653352164,1.005277556751292,0.0
bf16,128,64,32,16,page-cross,0,1,graph_lds_chunked(chunk=8),chunk8,0.02127629965543747,0.02616029977798462,0.019648200273513793,0.01944819986820221,0.018900300562381744,0.018896199762821198,1.1259565374250111,1.125712238554809,1.0002170171575246,0.0
bf16,128,64,32,16,page-cross,1,1,graph_lds_chunked(chunk=8),chunk8,0.021396300196647643,0.02628439962863922,0.01968429982662201,0.019384199380874635,0.018952199816703798,0.018980200588703155,1.127295788927675,1.128961302834603,0.9985247378251617,0.0
bf16,128,64,32,16,page-cross,2,1,graph_lds_chunked(chunk=8),chunk8,0.02130019962787628,0.026256299018859862,0.019620299339294434,0.020364299416542053,0.018904300034046174,0.018948200345039367,1.124127845389426,1.126738339399774,0.9976831408685899,0.0
bf16,128,64,32,16,tail-negative,0,1,graph_lds_chunked(chunk=8),chunk8,0.02146420031785965,0.026180300116539,0.019960300624370576,0.019244299829006196,0.019172200560569765,0.01913619935512543,1.121654301333911,1.1195480795252943,1.0018813142973813,0.0
bf16,128,64,32,16,tail-negative,1,1,graph_lds_chunked(chunk=8),chunk8,0.0216402992606163,0.026380398869514467,0.01970430016517639,0.019556200504302977,0.019164200127124786,0.018948300182819365,1.1420707425902932,1.1292044080664172,1.0113941589600306,0.0
bf16,128,64,32,16,tail-negative,2,1,graph_lds_chunked(chunk=8),chunk8,0.02180429995059967,0.02636440098285675,0.019668300449848176,0.019304199516773222,0.018908199667930604,0.018896299600601196,1.1538925827523372,1.1531663687464133,1.0006297564910025,0.0
bf16,128,64,32,32,random,0,1,graph_lds_chunked(chunk=4),chunk4,0.03524850010871887,0.04525260031223297,0.033204498887062076,0.02820039987564087,0.029832398891448973,0.029136401414871217,1.2097753462007164,1.249929088387362,0.9678751838326675,0.0
bf16,128,64,32,32,random,1,1,graph_lds_chunked(chunk=4),chunk4,0.035364401340484616,0.045300498604774475,0.03144040107727051,0.028316301107406617,0.02949239909648895,0.028128400444984436,1.2572489292326763,1.248906105580098,1.006680104785542,0.0
bf16,128,64,32,32,random,2,1,graph_lds_chunked(chunk=4),chunk4,0.03600449860095978,0.046408599615097045,0.034792399406433104,0.0286763995885849,0.0303523987531662,0.02867630124092102,1.2555489042492494,1.2555445982588394,1.0000034295798141,0.0
bf16,128,64,32,32,contiguous,0,1,graph_lds_chunked(chunk=4),chunk4,0.03626050055027008,0.04668459892272949,0.03334439992904663,0.028472399711608885,0.030172398686408995,0.028932398557662962,1.2532835975559384,1.273531592614085,0.9841009087049147,0.0
bf16,128,64,32,32,contiguous,1,1,graph_lds_chunked(chunk=4),chunk4,0.03626050055027008,0.04610059857368469,0.03322440087795257,0.028496301174163817,0.029728400707244872,0.028648298978805543,1.2657121659158947,1.272463409501921,0.9946943514952082,0.0
bf16,128,64,32,32,contiguous,2,1,graph_lds_chunked(chunk=4),chunk4,0.03547239899635315,0.04686860144138336,0.03154439926147461,0.028232398629188537,0.02995240092277527,0.028040400147438048,1.265046105256602,1.2564429775258066,1.0068472090533997,0.0
bf16,128,64,32,32,page-cross,0,1,graph_lds_chunked(chunk=4),chunk4,0.035024499893188475,0.04535259902477264,0.031572398543357846,0.02833229899406433,0.02979640066623688,0.028076401352882384,1.2474711218499084,1.2362039487344876,1.0091143319247242,0.0
bf16,128,64,32,32,page-cross,1,1,graph_lds_chunked(chunk=4),chunk4,0.0351404994726181,0.04515660107135773,0.03132439851760864,0.027864301204681398,0.0295524001121521,0.028216400742530824,1.2453926988515769,1.261129759346495,0.9875214581383974,0.0
bf16,128,64,32,32,page-cross,2,1,graph_lds_chunked(chunk=4),chunk4,0.0347324013710022,0.04557659924030304,0.0314083993434906,0.02925240099430084,0.029600301384925844,0.027876299619674683,1.2459473403883412,1.1873350627789154,1.0493645639270903,0.0
bf16,128,64,32,32,tail-negative,0,1,graph_lds_chunked(chunk=4),chunk4,0.03566049933433533,0.04610460102558136,0.03300839960575104,0.028416401147842406,0.029708299040794372,0.02859239876270294,1.2472020843823812,1.2549266583338246,0.9938446012759827,0.0
bf16,128,64,32,32,tail-negative,1,1,graph_lds_chunked(chunk=4),chunk4,0.03529640138149261,0.045672500133514406,0.03301239907741547,0.028956401348114013,0.029704400897026063,0.028188401460647584,1.2521604472948973,1.21894986041805,1.0272452444151043,0.0
bf16,128,64,32,32,tail-negative,2,1,graph_lds_chunked(chunk=4),chunk4,0.03531239926815033,0.04526059925556183,0.032860401272773745,0.028004300594329835,0.02944830060005188,0.029088300466537476,1.2139725835400015,1.2609634419971982,0.9627341627107211,0.0
bf16,128,64,64,8,random,0,1,graph_lds_chunked(chunk=4),chunk4,0.020732200145721434,0.023124299943447113,0.019376200437545777,0.01841229945421219,0.023044300079345704,0.018056200444698335,1.1482039208203865,1.1259973365781057,1.0197217022819667,0.0
bf16,128,64,64,8,random,1,1,graph_lds_chunked(chunk=4),chunk4,0.020672200620174407,0.02276429980993271,0.01912429928779602,0.01817629933357239,0.022668300569057463,0.01798029989004135,1.1497138950181807,1.1373162512784978,1.0109007883477847,0.0
bf16,128,64,64,8,random,2,1,graph_lds_chunked(chunk=4),chunk4,0.020628300309181214,0.02281229943037033,0.019056199491024016,0.018164199590682984,0.02264830023050308,0.017976200580596922,1.1475339417077324,1.1356569941987507,1.0104582171990772,0.0
bf16,128,64,64,8,contiguous,0,1,graph_lds_chunked(chunk=4),chunk4,0.02063229978084564,0.022780300676822664,0.020104199647903442,0.018020200729370116,0.022880299389362334,0.018024200201034547,1.1446998785367128,1.1449539375673108,0.9997781054571175,0.0
bf16,128,64,64,8,contiguous,1,1,graph_lds_chunked(chunk=4),chunk4,0.020596300065517426,0.022828300297260285,0.019080300629138947,0.01801619976758957,0.022700299322605134,0.018008300662040712,1.143711472395166,1.1432100182730742,1.0004386369206677,0.0
bf16,128,64,64,8,contiguous,2,1,graph_lds_chunked(chunk=4),chunk4,0.020388300716876983,0.022596299648284912,0.01901630014181137,0.01807219982147217,0.0226842001080513,0.018016299605369566,1.1316586182214947,1.1281582163922834,1.0031027579096177,0.0
bf16,128,64,64,8,page-cross,0,1,graph_lds_chunked(chunk=4),chunk4,0.0201882004737854,0.022704300284385682,0.01926420032978058,0.017976300418376924,0.02247229963541031,0.018048299849033354,1.1185652190317892,1.1230453432535696,0.9960107361214809,0.0
bf16,128,64,64,8,page-cross,1,1,graph_lds_chunked(chunk=4),chunk4,0.020180200040340424,0.022504299879074097,0.019140200316905977,0.01806419938802719,0.022504299879074097,0.017916199564933778,1.1263661116969153,1.1171378042757711,1.008260670604668,0.0
bf16,128,64,64,8,page-cross,2,1,graph_lds_chunked(chunk=4),chunk4,0.020188300311565398,0.022652299702167512,0.01922830045223236,0.017996199429035187,0.022476199269294738,0.017988300323486327,1.1223017154770678,1.121809101481364,1.0004391246202704,0.0
bf16,128,64,64,8,tail-negative,0,1,graph_lds_chunked(chunk=4),chunk4,0.02056020051240921,0.022804300487041473,0.019036200642585755,0.01811230033636093,0.0226842999458313,0.01795620024204254,1.1450195606679456,1.1351512580174068,1.0086933812395842,0.0
bf16,128,64,64,8,tail-negative,1,1,graph_lds_chunked(chunk=4),chunk4,0.020500299334526063,0.022780300676822664,0.0190761998295784,0.01818020045757294,0.022652299702167512,0.01801220029592514,1.1381340978738617,1.1276167929153218,1.009327020513191,0.0
bf16,128,64,64,8,tail-negative,2,1,graph_lds_chunked(chunk=4),chunk4,0.02044830024242401,0.022792300581932066,0.018988199532032013,0.01812019944190979,0.022584199905395508,0.01796019971370697,1.1385341236945241,1.1284809699792602,1.0089085717727686,0.0
bf16,128,64,64,16,random,0,1,graph_lds_chunked(chunk=8),chunk8,0.03344449996948242,0.03719640076160431,0.028708401322364806,0.027124398946762086,0.026564401388168336,0.02658439874649048,1.2580498919087864,1.2589969365685934,0.9992477784239983,0.0
bf16,128,64,64,16,random,1,1,graph_lds_chunked(chunk=8),chunk8,0.03238039910793304,0.037168499827384946,0.02876029908657074,0.027020299434661867,0.02647629976272583,0.026564300060272217,1.218944185785606,1.2229956375369035,0.9966872721153306,0.0
bf16,128,64,64,16,random,2,1,graph_lds_chunked(chunk=8),chunk8,0.032260400056838986,0.037124401330947875,0.028712400794029237,0.027524399757385253,0.026516398787498473,0.026472398638725282,1.2186428777045801,1.216620715179793,1.001662114165538,0.0
bf16,128,64,64,16,contiguous,0,1,graph_lds_chunked(chunk=8),chunk8,0.03275240063667297,0.0375205010175705,0.02902440130710602,0.02738029956817627,0.026672300696372987,0.026812300086021423,1.2215438635101812,1.2279555861908373,0.9947785386110375,0.0
bf16,128,64,64,16,contiguous,1,1,graph_lds_chunked(chunk=8),chunk8,0.032720398902893064,0.03745239973068237,0.029300400614738466,0.027500399947166444,0.02710840106010437,0.02686839997768402,1.21780228558714,1.2070206143972066,1.008932466489247,0.0
bf16,128,64,64,16,contiguous,2,1,graph_lds_chunked(chunk=8),chunk8,0.03541649878025055,0.03738439977169037,0.028920400142669677,0.027112400531768797,0.02658039927482605,0.026796400547027588,1.3216886618071975,1.3324291487898399,0.9919391684035154,0.0
bf16,128,64,64,16,page-cross,0,1,graph_lds_chunked(chunk=8),chunk8,0.03154039978981018,0.036968499422073364,0.028192299604415893,0.027036300301551817,0.02636429965496063,0.026460400223731993,1.1919849859837721,1.1963298931733857,0.9963681362353254,0.0
bf16,128,64,64,16,page-cross,1,1,graph_lds_chunked(chunk=8),chunk8,0.03148840069770813,0.037080499529838565,0.02840839922428131,0.027232301235198975,0.02660430073738098,0.026536300778388977,1.1866160607944312,1.1835830984072673,1.002562525936071,0.0
bf16,128,64,64,16,page-cross,2,1,graph_lds_chunked(chunk=8),chunk8,0.03149240016937256,0.036940500140190125,0.029344400763511656,0.026960301399230956,0.02663629949092865,0.026388299465179444,1.1934228733052015,1.1823113860128251,1.0093981056292185,0.0
bf16,128,64,64,16,tail-negative,0,1,graph_lds_chunked(chunk=8),chunk8,0.03217250108718872,0.03706449866294861,0.028616300225257872,0.02783229947090149,0.02653230130672455,0.0265082985162735,1.2136765800882299,1.2125786118309563,1.0009054821242607,0.0
bf16,128,64,64,16,tail-negative,1,1,graph_lds_chunked(chunk=8),chunk8,0.03223240077495575,0.03711239993572235,0.029588401317596436,0.02700439989566803,0.026532399654388427,0.026540398597717285,1.2144655874809667,1.214831722528518,0.9996986125396946,0.0
bf16,128,64,64,16,tail-negative,2,1,graph_lds_chunked(chunk=8),chunk8,0.03205240070819855,0.03713650107383728,0.028572401404380797,0.026936399936676025,0.026784399151802064,0.026484400033950806,1.2102369948766076,1.196681714849745,1.0113273896130055,0.0
bf16,128,64,64,32,random,0,1,graph_lds_chunked(chunk=4),chunk4,0.05559269785881042,0.06610080003738403,0.05176870226860046,0.043356499075889586,0.043660598993301394,0.041700500249862674,1.3331422291269395,1.2822229433585737,1.0397117256652662,0.0
bf16,128,64,64,32,random,1,1,graph_lds_chunked(chunk=4),chunk4,0.05738880038261414,0.06861680150032043,0.05205259919166565,0.044232499599456784,0.04537259936332703,0.04348450005054474,1.3197530227071157,1.2974351642410669,1.0172015211866896,0.0
bf16,128,64,64,32,random,2,1,graph_lds_chunked(chunk=4),chunk4,0.05832080245018005,0.06719290018081665,0.051716601848602294,0.04375259876251221,0.04418460130691528,0.04380449950695038,1.3313883986033535,1.3329677344823243,0.9988151732122875,0.0
bf16,128,64,64,32,contiguous,0,1,graph_lds_chunked(chunk=4),chunk4,0.058460700511932376,0.069656902551651,0.0546766996383667,0.0442766010761261,0.04452050030231476,0.044232499599456784,1.3216684799936183,1.320352039024385,1.000997037858332,0.0
bf16,128,64,64,32,contiguous,1,1,graph_lds_chunked(chunk=4),chunk4,0.058108800649642946,0.06764490008354188,0.05498070120811462,0.04316050112247467,0.04404059946537018,0.04408049881458283,1.318242810592226,1.346342121578944,0.9791291451583166,0.0
bf16,128,64,64,32,contiguous,2,1,graph_lds_chunked(chunk=4),chunk4,0.057504701614379886,0.06779680252075196,0.05473269820213318,0.042704600095748904,0.04401659965515137,0.04382059872150421,1.3122755802549186,1.3465692568352672,0.9745325564160389,0.0
bf16,128,64,64,32,page-cross,0,1,graph_lds_chunked(chunk=4),chunk4,0.057840800285339354,0.06698480248451233,0.052596598863601685,0.043020600080490114,0.04362049996852875,0.04262450039386749,1.3569848268218312,1.3444907829533093,1.009292770189973,0.0
bf16,128,64,64,32,page-cross,1,1,graph_lds_chunked(chunk=4),chunk4,0.05636870265007019,0.0674448013305664,0.05043669939041138,0.04238849878311157,0.04401260018348694,0.04243249893188476,1.328432311765486,1.3298112523043306,0.9989630554438045,0.0
bf16,128,64,64,32,page-cross,2,1,graph_lds_chunked(chunk=4),chunk4,0.05587270259857178,0.06525689959526063,0.05140460133552551,0.0424566000699997,0.04410449862480163,0.041140499711036685,1.358094894107057,1.3159956875127183,1.031990383398526,0.0
bf16,128,64,64,32,tail-negative,0,1,graph_lds_chunked(chunk=4),chunk4,0.05665680170059204,0.06846079826354981,0.052512598037719724,0.04374450147151947,0.04398860037326813,0.04262450039386749,1.3292074083463843,1.295175388785247,1.0262759930861998,0.0
bf16,128,64,64,32,tail-negative,1,1,graph_lds_chunked(chunk=4),chunk4,0.057128697633743286,0.06708089709281921,0.05295659899711609,0.04294849932193756,0.044076600670814516,0.042856499552726746,1.3330229540435827,1.3301674921284772,1.002146693504392,0.0
bf16,128,64,64,32,tail-negative,2,1,graph_lds_chunked(chunk=4),chunk4,0.05672069787979126,0.06742489933967591,0.05110459923744202,0.04280059933662415,0.04359650015830994,0.04318850040435791,1.3133287182638065,1.3252313929925694,0.9910184177708883,0.0
bf16,128,64,128,8,random,0,1,graph_lds_chunked(chunk=4),chunk4,0.03340449929237366,0.035080400109291074,0.0300244003534317,0.027332401275634764,0.034708499908447266,0.02803640067577362,1.1914688935530384,1.222157502939627,0.9748898081362068,0.0
bf16,128,64,128,8,random,1,1,graph_lds_chunked(chunk=4),chunk4,0.03228850066661835,0.03440450131893158,0.029820400476455688,0.027232301235198975,0.034132400155067445,0.027112400531768797,1.1909126463658017,1.1856691943787698,1.004422356599877,0.0
bf16,128,64,128,8,random,2,1,graph_lds_chunked(chunk=4),chunk4,0.03299640119075775,0.0343284010887146,0.029724401235580445,0.02726440131664276,0.03406839966773987,0.026968300342559814,1.2235254269504237,1.2102375110879864,1.0109795934605363,0.0
bf16,128,64,128,8,contiguous,0,1,graph_lds_chunked(chunk=4),chunk4,0.03226439952850342,0.03440049886703491,0.029588401317596436,0.027312299609184264,0.03417240083217621,0.0271043986082077,1.1903750381952094,1.181313913151931,1.0076703786710695,0.0
bf16,128,64,128,8,contiguous,1,1,graph_lds_chunked(chunk=4),chunk4,0.032216399908065796,0.034404399991035464,0.029700300097465514,0.02742440104484558,0.03426049947738648,0.027120399475097656,1.1879028528929805,1.1747348594918856,1.0112093322971538,0.0
bf16,128,64,128,8,contiguous,2,1,graph_lds_chunked(chunk=4),chunk4,0.03230040073394776,0.03440450131893158,0.029720398783683776,0.02733229994773865,0.03425639867782593,0.027216398715972902,1.1867992187736112,1.1817666568751433,1.0042585072689183,0.0
bf16,128,64,128,8,page-cross,0,1,graph_lds_chunked(chunk=4),chunk4,0.03198440074920654,0.03398439884185791,0.029636400938034057,0.027036398649215698,0.03405239880084991,0.027076300978660584,1.1812692130440614,1.1830126180705054,0.9985263005653419,0.0
bf16,128,64,128,8,page-cross,1,1,graph_lds_chunked(chunk=4),chunk4,0.031928399205207826,0.03416849970817566,0.02968040108680725,0.027152299880981445,0.033964401483535765,0.027008301019668578,1.182169851482188,1.1759003600122933,1.0053316519690743,0.0
bf16,128,64,128,8,page-cross,2,1,graph_lds_chunked(chunk=4),chunk4,0.03287650048732758,0.034108498692512514,0.029664400219917297,0.027036300301551817,0.033964401483535765,0.026988399028778077,1.2181715726179587,1.2160132903036496,1.0017748838203653,0.0
bf16,128,64,128,8,tail-negative,0,1,graph_lds_chunked(chunk=4),chunk4,0.03255240023136139,0.03430449962615967,0.0296083003282547,0.027240300178527833,0.034004399180412294,0.02694840133190155,1.2079529256834178,1.1950088662026133,1.0108317685725101,0.0
bf16,128,64,128,8,tail-negative,1,1,graph_lds_chunked(chunk=4),chunk4,0.032060399651527405,0.03436050117015839,0.029784399271011352,0.027292299270629882,0.03416840136051178,0.026988399028778077,1.1879326231000582,1.174704972036879,1.0112604027207301,0.0
bf16,128,64,128,8,tail-negative,2,1,graph_lds_chunked(chunk=4),chunk4,0.03265239894390106,0.034376400709152224,0.02974030077457428,0.02722029983997345,0.034224501252174376,0.027068400382995607,1.2062921518041874,1.1995605902896957,1.005611689454441,0.0
bf16,128,64,128,16,random,0,1,graph_lds_chunked(chunk=8),chunk8,0.05458070039749145,0.05804870128631592,0.049856698513031004,0.04322049915790558,0.04220849871635437,0.042012500762939456,1.2991538091357513,1.2931211025599276,1.0046652293925766,0.0
bf16,128,64,128,16,random,1,1,graph_lds_chunked(chunk=8),chunk8,0.05616480112075806,0.059936797618865965,0.05180469751358032,0.044720599055290224,0.04334050118923187,0.042940500378608706,1.3079680168034833,1.2958964381960687,1.0093152340353824,0.0
bf16,128,64,128,16,random,2,1,graph_lds_chunked(chunk=8),chunk8,0.0582086980342865,0.05951679944992065,0.051100701093673706,0.04426450133323669,0.043148601055145265,0.043148601055145265,1.3490286269048204,1.3490286269048204,1.0,0.0
bf16,128,64,128,16,contiguous,0,1,graph_lds_chunked(chunk=8),chunk8,0.058060699701309205,0.05988479852676391,0.05163670182228088,0.044048500061035153,0.04295659959316254,0.04342460036277771,1.3370462644735617,1.3516130292247528,0.9892226810216928,0.0
bf16,128,64,128,16,contiguous,1,1,graph_lds_chunked(chunk=8),chunk8,0.058116698265075685,0.05844079852104187,0.051436597108840944,0.044280600547790525,0.043044498562812804,0.04228860139846802,1.3742875466007034,1.3501539152621034,1.0178747260336722,0.0
bf16,128,64,128,16,contiguous,2,1,graph_lds_chunked(chunk=8),chunk8,0.057840800285339354,0.059320700168609616,0.05106469988822937,0.04407649934291839,0.04254460036754608,0.04303649961948395,1.343994070074255,1.359533284732921,0.9885701844646498,0.0
bf16,128,64,128,16,page-cross,0,1,graph_lds_chunked(chunk=8),chunk8,0.05587279796600342,0.058580797910690305,0.05041660070419311,0.04444049894809723,0.04238860011100769,0.04264050126075745,1.3103222596828104,1.3181090628065844,0.9940924439839645,0.0
bf16,128,64,128,16,page-cross,1,1,graph_lds_chunked(chunk=8),chunk8,0.05646070241928101,0.05869669914245605,0.050060701370239255,0.04339250028133392,0.04197649955749512,0.042744499444961545,1.3208881412210862,1.3450550430472867,0.982032778546037,0.0
bf16,128,64,128,16,page-cross,2,1,graph_lds_chunked(chunk=8),chunk8,0.05440869927406311,0.05878469944000244,0.050340700149536136,0.04297249913215637,0.04193649888038635,0.04306049942970276,1.2635408319610073,1.2974068109321828,0.9738971780587132,0.0
bf16,128,64,128,16,tail-negative,0,1,graph_lds_chunked(chunk=8),chunk8,0.056976699829101564,0.05855270028114319,0.04967660009860993,0.04303250014781952,0.04222860038280487,0.04236859977245331,1.3447860003659118,1.349244334706911,0.9966956805181119,0.0
bf16,128,64,128,16,tail-negative,1,1,graph_lds_chunked(chunk=8),chunk8,0.0538366973400116,0.05797280073165893,0.04968859851360321,0.04362860023975372,0.042400500178337096,0.04219250082969665,1.2759778700322812,1.2697184493950235,1.0049297705646791,0.0
bf16,128,64,128,16,tail-negative,2,1,graph_lds_chunked(chunk=8),chunk8,0.05636870265007019,0.05913280248641968,0.050188702344894406,0.04362049996852875,0.042688500881195066,0.04274060130119324,1.3188560978082562,1.320465734014601,0.9987810087267837,0.0
bf16,128,64,128,32,random,0,1,graph_lds_chunked(chunk=8),chunk8,0.10202929973602295,0.10857739448547363,0.0876130998134613,0.07657300233840943,0.07168890237808227,0.07180100083351135,1.4210010800908404,1.4232230701193824,0.9984387619374693,0.0
bf16,128,64,128,32,random,1,1,graph_lds_chunked(chunk=8),chunk8,0.10463340282440185,0.1111333966255188,0.08992909789085388,0.07716100215911866,0.07161290049552918,0.0731249988079071,1.4308841645148542,1.4610971221719213,0.9793217321432023,0.0
bf16,128,64,128,32,random,2,1,graph_lds_chunked(chunk=8),chunk8,0.10216130018234253,0.11052540540695191,0.09132919907569885,0.07907699942588806,0.07203689813613892,0.07245690226554871,1.4099595343992155,1.4181801663540954,0.994203393793037,0.0
bf16,128,64,128,32,contiguous,0,1,graph_lds_chunked(chunk=8),chunk8,0.10244129896163941,0.10795739889144898,0.08834909796714782,0.0770330011844635,0.0717648983001709,0.07146490216255189,1.433449089857138,1.4274568958930087,1.004197810793005,0.0
bf16,128,64,128,32,contiguous,1,1,graph_lds_chunked(chunk=8),chunk8,0.10226930379867553,0.10994540452957154,0.09054509997367859,0.07742099761962891,0.07145689725875855,0.07221289873123168,1.416219340249869,1.4312026931191766,0.9895309358057085,0.0
bf16,128,64,128,32,contiguous,2,1,graph_lds_chunked(chunk=8),chunk8,0.10215330123901367,0.10846129655838013,0.08948109745979309,0.07694500088691711,0.07171689867973327,0.07099289894104004,1.4389228044322082,1.424396524662904,1.0101981993902591,0.0
bf16,128,64,128,32,page-cross,0,1,graph_lds_chunked(chunk=8),chunk8,0.10117729902267455,0.10831340551376342,0.08885719776153564,0.07704489827156066,0.07000489830970764,0.07098090052604675,1.4254158269737238,1.445288850718096,0.9862497910127112,0.0
bf16,128,64,128,32,page-cross,1,1,graph_lds_chunked(chunk=8),chunk8,0.10004919767379761,0.10896539688110352,0.08938120007514953,0.07666890025138855,0.07144089937210082,0.07135689854621888,1.402095658753923,1.4004470625809189,1.0011771927815436,0.0
bf16,128,64,128,32,page-cross,2,1,graph_lds_chunked(chunk=8),chunk8,0.10124130249023437,0.10980139970779419,0.09134920239448548,0.07641289830207824,0.07091289758682251,0.07000889778137206,1.4461205032308424,1.4276853144560784,1.012912641594123,0.0
bf16,128,64,128,32,tail-negative,0,1,graph_lds_chunked(chunk=8),chunk8,0.10228929519653321,0.1108333945274353,0.08959720134735108,0.07685700058937073,0.07154889702796936,0.07307689785957336,1.3997487330824472,1.4296418176306342,0.9790905077205078,0.0
bf16,128,64,128,32,tail-negative,1,1,graph_lds_chunked(chunk=8),chunk8,0.10164530277252197,0.10678930282592773,0.08699309825897217,0.07580100297927857,0.06982889771461487,0.07086889743804932,1.4342723881287431,1.4556337862862767,0.9853250189994338,0.0
bf16,128,64,128,32,tail-negative,2,1,graph_lds_chunked(chunk=8),chunk8,0.10141730308532715,0.11055740118026733,0.08882110118865967,0.0758089005947113,0.07096490263938904,0.07113689780235291,1.4256638427937278,1.4291191745965353,0.9975821947782746,0.0
bf16,128,128,32,8,random,0,1,graph_lds_chunked(chunk=4),chunk4,0.020656199753284456,0.02307630032300949,0.019140200316905977,0.018312300741672515,0.02302830070257187,0.018100200593471526,1.1412138581897728,1.1279958779989907,1.0117181103659973,0.0
bf16,128,128,32,8,random,1,1,graph_lds_chunked(chunk=4),chunk4,0.020680299401283263,0.022780300676822664,0.018888300657272337,0.017892199754714965,0.022780300676822664,0.017988300323486327,1.1496527759369317,1.1558276614832437,0.9946576070532974,0.0
bf16,128,128,32,8,random,2,1,graph_lds_chunked(chunk=4),chunk4,0.02032019942998886,0.022724300622940063,0.018840199708938597,0.018068200349807738,0.022564299404621124,0.01784819960594177,1.138501354681407,1.1246388149667095,1.0123262148969203,0.0
bf16,128,128,32,8,contiguous,0,1,graph_lds_chunked(chunk=4),chunk4,0.02026820033788681,0.022824299335479737,0.020168200135231018,0.018168200552463532,0.022584299743175506,0.017896200716495513,1.1325420774480333,1.1155865590188305,1.015198747503838,0.0
bf16,128,128,32,8,contiguous,1,1,graph_lds_chunked(chunk=4),chunk4,0.02029220014810562,0.022716300189495088,0.01902420073747635,0.018164199590682984,0.022612300515174866,0.018028199672698975,1.1255810628076823,1.1171535550905396,1.0075437326218415,0.0
bf16,128,128,32,8,contiguous,2,1,graph_lds_chunked(chunk=4),chunk4,0.02027219980955124,0.02273630052804947,0.019260300695896147,0.018076199293136596,0.02254830002784729,0.01790820062160492,1.1320065168967524,1.1214857438116679,1.0093811028300073,0.0
bf16,128,128,32,8,page-cross,0,1,graph_lds_chunked(chunk=4),chunk4,0.020340199768543243,0.022556300461292266,0.01917629987001419,0.01790820062160492,0.022720299661159515,0.017916199564933778,1.1352965619089108,1.1358036576831898,0.9995535357094083,0.0
bf16,128,128,32,8,page-cross,1,1,graph_lds_chunked(chunk=4),chunk4,0.020280300080776213,0.02264830023050308,0.01917629987001419,0.01799219995737076,0.022696299850940703,0.017916199564933778,1.131953236358761,1.1271717815957298,1.004241992960702,0.0
bf16,128,128,32,8,page-cross,2,1,graph_lds_chunked(chunk=4),chunk4,0.020308199524879455,0.022460299730300903,0.01913619935512543,0.018060199916362762,0.022508199512958526,0.017844200134277344,1.1380840481534926,1.1244725761025478,1.0121047612367058,0.0
bf16,128,128,32,8,tail-negative,0,1,graph_lds_chunked(chunk=4),chunk4,0.020196300745010377,0.022592300176620485,0.01906830072402954,0.017948199808597565,0.02284030020236969,0.017840200662612916,1.132066904793008,1.1252549537216499,1.0060536956969872,0.0
bf16,128,128,32,8,tail-negative,1,1,graph_lds_chunked(chunk=4),chunk4,0.020176200568675993,0.022720199823379517,0.01894019991159439,0.018000200390815735,0.022636300325393675,0.017840200662612916,1.1309402259672197,1.1208875529502729,1.0089684937534433,0.0
bf16,128,128,32,8,tail-negative,2,1,graph_lds_chunked(chunk=4),chunk4,0.020208300650119783,0.02252029925584793,0.019004300236701965,0.01788419932126999,0.02284030020236969,0.017896200716495513,1.129195015760699,1.1299527749104037,0.999329388655411,0.0
bf16,128,128,32,16,random,0,1,graph_lds_chunked(chunk=8),chunk8,0.031776401400566104,0.03686450123786926,0.028560400009155273,0.026800400018692015,0.02660439908504486,0.02636429965496063,1.2052814531937375,1.194404026905031,1.0091069906360683,0.0
bf16,128,128,32,16,random,1,1,graph_lds_chunked(chunk=8),chunk8,0.03184039890766144,0.037412500381469725,0.02853640019893646,0.02710840106010437,0.026600301265716553,0.026564401388168336,1.1986115720207047,1.1969939208432394,1.0013514280643345,0.0
bf16,128,128,32,16,random,2,1,graph_lds_chunked(chunk=8),chunk8,0.032016399502754214,0.0371165007352829,0.029592400789260863,0.026888298988342284,0.026732298731803893,0.026628398895263673,1.2023403896224827,1.1976672797189616,1.0039018431768612,0.0
bf16,128,128,32,16,contiguous,0,1,graph_lds_chunked(chunk=8),chunk8,0.03202849924564362,0.037736400961875916,0.02918039858341217,0.027284300327301024,0.026972299814224242,0.026852399110794067,1.1927611798667506,1.1874589659111277,1.004465176572695,0.0
bf16,128,128,32,16,contiguous,1,1,graph_lds_chunked(chunk=8),chunk8,0.03200840055942535,0.03713650107383728,0.02833229899406433,0.027632400393486023,0.026332399249076842,0.026616400480270384,1.2025818661374528,1.2155519995219388,0.9893298407722689,0.0
bf16,128,128,32,16,contiguous,2,1,graph_lds_chunked(chunk=8),chunk8,0.033144399523735046,0.03680450022220612,0.02827639877796173,0.027068299055099488,0.026340299844741823,0.02644830048084259,1.2531769119812697,1.258315194553546,0.9959165377685044,0.0
bf16,128,128,32,16,page-cross,0,1,graph_lds_chunked(chunk=8),chunk8,0.03180040121078491,0.03678439855575562,0.02882840037345886,0.027628400921821596,0.02682029902935028,0.026304399967193602,1.2089384760893929,1.1856840662359784,1.0196126527425107,0.0
bf16,128,128,32,16,page-cross,1,1,graph_lds_chunked(chunk=8),chunk8,0.032580500841140746,0.03777250051498413,0.028892400860786437,0.027552300691604616,0.026596298813819884,0.02684839963912964,1.2134988036179621,1.2250013082350906,0.990610210340346,0.0
bf16,128,128,32,16,page-cross,2,1,graph_lds_chunked(chunk=8),chunk8,0.031900399923324586,0.03714849948883057,0.02862440049648285,0.027004298567771912,0.026552298665046693,0.026780399680137634,1.1911846090551192,1.2014176371599083,0.9914825388039255,0.0
bf16,128,128,32,16,tail-negative,0,1,graph_lds_chunked(chunk=8),chunk8,0.03162040114402771,0.037108400464057924,0.02824839949607849,0.02679229974746704,0.026308301091194152,0.026424399018287657,1.1966365298277564,1.201917259287093,0.995606411823665,0.0
bf16,128,128,32,16,tail-negative,1,1,graph_lds_chunked(chunk=8),chunk8,0.03151639997959137,0.03684450089931488,0.028128400444984436,0.02676439881324768,0.02620840072631836,0.0262364000082016,1.2012471211652216,1.2025304523042772,0.9989328077832901,0.0
bf16,128,128,32,16,tail-negative,2,1,graph_lds_chunked(chunk=8),chunk8,0.03170439898967743,0.03703649938106537,0.028240400552749633,0.026828300952911378,0.026400300860404968,0.026488301157951356,1.1969208142350152,1.2009105183050215,0.9966777674029891,0.0
bf16,128,128,32,32,random,0,1,graph_lds_chunked(chunk=4),chunk4,0.05478870272636414,0.06534889936447144,0.05034059882164001,0.04206460118293762,0.04338450133800507,0.04198060035705566,1.3050957408987083,1.3024895324239447,1.0020009438923576,0.0
bf16,128,128,32,32,random,1,1,graph_lds_chunked(chunk=4),chunk4,0.055456697940826416,0.06836889982223511,0.051836597919464114,0.04270060062408447,0.04382449984550476,0.043040499091148376,1.2884771113686164,1.2987334400525297,0.9921028223593762,0.0
bf16,128,128,32,32,random,2,1,graph_lds_chunked(chunk=4),chunk4,0.056332701444625856,0.06665289998054505,0.04998860061168671,0.04313659965991974,0.04411250054836273,0.04240860044956207,1.3283320092494957,1.305914279028517,1.0171663106690705,0.0
bf16,128,128,32,32,contiguous,0,1,graph_lds_chunked(chunk=4),chunk4,0.05745670199394226,0.06864479780197144,0.05283259749412537,0.04319660067558288,0.04374450147151947,0.04402459859848022,1.3051045057325232,1.3301209145010333,0.9811923799590095,0.0
bf16,128,128,32,32,contiguous,1,1,graph_lds_chunked(chunk=4),chunk4,0.05745279788970947,0.06755290031433106,0.050524598360061644,0.0432565987110138,0.04380849897861481,0.04280450046062469,1.3422139558096131,1.328185747417101,1.0105619326361484,0.0
bf16,128,128,32,32,contiguous,2,1,graph_lds_chunked(chunk=4),chunk4,0.0564287006855011,0.0672169029712677,0.051296597719192503,0.04320859909057617,0.0448606014251709,0.04352459907531738,1.29647835670706,1.3059599679964686,0.9927397381835871,0.0
bf16,128,128,32,32,page-cross,0,1,graph_lds_chunked(chunk=4),chunk4,0.05955680012702942,0.06722090244293213,0.05045260190963745,0.04307659864425659,0.043712499737739566,0.04283649921417236,1.3903283699552458,1.3825789872332488,1.005605019889319,0.0
bf16,128,128,32,32,page-cross,1,1,graph_lds_chunked(chunk=4),chunk4,0.05679270029067993,0.06730080246925355,0.05156469941139221,0.043460598587989806,0.043584498763084414,0.042532598972320555,1.3352746284712014,1.306762956237202,1.0218185494912544,0.0
bf16,128,128,32,32,page-cross,2,1,graph_lds_chunked(chunk=4),chunk4,0.05695670247077942,0.06496480107307434,0.0475165992975235,0.041296499967575076,0.04278059899806976,0.04314849972724914,1.3200158251344745,1.3792137957333024,0.9570784668903681,0.0
bf16,128,128,32,32,tail-negative,0,1,graph_lds_chunked(chunk=4),chunk4,0.05495269894599915,0.06589279770851135,0.05012869834899902,0.041828501224517825,0.04293659925460815,0.04274849891662598,1.2854883876314693,1.313762084159701,0.9784788304753703,0.0
bf16,128,128,32,32,tail-negative,1,1,graph_lds_chunked(chunk=4),chunk4,0.05516870021820068,0.06551679968833923,0.050980597734451294,0.04155249893665314,0.04298459887504578,0.04151650071144104,1.3288379143909252,1.3276867006796744,1.000867082355093,0.0
bf16,128,128,32,32,tail-negative,2,1,graph_lds_chunked(chunk=4),chunk4,0.056032699346542356,0.06666479706764221,0.050076597929000856,0.042000499367713925,0.0432125985622406,0.042216500639915465,1.3272701075930426,1.3340960271918834,0.9948834870506224,0.0
bf16,128,128,64,8,random,0,1,graph_lds_chunked(chunk=4),chunk4,0.033736500144004825,0.035128501057624814,0.030276399850845338,0.027792298793792726,0.034308499097824095,0.027660399675369263,1.2196678478961438,1.2138794417228886,1.0047685181693493,0.0
bf16,128,128,64,8,random,1,1,graph_lds_chunked(chunk=4),chunk4,0.03212040066719055,0.034028398990631106,0.029428398609161376,0.027020400762557982,0.03404850065708161,0.0268002986907959,1.1985090553569744,1.1887462717318247,1.0082126723400167,0.0
bf16,128,128,64,8,random,2,1,graph_lds_chunked(chunk=4),chunk4,0.03187240064144135,0.033976399898529054,0.029520401358604433,0.027012398838996886,0.033948498964309695,0.02687230110168457,1.1860689012391026,1.1799174457408144,1.0052134626201972,0.0
bf16,128,128,64,8,contiguous,0,1,graph_lds_chunked(chunk=4),chunk4,0.031960400938987735,0.0341843992471695,0.029500401020050047,0.027220401167869567,0.033960399031639096,0.026936298608779906,1.1865179178170462,1.1741340894238241,1.010547201128705,0.0
bf16,128,128,64,8,contiguous,1,1,graph_lds_chunked(chunk=4),chunk4,0.03285639882087708,0.03416840136051178,0.029528400301933287,0.027100399136543274,0.034052500128746034,0.026964300870895387,1.2185147680332211,1.2123953841171358,1.0050473500610873,0.0
bf16,128,128,64,8,contiguous,2,1,graph_lds_chunked(chunk=4),chunk4,0.031948399543762204,0.03396840095520019,0.029488301277160643,0.027172300219535827,0.034080499410629274,0.026960399746894837,1.1850120860111453,1.1757708874713724,1.0078596932771888,0.0
bf16,128,128,64,8,page-cross,0,1,graph_lds_chunked(chunk=4),chunk4,0.0319243997335434,0.03399640023708343,0.029840299487113954,0.02738829851150513,0.03422049880027771,0.026908400654792785,1.186410152840399,1.1656218702353038,1.0178344994512658,0.0
bf16,128,128,64,8,page-cross,1,1,graph_lds_chunked(chunk=4),chunk4,0.032288399338722226,0.03404850065708161,0.02962839901447296,0.027092298865318297,0.033924400806427,0.026908400654792785,1.1999375121899407,1.1917925274350056,1.0068342304280635,0.0
bf16,128,128,64,8,page-cross,2,1,graph_lds_chunked(chunk=4),chunk4,0.031900399923324586,0.03403240144252777,0.029576298594474793,0.027148300409317018,0.03374049961566925,0.02690039873123169,1.1858708951510015,1.175042247299455,1.0092155391658753,0.0
bf16,128,128,64,8,tail-negative,0,1,graph_lds_chunked(chunk=4),chunk4,0.03161239922046662,0.03398450016975403,0.029384401440620423,0.02706030011177063,0.03390839993953705,0.026768401265144348,1.1809595540406714,1.1682205699823678,1.0109046051624446,0.0
bf16,128,128,64,8,tail-negative,1,1,graph_lds_chunked(chunk=4),chunk4,0.03171240091323853,0.034152498841285704,0.029432401061058044,0.027052301168441772,0.033976399898529054,0.02676439881324768,1.1848725291577151,1.172262600352574,1.010756914706098,0.0
bf16,128,128,64,8,tail-negative,2,1,graph_lds_chunked(chunk=4),chunk4,0.03174040019512177,0.03444850146770477,0.029780301451683044,0.02759239971637726,0.034596499800682065,0.02708840072154999,1.1717340023647433,1.1503312695300834,1.0186057124600316,0.0
bf16,128,128,64,16,random,0,1,graph_lds_chunked(chunk=8),chunk8,0.05600469708442688,0.058320701122283936,0.04962069988250732,0.043232500553131104,0.042012500762939456,0.04221250116825104,1.326732497115079,1.3330484038653176,0.9952620574527338,0.0
bf16,128,128,64,16,random,1,1,graph_lds_chunked(chunk=8),chunk8,0.05652469992637634,0.05898870229721069,0.05041660070419311,0.04390060007572174,0.042832601070404056,0.04324049949645996,1.30721662757397,1.3196653603517225,0.9905667503658394,0.0
bf16,128,128,64,16,random,2,1,graph_lds_chunked(chunk=8),chunk8,0.05628479719161987,0.05921670198440552,0.05010470151901245,0.04353249967098236,0.0425246000289917,0.04286850094795227,1.3129639699777855,1.323582047879274,0.9919777712923037,0.0
bf16,128,128,64,16,contiguous,0,1,graph_lds_chunked(chunk=8),chunk8,0.05655279755592346,0.05874469876289368,0.0504006028175354,0.04362860023975372,0.042612498998641966,0.04268450140953064,1.324902381155524,1.3271410709267664,0.9983131486016937,0.0
bf16,128,128,64,16,contiguous,1,1,graph_lds_chunked(chunk=8),chunk8,0.055696702003479,0.05923680067062378,0.05076069831848144,0.044060501456260684,0.042804598808288574,0.04288049936294556,1.2988818421179196,1.3011850024089944,0.9982299517080118,0.0
bf16,128,128,64,16,contiguous,2,1,graph_lds_chunked(chunk=8),chunk8,0.05672069787979126,0.05932869911193848,0.05053660273551941,0.0437285989522934,0.04274849891662598,0.0430965006351471,1.3161323319493146,1.3268465400484772,0.9919250585687389,0.0
bf16,128,128,64,16,page-cross,0,1,graph_lds_chunked(chunk=8),chunk8,0.05607669949531555,0.05751680135726929,0.049520599842071536,0.04284459948539734,0.04169259965419769,0.041972500085830686,1.3360342934217122,1.3450036687666618,0.9933313376362948,0.0
bf16,128,128,64,16,page-cross,1,1,graph_lds_chunked(chunk=8),chunk8,0.05698879957199097,0.058556801080703734,0.050416702032089235,0.04374450147151947,0.04216049909591675,0.04247649908065796,1.3416548163203335,1.3517107433272852,0.9925605925257361,0.0
bf16,128,128,64,16,page-cross,2,1,graph_lds_chunked(chunk=8),chunk8,0.05535269975662231,0.05890070199966431,0.05108870267868042,0.04393250048160553,0.04308460056781769,0.04172050058841705,1.3267506136297413,1.2847444104650318,1.0326961556108307,0.0
bf16,128,128,64,16,tail-negative,0,1,graph_lds_chunked(chunk=8),chunk8,0.05508469939231873,0.0577767014503479,0.04900059998035431,0.042636600136756894,0.04178450107574463,0.04207249879837036,1.3092804317687063,1.3183045860105937,0.993154727414553,0.0
bf16,128,128,64,16,tail-negative,1,1,graph_lds_chunked(chunk=8),chunk8,0.053924697637557986,0.05796070098876953,0.0494607001543045,0.04396849870681763,0.04280059933662415,0.04173249900341034,1.2921511753502064,1.259905199304418,1.0255939701364762,0.0
bf16,128,128,64,16,tail-negative,2,1,graph_lds_chunked(chunk=8),chunk8,0.05484070181846619,0.05888469815254212,0.04980469942092895,0.04306850135326386,0.042224499583244327,0.04262450039386749,1.2866004601043084,1.2987886738681036,0.9906157067666015,0.0
bf16,128,128,64,32,random,0,1,graph_lds_chunked(chunk=8),chunk8,0.10022130012512206,0.10955740213394165,0.08862910270690919,0.07656900286674499,0.07087690234184266,0.07046089768409729,1.4223676311143787,1.41401919121338,1.0059040499258252,0.0
bf16,128,128,64,32,random,1,1,graph_lds_chunked(chunk=8),chunk8,0.10200129747390747,0.10954940319061279,0.08828120231628418,0.07647690176963806,0.07043690085411072,0.07240089774131775,1.408840230660529,1.448123018432811,0.9728733075351604,0.0
bf16,128,128,64,32,random,2,1,graph_lds_chunked(chunk=8),chunk8,0.10139329433441162,0.10962940454483032,0.08998119831085205,0.07666490077972413,0.07110490202903748,0.0723928987979889,1.4005972411375294,1.4259677102572352,0.9822082443121176,0.0
bf16,128,128,64,32,contiguous,0,1,graph_lds_chunked(chunk=8),chunk8,0.10300530195236206,0.10951739549636841,0.08830909729003907,0.0763329029083252,0.0706408977508545,0.07116490006446838,1.4474172219598345,1.4581539197824829,0.9926367870517743,0.0
bf16,128,128,64,32,contiguous,1,1,graph_lds_chunked(chunk=8),chunk8,0.10124529600143432,0.10986939668655396,0.08912119865417481,0.0766569972038269,0.0711089015007019,0.07141289710998536,1.4177452546912235,1.423806216447247,0.995743127339936,0.0
bf16,128,128,64,32,contiguous,2,1,graph_lds_chunked(chunk=8),chunk8,0.10206929445266724,0.10886930227279663,0.08881310224533082,0.07644500136375428,0.07124090194702148,0.07094489932060241,1.438712232029714,1.4327344497767782,1.004172289047609,0.0
bf16,128,128,64,32,page-cross,0,1,graph_lds_chunked(chunk=8),chunk8,0.10220129489898681,0.10815739631652832,0.08787310123443604,0.07627699971199035,0.07101690173149108,0.07098090052604675,1.439842184891464,1.4391122733768547,1.0005071956706315,0.0
bf16,128,128,64,32,page-cross,1,1,graph_lds_chunked(chunk=8),chunk8,0.10130929946899414,0.10838539600372314,0.08858510255813598,0.07540100216865539,0.07017679810523987,0.07144089937210082,1.418085443484178,1.4436295499983733,0.9823056361556023,0.0
bf16,128,128,64,32,page-cross,2,1,graph_lds_chunked(chunk=8),chunk8,0.1021293044090271,0.10738940238952636,0.08877320289611816,0.07620490193367005,0.07084890007972718,0.0696129024028778,1.4671030927278943,1.4415086796562782,1.0177552958458211,0.0
bf16,128,128,64,32,tail-negative,0,1,graph_lds_chunked(chunk=8),chunk8,0.100661301612854,0.10852129459381103,0.0871770977973938,0.07484490275382996,0.07066090106964111,0.07076889872550965,1.4223946313378084,1.424568609925388,0.9984739390069156,0.0
bf16,128,128,64,32,tail-negative,1,1,graph_lds_chunked(chunk=8),chunk8,0.10159330368041992,0.10644539594650268,0.0853210985660553,0.07472500205039978,0.07006880044937133,0.07041289806365966,1.442822358888997,1.4499078481274534,0.9951131451232523,0.0
bf16,128,128,64,32,tail-negative,2,1,graph_lds_chunked(chunk=8),chunk8,0.10099730491638184,0.10648529529571533,0.0867451012134552,0.07488899827003478,0.06949290037155151,0.06898890137672424,1.463964534887589,1.4533470955506036,1.0073055083465543,0.0
bf16,128,128,128,8,random,0,1,graph_global,global,0.05612480044364929,0.05749679803848266,0.07961699962615967,0.06499279737472534,0.05640869736671448,0.05604069828987122,1.001500733508763,1.0,1.001500733508763,0.0
bf16,128,128,128,8,random,1,1,graph_global,global,0.05480070114135742,0.0564287006855011,0.07952899932861328,0.06432880163192749,0.05661669969558716,0.05458469986915589,1.003957176144951,1.0,1.003957176144951,0.0
bf16,128,128,128,8,random,2,1,graph_global,global,0.05498070120811462,0.0566366970539093,0.07924100160598754,0.06447280049324036,0.056420701742172244,0.054532700777053834,1.008215262121206,1.0,1.008215262121206,0.0
bf16,128,128,128,8,contiguous,0,1,graph_global,global,0.055160701274871826,0.05725669860839844,0.07967299818992615,0.0648967981338501,0.056788700819015506,0.05499669909477234,1.0029820367912785,1.0,1.0029820367912785,0.0
bf16,128,128,128,8,contiguous,1,1,graph_global,global,0.05506470203399658,0.05713269710540771,0.07991300225257873,0.0650888979434967,0.05736070275306702,0.05491269826889038,1.0027680986347072,1.0,1.0027680986347072,0.0
bf16,128,128,128,8,contiguous,2,1,graph_global,global,0.055056697130203246,0.05680869817733765,0.07948499917984009,0.06494879722595215,0.05678079724311828,0.05488870143890381,1.0030606606987493,1.0,1.0030606606987493,0.0
bf16,128,128,128,8,page-cross,0,1,graph_global,global,0.055056697130203246,0.0567566990852356,0.07965300083160401,0.06492080092430115,0.05650879740715027,0.05498470067977905,1.0013093906038244,1.0,1.0013093906038244,0.0
bf16,128,128,128,8,page-cross,1,1,graph_global,global,0.055592799186706544,0.056936800479888916,0.07969300150871277,0.06479290127754211,0.056508702039718625,0.055272698402404785,1.0057913001093473,1.0,1.0057913001093473,0.0
bf16,128,128,128,8,page-cross,2,1,graph_global,global,0.05499669909477234,0.05671280026435852,0.07973300218582154,0.0648527979850769,0.05639680027961731,0.05496469736099243,1.000582223414599,1.0,1.000582223414599,0.0
bf16,128,128,128,8,tail-negative,0,1,graph_global,global,0.054448699951171874,0.056376701593399046,0.07900500297546387,0.06462479829788208,0.05655279755592346,0.05461270213127136,0.9969969956859985,1.0,0.9969969956859985,0.0
bf16,128,128,128,8,tail-negative,1,1,graph_global,global,0.05462070107460022,0.05687270164489746,0.07900099754333496,0.06492080092430115,0.05678880214691162,0.05505269765853882,0.9921530351406569,1.0,0.9921530351406569,0.0
bf16,128,128,128,8,tail-negative,2,1,graph_global,global,0.0551846981048584,0.05655270218849182,0.0793170988559723,0.06514080166816712,0.05762069821357727,0.0547806978225708,1.00737486557028,1.0,1.00737486557028,0.0
bf16,128,128,128,16,random,0,1,graph_global,global,0.09920129776000977,0.10074130296707154,0.152810001373291,0.12478959560394287,0.10978540182113647,0.09762529730796814,1.0161433613571489,1.0,1.0161433613571489,0.0
bf16,128,128,128,16,random,1,1,graph_global,global,0.09886919856071472,0.10032529830932617,0.15075390338897704,0.1223296046257019,0.10775740146636963,0.09892920255661011,0.999393465282801,1.0,0.999393465282801,0.0
bf16,128,128,128,16,random,2,1,graph_global,global,0.09789729714393616,0.1011693000793457,0.15393389463424684,0.12450549602508545,0.11028139591217041,0.09756919741630554,1.0033627388183863,1.0,1.0033627388183863,0.0
bf16,128,128,128,16,contiguous,0,1,graph_global,global,0.09932929873466492,0.10112930536270141,0.154121994972229,0.12163350582122803,0.10880939960479737,0.10015319585800171,0.9917736312228627,1.0,0.9917736312228627,0.0
bf16,128,128,128,16,contiguous,1,1,graph_global,global,0.09814519882202148,0.10160529613494873,0.15495799779891967,0.12535359859466552,0.1079334020614624,0.09852529764175415,0.9961421195486794,1.0,0.9961421195486794,0.0
bf16,128,128,128,16,contiguous,2,1,graph_global,global,0.09800930023193359,0.10239729881286622,0.15165400505065918,0.12269760370254516,0.10900139808654785,0.09768930077552795,1.00327568581068,1.0,1.00327568581068,0.0
bf16,128,128,128,16,page-cross,0,1,graph_global,global,0.09900929927825927,0.10082520246505737,0.15312600135803223,0.12299760580062866,0.10788530111312866,0.0984611988067627,1.005566664616508,1.0,1.005566664616508,0.0
bf16,128,128,128,16,page-cross,1,1,graph_global,global,0.09786530137062073,0.10150929689407348,0.15327800512313844,0.12268949747085571,0.10823739767074585,0.09795330166816711,0.9991016096849445,1.0,0.9991016096849445,0.0
bf16,128,128,128,16,page-cross,2,1,graph_global,global,0.09817730188369751,0.10228129625320434,0.15350199937820436,0.12192150354385375,0.10745340585708618,0.09791730046272278,1.0026553164736576,1.0,1.0026553164736576,0.0
bf16,128,128,128,16,tail-negative,0,1,graph_global,global,0.09712120294570922,0.10026129484176635,0.15350990295410155,0.12440160512924195,0.10854940414428711,0.09731320142745972,0.9980270047749521,1.0,0.9980270047749521,0.0
bf16,128,128,128,16,tail-negative,1,1,graph_global,global,0.09752519726753235,0.10216530561447143,0.15635000467300414,0.12076150178909302,0.1075134038925171,0.09788920283317566,0.9962814533665817,1.0,0.9962814533665817,0.0
bf16,128,128,128,16,tail-negative,2,1,graph_global,global,0.09718919992446899,0.10153330564498901,0.15011390447616577,0.12228950262069702,0.10776139497756958,0.0973052978515625,0.9988068694135173,1.0,0.9988068694135173,0.0
bf16,128,128,128,32,random,0,1,graph_global,global,0.18021429777145387,0.1941105008125305,0.28466761112213135,0.22997488975524902,0.20123450756072997,0.1917423963546753,0.9398771539190668,1.0,0.9398771539190668,0.0
bf16,128,128,128,32,random,1,1,graph_global,global,0.1808503031730652,0.19107040166854858,0.29003570079803465,0.23392701148986816,0.2029186010360718,0.18552639484405517,0.9747955449955221,1.0,0.9747955449955221,0.0
bf16,128,128,128,32,random,2,1,graph_global,global,0.18097829818725586,0.19420249462127687,0.27962350845336914,0.23079500198364258,0.2004425048828125,0.18973439931869507,0.9538507452371267,1.0,0.9538507452371267,0.0
bf16,128,128,128,32,contiguous,0,1,graph_global,global,0.18186229467391968,0.19393839836120605,0.28205559253692625,0.22978689670562744,0.20093460083007814,0.19095849990844727,0.9523655389056331,1.0,0.9523655389056331,0.0
bf16,128,128,128,32,contiguous,1,1,graph_global,global,0.18229429721832274,0.19803450107574463,0.28995571136474607,0.22962288856506347,0.20067059993743896,0.19021450281143187,0.9583617154525763,1.0,0.9583617154525763,0.0
bf16,128,128,128,32,contiguous,2,1,graph_global,global,0.18196630477905273,0.19330650568008423,0.2867316961288452,0.2316509008407593,0.200742506980896,0.18685439825057984,0.9738400941198507,1.0,0.9738400941198507,0.0
bf16,128,128,128,32,page-cross,0,1,graph_global,global,0.18268630504608155,0.1990744948387146,0.2886796951293945,0.22901101112365724,0.20102250576019287,0.18660240173339843,0.9790136855102655,1.0,0.9790136855102655,0.0
bf16,128,128,128,32,page-cross,1,1,graph_global,global,0.18264230489730834,0.1956225037574768,0.288219690322876,0.23347899913787842,0.20231859683990477,0.18648240566253663,0.9794077047023009,1.0,0.9794077047023009,0.0
bf16,128,128,128,32,page-cross,2,1,graph_global,global,0.1825263023376465,0.19969849586486815,0.28453569412231444,0.22966690063476564,0.20066258907318116,0.19020639657974242,0.9596223135488711,1.0,0.9596223135488711,0.0
bf16,128,128,128,32,tail-negative,0,1,graph_global,global,0.1806542992591858,0.19473849534988402,0.27882750034332277,0.2274949073791504,0.2010585069656372,0.19125839471817016,0.9445561828822725,1.0,0.9445561828822725,0.0
bf16,128,128,128,32,tail-negative,1,1,graph_global,global,0.1799103021621704,0.1985185980796814,0.2820796012878418,0.22884690761566162,0.20059850215911865,0.18937439918518068,0.9500244116219967,1.0,0.9500244116219967,0.0
bf16,128,128,128,32,tail-negative,2,1,graph_global,global,0.1805462956428528,0.19400650262832642,0.2818556070327759,0.22729890346527098,0.20015859603881836,0.19243450164794923,0.9382220656727898,1.0,0.9382220656727898,0.0
bf16,128,256,32,8,random,0,1,graph_lds_chunked(chunk=4),chunk4,0.031472399830818176,0.03414439857006073,0.029112300276756285,0.026612299680709838,0.03397240042686463,0.027152401208877564,1.1591019000016902,1.1826260867500762,0.9801085169590401,0.0
bf16,128,256,32,8,random,1,1,graph_lds_chunked(chunk=4),chunk4,0.03139640092849731,0.03400039970874787,0.028976398706436157,0.02681640088558197,0.033852499723434445,0.026684299111366272,1.1765870558362879,1.170791004447499,1.0049505431514005,0.0
bf16,128,256,32,8,random,2,1,graph_lds_chunked(chunk=4),chunk4,0.031392401456832884,0.03398439884185791,0.028980401158332825,0.026860401034355164,0.0338124006986618,0.026656299829483032,1.1776728824947984,1.1687242277835381,1.007656771801703,0.0
bf16,128,256,32,8,contiguous,0,1,graph_lds_chunked(chunk=4),chunk4,0.031376400589942934,0.033836498856544495,0.029320400953292847,0.027056300640106203,0.0337363988161087,0.026796400547027588,1.1709184796994456,1.1596707549676226,1.0096990673289306,0.0
bf16,128,256,32,8,contiguous,1,1,graph_lds_chunked(chunk=4),chunk4,0.031248399615287782,0.03358849883079529,0.029356399178504945,0.02690429985523224,0.03370040059089661,0.026828399300575255,1.1647508025056774,1.1614648878963754,1.002829112307694,0.0
bf16,128,256,32,8,contiguous,2,1,graph_lds_chunked(chunk=4),chunk4,0.031388399004936215,0.033808401226997374,0.029328298568725587,0.02690030038356781,0.0339044988155365,0.026860299706459045,1.1685796267339603,1.166841951850842,1.001489211868293,0.0
bf16,128,256,32,8,page-cross,0,1,graph_lds_chunked(chunk=4),chunk4,0.0314164012670517,0.03389239907264709,0.029184401035308838,0.026904401183128358,0.03380039930343628,0.026684299111366272,1.1773365729388698,1.1677049064653704,1.0082483737288168,0.0
bf16,128,256,32,8,page-cross,1,1,graph_lds_chunked(chunk=4),chunk4,0.031260401010513306,0.033736500144004825,0.029272401332855226,0.026728400588035585,0.03393239974975586,0.02672039866447449,1.1699077324050138,1.1695574865226457,1.0002994687190703,0.0
bf16,128,256,32,8,page-cross,2,1,graph_lds_chunked(chunk=4),chunk4,0.03136839866638184,0.033604401350021365,0.02933639883995056,0.026644399762153624,0.03381249904632568,0.028428301215171814,1.1034214963798445,1.1772980043235315,0.937249101185612,0.0
bf16,128,256,32,8,tail-negative,0,1,graph_lds_chunked(chunk=4),chunk4,0.03125639855861664,0.034124401211738584,0.029556399583816527,0.026612401008605957,0.03403249979019165,0.026628398895263673,1.1737993967101092,1.1745050192392974,0.999399217101988,0.0
bf16,128,256,32,8,tail-negative,1,1,graph_lds_chunked(chunk=4),chunk4,0.03131240010261536,0.03386839926242828,0.029132398962974548,0.026668399572372437,0.03400050103664398,0.026680299639701845,1.173615009031633,1.1741387036608657,0.9995539754991469,0.0
bf16,128,256,32,8,tail-negative,2,1,graph_lds_chunked(chunk=4),chunk4,0.03125239908695221,0.03388850092887878,0.02900039851665497,0.026864299178123476,0.03382439911365509,0.026612401008605957,1.1743547332255275,1.1633431745132632,1.0094654431757608,0.0
bf16,128,256,32,16,random,0,1,graph_lds_chunked(chunk=8),chunk8,0.054576700925827025,0.05771269798278809,0.04894860088825226,0.04315659999847412,0.04243249893188476,0.04131250083446503,1.3210698898260915,1.286200490181756,1.0271103921282194,0.0
bf16,128,256,32,16,random,1,1,graph_lds_chunked(chunk=8),chunk8,0.053924697637557986,0.05783270001411438,0.04854060113430023,0.04270850121974945,0.04181250035762787,0.04238860011100769,1.2721509437994991,1.2896788562351662,0.9864090875407273,0.0
bf16,128,256,32,16,random,2,1,graph_lds_chunked(chunk=8),chunk8,0.05305659770965576,0.05802469849586487,0.0486845999956131,0.04263649880886078,0.04202449917793274,0.04180859923362732,1.2690355257580956,1.2625158835329091,1.0051640080811837,0.0
bf16,128,256,32,16,contiguous,0,1,graph_lds_chunked(chunk=8),chunk8,0.05469670295715332,0.05872880220413208,0.04920060038566589,0.0433245986700058,0.04223650097846985,0.042692598700523374,1.2811753002162125,1.2950102799717025,0.9893167027556012,0.0
bf16,128,256,32,16,contiguous,1,1,graph_lds_chunked(chunk=8),chunk8,0.05282859802246094,0.057796800136566163,0.04856860041618347,0.04250049889087677,0.041792601346969604,0.04244059920310974,1.2447656021451752,1.264065799203752,0.9847316515716712,0.0
bf16,128,256,32,16,contiguous,2,1,graph_lds_chunked(chunk=8),chunk8,0.053700697422027585,0.056944698095321655,0.048428699374198914,0.042932501435279845,0.04239250123500824,0.04258460104465485,1.261035588092424,1.266749917027328,0.9954889841648353,0.0
bf16,128,256,32,16,page-cross,0,1,graph_lds_chunked(chunk=8),chunk8,0.055060797929763795,0.05812079906463623,0.04921259880065918,0.042616501450538635,0.04159260094165802,0.04222460091114044,1.3039980660950825,1.3238123291928203,0.9850324229040689,0.0
bf16,128,256,32,16,page-cross,1,1,graph_lds_chunked(chunk=8),chunk8,0.05450469851493835,0.05727670192718506,0.04804460108280182,0.04226050078868866,0.04183250069618225,0.04152050018310547,1.3127177725357968,1.3029270927595442,1.0075143727002531,0.0
bf16,128,256,32,16,page-cross,2,1,graph_lds_chunked(chunk=8),chunk8,0.0544206976890564,0.0575967013835907,0.048324599862098694,0.04244849979877472,0.041828501224517825,0.042460599541664125,1.2816752065796087,1.3010434535282283,0.9851132974105545,0.0
bf16,128,256,32,16,tail-negative,0,1,graph_lds_chunked(chunk=8),chunk8,0.05257269740104675,0.05865679979324341,0.048696601390838624,0.04267649948596954,0.04220860004425049,0.04207260012626648,1.249570914164274,1.2455446839253326,1.0032325056586913,0.0
bf16,128,256,32,16,tail-negative,1,1,graph_lds_chunked(chunk=8),chunk8,0.05309669971466065,0.05872880220413208,0.04926460087299347,0.042300599813461306,0.041656500101089476,0.04218049943447113,1.2587973216663357,1.2746318002186643,0.9875772136317232,0.0
bf16,128,256,32,16,tail-negative,2,1,graph_lds_chunked(chunk=8),chunk8,0.053444701433181765,0.05720869898796081,0.048268601298332214,0.042132601141929626,0.041944500803947446,0.04146449863910675,1.288926749081105,1.2741766002410504,1.0115762201544622,0.0
bf16,128,256,32,32,random,0,1,graph_lds_chunked(chunk=8),chunk8,0.09884529709815978,0.10777339935302735,0.08676109910011291,0.07498890161514282,0.07030889987945557,0.06879680156707764,1.4367716935471853,1.4058717639961624,1.0219791949325379,0.0
bf16,128,256,32,32,random,1,1,graph_lds_chunked(chunk=8),chunk8,0.10095720291137696,0.10923340320587158,0.08756120204925537,0.07499300241470337,0.07112489938735962,0.07189689874649048,1.4041941261938646,1.419435440766601,0.9892624108606834,0.0
bf16,128,256,32,32,random,2,1,graph_lds_chunked(chunk=8),chunk8,0.10169329643249511,0.11018940210342407,0.08703709840774536,0.07543699741363526,0.07057690024375915,0.07180889844894409,1.4161656651062366,1.4408864101606313,0.9828433769101627,0.0
bf16,128,256,32,32,contiguous,0,1,graph_lds_chunked(chunk=8),chunk8,0.10027329921722412,0.1095013976097107,0.08712109923362732,0.0762129008769989,0.07073289752006531,0.07073299884796143,1.4176311035922389,1.41763313440933,0.9999985674593505,0.0
bf16,128,256,32,32,contiguous,1,1,graph_lds_chunked(chunk=8),chunk8,0.10080529451370239,0.10877740383148193,0.08626109957695008,0.07445690035820007,0.0701328992843628,0.07140889763832092,1.411662941840544,1.437346745141313,0.9821311013590921,0.0
bf16,128,256,32,32,contiguous,2,1,graph_lds_chunked(chunk=8),chunk8,0.09958530068397523,0.10665329694747924,0.08492900133132934,0.07351300120353699,0.06954889893531799,0.06937689781188965,1.435424526389079,1.4318745833286557,1.0024792276514685,0.0
bf16,128,256,32,32,page-cross,0,1,graph_lds_chunked(chunk=8),chunk8,0.10111730098724366,0.10663729906082153,0.08712909817695617,0.0749409019947052,0.0705249011516571,0.06939690113067627,1.4570866903240678,1.4337815344086835,1.0162543284008716,0.0
bf16,128,256,32,32,page-cross,1,1,graph_lds_chunked(chunk=8),chunk8,0.1011652946472168,0.1085893988609314,0.08745309710502625,0.07738890051841736,0.07078890204429626,0.07117689847946167,1.4213220413981424,1.4291123569611583,0.9945488431857232,0.0
bf16,128,256,32,32,page-cross,2,1,graph_lds_chunked(chunk=8),chunk8,0.1026932954788208,0.1058413028717041,0.08696910142898559,0.07461699843406677,0.07008489966392517,0.06858490109443664,1.497316374888684,1.4652699222123617,1.0218706821115502,0.0
bf16,128,256,32,32,tail-negative,0,1,graph_lds_chunked(chunk=8),chunk8,0.10010130405426025,0.10718929767608643,0.08561710119247437,0.07483699917793274,0.0689408004283905,0.06982089877128601,1.433686844710557,1.451989292730021,0.9873949152992362,0.0
bf16,128,256,32,32,tail-negative,1,1,graph_lds_chunked(chunk=8),chunk8,0.09955729842185974,0.10822139978408814,0.08645709753036498,0.07377690076828003,0.06956490278244018,0.07047690153121948,1.4126230901022,1.4311426371602771,0.9870596077726926,0.0
bf16,128,256,32,32,tail-negative,2,1,graph_lds_chunked(chunk=8),chunk8,0.09984520077705383,0.10821729898452759,0.0863851010799408,0.07431290149688721,0.06927279829978943,0.07002890110015869,1.4257713488071224,1.4413334415185208,0.9892029892160117,0.0
bf16,128,256,64,8,random,0,1,graph_global,global,0.054792702198028564,0.056884801387786864,0.07938899993896484,0.06392890214920044,0.05581669807434082,0.05469670295715332,1.001755119334166,1.0,1.001755119334166,0.0
bf16,128,256,64,8,random,1,1,graph_global,global,0.05422469973564148,0.05625270009040832,0.07858899831771851,0.06412090063095092,0.05605270266532898,0.05442870259284973,0.9962519250415671,1.0,0.9962519250415671,0.0
bf16,128,256,64,8,random,2,1,graph_global,global,0.05430070161819458,0.056316697597503663,0.07848899960517883,0.06421679854393006,0.05632069706916809,0.05406469702720642,1.004365225442203,1.0,1.004365225442203,0.0
bf16,128,256,64,8,contiguous,0,1,graph_global,global,0.054872697591781615,0.05618870258331299,0.07902100086212158,0.06461279988288879,0.05640869736671448,0.05446869730949402,1.0074171093167887,1.0,1.0074171093167887,0.0
bf16,128,256,64,8,contiguous,1,1,graph_global,global,0.054848700761795044,0.05616080164909363,0.07870100140571594,0.0635927975177765,0.05603669881820679,0.05456069707870483,1.0052785924394396,1.0,1.0052785924394396,0.0
bf16,128,256,64,8,contiguous,2,1,graph_global,global,0.054520702362060545,0.05587270259857178,0.07862100005149841,0.06447679996490478,0.05672879815101624,0.05472469925880432,0.9962723066639612,1.0,0.9962723066639612,0.0
bf16,128,256,64,8,page-cross,0,1,graph_global,global,0.05545269846916199,0.05592479705810547,0.07814900279045105,0.06402480006217956,0.05674470067024231,0.05485270023345947,1.0109383536844834,1.0,1.0109383536844834,0.0
bf16,128,256,64,8,page-cross,1,1,graph_global,global,0.05484470129013062,0.05580080151557922,0.07836899757385254,0.06387280225753784,0.05600469708442688,0.05447270274162293,1.0068290819031354,1.0,1.0068290819031354,0.0
bf16,128,256,64,8,page-cross,2,1,graph_global,chunk8,0.056272697448730466,0.05706070065498352,0.07835299968719482,0.06400480270385742,0.05571269989013672,0.055608701705932614,1.0119405007207174,1.010051524332837,1.0018701782457369,0.0
bf16,128,256,64,8,tail-negative,0,1,graph_global,global,0.05416460037231445,0.05610870122909546,0.07814099788665771,0.06427680253982544,0.056564700603485105,0.05393270254135132,1.0042997628532584,1.0,1.0042997628532584,0.0
bf16,128,256,64,8,tail-negative,1,1,graph_global,global,0.0553646981716156,0.056500697135925294,0.0784969985485077,0.06381679773330688,0.05690469741821289,0.055116701126098636,1.004499489999403,1.0,1.004499489999403,0.0
bf16,128,256,64,8,tail-negative,2,1,graph_global,global,0.05456870198249817,0.056352800130844115,0.0782729983329773,0.06424480080604553,0.05665670037269592,0.05438870191574097,1.003309512093818,1.0,1.003309512093818,0.0
bf16,128,256,64,16,random,0,1,graph_global,global,0.09776930212974548,0.10038930177688599,0.1514618992805481,0.12300159931182861,0.10896539688110352,0.09766929745674133,1.0010239110509467,1.0,1.0010239110509467,0.0
bf16,128,256,64,16,random,1,1,graph_global,global,0.09948930144309998,0.10109319686889648,0.15040600299835205,0.12178950309753418,0.10809340476989746,0.09884529709815978,1.0065152755249513,1.0,1.0065152755249513,0.0
bf16,128,256,64,16,random,2,1,graph_global,global,0.09755319952964783,0.10111329555511475,0.14954190254211425,0.12341359853744507,0.10869740247726441,0.09757320284843445,0.9997949916759657,1.0,0.9997949916759657,0.0
bf16,128,256,64,16,contiguous,0,1,graph_global,global,0.09735730290412903,0.10200929641723633,0.15010590553283693,0.12138160467147827,0.10672130584716796,0.09813330173492432,0.9920924006725932,1.0,0.9920924006725932,0.0
bf16,128,256,64,16,contiguous,1,1,graph_global,global,0.09726120233535766,0.10063329935073853,0.1525899052619934,0.12302149534225464,0.10748540163040161,0.09784920215606689,0.9939907550827918,1.0,0.9939907550827918,0.0
bf16,128,256,64,16,contiguous,2,1,graph_global,global,0.09803329706192017,0.09903730154037475,0.15098190307617188,0.12376559972763061,0.10974140167236328,0.09728929996490479,1.007647265395925,1.0,1.007647265395925,0.0
bf16,128,256,64,16,page-cross,0,1,graph_global,global,0.09837719798088074,0.10079729557037354,0.15199790000915528,0.12033350467681884,0.10731339454650879,0.0969972014427185,1.0142271789045088,1.0,1.0142271789045088,0.0
bf16,128,256,64,16,page-cross,1,1,graph_global,global,0.09748119711875916,0.10095729827880859,0.14792180061340332,0.12007759809494019,0.10695339441299438,0.09880120158195496,0.9866397934229487,1.0,0.9866397934229487,0.0
bf16,128,256,64,16,page-cross,2,1,graph_global,global,0.09686520099639892,0.10112930536270141,0.15071799755096435,0.12139350175857544,0.10688539743423461,0.09765719771385192,0.9918900323171913,1.0,0.9918900323171913,0.0
bf16,128,256,64,16,tail-negative,0,1,graph_global,global,0.09690529704093934,0.1004492998123169,0.15413789749145507,0.1252295970916748,0.1100693941116333,0.09651730060577393,1.0040199677439197,1.0,1.0040199677439197,0.0
bf16,128,256,64,16,tail-negative,1,1,graph_global,global,0.09763730168342591,0.10144530534744263,0.150101900100708,0.12054959535598755,0.10662540197372436,0.09682919979095458,1.0083456425769906,1.0,1.0083456425769906,0.0
bf16,128,256,64,16,tail-negative,2,1,graph_global,global,0.09727720022201539,0.09963729977607727,0.1489938974380493,0.1216575026512146,0.10776139497756958,0.09698119759559631,1.0030521650975417,1.0,1.0030521650975417,0.0
bf16,128,256,64,32,random,0,1,graph_global,global,0.1809743046760559,0.19477449655532836,0.2775635004043579,0.22853100299835205,0.20067050457000732,0.1920984983444214,0.9420911992324872,1.0,0.9420911992324872,0.0
bf16,128,256,64,32,random,1,1,graph_global,global,0.1796543002128601,0.19517849683761596,0.28041160106658936,0.22585089206695558,0.19975450038909912,0.1918624997138977,0.9363700591869579,1.0,0.9363700591869579,0.0
bf16,128,256,64,32,random,2,1,graph_global,global,0.17959829568862914,0.1961264967918396,0.28078360557556153,0.2276068925857544,0.19937460422515868,0.1925624966621399,0.9326753589186317,1.0,0.9326753589186317,0.0
bf16,128,256,64,32,contiguous,0,1,graph_global,global,0.1815384030342102,0.19213449954986572,0.28256759643554685,0.22745490074157715,0.19884649515151978,0.1929664969444275,0.9407767975727492,1.0,0.9407767975727492,0.0
bf16,128,256,64,32,contiguous,1,1,graph_global,global,0.18091429471969606,0.19629449844360353,0.276415491104126,0.22698690891265869,0.20027461051940917,0.19562649726867676,0.9247944283908804,1.0,0.9247944283908804,0.0
bf16,128,256,64,32,contiguous,2,1,graph_global,global,0.18170230388641356,0.1928984045982361,0.28510758876800535,0.22941501140594484,0.19953449964523315,0.19242240190505983,0.9442887215183214,1.0,0.9442887215183214,0.0
bf16,128,256,64,32,page-cross,0,1,graph_global,global,0.17870630025863649,0.1940945029258728,0.27827560901641846,0.22734689712524414,0.1990185022354126,0.19027440547943114,0.9392030410414544,1.0,0.9392030410414544,0.0
bf16,128,256,64,32,page-cross,1,1,graph_global,global,0.17921429872512817,0.1930305004119873,0.27649950981140137,0.22587080001831056,0.19910650253295897,0.19011839628219604,0.9426457524873988,1.0,0.9426457524873988,0.0
bf16,128,256,64,32,page-cross,2,1,graph_global,global,0.18007429838180541,0.19398250579833984,0.27494349479675295,0.22561891078948976,0.19916260242462158,0.19273049831390382,0.9343321371406148,1.0,0.9343321371406148,0.0
bf16,128,256,64,32,tail-negative,0,1,graph_global,global,0.17889829874038696,0.19376250505447387,0.2780996084213257,0.23567500114440917,0.19871050119400024,0.1916705012321472,0.933363754935399,1.0,0.933363754935399,0.0
bf16,128,256,64,32,tail-negative,1,1,graph_global,global,0.1790982961654663,0.19392650127410888,0.27449951171875,0.22581489086151124,0.19896260499954224,0.19270650148391724,0.929383776812602,1.0,0.929383776812602,0.0
bf16,128,256,64,32,tail-negative,2,1,graph_global,global,0.17900229692459108,0.19287049770355225,0.2768594980239868,0.22585890293121338,0.19903860092163086,0.19079439640045165,0.9381947284703763,1.0,0.9381947284703763,0.0
bf16,128,256,128,8,random,0,0,graph_global,global,0.10179330110549926,,,,,0.10156129598617554,1.0022843851791268,1.0,1.0022843851791268,0.0
bf16,128,256,128,8,random,1,0,graph_global,global,0.10309840440750122,,,,,0.10205329656600952,1.0102408043312516,1.0,1.0102408043312516,0.0
bf16,128,256,128,8,random,2,0,graph_global,global,0.10278539657592774,,,,,0.10294530391693116,0.9984466766824793,1.0,0.9984466766824793,0.0
bf16,128,256,128,8,contiguous,0,0,graph_global,global,0.1059414029121399,,,,,0.10618139505386352,0.9977397910283446,1.0,0.9977397910283446,0.0
bf16,128,256,128,8,contiguous,1,0,graph_global,global,0.10527329444885254,,,,,0.10494929552078247,1.0030871948826556,1.0,1.0030871948826556,0.0
bf16,128,256,128,8,contiguous,2,0,graph_global,global,0.10728139877319336,,,,,0.10630530118942261,1.0091820217133995,1.0,1.0091820217133995,0.0
bf16,128,256,128,8,page-cross,0,0,graph_global,global,0.10607739686965942,,,,,0.10420529842376709,1.0179654823143363,1.0,1.0179654823143363,0.0
bf16,128,256,128,8,page-cross,1,0,graph_global,global,0.10256530046463012,,,,,0.10394530296325684,0.9867237627936443,1.0,0.9867237627936443,0.0
bf16,128,256,128,8,page-cross,2,0,graph_global,global,0.10470540523529052,,,,,0.10408940315246581,1.0059180095587867,1.0,1.0059180095587867,0.0
bf16,128,256,128,8,tail-negative,0,0,graph_global,global,0.10281330347061157,,,,,0.10283329486846923,0.9998055941134315,1.0,0.9998055941134315,0.0
bf16,128,256,128,8,tail-negative,1,0,graph_global,global,0.10280929803848267,,,,,0.10166529417037964,1.0112526489736586,1.0,1.0112526489736586,0.0
bf16,128,256,128,8,tail-negative,2,0,graph_global,global,0.10324139595031738,,,,,0.10316129922866821,1.000776422187856,1.0,1.000776422187856,0.0
bf16,128,256,128,16,random,0,0,graph_global,global,0.18053829669952393,,,,,0.18818240165710448,0.9593792783476681,1.0,0.9593792783476681,0.0
bf16,128,256,128,16,random,1,0,graph_global,global,0.19075440168380736,,,,,0.18766239881515503,1.0164764113012212,1.0,1.0164764113012212,0.0
bf16,128,256,128,16,random,2,0,graph_global,global,0.18795050382614137,,,,,0.19315849542617797,0.9730377295156194,1.0,0.9730377295156194,0.0
bf16,128,256,128,16,contiguous,0,0,graph_global,global,0.19444650411605835,,,,,0.18925440311431885,1.0274345057039609,1.0,1.0274345057039609,0.0
bf16,128,256,128,16,contiguous,1,0,graph_global,global,0.18793439865112305,,,,,0.18865439891815186,0.9961834960056183,1.0,0.9961834960056183,0.0
bf16,128,256,128,16,contiguous,2,0,graph_global,global,0.19079450368881226,,,,,0.1923184037208557,0.9920761611860333,1.0,0.9920761611860333,0.0
bf16,128,256,128,16,page-cross,0,0,graph_global,global,0.18919039964675904,,,,,0.1873144030570984,1.0100152287226347,1.0,1.0100152287226347,0.0
bf16,128,256,128,16,page-cross,1,0,graph_global,global,0.19171839952468872,,,,,0.18950250148773193,1.0116932389786963,1.0,1.0116932389786963,0.0
bf16,128,256,128,16,page-cross,2,0,graph_global,global,0.19088640213012695,,,,,0.1909345030784607,0.9997480761855075,1.0,0.9997480761855075,0.0
bf16,128,256,128,16,tail-negative,0,0,graph_global,global,0.18953050374984742,,,,,0.190482497215271,0.9950021997855913,1.0,0.9950021997855913,0.0
bf16,128,256,128,16,tail-negative,1,0,graph_global,global,0.19174250364303588,,,,,0.19138239622116088,1.001881612044709,1.0,1.001881612044709,0.0
bf16,128,256,128,16,tail-negative,2,0,graph_global,global,0.19184249639511108,,,,,0.19262239933013917,0.9959511306175177,1.0,0.9959511306175177,0.0
bf16,128,256,128,32,random,0,0,graph_global,global,0.3665287017822266,,,,,0.3700486898422241,0.9904877705106905,1.0,0.9904877705106905,0.0
bf16,128,256,128,32,random,1,0,graph_global,global,0.37423679828643797,,,,,0.37693281173706056,0.9928474959815828,1.0,0.9928474959815828,0.0
bf16,128,256,128,32,random,2,0,graph_global,global,0.3780208110809326,,,,,0.37899279594421387,0.9974353473900218,1.0,0.9974353473900218,0.0
bf16,128,256,128,32,contiguous,0,0,graph_global,global,0.3801489114761353,,,,,0.3809968948364258,0.9977743037494975,1.0,0.9977743037494975,0.0
bf16,128,256,128,32,contiguous,1,0,graph_global,global,0.38089280128479003,,,,,0.38094890117645264,0.9998527364392197,1.0,0.9998527364392197,0.0
bf16,128,256,128,32,contiguous,2,0,graph_global,global,0.38065690994262696,,,,,0.3842928886413574,0.9905385220330638,1.0,0.9905385220330638,0.0
bf16,128,256,128,32,page-cross,0,0,graph_global,global,0.3804408073425293,,,,,0.37855689525604247,1.0049765625988998,1.0,1.0049765625988998,0.0
bf16,128,256,128,32,page-cross,1,0,graph_global,global,0.3778167963027954,,,,,0.3758968114852905,1.0051077443565386,1.0,1.0051077443565386,0.0
bf16,128,256,128,32,page-cross,2,0,graph_global,global,0.37609679698944093,,,,,0.37247281074523925,1.009729532303179,1.0,1.009729532303179,0.0
bf16,128,256,128,32,tail-negative,0,0,graph_global,global,0.3752487897872925,,,,,0.3788089036941528,0.9906018209388903,1.0,0.9906018209388903,0.0
bf16,128,256,128,32,tail-negative,1,0,graph_global,global,0.37845280170440676,,,,,0.3780769109725952,1.0009942176337734,1.0,1.0009942176337734,0.0
bf16,128,256,128,32,tail-negative,2,0,graph_global,global,0.3780807971954346,,,,,0.37849290370941163,0.9989111909102173,1.0,0.9989111909102173,0.0
bf16,256,64,32,8,random,0,1,graph_lds,chunk8,0.023488299548625947,0.0204803004860878,0.02132830023765564,0.020924299955368042,0.020216299593448638,0.020256300270557404,1.159555261074317,1.1618495976502863,0.9980252723066656,0.0
bf16,256,64,32,8,random,1,1,graph_lds,chunk8,0.023208299279212953,0.019900299608707428,0.020764300227165224,0.020420299470424653,0.019808299839496613,0.019900299608707428,1.1662286365305827,1.1716451925337346,0.9953769656226401,0.0
bf16,256,64,32,8,random,2,1,graph_lds,lds,0.022560200095176695,0.019476200640201568,0.02026419937610626,0.019876199960708617,0.019572199881076814,0.019484199583530426,1.1578715357774485,1.1583470776435383,0.9995894651307299,0.0
bf16,256,64,32,8,contiguous,0,1,graph_lds,lds,0.022120200097560883,0.01907220035791397,0.019888299703598022,0.019632300734519957,0.01919630020856857,0.019132199883460998,1.156176510401341,1.1598137436922507,0.9968639505173216,0.0
bf16,256,64,32,8,contiguous,1,1,graph_lds,lds,0.02132830023765564,0.0187281996011734,0.019912199676036836,0.019380199909210204,0.019168199598789216,0.01896830052137375,1.1244180897293676,1.1388334539279117,0.9873419909216536,0.0
bf16,256,64,32,8,contiguous,2,1,graph_lds,lds,0.02156430035829544,0.01904429942369461,0.01973229944705963,0.0194242000579834,0.019084200263023376,0.018744200468063354,1.1504518634997003,1.1323231103720983,1.016010229731728,0.0
bf16,256,64,32,8,page-cross,0,1,graph_lds,chunk8,0.022620299458503725,0.019032199680805207,0.01966419965028763,0.019376300275325775,0.018984299898147584,0.01878820061683655,1.203963057443252,1.191526660443819,1.0104373636044373,0.0
bf16,256,64,32,8,page-cross,1,1,graph_lds,chunk8,0.02128030061721802,0.01899629980325699,0.019540299475193024,0.019400200247764586,0.01892019957304001,0.018716199696063994,1.136999014906496,1.1247397542011655,1.0108996420367815,0.0
bf16,256,64,32,8,page-cross,2,1,graph_lds,chunk8,0.02135619968175888,0.019068199396133422,0.01974419951438904,0.019348299503326415,0.018924300372600556,0.018844200670719145,1.133303558741177,1.1285066956916059,1.0042506287892525,0.0
bf16,256,64,32,8,tail-negative,0,1,graph_lds,lds,0.02141229957342148,0.0187281996011734,0.01986829936504364,0.01915230005979538,0.019172300398349763,0.019012199342250825,1.12624000979397,1.1433186333661196,0.9850622363060179,0.0
bf16,256,64,32,8,tail-negative,1,1,graph_lds,chunk8,0.02172819972038269,0.01928820013999939,0.01970829963684082,0.019352300465106963,0.019108299911022187,0.018724200129508973,1.1604340676822544,1.1371079489834297,1.0205135481813121,0.0
bf16,256,64,32,8,tail-negative,2,1,graph_lds,chunk8,0.021588300168514252,0.018928299844264983,0.019776299595832825,0.019320300221443175,0.018904200196266173,0.018744200468063354,1.1517322494121165,1.1419843180024207,1.008535959081073,0.0
bf16,256,64,32,16,random,0,1,graph_lds_chunked(chunk=4),chunk4,0.0353285014629364,0.030156400799751282,0.03305650055408478,0.028372400999069215,0.029504400491714478,0.02814039885997772,1.255437125775138,1.2451713714357622,1.0082444509847177,0.0
bf16,256,64,32,16,random,1,1,graph_lds_chunked(chunk=4),chunk4,0.03596050143241882,0.030360400676727295,0.03203639984130859,0.02876040041446686,0.029936400055885316,0.02853640019893646,1.260162500586148,1.2503477320966025,1.0078496311366822,0.0
bf16,256,64,32,16,random,2,1,graph_lds_chunked(chunk=4),chunk4,0.03541249930858612,0.030364298820495607,0.033220401406288146,0.029596400260925294,0.03015240132808685,0.028084400296211242,1.2609312976272984,1.196513731277636,1.0538377159122756,0.0
bf16,256,64,32,16,contiguous,0,1,graph_lds_chunked(chunk=4),chunk4,0.03607249855995178,0.0306084007024765,0.03167240023612976,0.028272300958633423,0.029860401153564455,0.02875230014324188,1.2545952282162192,1.2758953936126813,0.9833057118137631,0.0
bf16,256,64,32,16,contiguous,1,1,graph_lds_chunked(chunk=4),chunk4,0.03520039916038513,0.029584398865699767,0.03263239860534668,0.027924400568008424,0.029596400260925294,0.028012400865554808,1.2566005794836734,1.2605606009216344,0.9968585235528814,0.0
bf16,256,64,32,16,contiguous,2,1,graph_lds_chunked(chunk=4),chunk4,0.03500039875507355,0.029696398973464967,0.032700398564338685,0.028028398752212524,0.029720398783683776,0.028060400485992433,1.2473235644853151,1.2487477099386801,0.9988595410890203,0.0
bf16,256,64,32,16,page-cross,0,1,graph_lds_chunked(chunk=4),chunk4,0.03476839959621429,0.02963240146636963,0.031016400456428526,0.027904400229454042,0.029352301359176637,0.027864301204681398,1.2477757594140906,1.2459826876879105,1.0014390823756207,0.0
bf16,256,64,32,16,page-cross,1,1,graph_lds_chunked(chunk=4),chunk4,0.034952500462532045,0.03016040027141571,0.031204399466514588,0.0283843994140625,0.029440400004386903,0.02803640067577362,1.2466828701279995,1.2313982745470917,1.0124123899609405,0.0
bf16,256,64,32,16,page-cross,2,1,graph_lds_chunked(chunk=4),chunk4,0.03473249971866608,0.02999640107154846,0.03132039904594421,0.028180399537086488,0.029424399137496948,0.02802030146121979,1.2395476817669502,1.232505581510893,1.00571364573248,0.0
bf16,256,64,32,16,tail-negative,0,1,graph_lds_chunked(chunk=4),chunk4,0.03512049913406372,0.029568299651145935,0.03281640112400055,0.028984400629997253,0.029304400086402893,0.027976399660110472,1.2553616462714285,1.211703480861907,1.0360304035591834,0.0
bf16,256,64,32,16,tail-negative,1,1,graph_lds_chunked(chunk=4),chunk4,0.03512449860572815,0.029852300882339478,0.031444400548934937,0.028376400470733643,0.02960839867591858,0.027976399660110472,1.2555046050407135,1.237806699336452,1.0142977944082456,0.0
bf16,256,64,32,16,tail-negative,2,1,graph_lds_chunked(chunk=4),chunk4,0.03560450077056885,0.02987239956855774,0.03334439992904663,0.02822839915752411,0.029964399337768555,0.02933639883995056,1.213662964047323,1.26130074085617,0.9622312306131601,0.0
bf16,256,64,32,32,random,0,1,graph_lds_chunked(chunk=8),chunk8,0.0629368007183075,0.05156859755516052,0.05447270274162293,0.04962869882583618,0.04493260085582733,0.04526059925556183,1.390542806623877,1.400693472435509,0.9927531140742863,0.0
bf16,256,64,32,32,random,1,1,graph_lds_chunked(chunk=8),chunk8,0.06424880027770996,0.05450869798660278,0.05859670042991638,0.05208470225334168,0.0468966007232666,0.047740700840950015,1.345786700780898,1.3700097509590816,0.9823190673196114,0.0
bf16,256,64,32,32,random,2,1,graph_lds_chunked(chunk=8),chunk8,0.06418480277061463,0.05207669734954834,0.055056697130203246,0.04812059998512268,0.04546859860420227,0.046380600333213805,1.3838717547743982,1.4116292285437313,0.9803365691159793,0.0
bf16,256,64,32,32,contiguous,0,1,graph_lds_chunked(chunk=8),chunk8,0.06378480195999145,0.05204870104789734,0.054932701587677005,0.04833259880542755,0.04706070125102997,0.0463126003742218,1.3772666929645112,1.3553729601212743,1.0161532902657864,0.0
bf16,256,64,32,32,contiguous,1,1,graph_lds_chunked(chunk=8),chunk8,0.06446890234947204,0.053200697898864745,0.05810070037841797,0.050592702627182004,0.04591259956359863,0.046348598599433896,1.3909568853773169,1.4041658055142145,0.9905930481393111,0.0
bf16,256,64,32,32,contiguous,2,1,graph_lds_chunked(chunk=8),chunk8,0.06308879852294921,0.05260059833526611,0.0545727014541626,0.050440698862075806,0.04581260085105896,0.04568859934806824,1.3808433487383034,1.3771058038825776,1.0027140578778975,0.0
bf16,256,64,32,32,page-cross,0,1,graph_lds_chunked(chunk=8),chunk8,0.063372802734375,0.053260701894760135,0.05729680061340332,0.04906060099601746,0.04606060087680817,0.046436598896980284,1.3647167156872906,1.3758570563130375,0.9919029810730482,0.0
bf16,256,64,32,32,page-cross,1,1,graph_lds_chunked(chunk=8),chunk8,0.06359289884567261,0.05188459753990173,0.05574470162391663,0.051844698190689084,0.045820599794387816,0.04768860042095184,1.3335031492711467,1.3878670102756179,0.960829200058819,0.0
bf16,256,64,32,32,page-cross,2,1,graph_lds_chunked(chunk=8),chunk8,0.06328880190849304,0.05319669842720032,0.05776469707489014,0.050580698251724246,0.04661659896373749,0.04638049900531769,1.364556295550782,1.3576452018244545,1.0050905006087305,0.0
bf16,256,64,32,32,tail-negative,0,1,graph_lds_chunked(chunk=8),chunk8,0.06344079971313477,0.051844698190689084,0.055912697315216066,0.04949670135974884,0.045768600702285764,0.04552060067653656,1.3936722883763508,1.3861205879070368,1.0054480833306982,0.0
bf16,256,64,32,32,tail-negative,1,1,graph_lds_chunked(chunk=8),chunk8,0.06278079748153687,0.05209259986877442,0.056088697910308835,0.04786460101604462,0.04590060114860535,0.04584450125694275,1.369429173842943,1.3677554522277626,1.001223699465028,0.0
bf16,256,64,32,32,tail-negative,2,1,graph_lds_chunked(chunk=8),chunk8,0.06269279718399048,0.05169669985771179,0.05488470196723938,0.050040602684020996,0.04629659950733185,0.04546459913253784,1.3789365436002021,1.3541555503242093,1.0182999606434133,0.0
bf16,256,64,64,8,random,0,1,graph_lds_chunked(chunk=8),chunk8,0.033764401078224184,0.026996299624443054,0.029172399640083314,0.027052399516105653,0.02639240026473999,0.02695229947566986,1.2527465832258091,1.279322863382499,0.9792262915661316,0.0
bf16,256,64,64,8,random,1,1,graph_lds_chunked(chunk=8),chunk8,0.032404398918151854,0.026516300439834595,0.02859629988670349,0.02705639898777008,0.026456299424171447,0.02647629976272583,1.2239021014474156,1.2248273425778513,0.9992445946475293,0.0
bf16,256,64,64,8,random,2,1,graph_lds_chunked(chunk=8),chunk8,0.03490040004253388,0.027020299434661867,0.02904840111732483,0.027324399352073668,0.02644839882850647,0.02676030099391937,1.3041856311879356,1.3195657048591432,0.9883445942747888,0.0
bf16,256,64,64,8,contiguous,0,1,graph_lds_chunked(chunk=8),chunk8,0.03241240084171295,0.026536399126052858,0.028560400009155273,0.02764439880847931,0.026516300439834595,0.026484400033950806,1.2238299074233487,1.222357580208317,1.0012044979626835,0.0
bf16,256,64,64,8,contiguous,1,1,graph_lds_chunked(chunk=8),chunk8,0.03364039957523346,0.02657630145549774,0.02854030132293701,0.02724429965019226,0.026488301157951356,0.02648029923439026,1.270393482999025,1.2700097063467266,1.0003021840308626,0.0
bf16,256,64,64,8,contiguous,2,1,graph_lds_chunked(chunk=8),chunk8,0.03358840048313141,0.026572299003601075,0.028572401404380797,0.027176401019096373,0.02655639946460724,0.02650429904460907,1.2672812220613408,1.2647949707149115,1.0019657346874362,0.0
bf16,256,64,64,8,page-cross,0,1,graph_lds_chunked(chunk=8),lds,0.03160839974880218,0.026640400290489197,0.02835240066051483,0.026916301250457762,0.02666029930114746,0.02668040096759796,1.1847048246084846,1.1864836640644096,0.9985007467782309,0.0
bf16,256,64,64,8,page-cross,1,1,graph_lds_chunked(chunk=8),chunk8,0.03136839866638184,0.026572400331497194,0.02817240059375763,0.027652299404144286,0.026544299721717835,0.02658439874649048,1.179955167145652,1.1817376610134136,0.9984916331885092,0.0
bf16,256,64,64,8,page-cross,2,1,graph_lds_chunked(chunk=8),chunk8,0.03150439858436584,0.026640298962593078,0.028136301040649413,0.027400299906730652,0.026552298665046693,0.02658030092716217,1.1852536459499516,1.1865036237272395,0.9989465031945194,0.0
bf16,256,64,64,8,tail-negative,0,1,graph_lds_chunked(chunk=8),chunk8,0.032304400205612184,0.02660830020904541,0.028632301092147826,0.02753239870071411,0.02646839916706085,0.026544299721717835,1.2169995269900298,1.2204893844057658,0.9971406081361083,0.0
bf16,256,64,64,8,tail-negative,1,1,graph_lds_chunked(chunk=8),chunk8,0.03368439972400665,0.02661629915237427,0.02870439887046814,0.026888400316238403,0.026476401090621948,0.026564300060272217,1.2680326471083188,1.2722423870492658,0.9966910865541033,0.0
bf16,256,64,64,8,tail-negative,2,1,graph_lds_chunked(chunk=8),chunk8,0.0322843998670578,0.02658439874649048,0.02851639986038208,0.026960301399230956,0.02658030092716217,0.02668440043926239,1.2098604179075272,1.2145987344359468,0.9960988626168624,0.0
bf16,256,64,64,16,random,0,1,graph_lds_chunked(chunk=4),chunk4,0.05570870041847229,0.044520598649978635,0.05166069865226745,0.04234049916267395,0.04258460104465485,0.04192450046539307,1.3287862657888436,1.3157308373818921,1.009922567774523,0.0
bf16,256,64,64,16,random,1,1,graph_lds_chunked(chunk=4),chunk4,0.0572966992855072,0.04473260045051575,0.05309270024299621,0.042476600408554076,0.04349650144577026,0.04263249933719635,1.3439676344641729,1.3489003059192233,0.9963431904986566,0.0
bf16,256,64,64,16,random,2,1,graph_lds_chunked(chunk=4),chunk4,0.05812069773674011,0.04459660053253174,0.05467270016670227,0.04341660141944885,0.043488499522209165,0.04385659992694855,1.3252440415707354,1.338674512434417,0.9899673365415331,0.0
bf16,256,64,64,16,contiguous,0,1,graph_lds_chunked(chunk=4),chunk8,0.05758069753646851,0.045044499635696414,0.05173259973526001,0.043248599767684935,0.04303250014781952,0.04278860092163086,1.345701806000388,1.3380746491297264,1.0057000981788438,0.0
bf16,256,64,64,16,contiguous,1,1,graph_lds_chunked(chunk=4),chunk4,0.05736079812049866,0.04541659951210022,0.053824597597122194,0.042732599377632144,0.04388459920883179,0.04268049895763397,1.343958002399101,1.3423194225466066,1.0012207078471573,0.0
bf16,256,64,64,16,contiguous,2,1,graph_lds_chunked(chunk=4),chunk4,0.05801669955253601,0.0448525995016098,0.05150870084762573,0.041884499788284305,0.04296860098838806,0.04380050003528595,1.3245670598691204,1.385159184084708,0.956256201516921,0.0
bf16,256,64,64,16,page-cross,0,1,graph_lds_chunked(chunk=4),chunk4,0.05446469783782959,0.04381250143051148,0.048956701159477235,0.04236850142478943,0.0438046008348465,0.04122059941291809,1.3212980551845381,1.28549974642159,1.027847775826171,0.0
bf16,256,64,64,16,page-cross,1,1,graph_lds_chunked(chunk=4),chunk4,0.058196800947189334,0.045076599717140196,0.05095270276069641,0.042060500383377074,0.042804598808288574,0.04226849973201752,1.3768362093794981,1.3836449974853262,0.9950790931791013,0.0
bf16,256,64,64,16,page-cross,2,1,graph_lds_chunked(chunk=4),chunk4,0.05492470264434814,0.04396849870681763,0.05162870287895203,0.04113650023937225,0.04268060028553009,0.04158059954643249,1.3209213730315377,1.3351817078444372,0.9893195549870722,0.0
bf16,256,64,64,16,tail-negative,0,1,graph_lds_chunked(chunk=4),chunk8,0.0566648006439209,0.045080599188804624,0.05002070069313049,0.04284850060939789,0.04243650138378143,0.04283249974250793,1.322939379783279,1.3352844555083256,0.9907547222061032,0.0
bf16,256,64,64,16,tail-negative,1,1,graph_lds_chunked(chunk=4),chunk4,0.057088702917099,0.04389249980449676,0.049300700426101685,0.04195249974727631,0.04305259883403778,0.04179660081863403,1.3658695156771539,1.3607938325726439,1.003729942760627,0.0
bf16,256,64,64,16,tail-negative,2,1,graph_lds_chunked(chunk=4),chunk8,0.057104700803756715,0.045180600881576535,0.0511165976524353,0.043232598900794984,0.04302049875259399,0.04285660088062286,1.3324598692001253,1.3273835138955354,1.0038243320422837,0.0
bf16,256,64,64,32,random,0,1,graph_lds_chunked(chunk=8),chunk8,0.10499739646911621,0.0792930006980896,0.09036110043525696,0.0788129985332489,0.06988490223884583,0.06798080205917359,1.5445154115381234,1.5024331880763933,1.0280093809133766,0.0
bf16,256,64,64,32,random,1,1,graph_lds_chunked(chunk=8),chunk8,0.10887340307235718,0.07999699711799621,0.09140520095825196,0.07864500284194946,0.06995289921760559,0.07094889879226685,1.5345326696490456,1.5563815694568979,0.9859617331401087,0.0
bf16,256,64,64,32,random,2,1,graph_lds_chunked(chunk=8),chunk8,0.11116149425506591,0.08118500113487244,0.09187319874763489,0.07775700092315674,0.0702688992023468,0.07104889750480652,1.5645773285580644,1.58194443796486,0.9890216691623266,0.0
bf16,256,64,64,32,contiguous,0,1,graph_lds_chunked(chunk=8),chunk8,0.11049339771270753,0.08046500086784363,0.09244120121002197,0.07672899961471558,0.06973289847373962,0.07081699967384339,1.5602665775392743,1.5845232326649625,0.9846915118531322,0.0
bf16,256,64,64,32,contiguous,1,1,graph_lds_chunked(chunk=8),chunk8,0.10940940380096435,0.08100510239601136,0.09312120079994202,0.07714499831199646,0.06989290118217469,0.07094489932060241,1.5421743472570104,1.5653864977759409,0.9851716170083813,0.0
bf16,256,64,64,32,contiguous,2,1,graph_lds_chunked(chunk=8),chunk8,0.11216939687728882,0.08092899918556214,0.09447320103645325,0.07738500237464904,0.06994490027427673,0.07077289819717407,1.584920212886911,1.6036822761550318,0.9883006356389344,0.0
bf16,256,64,64,32,page-cross,0,1,graph_lds_chunked(chunk=8),chunk8,0.10960140228271484,0.07971299886703491,0.08985710144042969,0.07572100162506104,0.06905289888381957,0.06936089992523194,1.5801611916924438,1.5872092852628459,0.9955594428309844,0.0
bf16,256,64,64,32,page-cross,1,1,graph_lds_chunked(chunk=8),chunk8,0.10602940320968628,0.08042899966239929,0.09104909896850585,0.07733700275421143,0.06916890144348145,0.06996889710426331,1.515379084104868,1.5329056989046426,0.9885664103067145,0.0
bf16,256,64,64,32,page-cross,2,1,graph_lds_chunked(chunk=8),chunk8,0.10919740200042724,0.0798609972000122,0.08576909899711609,0.07714089751243591,0.06936089992523194,0.07048889994621277,1.5491432279940724,1.5743365803808391,0.9839974801445112,0.0
bf16,256,64,64,32,tail-negative,0,1,graph_lds_chunked(chunk=8),chunk8,0.11147340536117553,0.07963700294494629,0.08991320133209228,0.0776889979839325,0.06992089748382568,0.06943290233612061,1.6054838788322474,1.5942788118096154,1.0070282982748253,0.0
bf16,256,64,64,32,tail-negative,1,1,graph_lds_chunked(chunk=8),chunk8,0.10961339473724366,0.0802049994468689,0.09096519947052002,0.0765209972858429,0.0686847984790802,0.06977289915084839,1.5710024389306294,1.595890170233656,0.9844051102217248,0.0
bf16,256,64,64,32,tail-negative,2,1,graph_lds_chunked(chunk=8),chunk8,0.10826940536499023,0.07972909808158875,0.09417719841003418,0.07781299948692322,0.06999289989471436,0.0688489019870758,1.5725654620507148,1.5468626893278128,1.016616066119011,0.0
bf16,256,64,128,8,random,0,1,graph_lds_chunked(chunk=8),chunk8,0.057708799839019775,0.043276599049568175,0.05102069973945618,0.04393649995326996,0.0421205997467041,0.04313650131225586,1.3378182764818634,1.3700849509754531,0.9764491431931889,0.0
bf16,256,64,128,8,random,1,1,graph_lds_chunked(chunk=8),chunk8,0.05679270029067993,0.042188501358032225,0.049784699082374574,0.04314050078392029,0.0418285995721817,0.04216850101947785,1.346803868234422,1.3577480688225139,0.9919394467652728,0.0
bf16,256,64,128,8,random,2,1,graph_lds_chunked(chunk=8),lds,0.057104700803756715,0.04192450046539307,0.04959270060062408,0.04296450018882751,0.041988500952720643,0.041792601346969604,1.3663830190818547,1.3620842268805151,1.0031560399250674,0.0
bf16,256,64,128,8,contiguous,0,1,graph_lds_chunked(chunk=8),chunk8,0.05564069747924805,0.042608600854873654,0.04997259974479675,0.042948600649833676,0.04221250116825104,0.04272049963474274,1.30243555096434,1.3181094685073211,0.9881087892034257,0.0
bf16,256,64,128,8,contiguous,1,1,graph_lds_chunked(chunk=8),lds,0.055848699808120725,0.041932600736618045,0.050108599662780764,0.04361259937286377,0.042812499403953555,0.04202449917793274,1.328955749636801,1.3318682558926118,0.9978132174538097,0.0
bf16,256,64,128,8,contiguous,2,1,graph_lds_chunked(chunk=8),chunk8,0.056796801090240476,0.04213249981403351,0.049924600124359134,0.04318050146102905,0.04196459949016571,0.04199250042438507,1.3525463003212483,1.3534455655546207,0.999335573401503,0.0
bf16,256,64,128,8,page-cross,0,1,graph_lds_chunked(chunk=8),chunk8,0.0566847026348114,0.041956499218940735,0.049344700574874875,0.042644500732421875,0.041900500655174255,0.04209260046482086,1.3466666827150766,1.3528406999550124,0.9954362570255749,0.0
bf16,256,64,128,8,page-cross,1,1,graph_lds_chunked(chunk=8),chunk8,0.053988701105117796,0.04234449863433838,0.04976069927215576,0.04285250008106232,0.041948598623275754,0.04235660135746002,1.2746230664139224,1.2870203743865098,0.990367434564898,0.0
bf16,256,64,128,8,page-cross,2,1,graph_lds_chunked(chunk=8),chunk8,0.056260699033737184,0.04251660108566284,0.0496286004781723,0.04294059872627258,0.04203650057315826,0.042372500896453856,1.3277644189853715,1.3383773212954257,0.9920703211708772,0.0
bf16,256,64,128,8,tail-negative,0,1,graph_lds_chunked(chunk=8),lds,0.05371670126914978,0.04173650145530701,0.049780601263046266,0.04289259910583496,0.041872501373291016,0.041848599910736084,1.2835961390280344,1.2870437002649013,0.9973213331947023,0.0
bf16,256,64,128,8,tail-negative,1,1,graph_lds_chunked(chunk=8),lds,0.055004698038101194,0.041788500547409055,0.04999670088291168,0.04418860077857971,0.04284850060939789,0.0420644998550415,1.3076275298090532,1.316263979744819,0.9934386642279459,0.0
bf16,256,64,128,8,tail-negative,2,1,graph_lds_chunked(chunk=8),chunk8,0.05938479900360107,0.04312460124492645,0.050544601678848264,0.04364460110664368,0.04242050051689148,0.042996498942375186,1.3811542907991143,1.3999080227720215,0.9866035970450601,0.0
bf16,256,64,128,16,random,0,1,graph_lds_chunked(chunk=8),chunk8,0.10282529592514038,0.07284089922904968,0.08753309845924377,0.07720900177955628,0.07098090052604675,0.0710928976535797,1.4463511731676175,1.4486332966064328,0.9984246369014427,0.0
bf16,256,64,128,16,random,1,1,graph_lds_chunked(chunk=8),chunk8,0.10447330474853515,0.07413690090179444,0.08984509706497193,0.07748500108718873,0.07170889973640442,0.07396900057792663,1.4123930826734927,1.4569084888008295,0.9694452970316776,0.0
bf16,256,64,128,16,random,2,1,graph_lds_chunked(chunk=8),chunk8,0.10266929864883423,0.07408099770545959,0.09006119966506958,0.07677299976348877,0.0710328996181488,0.07190499901771545,1.42784646479919,1.4453767085498839,0.9878715052989322,0.0
bf16,256,64,128,16,contiguous,0,1,graph_lds_chunked(chunk=8),chunk8,0.10264129638671875,0.07220090031623841,0.08863720297813416,0.07716900110244751,0.07199689745903015,0.06950089931488038,1.4768340755087597,1.4256349927457193,1.0359131776531614,0.0
bf16,256,64,128,16,contiguous,1,1,graph_lds_chunked(chunk=8),chunk8,0.1057013988494873,0.07380489706993103,0.09064509868621826,0.07671700119972229,0.07140889763832092,0.07207289934158326,1.466590074981231,1.4802272874292857,0.9907870821164644,0.0
bf16,256,64,128,16,contiguous,2,1,graph_lds_chunked(chunk=8),chunk8,0.10430129766464233,0.07363690137863159,0.09364119768142701,0.07771300077438355,0.07192500233650208,0.06955689787864686,1.4995104848783314,1.4501396493067504,1.0340455731937148,0.0
bf16,256,64,128,16,page-cross,0,1,graph_lds_chunked(chunk=8),chunk8,0.10399730205535888,0.07348089814186096,0.08676909804344177,0.07635700106620788,0.07078089714050292,0.07069290280342103,1.4711137600976567,1.4692848813277974,1.0012447407532068,0.0
bf16,256,64,128,16,page-cross,1,1,graph_lds_chunked(chunk=8),chunk8,0.10626130104064942,0.07291690111160279,0.08788509964942932,0.07678499817848206,0.07125290036201477,0.0710928976535797,1.4946823740176933,1.491325974111473,1.0022506145299455,0.0
bf16,256,64,128,16,page-cross,2,1,graph_lds_chunked(chunk=8),chunk8,0.10134929418563843,0.0727849006652832,0.08701720237731933,0.07546499967575074,0.06985290050506592,0.07074090242385864,1.432683083096443,1.450896003642516,0.9874471219850706,0.0
bf16,256,64,128,16,tail-negative,0,1,graph_lds_chunked(chunk=8),chunk8,0.10531339645385743,0.07516499757766723,0.08863720297813416,0.07562490105628968,0.06942089796066284,0.07282099723815919,1.44619547174605,1.5170272864164474,0.9533088064370169,0.0
bf16,256,64,128,16,tail-negative,1,1,graph_lds_chunked(chunk=8),chunk8,0.10146529674530029,0.0729008972644806,0.08857309818267822,0.07682899832725525,0.07122089862823486,0.07129290103912353,1.4232173928455933,1.4246562273095966,0.9989900479593451,0.0
bf16,256,64,128,16,tail-negative,2,1,graph_lds_chunked(chunk=8),chunk8,0.1043254017829895,0.07192090153694153,0.08784909844398499,0.0767648994922638,0.07160490155220031,0.07007290124893188,1.4888123643172222,1.4569589444506923,1.0218629495277503,0.0
bf16,256,64,128,32,random,0,1,graph_lds_chunked(chunk=8),chunk8,0.19031440019607543,0.1420058012008667,0.17068220376968385,0.139861798286438,0.13172969818115235,0.1308575987815857,1.4543626198867443,1.4447342005927808,1.006664491842176,0.0
bf16,256,64,128,32,random,1,1,graph_lds_chunked(chunk=8),chunk8,0.1989544987678528,0.13967779874801636,0.1704861044883728,0.14270180463790894,0.13396170139312744,0.13194169998168945,1.5078970393398237,1.4851595396209236,1.015309802827448,0.0
bf16,256,64,128,32,random,2,1,graph_lds_chunked(chunk=8),chunk8,0.1960024952888489,0.1396738052368164,0.17029420137405396,0.14214580059051513,0.1342097043991089,0.1323577046394348,1.480854445328993,1.4604196929454698,1.0139923834786895,0.0
bf16,256,64,128,32,contiguous,0,1,graph_lds_chunked(chunk=8),chunk8,0.19726250171661378,0.1435019016265869,0.17487430572509766,0.1451578974723816,0.13607779741287232,0.13600579500198365,1.4503977695489865,1.4496303252036153,1.0005294069336357,0.0
bf16,256,64,128,32,contiguous,1,1,graph_lds_chunked(chunk=8),chunk8,0.19731450080871582,0.14310179948806762,0.17436619997024536,0.14454989433288573,0.13630969524383546,0.13597769737243653,1.4510798801680003,1.4475456089587235,1.0024415612105093,0.0
bf16,256,64,128,32,contiguous,2,1,graph_lds_chunked(chunk=8),chunk8,0.1995905041694641,0.14361779689788817,0.17496219873428345,0.1450139045715332,0.13574980497360228,0.13604170083999634,1.4671273803332543,1.4702820693427603,0.9978543647676283,0.0
bf16,256,64,128,32,page-cross,0,1,graph_lds_chunked(chunk=8),chunk8,0.19767049551010132,0.14244580268859863,0.17162619829177855,0.142261803150177,0.13308969736099244,0.13404970169067382,1.4746060081971355,1.4852426553645242,0.9928384448635579,0.0
bf16,256,64,128,32,page-cross,1,1,graph_lds_chunked(chunk=8),chunk8,0.19670649766921997,0.142153799533844,0.1744102954864502,0.14427390098571777,0.1360577940940857,0.13368970155715942,1.471366121534182,1.4457569224824778,1.0177133504626292,0.0
bf16,256,64,128,32,page-cross,2,1,graph_lds_chunked(chunk=8),chunk8,0.19981850385665895,0.1435057997703552,0.17489019632339478,0.14443780183792115,0.1353456974029541,0.1354217052459717,1.4755278963126395,1.476356527697774,0.9994387321967366,0.0
bf16,256,64,128,32,tail-negative,0,1,graph_lds_chunked(chunk=8),chunk8,0.19856250286102295,0.14376579523086547,0.1748021960258484,0.14473789930343628,0.1367658019065857,0.13597769737243653,1.4602578709445975,1.4518432246435837,1.0057958367392454,0.0
bf16,256,64,128,32,tail-negative,1,1,graph_lds_chunked(chunk=8),chunk8,0.20153460502624512,0.14030979871749877,0.1699422001838684,0.1416779041290283,0.1338456988334656,0.13337769508361816,1.5110068058973243,1.5057234321515247,1.0035088606798463,0.0
bf16,256,64,128,32,tail-negative,2,1,graph_lds_chunked(chunk=8),chunk8,0.19603450298309327,0.14366990327835083,0.17413430213928222,0.14467389583587648,0.1365697979927063,0.1357457995414734,1.4441294216488836,1.4354162184054982,1.0060701580013247,0.0
bf16,256,128,32,8,random,0,1,graph_lds_chunked(chunk=8),chunk8,0.0348363995552063,0.027952399849891663,0.029964399337768555,0.02833229899406433,0.02764430046081543,0.027876299619674683,1.2496780430146934,1.260165711358309,0.9916775482390241,0.0
bf16,256,128,32,8,random,1,1,graph_lds_chunked(chunk=8),chunk8,0.03332850039005279,0.027516400814056395,0.02958030104637146,0.027260300517082215,0.027176401019096373,0.02740840017795563,1.2159958324331042,1.226376530381394,0.991535472433526,0.0
bf16,256,128,32,8,random,2,1,graph_lds_chunked(chunk=8),chunk8,0.032620400190353394,0.026756399869918825,0.02851629853248596,0.027132299542427064,0.02660830020904541,0.026988300681114196,1.208686703760508,1.225948291851585,0.9859198073802883,0.0
bf16,256,128,32,8,contiguous,0,1,graph_lds_chunked(chunk=8),lds,0.03191240131855011,0.02642030119895935,0.029168298840522765,0.02722029983997345,0.026628300547599792,0.026304298639297487,1.2132009963905428,1.2078742433037473,1.0044100229111814,0.0
bf16,256,128,32,8,contiguous,1,1,graph_lds_chunked(chunk=8),lds,0.03175640106201172,0.026460298895835878,0.029376399517059327,0.027384400367736816,0.02669239938259125,0.026432299613952638,1.201424073040118,1.2001527717817768,1.0010592828581764,0.0
bf16,256,128,32,8,contiguous,2,1,graph_lds_chunked(chunk=8),lds,0.03158439993858338,0.02632429897785187,0.028468400239944458,0.027808400988578796,0.026384401321411132,0.026672300696372987,1.1841648119570862,1.1998192227324698,0.9869526921399607,0.0
bf16,256,128,32,8,page-cross,0,1,graph_lds_chunked(chunk=8),chunk8,0.03179239928722381,0.02658439874649048,0.028292399644851685,0.026904401183128358,0.026512300968170165,0.02652440071105957,1.1986095231161136,1.1991565471964416,0.9995438259653362,0.0
bf16,256,128,32,8,page-cross,1,1,graph_lds_chunked(chunk=8),lds,0.03179639875888825,0.02650429904460907,0.02941629886627197,0.026704299449920654,0.02674430012702942,0.02648029923439026,1.2007567768567324,1.1996694840098245,1.000906327002062,0.0
bf16,256,128,32,8,page-cross,2,1,graph_lds_chunked(chunk=8),chunk8,0.03210049867630005,0.02655239999294281,0.028400400280952455,0.02697240114212036,0.026484400033950806,0.02652440071105957,1.2102252196376855,1.2120530816310684,0.9984919290903306,0.0
bf16,256,128,32,8,tail-negative,0,1,graph_lds_chunked(chunk=8),chunk8,0.03172839879989624,0.026456299424171447,0.028264299035072327,0.02679229974746704,0.02629629969596863,0.02632429897785187,1.2052894106160679,1.2065727561190056,0.9989363712246697,0.0
bf16,256,128,32,8,tail-negative,1,1,graph_lds_chunked(chunk=8),lds,0.031636500358581544,0.026428300142288207,0.02918039858341217,0.026552298665046693,0.02652040123939514,0.02628839910030365,1.2034395947000105,1.197069058102592,1.0053217786846116,0.0
bf16,256,128,32,8,tail-negative,2,1,graph_lds_chunked(chunk=8),chunk8,0.031976398825645444,0.02690030038356781,0.028788301348686218,0.027368301153182985,0.026248300075531007,0.02647629976272583,1.2077366970539753,1.2182274179139791,0.9913885365690033,0.0
bf16,256,128,32,16,random,0,1,graph_lds_chunked(chunk=4),chunk4,0.05473669767379761,0.043548598885536194,0.0521606981754303,0.04148049950599671,0.04258460104465485,0.04224050045013428,1.2958344974727591,1.3195766281909043,0.9820077665738178,0.0
bf16,256,128,32,16,random,1,1,graph_lds_chunked(chunk=4),chunk4,0.055316698551177976,0.0447405993938446,0.05118070244789123,0.04313249886035919,0.04327259957790375,0.041772499680519104,1.3242372128612476,1.2824830467222625,1.0325572850617397,0.0
bf16,256,128,32,16,random,2,1,graph_lds_chunked(chunk=4),chunk4,0.05671679973602295,0.044892600178718566,0.05280870199203491,0.043588501214981076,0.0447486013174057,0.04248049855232239,1.3351255674687055,1.3011871974283384,1.026082619093888,0.0
bf16,256,128,32,16,contiguous,0,1,graph_lds_chunked(chunk=4),chunk4,0.05797680020332337,0.044644498825073244,0.05206469893455505,0.04194050133228302,0.04334459900856018,0.04367649853229523,1.3274141048750558,1.3823583019189298,0.9602532881904766,0.0
bf16,256,128,32,16,contiguous,1,1,graph_lds_chunked(chunk=4),chunk4,0.055456697940826416,0.043732601404190066,0.05167660117149353,0.041048601269721985,0.04372049868106842,0.041256499290466306,1.3441930094549137,1.3510009166069208,0.9949608419444264,0.0
bf16,256,128,32,16,contiguous,2,1,graph_lds_chunked(chunk=4),chunk4,0.05677670240402222,0.04462459981441498,0.0524167001247406,0.04288049936294556,0.04350059926509857,0.04262459874153137,1.3320172876771674,1.3240681253139701,1.0060035901561426,0.0
bf16,256,128,32,16,page-cross,0,1,graph_lds_chunked(chunk=4),chunk4,0.057028698921203616,0.04421260058879852,0.050524598360061644,0.04130859971046448,0.042728498578071594,0.04247260093688965,1.3427173675081256,1.380552701396868,0.9725940676871951,0.0
bf16,256,128,32,16,page-cross,1,1,graph_lds_chunked(chunk=4),chunk4,0.05618069767951965,0.04420849978923798,0.05077660083770752,0.04169250130653381,0.042948600649833676,0.042348599433898924,1.326624691973839,1.3475012512793356,0.9845072059965241,0.0
bf16,256,128,32,16,page-cross,2,1,graph_lds_chunked(chunk=4),chunk4,0.056068801879882814,0.04434059858322144,0.05130059719085693,0.04158059954643249,0.043128499388694765,0.041556501388549806,1.3492185339580012,1.3484365904169213,1.000579888996366,0.0
bf16,256,128,32,16,tail-negative,0,1,graph_lds_chunked(chunk=4),chunk4,0.05577669739723205,0.044484499096870425,0.05197259783744812,0.041776600480079654,0.04284450113773346,0.041988599300384524,1.3283771863454674,1.3351181464329074,0.9949510385238565,0.0
bf16,256,128,32,16,tail-negative,1,1,graph_lds_chunked(chunk=4),chunk4,0.05481269955635071,0.04445250034332275,0.052568697929382326,0.04291259944438934,0.0432684987783432,0.04141260087490082,1.3235753948883555,1.2773101668516438,1.0362208250097529,0.0
bf16,256,128,32,16,tail-negative,2,1,graph_lds_chunked(chunk=4),chunk4,0.05582870244979858,0.0440526008605957,0.050984698534011844,0.04182460010051727,0.04259249866008759,0.04156849980354309,1.3430530982270383,1.3348293185260631,1.0061609222893426,0.0
bf16,256,128,32,32,random,0,1,graph_lds_chunked(chunk=8),chunk8,0.10550529956817627,0.07886499762535096,0.0877170979976654,0.07669699788093567,0.06996489763259887,0.06849690079689026,1.5402930401336665,1.5079747578879896,1.0214315803872875,0.0
bf16,256,128,32,32,random,1,1,graph_lds_chunked(chunk=8),chunk8,0.10836139917373658,0.0823610007762909,0.08886510133743286,0.077496999502182,0.07028489708900451,0.07058489918708802,1.535192377147419,1.541745149552034,0.995749769404808,0.0
bf16,256,128,32,32,random,2,1,graph_lds_chunked(chunk=8),chunk8,0.11012940406799317,0.08097699880599976,0.08916509747505189,0.0780210018157959,0.06929290294647217,0.07096890211105347,1.5517980522745103,1.589331654254212,0.976384034207565,0.0
bf16,256,128,32,32,contiguous,0,1,graph_lds_chunked(chunk=8),chunk8,0.10805740356445312,0.07988100051879883,0.08951719999313354,0.07705299854278565,0.0692969024181366,0.07012490034103394,1.5409277309335836,1.5593395923014879,0.9881925262086564,0.0
bf16,256,128,32,32,contiguous,1,1,graph_lds_chunked(chunk=8),chunk8,0.11053739786148072,0.08034499883651733,0.09042519927024842,0.07793700098991393,0.06905279755592346,0.06975290179252625,1.5846996328592078,1.600766395770719,0.9899630808380534,0.0
bf16,256,128,32,32,contiguous,2,1,graph_lds_chunked(chunk=8),chunk8,0.10804940462112426,0.07873299717903137,0.09060919880867005,0.07605289816856384,0.07064890265464782,0.06938490271568298,1.5572466111810515,1.5293854619271423,1.0182172185805938,0.0
bf16,256,128,32,32,page-cross,0,1,graph_lds_chunked(chunk=8),chunk8,0.10862540006637574,0.0789009988307953,0.08749709725379944,0.0754289984703064,0.06900879740715027,0.06898490190505982,1.5746257089104945,1.5740804672408426,1.0003463874185592,0.0
bf16,256,128,32,32,page-cross,1,1,graph_lds_chunked(chunk=8),chunk8,0.1065093994140625,0.07926899790763856,0.08794509768486022,0.07550100088119507,0.0693448007106781,0.0694728970527649,1.5331072106172319,1.5359392243182493,0.998156168124247,0.0
bf16,256,128,32,32,page-cross,2,1,graph_lds_chunked(chunk=8),chunk8,0.11151750087738037,0.08086509704589843,0.0886011004447937,0.07656499743461609,0.06888890266418457,0.07093290090560914,1.5721548033933848,1.6188021083889097,0.9711840596489275,0.0
bf16,256,128,32,32,tail-negative,0,1,graph_lds_chunked(chunk=8),chunk8,0.10928939580917359,0.07992100119590759,0.08950520157814026,0.07593290209770202,0.06982889771461487,0.0701649010181427,1.5576077814306954,1.5651026922382567,0.9952112338412485,0.0
bf16,256,128,32,32,tail-negative,1,1,graph_lds_chunked(chunk=8),chunk8,0.10698540210723877,0.0779009997844696,0.08742110133171081,0.07513689994812012,0.06899290084838867,0.06773279905319214,1.5795213486337785,1.5506726169166056,1.0186040118349007,0.0
bf16,256,128,32,32,tail-negative,2,1,graph_lds_chunked(chunk=8),chunk8,0.10568139553070069,0.07804499864578247,0.08748509883880615,0.07658100128173828,0.06855689883232116,0.06918479800224304,1.52752336614865,1.5415136526110946,0.9909243188091476,0.0
bf16,256,128,64,8,random,0,1,graph_lds_chunked(chunk=8),chunk8,0.05632069706916809,0.04229649901390076,0.049428701400756836,0.042916500568389894,0.04160049855709076,0.04252060055732727,1.3245508372638153,1.3538466850794095,0.9783610299907216,0.0
bf16,256,128,64,8,random,1,1,graph_lds_chunked(chunk=8),chunk8,0.05473669767379761,0.04172050058841705,0.04914459884166718,0.042636600136756894,0.04160049855709076,0.041548600792884825,1.3174137426830326,1.315770232865822,1.001249085726488,0.0
bf16,256,128,64,8,random,2,1,graph_lds_chunked(chunk=8),chunk8,0.056380701065063474,0.04204460084438324,0.049152600765228274,0.04271259903907776,0.04162060022354126,0.041900500655174255,1.3455853792549153,1.3546345021995543,0.9933198785872162,0.0
bf16,256,128,64,8,contiguous,0,1,graph_lds_chunked(chunk=8),chunk8,0.0581928014755249,0.04229249954223633,0.04982460141181946,0.04272460043430328,0.04178049862384796,0.04166449904441834,1.3966998958390406,1.392822091460367,1.002784134745169,0.0
bf16,256,128,64,8,contiguous,1,1,graph_lds_chunked(chunk=8),chunk8,0.05509669780731201,0.04187650084495544,0.049436599016189575,0.042704600095748904,0.041872599720954896,0.04173650145530701,1.3201081999245095,1.3158174599734536,1.0032608930049784,0.0
bf16,256,128,64,8,contiguous,2,1,graph_lds_chunked(chunk=8),chunk8,0.05625270009040832,0.04205250144004822,0.04937660098075867,0.04272460043430328,0.04177649915218353,0.04214859902858734,1.3346279920776216,1.3465154149343834,0.9911717142448452,0.0
bf16,256,128,64,8,page-cross,0,1,graph_lds_chunked(chunk=8),lds,0.05578870177268982,0.04192450046539307,0.04952070116996765,0.04306049942970276,0.042088499665260314,0.04202460050582886,1.327524856897851,1.3306944901762412,0.9976180608683738,0.0
bf16,256,128,64,8,page-cross,1,1,graph_lds_chunked(chunk=8),chunk8,0.05469670295715332,0.04207249879837036,0.04940469861030579,0.042772498726844785,0.04180859923362732,0.0419405996799469,1.3041468976254411,1.3082644231036542,0.9968526809982001,0.0
bf16,256,128,64,8,page-cross,2,1,graph_lds_chunked(chunk=8),chunk8,0.054576700925827025,0.04305649995803833,0.05068070292472839,0.043736600875854494,0.04280450046062469,0.041776600480079654,1.3063940171927308,1.2750224938620982,1.024604682255924,0.0
bf16,256,128,64,8,tail-negative,0,1,graph_lds_chunked(chunk=8),lds,0.05605270266532898,0.041680601239204404,0.0489766001701355,0.04265260100364685,0.04196049869060516,0.04158050119876862,1.3480525979563938,1.3448151177964849,1.0024073793617174,0.0
bf16,256,128,64,8,tail-negative,1,1,graph_lds_chunked(chunk=8),chunk8,0.054240697622299196,0.04165259897708893,0.04903259873390198,0.04268450140953064,0.041604599356651305,0.04150849878787995,1.306737155190419,1.303718782563586,1.002315202225512,0.0
bf16,256,128,64,8,tail-negative,2,1,graph_lds_chunked(chunk=8),lds,0.056760698556900024,0.04172059893608093,0.04910460114479065,0.04308460056781769,0.0419964998960495,0.04160059988498688,1.3644201937911051,1.360495774374228,1.0028845509782507,0.0
bf16,256,128,64,16,random,0,1,graph_lds_chunked(chunk=8),chunk8,0.1007053017616272,0.07165290117263794,0.08750920295715332,0.07482489943504333,0.06950089931488038,0.0694608986377716,1.4498128261598022,1.448978398184063,1.0005758733027248,0.0
bf16,256,128,64,16,random,1,1,graph_lds_chunked(chunk=8),chunk8,0.10114929676055909,0.07325299978256225,0.08786510229110718,0.07572100162506104,0.07082499861717224,0.07021690011024476,1.4405263775778852,1.4281581183968342,1.008660286996047,0.0
bf16,256,128,64,16,random,2,1,graph_lds_chunked(chunk=8),chunk8,0.10129330158233643,0.0735010027885437,0.08868110179901123,0.07666100263595581,0.07143290042877197,0.07137690186500549,1.41913278575626,1.4180202816115415,1.0007845474138453,0.0
bf16,256,128,64,16,contiguous,0,1,graph_lds_chunked(chunk=8),chunk8,0.10482929944992066,0.07390890121459961,0.08898509740829467,0.0766409993171692,0.07091689705848694,0.07111290097236633,1.474124919902454,1.4781991852162581,0.997243764335313,0.0
bf16,256,128,64,16,contiguous,1,1,graph_lds_chunked(chunk=8),chunk8,0.1032492995262146,0.07300090193748474,0.08800910115242004,0.07621300220489502,0.06941289901733398,0.07134490013122559,1.447185423713634,1.4874656006001261,0.9729202632516403,0.0
bf16,256,128,64,16,contiguous,2,1,graph_lds_chunked(chunk=8),chunk8,0.10196930170059204,0.07244489789009094,0.08885310292243957,0.0770770013332367,0.07133690118789673,0.07032889723777772,1.4498919463480289,1.4294046980259427,1.014332713716682,0.0
bf16,256,128,64,16,page-cross,0,1,graph_lds_chunked(chunk=8),chunk8,0.1055372953414917,0.07240890264511109,0.08738909959793091,0.07469689846038818,0.07060890197753907,0.06954089999198913,1.5176291269403936,1.4946740762951316,1.01535789708895,0.0
bf16,256,128,64,16,page-cross,1,1,graph_lds_chunked(chunk=8),chunk8,0.10400929450988769,0.07175689935684204,0.08674910068511962,0.07555699944496155,0.07093690037727356,0.0705368995666504,1.474537371912827,1.466222712815483,1.005670802276264,0.0
bf16,256,128,64,16,page-cross,2,1,graph_lds_chunked(chunk=8),chunk8,0.10534529685974121,0.07257699966430664,0.0866091012954712,0.07525290250778198,0.07000089883804321,0.0708968997001648,1.485894267665647,1.5049134883749447,0.9873619175745212,0.0
bf16,256,128,64,16,tail-negative,0,1,graph_lds_chunked(chunk=8),chunk8,0.10084530115127563,0.07225689888000489,0.08655710220336914,0.07520099878311157,0.07114490270614623,0.07068089842796325,1.426768807332796,1.4174634768678034,1.0065647761771999,0.0
bf16,256,128,64,16,tail-negative,1,1,graph_lds_chunked(chunk=8),chunk8,0.10158929824829102,0.07192490100860596,0.08592510223388672,0.07435299754142762,0.06930879950523376,0.06965289711952209,1.45850786470471,1.46574892327517,0.9950598233739242,0.0
bf16,256,128,64,16,tail-negative,2,1,graph_lds_chunked(chunk=8),chunk8,0.10402530431747437,0.07247290015220642,0.08764510154724121,0.07472100257873535,0.0704330027103424,0.07065290212631226,1.47234297795014,1.4769397912123836,0.996887609576508,0.0
bf16,256,128,64,32,random,0,1,graph_lds_chunked(chunk=8),chunk8,0.1887824058532715,0.13859779834747316,0.16723819971084594,0.13930180072784423,0.13376979827880858,0.13043769598007202,1.4472994515489852,1.4112483406740537,1.0255455470422112,0.0
bf16,256,128,64,32,random,1,1,graph_lds_chunked(chunk=8),chunk8,0.19597450494766236,0.14269779920578002,0.171710205078125,0.14273790121078492,0.1349377989768982,0.13430969715118407,1.4591240178813452,1.452332159213697,1.0046765188146252,0.0
bf16,256,128,64,32,random,2,1,graph_lds_chunked(chunk=8),chunk8,0.19938249588012696,0.14292579889297485,0.17186219692230226,0.142733895778656,0.13532170057296752,0.13486570119857788,1.478378076176342,1.4733963217718866,1.0033811367185066,0.0
bf16,256,128,64,32,contiguous,0,1,graph_lds_chunked(chunk=8),chunk8,0.19864649772644044,0.1429258942604065,0.17335829734802247,0.14330589771270752,0.13514169454574584,0.13457369804382324,1.476116808960338,1.469912734142889,1.004220709619926,0.0
bf16,256,128,64,32,contiguous,1,1,graph_lds_chunked(chunk=8),chunk8,0.1989544987678528,0.14295779466629027,0.1733983039855957,0.14211790561676024,0.1325937032699585,0.13469369411468507,1.4770884418572172,1.5004822541443377,0.9844091376472419,0.0
bf16,256,128,64,32,contiguous,2,1,graph_lds_chunked(chunk=8),chunk8,0.1955785036087036,0.14099379777908325,0.1725461959838867,0.1436218023300171,0.1352977991104126,0.1328616976737976,1.4720457967418756,1.4455409097164817,1.018335618761971,0.0
bf16,256,128,64,32,page-cross,0,1,graph_lds_chunked(chunk=8),chunk8,0.19655849933624267,0.14269779920578002,0.17471020221710204,0.1437857985496521,0.13536969423294068,0.13478970527648926,1.458260472734541,1.4520125826539128,1.0043029173130227,0.0
bf16,256,128,64,32,page-cross,1,1,graph_lds_chunked(chunk=8),chunk8,0.19927849769592285,0.1429898977279663,0.1749703049659729,0.14423389434814454,0.13547780513763427,0.134585702419281,1.4806810390237546,1.4709309579784846,1.0066285103270038,0.0
bf16,256,128,64,32,page-cross,2,1,graph_lds_chunked(chunk=8),chunk8,0.1973425030708313,0.14116580486297609,0.17151819467544555,0.14232980012893676,0.13314169645309448,0.13219369649887086,1.4928283896843515,1.482199103121347,1.0071712946935538,0.0
bf16,256,128,64,32,tail-negative,0,1,graph_lds_chunked(chunk=8),chunk8,0.19797849655151367,0.1431257963180542,0.17141820192337037,0.14282189607620238,0.1348176956176758,0.13452969789505004,1.4716341421205124,1.4684904355059822,1.0021407743207036,0.0
bf16,256,128,64,32,tail-negative,1,1,graph_lds_chunked(chunk=8),chunk8,0.19689860343933105,0.14265379905700684,0.17146220207214355,0.1425299048423767,0.13475769758224487,0.13456569910049437,1.4632154015139187,1.4611306587451938,1.0014268010572822,0.0
bf16,256,128,64,32,tail-negative,2,1,graph_lds_chunked(chunk=8),chunk8,0.19844249486923218,0.14262579679489135,0.17150620222091675,0.14268579483032226,0.13474169969558716,0.13442970514297486,1.476180392259103,1.4727622949507089,1.0023208750795107,0.0
bf16,256,128,128,8,random,0,1,graph_global,global,0.1035573959350586,0.11210540533065796,0.15627000331878663,0.12492959499359131,0.11010140180587769,0.10224939584732055,1.0127922524812876,1.0,1.0127922524812876,0.0
bf16,256,128,128,8,random,1,1,graph_global,global,0.09999330043792724,0.10849339962005615,0.15269789695739747,0.12271349430084229,0.10836139917373658,0.09862120151519775,1.013912818964369,1.0,1.013912818964369,0.0
bf16,256,128,128,8,random,2,1,graph_global,global,0.09817320108413696,0.10962539911270142,0.15083789825439453,0.12132159471511841,0.10689740180969239,0.09784929752349854,1.0033102287787057,1.0,1.0033102287787057,0.0
bf16,256,128,128,8,contiguous,0,1,graph_global,global,0.09800919890403748,0.10755740404129029,0.15281800031661988,0.12293360233306885,0.1093533992767334,0.09836130142211914,0.9964203145648651,1.0,0.9964203145648651,0.0
bf16,256,128,128,8,contiguous,1,1,graph_global,global,0.09964119791984558,0.10897339582443237,0.1541859030723572,0.12133350372314453,0.10753740072250366,0.09996529817581176,0.9967578723629056,1.0,0.9967578723629056,0.0
bf16,256,128,128,8,contiguous,2,1,graph_global,global,0.09918529987335205,0.1095013976097107,0.1586621046066284,0.12575759887695312,0.10757739543914795,0.09947720170021057,0.9970656409522032,1.0,0.9970656409522032,0.0
bf16,256,128,128,8,page-cross,0,1,graph_global,global,0.09832119941711426,0.1092453956604004,0.1530660033226013,0.12286959886550904,0.10762929916381836,0.09856520295143127,0.9975244454735487,1.0,0.9975244454735487,0.0
bf16,256,128,128,8,page-cross,1,1,graph_global,global,0.09845330119132996,0.10933339595794678,0.15462199449539185,0.12531759738922119,0.11020139455795289,0.09814929962158203,1.0030973381462733,1.0,1.0030973381462733,0.0
bf16,256,128,128,8,page-cross,2,1,graph_global,global,0.09914129972457886,0.1096174955368042,0.15365790128707885,0.12370959520339966,0.10827339887619018,0.09758530259132385,1.0159449947065424,1.0,1.0159449947065424,0.0
bf16,256,128,128,8,tail-negative,0,1,graph_global,global,0.0978892982006073,0.11001739501953126,0.15116989612579346,0.12169760465621948,0.10668929815292358,0.09841729998588562,0.9946350714218531,1.0,0.9946350714218531,0.0
bf16,256,128,128,8,tail-negative,1,1,graph_global,global,0.09824920296669007,0.10854539871215821,0.1501418948173523,0.12058559656143189,0.10695730447769165,0.09782919883728028,1.0042932389757007,1.0,1.0042932389757007,0.0
bf16,256,128,128,8,tail-negative,2,1,graph_global,global,0.09858530163764953,0.10920939445495606,0.15331799983978273,0.12068959474563598,0.10697339773178101,0.09853320121765137,1.0005287600458963,1.0,1.0005287600458963,0.0
bf16,256,128,128,16,random,0,1,graph_global,global,0.18165030479431152,0.21539480686187745,0.2777796030044556,0.22758290767669678,0.1994465947151184,0.1916105031967163,0.9480185154976647,1.0,0.9480185154976647,0.0
bf16,256,128,128,16,random,1,1,graph_global,global,0.18213839530944825,0.20071060657501222,0.28577160835266113,0.23391509056091309,0.2004425048828125,0.1901144027709961,0.9580462745310496,1.0,0.9580462745310496,0.0
bf16,256,128,128,16,random,2,1,graph_global,global,0.18237040042877198,0.20508670806884766,0.282671594619751,0.23037500381469728,0.19943859577178955,0.19028249979019166,0.9584191958265018,1.0,0.9584191958265018,0.0
bf16,256,128,128,16,contiguous,0,1,graph_global,global,0.18422640562057496,0.20321459770202638,0.2878917932510376,0.22936699390411378,0.2004185914993286,0.18999849557876586,0.9696203386210602,1.0,0.9696203386210602,0.0
bf16,256,128,128,16,contiguous,1,1,graph_global,global,0.18256640434265137,0.20510261058807372,0.28480370044708253,0.2301110029220581,0.19949860572814943,0.19645860195159912,0.9292868957075734,1.0,0.9292868957075734,0.0
bf16,256,128,128,16,contiguous,2,1,graph_global,global,0.18313039541244508,0.20100269317626954,0.2862237930297852,0.23068299293518066,0.20001070499420165,0.19277050495147705,0.9499917814633597,1.0,0.9499917814633597,0.0
bf16,256,128,128,16,page-cross,0,1,graph_global,global,0.18265039920806886,0.2010627031326294,0.29537580013275144,0.23601899147033692,0.2014986038208008,0.19133050441741944,0.9546329257021479,1.0,0.9546329257021479,0.0
bf16,256,128,128,16,page-cross,1,1,graph_global,global,0.1830904006958008,0.20276260375976562,0.28777968883514404,0.22864699363708496,0.20064260959625244,0.19523459672927856,0.9377969056871744,1.0,0.9377969056871744,0.0
bf16,256,128,128,16,page-cross,2,1,graph_global,global,0.18323440551757814,0.20485470294952393,0.2932598114013672,0.23216700553894043,0.20106658935546876,0.1853063941001892,0.9888185802078108,1.0,0.9888185802078108,0.0
bf16,256,128,128,16,tail-negative,0,1,graph_global,global,0.18342629671096802,0.1995985984802246,0.27929160594940183,0.2271868944168091,0.1996906042098999,0.1925665020942688,0.9525348111748622,1.0,0.9525348111748622,0.0
bf16,256,128,128,16,tail-negative,1,1,graph_global,global,0.1808624029159546,0.20109059810638427,0.28307960033416746,0.22956299781799316,0.19982659816741943,0.1863103985786438,0.9707584992343327,1.0,0.9707584992343327,0.0
bf16,256,128,128,16,tail-negative,2,1,graph_global,global,0.18087430000305177,0.20096259117126464,0.2809715986251831,0.2285989046096802,0.19957059621810913,0.1902783989906311,0.9505771593756033,1.0,0.9505771593756033,0.0
bf16,256,128,128,32,random,0,1,graph_global,global,0.3524364948272705,0.3740407943725586,0.5357388973236084,0.42965359687805177,0.3833409070968628,0.37166080474853513,0.948274583502902,1.0,0.948274583502902,0.0
bf16,256,128,128,32,random,1,1,graph_global,global,0.34696040153503416,0.37872889041900637,0.5350749015808105,0.42570948600769043,0.3842689037322998,0.3656246900558472,0.9489523300027628,1.0,0.9489523300027628,0.0
bf16,256,128,128,32,random,2,1,graph_global,global,0.3549285888671875,0.3626246929168701,0.5297108173370362,0.425477409362793,0.3834089994430542,0.40381321907043455,0.8789424716808975,1.0,0.8789424716808975,0.0
bf16,256,128,128,32,contiguous,0,1,graph_global,global,0.36116058826446534,0.370816707611084,0.5467910766601562,0.42794551849365237,0.38481290340423585,0.3670967102050781,0.9838295419828291,1.0,0.9838295419828291,0.0
bf16,256,128,128,32,contiguous,1,1,graph_global,global,0.3538444995880127,0.3702327966690063,0.546491003036499,0.42784547805786133,0.38445301055908204,0.3743247985839844,0.9452873572003627,1.0,0.9452873572003627,0.0
bf16,256,128,128,32,contiguous,2,1,graph_global,global,0.3577526092529297,0.3740849018096924,0.5462029933929443,0.4279815196990967,0.38440489768981934,0.3689248085021973,0.9697168664405472,1.0,0.9697168664405472,0.0
bf16,256,128,128,32,page-cross,0,1,graph_global,global,0.3475164890289307,0.3766887903213501,0.5426030158996582,0.42996950149536134,0.3854890108108521,0.37882089614868164,0.917363568277225,1.0,0.917363568277225,0.0
bf16,256,128,128,32,page-cross,1,1,graph_global,global,0.35847671031951905,0.37432079315185546,0.5433390140533447,0.4289374828338623,0.3852010011672974,0.3728208065032959,0.96152549446392,1.0,0.96152549446392,0.0
bf16,256,128,128,32,page-cross,2,1,graph_global,global,0.3602766990661621,0.3702127933502197,0.5448949813842774,0.4306096076965332,0.38541688919067385,0.3813369035720825,0.9447727080472833,1.0,0.9447727080472833,0.0
bf16,256,128,128,32,tail-negative,0,1,graph_global,global,0.35349249839782715,0.3747848987579346,0.5411230087280273,0.42592549324035645,0.38308889865875245,0.3707087993621826,0.953558423770958,1.0,0.953558423770958,0.0
bf16,256,128,128,32,tail-negative,1,1,graph_global,global,0.3564646005630493,0.37310080528259276,0.5355868816375733,0.4245574951171875,0.3841569900512695,0.37016479969024657,0.9629889196956015,1.0,0.9629889196956015,0.0
bf16,256,128,128,32,tail-negative,2,1,graph_global,global,0.35681259632110596,0.3713927984237671,0.535814905166626,0.42521347999572756,0.38286890983581545,0.3702047109603882,0.9638251101544864,1.0,0.9638251101544864,0.0
bf16,256,256,32,8,random,0,1,graph_lds_chunked(chunk=8),lds,0.054272699356079104,0.04132860004901886,0.04845660030841827,0.042164599895477294,0.0416126012802124,0.04142450094223023,1.3101594013592757,1.3131995589424166,0.997684923390022,0.0
bf16,256,256,32,8,random,1,1,graph_lds_chunked(chunk=8),lds,0.05432069897651672,0.04155260026454925,0.048580598831176755,0.04231660068035126,0.04174050092697144,0.04151250123977661,1.3085383283160859,1.3072755647222545,1.000965950582959,0.0
bf16,256,256,32,8,random,2,1,graph_lds_chunked(chunk=8),lds,0.05274069905281067,0.04146449863910675,0.04825269877910614,0.04228050112724304,0.04157249927520752,0.041556501388549806,1.269132320829647,1.271948312021043,0.9977860804839455,0.0
bf16,256,256,32,8,contiguous,0,1,graph_lds_chunked(chunk=8),chunk8,0.05427669882774353,0.04194850027561188,0.04830859899520874,0.04255650043487549,0.041632598638534545,0.041760501265525815,1.299713776964409,1.3037067250831127,0.9969372343933798,0.0
bf16,256,256,32,8,contiguous,1,1,graph_lds_chunked(chunk=8),chunk8,0.053460699319839475,0.041788500547409055,0.04820460081100464,0.04260460138320923,0.04159649908542633,0.04175660014152527,1.280293394065743,1.2852211242597065,0.996165850295371,0.0
bf16,256,256,32,8,contiguous,2,1,graph_lds_chunked(chunk=8),lds,0.05275670289993286,0.04172450006008148,0.0483925998210907,0.043256500363349916,0.04225659966468811,0.04172050058841705,1.2645270827498127,1.2644058724242468,1.0000958634629982,0.0
bf16,256,256,32,8,page-cross,0,1,graph_lds_chunked(chunk=8),chunk8,0.05378069877624512,0.041912499070167544,0.04822869896888733,0.04244050085544586,0.0416364997625351,0.041872501373291016,1.2843918326443693,1.2916719484820258,0.9943638043342102,0.0
bf16,256,256,32,8,page-cross,1,1,graph_lds_chunked(chunk=8),chunk8,0.054512697458267215,0.04196859896183014,0.048380601406097415,0.04256860017776489,0.041788500547409055,0.04164850115776062,1.3088753722919877,1.3044903919541826,1.0033614508507311,0.0
bf16,256,256,32,8,page-cross,2,1,graph_lds_chunked(chunk=8),chunk8,0.053632700443267824,0.042664599418640134,0.04902459979057312,0.042432600259780885,0.041788500547409055,0.041912499070167544,1.2796349927375836,1.2834320384963687,0.9970414905932738,0.0
bf16,256,256,32,8,tail-negative,0,1,graph_lds_chunked(chunk=8),chunk8,0.05435670018196106,0.04159660041332245,0.04812459945678711,0.04238049983978272,0.04152460098266601,0.0414885014295578,1.3101630164746205,1.309024021799792,1.000870109834396,0.0
bf16,256,256,32,8,tail-negative,1,1,graph_lds_chunked(chunk=8),chunk8,0.0546766996383667,0.04177649915218353,0.048260700702667234,0.04234449863433838,0.041500499844551085,0.041932600736618045,1.3039186379541623,1.3174949661611273,0.9896953471886702,0.0
bf16,256,256,32,8,tail-negative,2,1,graph_lds_chunked(chunk=8),lds,0.05454480051994324,0.04162049889564514,0.048512700200080874,0.043400499224662784,0.042616599798202516,0.042028498649597165,1.2978051149220873,1.3105273114746445,0.9902923071948483,0.0
bf16,256,256,32,16,random,0,1,graph_lds_chunked(chunk=8),chunk8,0.10012530088424683,0.07302089929580688,0.08683710098266602,0.0756729006767273,0.07059289813041687,0.07014489769935608,1.427406756131971,1.4183480709245044,1.006386785721478,0.0
bf16,256,256,32,16,random,1,1,graph_lds_chunked(chunk=8),chunk8,0.10202130079269409,0.07488899827003478,0.08907709717750549,0.07546499967575074,0.07102890014648437,0.07145289778709411,1.4278119425846612,1.4363350774444408,0.9940660539496506,0.0
bf16,256,256,32,16,random,2,1,graph_lds_chunked(chunk=8),chunk8,0.10055739879608154,0.07332900166511536,0.08708919882774353,0.07522500157356263,0.07052900195121765,0.07044900059700013,1.4273786419102656,1.425759560097468,1.0011355924646137,0.0
bf16,256,256,32,16,contiguous,0,1,graph_lds_chunked(chunk=8),chunk8,0.10000139474868774,0.073649001121521,0.08587719798088074,0.07575700283050538,0.07096099853515625,0.07062900066375732,1.4158687480906496,1.4092444696806794,1.0047005885440665,0.0
bf16,256,256,32,16,contiguous,1,1,graph_lds_chunked(chunk=8),chunk8,0.10056149959564209,0.07294510006904602,0.08668919801712036,0.0752170979976654,0.07070500254631043,0.07091689705848694,1.4180188892459085,1.4222685237833945,0.99701207299014,0.0
bf16,256,256,32,16,contiguous,2,1,graph_lds_chunked(chunk=8),chunk8,0.10193740129470825,0.07311300039291382,0.08726919889450073,0.07464500069618225,0.07077699899673462,0.07110900282859803,1.4335372068206238,1.4402617056342168,0.9953310576909132,0.0
bf16,256,256,32,16,page-cross,0,1,graph_lds_chunked(chunk=8),chunk8,0.10502549409866332,0.07521700263023376,0.08752920031547547,0.07568899989128113,0.06868900060653686,0.07359700202941895,1.4270349498296337,1.52900017719385,0.9333124816562473,0.0
bf16,256,256,32,16,page-cross,1,1,graph_lds_chunked(chunk=8),chunk8,0.09821739792823792,0.07196900248527527,0.08511719703674317,0.07388910055160522,0.06874889731407166,0.06985300183296203,1.4060583704491763,1.4286396111859467,0.9841938858757912,0.0
bf16,256,256,32,16,page-cross,2,1,graph_lds_chunked(chunk=8),chunk8,0.10103340148925781,0.07181299924850464,0.08553720116615296,0.07477309703826904,0.06999689936637879,0.06913700103759765,1.4613506512137322,1.4433982419767954,1.012437599489071,0.0
bf16,256,256,32,16,tail-negative,0,1,graph_lds_chunked(chunk=8),chunk8,0.10057740211486817,0.07353699803352357,0.08633720278739929,0.07392500042915344,0.06865299940109253,0.07056099772453309,1.425396541408297,1.4650110409199049,0.9729595897879831,0.0
bf16,256,256,32,16,tail-negative,1,1,graph_lds_chunked(chunk=8),chunk8,0.09842929840087891,0.07222499847412109,0.08495720028877259,0.07354900240898132,0.07045300006866455,0.06899700164794922,1.4265735618933884,1.3970916540807097,1.0211023433763748,0.0
bf16,256,256,32,16,tail-negative,2,1,graph_lds_chunked(chunk=8),chunk8,0.10027339458465576,0.07227299809455871,0.08624510169029236,0.07537699937820434,0.0708088994026184,0.07074499726295472,1.417392020130354,1.4161128817227147,1.000903274325196,0.0
bf16,256,256,32,32,random,0,1,graph_lds_chunked(chunk=8),chunk8,0.18968249559402467,0.13573780059814453,0.16418609619140626,0.13902980089187622,0.13160970211029052,0.12636959552764893,1.5010137114233562,1.4412500944274491,1.041466513845849,0.0
bf16,256,256,32,32,random,1,1,graph_lds_chunked(chunk=8),chunk8,0.1972666025161743,0.13955780267715454,0.16595410108566283,0.13883780241012572,0.13180969953536986,0.12993370294570922,1.5182096564938128,1.496601564312342,1.0144381061043455,0.0
bf16,256,256,32,32,random,2,1,graph_lds_chunked(chunk=8),chunk8,0.19644249677658082,0.14323790073394777,0.16967420578002929,0.1414538025856018,0.13410569429397584,0.13348569869995117,1.4716370269607968,1.4648333749792548,1.0046446593160387,0.0
bf16,256,256,32,32,contiguous,0,1,graph_lds_chunked(chunk=8),chunk8,0.19823060035705567,0.14319779872894287,0.16832220554351807,0.14056580066680907,0.13342169523239136,0.1336137056350708,1.483609779512202,1.4857448783856433,0.998562943810541,0.0
bf16,256,256,32,32,contiguous,1,1,graph_lds_chunked(chunk=8),chunk8,0.19713859558105468,0.1430819034576416,0.16844619512557985,0.14079389572143555,0.13424570560455323,0.1338778018951416,1.4725263844372158,1.4684908890997574,1.002748056094466,0.0
bf16,256,256,32,32,contiguous,2,1,graph_lds_chunked(chunk=8),chunk8,0.19398250579833984,0.14308979511260986,0.16771409511566163,0.13843380212783812,0.13192169666290282,0.1337296962738037,1.4505566916204762,1.4704367113623462,0.9864801935450513,0.0
bf16,256,256,32,32,page-cross,0,1,graph_lds_chunked(chunk=8),chunk8,0.19481849670410156,0.1420338988304138,0.1693742036819458,0.14072580337524415,0.13373370170593263,0.1324416995048523,1.4709755117342327,1.4567644073181227,1.009755252355645,0.0
bf16,256,256,32,32,page-cross,1,1,graph_lds_chunked(chunk=8),chunk8,0.1944944977760315,0.14273380041122435,0.17211819887161256,0.14148180484771727,0.13436180353164673,0.13232569694519042,1.4698165380273156,1.4475430714966662,1.0153870837899284,0.0
bf16,256,256,32,32,page-cross,2,1,graph_lds_chunked(chunk=8),chunk8,0.19936660528182984,0.14330190420150757,0.17192219495773314,0.14127379655838013,0.13393770456314086,0.1336017966270447,1.4922449421722264,1.4885024790599164,1.0025142471476927,0.0
bf16,256,256,32,32,tail-negative,0,1,graph_lds_chunked(chunk=8),chunk8,0.19772249460220337,0.1426619052886963,0.16833020448684693,0.14096989631652831,0.13404569625854493,0.1334617018699646,1.4814923819482675,1.4750379916774037,1.0043757451043847,0.0
bf16,256,256,32,32,tail-negative,1,1,graph_lds_chunked(chunk=8),chunk8,0.19673850536346435,0.14352580308914184,0.16987420320510865,0.1416538953781128,0.13362170457839967,0.13431769609451294,1.4647251336490232,1.472354405178481,0.9948183185362,0.0
bf16,256,256,32,32,tail-negative,2,1,graph_lds_chunked(chunk=8),chunk8,0.19643460512161254,0.1431857943534851,0.1703902006149292,0.1416018009185791,0.13506569862365722,0.13410569429397584,1.4647745284477198,1.4543633737012067,1.0071585650015498,0.0
bf16,256,256,64,8,random,0,1,graph_global,global,0.10348130464553833,0.11364140510559081,0.1579620957374573,0.1259335994720459,0.11117340326309204,0.10378539562225342,0.997070002239796,1.0,0.997070002239796,0.0
bf16,256,256,64,8,random,1,1,graph_global,global,0.10046130418777466,0.10970139503479004,0.15262999534606933,0.12212159633636474,0.10742130279541015,0.10001729726791382,1.0044393013207653,1.0,1.0044393013207653,0.0
bf16,256,256,64,8,random,2,1,graph_global,global,0.0970251977443695,0.10658140182495117,0.14892990589141847,0.121669602394104,0.10674539804458619,0.09735730290412903,0.9965888007385891,1.0,0.9965888007385891,0.0
bf16,256,256,64,8,contiguous,0,1,graph_global,global,0.09802520275115967,0.10884939432144165,0.1527179956436157,0.12104549407958984,0.10690139532089234,0.09774519801139832,1.0028646393424738,1.0,1.0028646393424738,0.0
bf16,256,256,64,8,contiguous,1,1,graph_global,global,0.09850929975509644,0.10962140560150146,0.1520298957824707,0.12170549631118774,0.10799340009689332,0.0976971983909607,1.0083124324700274,1.0,1.0083124324700274,0.0
bf16,256,256,64,8,contiguous,2,1,graph_global,global,0.09784119725227355,0.10848139524459839,0.1498139977455139,0.12024949789047241,0.10680940151214599,0.09736930131912232,1.0048464549581662,1.0,1.0048464549581662,0.0
bf16,256,256,64,8,page-cross,0,1,graph_global,global,0.0981772005558014,0.10860140323638916,0.14851789474487304,0.12174160480499267,0.10741740465164185,0.09797319769859314,1.0020822312836604,1.0,1.0020822312836604,0.0
bf16,256,256,64,8,page-cross,1,1,graph_global,global,0.09736120104789733,0.10935740470886231,0.1516219973564148,0.12275760173797608,0.10665340423583984,0.09766520261764526,0.9968873092810949,1.0,0.9968873092810949,0.0
bf16,256,256,64,8,page-cross,2,1,graph_global,global,0.09792129993438721,0.1088575005531311,0.14994200468063354,0.11991750001907349,0.1073214054107666,0.09810929894447326,0.9980837799055883,1.0,0.9980837799055883,0.0
bf16,256,256,64,8,tail-negative,0,1,graph_global,global,0.09722920060157776,0.10856139659881592,0.1524340033531189,0.12292959690093994,0.10867340564727783,0.09737719893455506,0.9984801541367322,1.0,0.9984801541367322,0.0
bf16,256,256,64,8,tail-negative,1,1,graph_global,global,0.09823729991912841,0.10895750522613526,0.15601400136947632,0.1220736026763916,0.1064653992652893,0.09734129905700684,1.0092047349973914,1.0,1.0092047349973914,0.0
bf16,256,256,64,8,tail-negative,2,1,graph_global,global,0.09765329957008362,0.10871740579605102,0.152557897567749,0.12304550409317017,0.10779739618301391,0.09752920269966125,1.0012724073096806,1.0,1.0012724073096806,0.0
bf16,256,256,64,16,random,0,1,graph_global,global,0.18017840385437012,0.20189859867095947,0.28552770614624023,0.22960290908813477,0.19959449768066406,0.19197050333023072,0.9385733783508623,1.0,0.9385733783508623,0.0
bf16,256,256,64,16,random,1,1,graph_global,global,0.18093039989471435,0.20188260078430176,0.2843076944351196,0.22745490074157715,0.19933860301971434,0.19309450387954713,0.9370044007445143,1.0,0.9370044007445143,0.0
bf16,256,256,64,16,random,2,1,graph_global,global,0.183646297454834,0.20292260646820068,0.2885516881942749,0.22654690742492675,0.19929460287094117,0.1895905017852783,0.9686471406823087,1.0,0.9686471406823087,0.0
bf16,256,256,64,16,contiguous,0,1,graph_global,global,0.18331040143966676,0.1983546018600464,0.2774075984954834,0.22573490142822267,0.2025346040725708,0.19389450550079346,0.9454130789637906,1.0,0.9454130789637906,0.0
bf16,256,256,64,16,contiguous,1,1,graph_global,global,0.18364239931106568,0.20667870044708253,0.28259170055389404,0.22544291019439697,0.1983065962791443,0.19166649580001832,0.9581351114316565,1.0,0.9581351114316565,0.0
bf16,256,256,64,16,contiguous,2,1,graph_global,global,0.18625839948654174,0.19879859685897827,0.2798877000808716,0.22611899375915528,0.19811049699783326,0.1888983964920044,0.9860242487258254,1.0,0.9860242487258254,0.0
bf16,256,256,64,16,page-cross,0,1,graph_global,global,0.18192230463027953,0.20643470287322999,0.27736759185791016,0.2262829065322876,0.1990906000137329,0.19281049966812133,0.9435290346916619,1.0,0.9435290346916619,0.0
bf16,256,256,64,16,page-cross,1,1,graph_global,global,0.1822983980178833,0.19891849756240845,0.28353960514068605,0.22733900547027588,0.19881850481033325,0.1916545033454895,0.9511824394194367,1.0,0.9511824394194367,0.0
bf16,256,256,64,16,page-cross,2,1,graph_global,global,0.18232640027999877,0.20737869739532472,0.28413560390472414,0.2260749101638794,0.1986825942993164,0.19147850275039674,0.9522029766321692,1.0,0.9522029766321692,0.0
bf16,256,256,64,16,tail-negative,0,1,graph_global,global,0.17982239723205568,0.20259459018707277,0.2813277006149292,0.22949891090393065,0.19893460273742675,0.1864143967628479,0.9646379268701096,1.0,0.9646379268701096,0.0
bf16,256,256,64,16,tail-negative,1,1,graph_global,global,0.18301039934158325,0.2063946008682251,0.282831597328186,0.22722299098968507,0.19899460077285766,0.186518394947052,0.9811922271448638,1.0,0.9811922271448638,0.0
bf16,256,256,64,16,tail-negative,2,1,graph_global,global,0.1804183006286621,0.20132648944854736,0.28399560451507566,0.226842999458313,0.19884259700775148,0.19070240259170532,0.9460725097152471,1.0,0.9460725097152471,0.0
bf16,256,256,64,32,random,0,1,graph_global,global,0.3540326118469238,0.36430070400238035,0.5328188896179199,0.42282938957214355,0.3830130100250244,0.3803209066390991,0.930878649232078,1.0,0.930878649232078,0.0
bf16,256,256,64,32,random,1,1,graph_global,global,0.3530364990234375,0.36631269454956056,0.529006814956665,0.42398548126220703,0.38194890022277833,0.36792080402374266,0.959544812803397,1.0,0.959544812803397,0.0
bf16,256,256,64,32,random,2,1,graph_global,global,0.353588604927063,0.370796799659729,0.5308669090270997,0.4224854946136475,0.38203699588775636,0.3682327032089233,0.9602314021697532,1.0,0.9602314021697532,0.0
bf16,256,256,64,32,contiguous,0,1,graph_global,global,0.35839669704437255,0.36521670818328855,0.5442550182342529,0.4240573883056641,0.382817006111145,0.3701848030090332,0.9681561591160914,1.0,0.9681561591160914,0.0
bf16,256,256,64,32,contiguous,1,1,graph_global,global,0.35710060596466064,0.3680967092514038,0.5342669010162353,0.421661376953125,0.3814848899841309,0.36950480937957764,0.9664301976590117,1.0,0.9664301976590117,0.0
bf16,256,256,64,32,contiguous,2,1,graph_global,global,0.3618086099624634,0.36266469955444336,0.5346309185028076,0.42342548370361327,0.38292889595031737,0.3998131036758423,0.9049443518384732,1.0,0.9049443518384732,0.0
bf16,256,256,64,32,page-cross,0,1,graph_global,global,0.35213658809661863,0.3658327102661133,0.529230785369873,0.4230255126953125,0.38119690418243407,0.375220799446106,0.9384783269382618,1.0,0.9384783269382618,0.0
bf16,256,256,64,32,page-cross,1,1,graph_global,global,0.35386059284210203,0.3795408964157104,0.5349149227142334,0.42254152297973635,0.3859610080718994,0.37002880573272706,0.9563055290827726,1.0,0.9563055290827726,0.0
bf16,256,256,64,32,page-cross,2,1,graph_global,global,0.35576059818267824,0.37757680416107176,0.538631010055542,0.42834949493408203,0.3825088977813721,0.36632080078125,0.971172255094305,1.0,0.971172255094305,0.0
bf16,256,256,64,32,tail-negative,0,1,graph_global,global,0.3439203977584839,0.3736568927764893,0.5313068866729737,0.424253511428833,0.38176090717315675,0.3788769006729126,0.9077365158648009,1.0,0.9077365158648009,0.0
bf16,256,256,64,32,tail-negative,1,1,graph_global,global,0.3533406019210815,0.3615206003189087,0.5283277988433838,0.4227573871612549,0.38146491050720216,0.3841568946838379,0.9197820130545404,1.0,0.9197820130545404,0.0
bf16,256,256,64,32,tail-negative,2,1,graph_global,global,0.35160460472106936,0.363832688331604,0.5328269004821777,0.427585506439209,0.38151299953460693,0.37849690914154055,0.9289497383704798,1.0,0.9289497383704798,0.0
bf16,256,256,128,8,random,0,0,graph_global,global,0.18131029605865479,,,,,0.19161449670791625,0.9462243158722564,1.0,0.9462243158722564,0.0
bf16,256,256,128,8,random,1,0,graph_global,global,0.19172250032424926,,,,,0.18700239658355713,1.0252408729884008,1.0,1.0252408729884008,0.0
bf16,256,256,128,8,random,2,0,graph_global,global,0.1902904987335205,,,,,0.1942384958267212,0.9796744868909885,1.0,0.9796744868909885,0.0
bf16,256,256,128,8,contiguous,0,0,graph_global,global,0.19543850421905518,,,,,0.19340250492095948,1.0105272643646874,1.0,1.0105272643646874,0.0
bf16,256,256,128,8,contiguous,1,0,graph_global,global,0.18877840042114258,,,,,0.19116250276565552,0.9875283996075549,1.0,0.9875283996075549,0.0
bf16,256,256,128,8,contiguous,2,0,graph_global,global,0.19159849882125854,,,,,0.1950464963912964,0.9823221763331724,1.0,0.9823221763331724,0.0
bf16,256,256,128,8,page-cross,0,0,graph_global,global,0.19507050514221191,,,,,0.19640250205993653,0.9932180247005299,1.0,0.9932180247005299,0.0
bf16,256,256,128,8,page-cross,1,0,graph_global,global,0.19704649448394776,,,,,0.19675860404968262,1.001463165667675,1.0,1.001463165667675,0.0
bf16,256,256,128,8,page-cross,2,0,graph_global,global,0.19862649440765381,,,,,0.1993185043334961,0.9965281200149665,1.0,0.9965281200149665,0.0
bf16,256,256,128,8,tail-negative,0,0,graph_global,global,0.19760650396347046,,,,,0.19689860343933105,1.0035952541652107,1.0,1.0035952541652107,0.0
bf16,256,256,128,8,tail-negative,1,0,graph_global,global,0.19737859964370727,,,,,0.19740259647369385,0.9998784371106801,1.0,0.9998784371106801,0.0
bf16,256,256,128,8,tail-negative,2,0,graph_global,global,0.19900660514831542,,,,,0.1978024959564209,1.0060874317387773,1.0,1.0060874317387773,0.0
bf16,256,256,128,16,random,0,0,graph_global,global,0.3811249017715454,,,,,0.38156890869140625,0.9988363650450882,1.0,0.9988363650450882,0.0
bf16,256,256,128,16,random,1,0,graph_global,global,0.38251299858093263,,,,,0.38114490509033205,1.0035894314008378,1.0,1.0035894314008378,0.0
bf16,256,256,128,16,random,2,0,graph_global,global,0.38219690322875977,,,,,0.38133299350738525,1.0022654995399913,1.0,1.0022654995399913,0.0
bf16,256,256,128,16,contiguous,0,0,graph_global,global,0.38332090377807615,,,,,0.3855609893798828,0.9941900615894531,1.0,0.9941900615894531,0.0
bf16,256,256,128,16,contiguous,1,0,graph_global,global,0.38548500537872316,,,,,0.38631300926208495,0.9978566502719041,1.0,0.9978566502719041,0.0
bf16,256,256,128,16,contiguous,2,0,graph_global,global,0.38457698822021485,,,,,0.38446500301361086,1.0002912754235787,1.0,1.0002912754235787,0.0
bf16,256,256,128,16,page-cross,0,0,graph_global,global,0.38394899368286134,,,,,0.3844528913497925,0.9986893123233851,1.0,0.9986893123233851,0.0
bf16,256,256,128,16,page-cross,1,0,graph_global,global,0.3830609083175659,,,,,0.3807969093322754,1.0059454237411234,1.0,1.0059454237411234,0.0
bf16,256,256,128,16,page-cross,2,0,graph_global,global,0.38193299770355227,,,,,0.38464090824127195,0.9929598997930269,1.0,0.9929598997930269,0.0
bf16,256,256,128,16,tail-negative,0,0,graph_global,global,0.38251690864562987,,,,,0.3820849895477295,1.0011304267629346,1.0,1.0011304267629346,0.0
bf16,256,256,128,16,tail-negative,1,0,graph_global,global,0.380708909034729,,,,,0.3797929048538208,1.0024118517465743,1.0,1.0024118517465743,0.0
bf16,256,256,128,16,tail-negative,2,0,graph_global,global,0.37925291061401367,,,,,0.3764369010925293,1.0074806946750212,1.0,1.0074806946750212,0.0
bf16,256,256,128,32,random,0,0,graph_global,global,0.7422976016998291,,,,,0.7453695774078369,0.9958785872121435,1.0,0.9958785872121435,0.0
bf16,256,256,128,32,random,1,0,graph_global,global,0.7494057178497314,,,,,0.7660258769989013,0.9783033972503858,1.0,0.9783033972503858,0.0
bf16,256,256,128,32,random,2,0,graph_global,global,0.7695300102233886,,,,,0.7790659904479981,0.987759727235525,1.0,0.987759727235525,0.0
bf16,256,256,128,32,contiguous,0,0,graph_global,global,0.7722579002380371,,,,,0.7723979949951172,0.9998186236137485,1.0,0.9998186236137485,0.0
bf16,256,256,128,32,contiguous,1,0,graph_global,global,0.7666899204254151,,,,,0.7765299797058105,0.9873281656374383,1.0,0.9873281656374383,0.0
bf16,256,256,128,32,contiguous,2,0,graph_global,global,0.7660698890686035,,,,,0.7728419780731202,0.9912374208484365,1.0,0.9912374208484365,0.0
bf16,256,256,128,32,page-cross,0,0,graph_global,global,0.7560818195343018,,,,,0.7627738952636719,0.9912266586849346,1.0,0.9912266586849346,0.0
bf16,256,256,128,32,page-cross,1,0,graph_global,global,0.748289680480957,,,,,0.7497497081756592,0.9980526465315274,1.0,0.9980526465315274,0.0
bf16,256,256,128,32,page-cross,2,0,graph_global,global,0.7556057929992676,,,,,0.7689538955688476,0.9826412186133662,1.0,0.9826412186133662,0.0
bf16,256,256,128,32,tail-negative,0,0,graph_global,global,0.7597618103027344,,,,,0.7678218841552734,0.9895026776146053,1.0,0.9895026776146053,0.0
bf16,256,256,128,32,tail-negative,1,0,graph_global,global,0.7685500144958496,,,,,0.7684298992156983,1.0001563126060997,1.0,1.0001563126060997,0.0
bf16,256,256,128,32,tail-negative,2,0,graph_global,global,0.7612019062042237,,,,,0.7654658794403076,0.994429571127061,1.0,0.994429571127061,0.0
