dtype,tasks,dim,num_transforms,mean_neighbors_target,max_neighbors,skew,filter_ratio,transform_active_ratio,early_exit_ratio,pareto_alpha,seed,total_edges,mean_count,p90_count,max_count,chunk_tokens,capacity_scale,actual_work_size,work_capacity,capacity_actual_ratio,overflowed,persistent_blocks,metadata_builder,variant,worklist_builder,order,ticket_batch_size,gpu_kernel_ms,cpu_preprocess_ms,h2d_metadata_ms,gpu_preprocess_ms,gpu_metadata_ms,metadata_build_event_ms,worklist_build_ms,worklist_build_event_ms,level2_compute_ms,end_to_end_ms,speedup_vs_static_node,end_to_end_speedup_vs_static_node,max_abs_diff
fp16,32,64,8,32,256,0.8,0.6,0.5,0.5,1.3,0,690,21.5625,36.80000000000001,77,32,exact,132,132,1.0,0,48,gpu,static_chunked,gpu,identity,0,0.015552200376987457,0.0,0.0,0.5934200016781688,0.20092600607313216,0.11680100113153458,0.3924939956050366,0.07722099870443344,0.015552200376987457,0.6089722020551562,1.0,1.0,0.0
fp16,32,64,8,32,256,0.8,0.6,0.5,0.5,1.3,0,690,21.5625,36.80000000000001,77,32,1x,132,132,1.0,0,48,gpu,static_chunked_fixed,fixed,identity,0,0.01525609940290451,0.0,0.0,0.27629101532511413,0.20092600607313216,0.11680100113153458,0.07536500925198197,0.044881001114845276,0.01525609940290451,0.29154711472801864,1.019408694598999,2.0887608598811216,0.0
fp16,32,64,8,32,256,0.8,0.6,0.5,0.5,1.3,0,690,21.5625,36.80000000000001,77,32,1.25x,132,165,1.25,0,48,gpu,static_chunked_fixed,fixed,identity,0,0.01771409958600998,0.0,0.0,0.26539003010839224,0.20092600607313216,0.11680100113153458,0.06446402403526008,0.03548000007867813,0.01771409958600998,0.28310412969440224,0.8779560203709185,2.1510537578964795,0.0
fp16,32,64,8,32,256,0.8,0.6,0.5,0.5,1.3,0,690,21.5625,36.80000000000001,77,32,2x,132,264,2.0,0,48,gpu,static_chunked_fixed,fixed,identity,0,0.01525609940290451,0.0,0.0,0.2668430097401142,0.20092600607313216,0.11680100113153458,0.06591700366698205,0.036959998309612274,0.01525609940290451,0.2820991091430187,1.019408694598999,2.1587172107885646,0.0
fp16,32,64,8,32,256,0.8,0.6,0.5,0.5,1.3,0,690,21.5625,36.80000000000001,77,32,4x,132,528,4.0,0,48,gpu,static_chunked_fixed,fixed,identity,0,0.015248100459575652,0.0,0.0,0.26629201602190733,0.20092600607313216,0.11680100113153458,0.06536600994877517,0.03576099872589111,0.015248100459575652,0.28154011648148297,1.0199434623491632,2.1630033036347367,0.0
fp16,32,64,8,32,256,0.8,0.6,0.5,0.5,1.3,0,690,21.5625,36.80000000000001,77,32,8x,132,1056,8.0,0,48,gpu,static_chunked_fixed,fixed,identity,0,0.015136100351810455,0.0,0.0,0.26632199296727777,0.20092600607313216,0.11680100113153458,0.06539598689414561,0.03748000040650368,0.015136100351810455,0.2814580933190882,1.0274905699292112,2.16363365101307,0.0
fp16,32,64,8,32,256,0.8,0.6,0.5,0.5,1.3,0,690,21.5625,36.80000000000001,77,32,max,132,2048,15.515151515151516,0,48,gpu,static_chunked_fixed,fixed,identity,0,0.015276099741458892,0.0,0.0,0.2646690118126571,0.20092600607313216,0.11680100113153458,0.06374300573952496,0.03587999939918518,0.015276099741458892,0.279945111554116,1.0180740267608515,2.1753271513635135,0.0
fp16,32,64,8,32,256,0.8,0.6,0.5,0.5,1.3,0,690,21.5625,36.80000000000001,77,32,exact,132,132,1.0,0,48,gpu,persistent_chunked,gpu,identity,1,0.02436410039663315,0.0,0.0,0.5934200016781688,0.20092600607313216,0.11680100113153458,0.3924939956050366,0.07722099870443344,0.02436410039663315,0.6177841020748019,0.6383244250272667,0.985736279081881,0.0
fp16,32,64,8,32,256,0.8,0.6,0.5,0.5,1.3,0,690,21.5625,36.80000000000001,77,32,exact,132,132,1.0,0,48,gpu,static_chunked,gpu,bucket,0,0.015048100054264069,0.0,0.0,0.29968502349220216,0.20092600607313216,0.11680100113153458,0.09875901741907,0.07093100249767303,0.015048100054264069,0.3147331235464662,1.0334992670772776,1.9348843718549678,0.0
fp16,32,64,8,32,256,0.8,0.6,0.5,0.5,1.3,0,690,21.5625,36.80000000000001,77,32,1x,132,132,1.0,0,48,gpu,static_chunked_fixed,fixed,bucket,0,0.015160100162029266,0.0,0.0,0.26432800223119557,0.20092600607313216,0.11680100113153458,0.06340199615806341,0.035760000348091125,0.015160100162029266,0.27948810239322486,1.0258639593912622,2.1788841701689496,0.0
fp16,32,64,8,32,256,0.8,0.6,0.5,0.5,1.3,0,690,21.5625,36.80000000000001,77,32,1.25x,132,165,1.25,0,48,gpu,static_chunked_fixed,fixed,bucket,0,0.015220099687576294,0.0,0.0,0.26664300821721554,0.20092600607313216,0.11680100113153458,0.06571700214408338,0.037039998918771744,0.015220099687576294,0.28186310790479185,1.021819876099908,2.1605246837087164,0.0
fp16,32,64,8,32,256,0.8,0.6,0.5,0.5,1.3,0,690,21.5625,36.80000000000001,77,32,2x,132,264,2.0,0,48,gpu,static_chunked_fixed,fixed,bucket,0,0.015220099687576294,0.0,0.0,0.2644880150910467,0.20092600607313216,0.11680100113153458,0.06356200901791453,0.03571999818086624,0.015220099687576294,0.279708114778623,1.021819876099908,2.17717030675757,0.0
fp16,32,64,8,32,256,0.8,0.6,0.5,0.5,1.3,0,690,21.5625,36.80000000000001,77,32,4x,132,528,4.0,0,48,gpu,static_chunked_fixed,fixed,bucket,0,0.015528100728988647,0.0,0.0,0.2658710000105202,0.20092600607313216,0.11680100113153458,0.06494499393738806,0.03620000183582306,0.015528100728988647,0.28139910073950886,1.0015520022969595,2.164087235726037,0.0
fp16,32,64,8,32,256,0.8,0.6,0.5,0.5,1.3,0,690,21.5625,36.80000000000001,77,32,8x,132,1056,8.0,0,48,gpu,static_chunked_fixed,fixed,bucket,0,0.015636099874973296,0.0,0.0,0.2649789967108518,0.20092600607313216,0.11680100113153458,0.06405299063771963,0.03572100028395653,0.015636099874973296,0.28061509658582506,0.9946342439190909,2.170133429969989,0.0
fp16,32,64,8,32,256,0.8,0.6,0.5,0.5,1.3,0,690,21.5625,36.80000000000001,77,32,max,132,2048,15.515151515151516,0,48,gpu,static_chunked_fixed,fixed,bucket,0,0.01544010043144226,0.0,0.0,0.2648590016178787,0.20092600607313216,0.11680100113153458,0.06393299554474652,0.035920001566410065,0.01544010043144226,0.28029910204932096,1.0072603119418133,2.172579924811898,0.0
fp16,32,64,8,32,256,0.8,0.6,0.5,0.5,1.3,0,690,21.5625,36.80000000000001,77,32,exact,132,132,1.0,0,48,gpu,persistent_chunked,gpu,bucket,1,0.024404199421405794,0.0,0.0,0.29968502349220216,0.20092600607313216,0.11680100113153458,0.09875901741907,0.07093100249767303,0.024404199421405794,0.324089222913608,0.6372755814864416,1.8790263884136904,0.0
fp16,32,64,8,32,256,0.8,0.6,0.5,0.5,1.3,1,1145,35.78125,50.70000000000005,211,32,exact,149,149,1.0,0,48,gpu,static_chunked,gpu,identity,0,0.015696099400520323,0.0,0.0,0.3049170190934092,0.193442014278844,0.14772099256515503,0.11147500481456518,0.0719200000166893,0.015696099400520323,0.3206131184939295,1.0,1.0,9.5367431640625e-07
fp16,32,64,8,32,256,0.8,0.6,0.5,0.5,1.3,1,1145,35.78125,50.70000000000005,211,32,1x,149,149,1.0,0,48,gpu,static_chunked_fixed,fixed,identity,0,0.015888099372386933,0.0,0.0,0.2597499988041818,0.193442014278844,0.14772099256515503,0.06630798452533782,0.03675999864935875,0.015888099372386933,0.27563809817656876,0.9879154852089923,1.1631669229140833,0.0
fp16,32,64,8,32,256,0.8,0.6,0.5,0.5,1.3,1,1145,35.78125,50.70000000000005,211,32,1.25x,149,187,1.25503355704698,0,48,gpu,static_chunked_fixed,fixed,identity,0,0.015780100226402284,0.0,0.0,0.2602300082799047,0.193442014278844,0.14772099256515503,0.06678799400106072,0.03816099837422371,0.015780100226402284,0.27601010850630703,0.9946767875566839,1.1615991900767766,9.5367431640625e-07
fp16,32,64,8,32,256,0.8,0.6,0.5,0.5,1.3,1,1145,35.78125,50.70000000000005,211,32,2x,149,298,2.0,0,48,gpu,static_chunked_fixed,fixed,identity,0,0.015748099982738496,0.0,0.0,0.25899801403284073,0.193442014278844,0.14772099256515503,0.06555599975399673,0.03779999911785126,0.015748099982738496,0.27474611401557925,0.996697977389325,1.16694323281948,9.5367431640625e-07
fp16,32,64,8,32,256,0.8,0.6,0.5,0.5,1.3,1,1145,35.78125,50.70000000000005,211,32,4x,149,596,4.0,0,48,gpu,static_chunked_fixed,fixed,identity,0,0.0157600998878479,0.0,0.0,0.25903803179971874,0.193442014278844,0.14772099256515503,0.06559601752087474,0.03808100149035454,0.0157600998878479,0.2747981316875666,0.9959390811109691,1.1667223373208828,9.5367431640625e-07
fp16,32,64,8,32,256,0.8,0.6,0.5,0.5,1.3,1,1145,35.78125,50.70000000000005,211,32,8x,149,1192,8.0,0,48,gpu,static_chunked_fixed,fixed,identity,0,0.015932099521160127,0.0,0.0,0.2579060092102736,0.193442014278844,0.14772099256515503,0.06446399493142962,0.03743999823927879,0.015932099521160127,0.27383810873143377,0.98518712989921,1.1708126380918378,0.0
fp16,32,64,8,32,256,0.8,0.6,0.5,0.5,1.3,1,1145,35.78125,50.70000000000005,211,32,max,149,2048,13.74496644295302,0,48,gpu,static_chunked_fixed,fixed,identity,0,0.01589210033416748,0.0,0.0,0.2590889926068485,0.193442014278844,0.14772099256515503,0.06564697832800448,0.03816099837422371,0.01589210033416748,0.27498109294101597,0.9876667696826855,1.1659460476531807,9.5367431640625e-07
fp16,32,64,8,32,256,0.8,0.6,0.5,0.5,1.3,1,1145,35.78125,50.70000000000005,211,32,exact,149,149,1.0,0,48,gpu,persistent_chunked,gpu,identity,1,0.02563610076904297,0.0,0.0,0.3049170190934092,0.193442014278844,0.14772099256515503,0.11147500481456518,0.0719200000166893,0.02563610076904297,0.33055311986245217,0.6122654744544554,0.9699291860483457,9.5367431640625e-07
fp16,32,64,8,32,256,0.8,0.6,0.5,0.5,1.3,1,1145,35.78125,50.70000000000005,211,32,exact,149,149,1.0,0,48,gpu,static_chunked,gpu,bucket,0,0.015500099956989288,0.0,0.0,0.28286402812227607,0.193442014278844,0.14772099256515503,0.08942201384343207,0.06244000047445297,0.015500099956989288,0.2983641280792654,1.0126450438432595,1.0745699241993103,0.0
fp16,32,64,8,32,256,0.8,0.6,0.5,0.5,1.3,1,1145,35.78125,50.70000000000005,211,32,1x,149,149,1.0,0,48,gpu,static_chunked_fixed,fixed,bucket,0,0.01568010002374649,0.0,0.0,0.2561630099080503,0.193442014278844,0.14772099256515503,0.0627209956292063,0.0355600006878376,0.01568010002374649,0.2718431099317968,1.0010203619077431,1.1794049831697728,9.5367431640625e-07
fp16,32,64,8,32,256,0.8,0.6,0.5,0.5,1.3,1,1145,35.78125,50.70000000000005,211,32,1.25x,149,187,1.25503355704698,0,48,gpu,static_chunked_fixed,fixed,bucket,0,0.01570809930562973,0.0,0.0,0.2561730216257274,0.193442014278844,0.14772099256515503,0.06273100734688342,0.0350399985909462,0.01570809930562973,0.27188112093135713,0.9992360689300516,1.1792400935954501,9.5367431640625e-07
fp16,32,64,8,32,256,0.8,0.6,0.5,0.5,1.3,1,1145,35.78125,50.70000000000005,211,32,2x,149,298,2.0,0,48,gpu,static_chunked_fixed,fixed,bucket,0,0.015688200294971467,0.0,0.0,0.25721502606756985,0.193442014278844,0.14772099256515503,0.06377301178872585,0.03587999939918518,0.015688200294971467,0.27290322636254133,1.0005035061638898,1.1748234814490885,9.5367431640625e-07
fp16,32,64,8,32,256,0.8,0.6,0.5,0.5,1.3,1,1145,35.78125,50.70000000000005,211,32,4x,149,596,4.0,0,48,gpu,static_chunked_fixed,fixed,bucket,0,0.015744100511074065,0.0,0.0,0.2549600030761212,0.193442014278844,0.14772099256515503,0.06151798879727721,0.033879999071359634,0.015744100511074065,0.27070410358719527,0.9969511684379823,1.1843674116696876,0.0
fp16,32,64,8,32,256,0.8,0.6,0.5,0.5,1.3,1,1145,35.78125,50.70000000000005,211,32,8x,149,1192,8.0,0,48,gpu,static_chunked_fixed,fixed,bucket,0,0.015796099603176118,0.0,0.0,0.25751502835191786,0.193442014278844,0.14772099256515503,0.06407301407307386,0.03620000183582306,0.015796099603176118,0.273311127955094,0.993669310452076,1.1730701230233385,0.0
fp16,32,64,8,32,256,0.8,0.6,0.5,0.5,1.3,1,1145,35.78125,50.70000000000005,211,32,max,149,2048,13.74496644295302,0,48,gpu,static_chunked_fixed,fixed,bucket,0,0.015768100321292878,0.0,0.0,0.2689780085347593,0.193442014278844,0.14772099256515503,0.07553599425591528,0.047359999269247055,0.015768100321292878,0.28474610885605217,0.9954337606112686,1.1259613688207033,0.0
fp16,32,64,8,32,256,0.8,0.6,0.5,0.5,1.3,1,1145,35.78125,50.70000000000005,211,32,exact,149,149,1.0,0,48,gpu,persistent_chunked,gpu,bucket,1,0.02550809979438782,0.0,0.0,0.28286402812227607,0.193442014278844,0.14772099256515503,0.08942201384343207,0.06244000047445297,0.02550809979438782,0.3083721279166639,0.6153378545262596,1.0396955154798349,9.5367431640625e-07
fp16,32,64,8,32,256,0.8,0.6,0.5,0.5,1.3,2,959,29.96875,56.80000000000001,211,32,exact,137,137,1.0,0,48,gpu,static_chunked,gpu,identity,0,0.015664100646972656,0.0,0.0,0.26822599465958774,0.15998800517991185,0.11313100159168243,0.10823798947967589,0.0742809996008873,0.015664100646972656,0.2838900953065604,1.0,1.0,0.0
fp16,32,64,8,32,256,0.8,0.6,0.5,0.5,1.3,2,959,29.96875,56.80000000000001,211,32,1x,137,137,1.0,0,48,gpu,static_chunked_fixed,fixed,identity,0,0.015812100470066072,0.0,0.0,0.22374102263711393,0.15998800517991185,0.11313100159168243,0.06375301745720208,0.035280000418424606,0.015812100470066072,0.23955312310718,0.9906400908991443,1.1850820044602104,0.0
fp16,32,64,8,32,256,0.8,0.6,0.5,0.5,1.3,2,959,29.96875,56.80000000000001,211,32,1.25x,137,172,1.2554744525547445,0,48,gpu,static_chunked_fixed,fixed,identity,0,0.015808099508285524,0.0,0.0,0.22477199672721326,0.15998800517991185,0.11313100159168243,0.06478399154730141,0.0363599993288517,0.015808099508285524,0.24058009623549878,0.9908908176319745,1.1800232012072451,0.0
fp16,32,64,8,32,256,0.8,0.6,0.5,0.5,1.3,2,959,29.96875,56.80000000000001,211,32,2x,137,274,2.0,0,48,gpu,static_chunked_fixed,fixed,identity,0,0.01568010002374649,0.0,0.0,0.22220797836780548,0.15998800517991185,0.11313100159168243,0.06221997318789363,0.03440000116825104,0.01568010002374649,0.23788807839155196,0.9989796380922569,1.193376722474051,0.0
fp16,32,64,8,32,256,0.8,0.6,0.5,0.5,1.3,2,959,29.96875,56.80000000000001,211,32,4x,137,548,4.0,0,48,gpu,static_chunked_fixed,fixed,identity,0,0.01568010002374649,0.0,0.0,0.22362000891007483,0.15998800517991185,0.11313100159168243,0.06363200373016298,0.03531999886035919,0.01568010002374649,0.2393001089338213,0.9989796380922569,1.186335002400983,0.0
fp16,32,64,8,32,256,0.8,0.6,0.5,0.5,1.3,2,959,29.96875,56.80000000000001,211,32,8x,137,1096,8.0,0,48,gpu,static_chunked_fixed,fixed,identity,0,0.01568010002374649,0.0,0.0,0.2251430123578757,0.15998800517991185,0.11313100159168243,0.06515500717796385,0.03691999986767769,0.01568010002374649,0.24082311238162218,0.9989796380922569,1.1788324322322177,0.0
fp16,32,64,8,32,256,0.8,0.6,0.5,0.5,1.3,2,959,29.96875,56.80000000000001,211,32,max,137,2048,14.94890510948905,0,48,gpu,static_chunked_fixed,fixed,identity,0,0.015804100036621093,0.0,0.0,0.22404099581763148,0.15998800517991185,0.11313100159168243,0.06405299063771963,0.03471999987959862,0.015804100036621093,0.23984509585425257,0.991141577861186,1.1836393581258497,0.0
fp16,32,64,8,32,256,0.8,0.6,0.5,0.5,1.3,2,959,29.96875,56.80000000000001,211,32,exact,137,137,1.0,0,48,gpu,persistent_chunked,gpu,identity,1,0.02515619993209839,0.0,0.0,0.26822599465958774,0.15998800517991185,0.11313100159168243,0.10823798947967589,0.0742809996008873,0.02515619993209839,0.29338219459168613,0.6226735631475817,0.9676459599113152,0.0
fp16,32,64,8,32,256,0.8,0.6,0.5,0.5,1.3,2,959,29.96875,56.80000000000001,211,32,exact,137,137,1.0,0,48,gpu,static_chunked,gpu,bucket,0,0.015456099808216096,0.0,0.0,0.27024999144487083,0.15998800517991185,0.11313100159168243,0.11026198626495898,0.07232099771499634,0.015456099808216096,0.28570609125308694,1.0134575243002761,0.9936438318883517,0.0
fp16,32,64,8,32,256,0.8,0.6,0.5,0.5,1.3,2,959,29.96875,56.80000000000001,211,32,1x,137,137,1.0,0,48,gpu,static_chunked_fixed,fixed,bucket,0,0.017581099271774293,0.0,0.0,0.22419102606363595,0.15998800517991185,0.11313100159168243,0.0642030208837241,0.03468000143766403,0.017581099271774293,0.24177212533541023,0.8909625277027303,1.1742052352508376,0.0
fp16,32,64,8,32,256,0.8,0.6,0.5,0.5,1.3,2,959,29.96875,56.80000000000001,211,32,1.25x,137,172,1.2554744525547445,0,48,gpu,static_chunked_fixed,fixed,bucket,0,0.01594409942626953,0.0,0.0,0.2238409942947328,0.15998800517991185,0.11313100159168243,0.06385298911482096,0.03579999879002571,0.01594409942626953,0.23978509372100235,0.9824387209455337,1.1839355437034615,0.0
fp16,32,64,8,32,256,0.8,0.6,0.5,0.5,1.3,2,959,29.96875,56.80000000000001,211,32,2x,137,274,2.0,0,48,gpu,static_chunked_fixed,fixed,bucket,0,0.015724100172519684,0.0,0.0,0.2347209956496954,0.15998800517991185,0.11313100159168243,0.07473299046978354,0.03739999979734421,0.015724100172519684,0.2504450958222151,0.9961842315370207,1.133542241562147,0.0
fp16,32,64,8,32,256,0.8,0.6,0.5,0.5,1.3,2,959,29.96875,56.80000000000001,211,32,4x,137,548,4.0,0,48,gpu,static_chunked_fixed,fixed,bucket,0,0.01583220064640045,0.0,0.0,0.2231700054835528,0.15998800517991185,0.11313100159168243,0.06318200030364096,0.03579999879002571,0.01583220064640045,0.23900220612995327,0.9893823983675943,1.1878137022392175,0.0
fp16,32,64,8,32,256,0.8,0.6,0.5,0.5,1.3,2,959,29.96875,56.80000000000001,211,32,8x,137,1096,8.0,0,48,gpu,static_chunked_fixed,fixed,bucket,0,0.015768100321292878,0.0,0.0,0.2236099971923977,0.15998800517991185,0.11313100159168243,0.06362199201248586,0.036639999598264694,0.015768100321292878,0.2393780975136906,0.9934044258851028,1.185948498443238,0.0
fp16,32,64,8,32,256,0.8,0.6,0.5,0.5,1.3,2,959,29.96875,56.80000000000001,211,32,max,137,2048,14.94890510948905,0,48,gpu,static_chunked_fixed,fixed,bucket,0,0.015812100470066072,0.0,0.0,0.22535401512868702,0.15998800517991185,0.11313100159168243,0.06536600994877517,0.03807999938726425,0.015812100470066072,0.2411661155987531,0.9906400908991443,1.177155814786562,0.0
fp16,32,64,8,32,256,0.8,0.6,0.5,0.5,1.3,2,959,29.96875,56.80000000000001,211,32,exact,137,137,1.0,0,48,gpu,persistent_chunked,gpu,bucket,1,0.025228199362754822,0.0,0.0,0.27024999144487083,0.15998800517991185,0.11313100159168243,0.11026198626495898,0.07232099771499634,0.025228199362754822,0.29547819080762566,0.6208964984674276,0.9607818923305584,0.0
fp16,32,64,8,32,256,0.95,0.6,0.5,0.5,1.3,0,629,19.65625,37.7,85,32,exact,132,132,1.0,0,48,gpu,static_chunked,gpu,identity,0,0.015580099821090699,0.0,0.0,0.2676940057426691,0.1602080010343343,0.11241000145673752,0.1074860047083348,0.07348000258207321,0.015580099821090699,0.2832741055637598,1.0,1.0,0.0
fp16,32,64,8,32,256,0.95,0.6,0.5,0.5,1.3,0,629,19.65625,37.7,85,32,1x,132,132,1.0,0,48,gpu,static_chunked_fixed,fixed,identity,0,0.015620100498199462,0.0,0.0,0.22363002062775195,0.1602080010343343,0.11241000145673752,0.06342201959341764,0.034561000764369965,0.015620100498199462,0.2392501211259514,0.9974391536652806,1.1840082012524138,0.0
fp16,32,64,8,32,256,0.95,0.6,0.5,0.5,1.3,0,629,19.65625,37.7,85,32,1.25x,132,165,1.25,0,48,gpu,static_chunked_fixed,fixed,identity,0,0.015460099279880523,0.0,0.0,0.22592500317841768,0.1602080010343343,0.11241000145673752,0.06571700214408338,0.0368800014257431,0.015460099279880523,0.2413851024582982,1.0077619515268148,1.1735359915705585,0.0
fp16,32,64,8,32,256,0.95,0.6,0.5,0.5,1.3,0,629,19.65625,37.7,85,32,2x,132,264,2.0,0,48,gpu,static_chunked_fixed,fixed,identity,0,0.015608100593090058,0.0,0.0,0.2237610169686377,0.1602080010343343,0.11241000145673752,0.0635530159343034,0.03516099974513054,0.015608100593090058,0.23936911756172777,0.9982060102808566,1.1834196008627136,0.0
fp16,32,64,8,32,256,0.95,0.6,0.5,0.5,1.3,0,629,19.65625,37.7,85,32,4x,132,528,4.0,0,48,gpu,static_chunked_fixed,fixed,identity,0,0.015644100308418275,0.0,0.0,0.22444099886342883,0.1602080010343343,0.11241000145673752,0.06423299782909453,0.036159999668598175,0.015644100308418275,0.24008509917184712,0.9959089697671437,1.1798904077799475,0.0
fp16,32,64,8,32,256,0.95,0.6,0.5,0.5,1.3,0,629,19.65625,37.7,85,32,8x,132,1056,8.0,0,48,gpu,static_chunked_fixed,fixed,identity,0,0.01565210074186325,0.0,0.0,0.22674599313177168,0.1602080010343343,0.11241000145673752,0.06653799209743738,0.03460099920630455,0.01565210074186325,0.24239809387363492,0.9953999196682924,1.1686317373082729,0.0
fp16,32,64,8,32,256,0.95,0.6,0.5,0.5,1.3,0,629,19.65625,37.7,85,32,max,132,2048,15.515151515151516,0,48,gpu,static_chunked_fixed,fixed,identity,0,0.015612100064754487,0.0,0.0,0.22327000624500215,0.1602080010343343,0.11241000145673752,0.06306200521066785,0.0350399985909462,0.015612100064754487,0.23888210630975665,0.997950292175232,1.185832249806272,0.0
fp16,32,64,8,32,256,0.95,0.6,0.5,0.5,1.3,0,629,19.65625,37.7,85,32,exact,132,132,1.0,0,48,gpu,persistent_chunked,gpu,identity,1,0.02462020069360733,0.0,0.0,0.2676940057426691,0.1602080010343343,0.11241000145673752,0.1074860047083348,0.07348000258207321,0.02462020069360733,0.2923142064362764,0.6328177424295365,0.9690740283110827,0.0
fp16,32,64,8,32,256,0.95,0.6,0.5,0.5,1.3,0,629,19.65625,37.7,85,32,exact,132,132,1.0,0,48,gpu,static_chunked,gpu,bucket,0,0.015344099700450897,0.0,0.0,0.25720501434989274,0.1602080010343343,0.11241000145673752,0.09699701331555843,0.06960099935531616,0.015344099700450897,0.27254911405034365,1.015380512721308,1.0393506746510102,0.0
fp16,32,64,8,32,256,0.95,0.6,0.5,0.5,1.3,0,629,19.65625,37.7,85,32,1x,132,132,1.0,0,48,gpu,static_chunked_fixed,fixed,bucket,0,0.0154680997133255,0.0,0.0,0.22410100791603327,0.1602080010343343,0.11241000145673752,0.06389300688169897,0.03519999980926514,0.0154680997133255,0.23956910762935876,1.0072407153975553,1.1824316931631176,0.0
fp16,32,64,8,32,256,0.95,0.6,0.5,0.5,1.3,0,629,19.65625,37.7,85,32,1.25x,132,165,1.25,0,48,gpu,static_chunked_fixed,fixed,bucket,0,0.01560010015964508,0.0,0.0,0.22341901785694063,0.1602080010343343,0.11241000145673752,0.06321101682260633,0.03587999939918518,0.01560010015964508,0.2390191180165857,0.9987179352472287,1.185152501249307,0.0
fp16,32,64,8,32,256,0.95,0.6,0.5,0.5,1.3,0,629,19.65625,37.7,85,32,2x,132,264,2.0,0,48,gpu,static_chunked_fixed,fixed,bucket,0,0.015488100051879884,0.0,0.0,0.22264799918048084,0.1602080010343343,0.11241000145673752,0.062439998146146536,0.0350399985909462,0.015488100051879884,0.23813609923236073,1.0059400293711074,1.1895470971301827,0.0
fp16,32,64,8,32,256,0.95,0.6,0.5,0.5,1.3,0,629,19.65625,37.7,85,32,4x,132,528,4.0,0,48,gpu,static_chunked_fixed,fixed,bucket,0,0.015564100444316864,0.0,0.0,0.24177500745281577,0.1602080010343343,0.11241000145673752,0.08156700641848147,0.035760000348091125,0.015564100444316864,0.25733910789713266,1.0010279666872541,1.1007814081526788,0.0
fp16,32,64,8,32,256,0.95,0.6,0.5,0.5,1.3,0,629,19.65625,37.7,85,32,8x,132,1056,8.0,0,48,gpu,static_chunked_fixed,fixed,bucket,0,0.015516099333763123,0.0,0.0,0.2228190132882446,0.1602080010343343,0.11241000145673752,0.0626110122539103,0.0350399985909462,0.015516099333763123,0.23833511262200774,1.00412477942754,1.1885538074829283,0.0
fp16,32,64,8,32,256,0.95,0.6,0.5,0.5,1.3,0,629,19.65625,37.7,85,32,max,132,2048,15.515151515151516,0,48,gpu,static_chunked_fixed,fixed,bucket,0,0.015560099482536316,0.0,0.0,0.22463200730271637,0.1602080010343343,0.11241000145673752,0.06442400626838207,0.036559998989105225,0.015560099482536316,0.24019210678525268,1.0012853605837695,1.1793647566321788,0.0
fp16,32,64,8,32,256,0.95,0.6,0.5,0.5,1.3,0,629,19.65625,37.7,85,32,exact,132,132,1.0,0,48,gpu,persistent_chunked,gpu,bucket,1,0.02433219999074936,0.0,0.0,0.25720501434989274,0.1602080010343343,0.11241000145673752,0.09699701331555843,0.06960099935531616,0.02433219999074936,0.2815372143406421,0.6403078976423816,1.0061693130948444,0.0
fp16,32,64,8,32,256,0.95,0.6,0.5,0.5,1.3,1,1169,36.53125,53.400000000000055,245,32,exact,153,153,1.0,0,48,gpu,static_chunked,gpu,identity,0,0.01577620059251785,0.0,0.0,0.2896059595514089,0.18182897474616766,0.1353210061788559,0.10777698480524123,0.07412099838256836,0.01577620059251785,0.3053821601439267,1.0,1.0,1.9073486328125e-06
fp16,32,64,8,32,256,0.95,0.6,0.5,0.5,1.3,1,1169,36.53125,53.400000000000055,245,32,1x,153,153,1.0,0,48,gpu,static_chunked_fixed,fixed,identity,0,0.016076099872589112,0.0,0.0,0.24450896307826042,0.18182897474616766,0.1353210061788559,0.06267998833209276,0.033640000969171524,0.016076099872589112,0.26058506295084954,0.9813450225833313,1.171909689242344,3.814697265625e-06
fp16,32,64,8,32,256,0.95,0.6,0.5,0.5,1.3,1,1169,36.53125,53.400000000000055,245,32,1.25x,153,192,1.2549019607843137,0,48,gpu,static_chunked_fixed,fixed,identity,0,0.015936100482940675,0.0,0.0,0.24623196804895997,0.18182897474616766,0.1353210061788559,0.06440299330279231,0.035200998187065125,0.015936100482940675,0.26216806853190067,0.9899661846011831,1.1648335430551022,3.814697265625e-06
fp16,32,64,8,32,256,0.95,0.6,0.5,0.5,1.3,1,1169,36.53125,53.400000000000055,245,32,2x,153,306,2.0,0,48,gpu,static_chunked_fixed,fixed,identity,0,0.01594409942626953,0.0,0.0,0.2435579663142562,0.18182897474616766,0.1353210061788559,0.06172899156808853,0.03351999819278717,0.01594409942626953,0.2595020657405257,0.9894695316892563,1.17680049780134,1.52587890625e-05
fp16,32,64,8,32,256,0.95,0.6,0.5,0.5,1.3,1,1169,36.53125,53.400000000000055,245,32,4x,153,612,4.0,0,48,gpu,static_chunked_fixed,fixed,identity,0,0.015884099900722502,0.0,0.0,0.24508096976205707,0.18182897474616766,0.1353210061788559,0.0632519950158894,0.03540100157260895,0.015884099900722502,0.26096506966277955,0.9932070870317465,1.1702032020551378,3.814697265625e-06
fp16,32,64,8,32,256,0.95,0.6,0.5,0.5,1.3,1,1169,36.53125,53.400000000000055,245,32,8x,153,1224,8.0,0,48,gpu,static_chunked_fixed,fixed,identity,0,0.015856100618839263,0.0,0.0,0.24492997908964753,0.18182897474616766,0.1353210061788559,0.06310100434347987,0.03415999934077263,0.015856100618839263,0.2607860797084868,0.9949609283996041,1.171006368458357,1.52587890625e-05
fp16,32,64,8,32,256,0.95,0.6,0.5,0.5,1.3,1,1169,36.53125,53.400000000000055,245,32,max,153,2048,13.38562091503268,0,48,gpu,static_chunked_fixed,fixed,identity,0,0.015824100375175475,0.0,0.0,0.24448995827697217,0.18182897474616766,0.1353210061788559,0.06266098353080451,0.03448000177741051,0.015824100375175475,0.26031405865214763,0.9969729854132645,1.1731297253983608,3.814697265625e-06
fp16,32,64,8,32,256,0.95,0.6,0.5,0.5,1.3,1,1169,36.53125,53.400000000000055,245,32,exact,153,153,1.0,0,48,gpu,persistent_chunked,gpu,identity,1,0.025852200388908387,0.0,0.0,0.2896059595514089,0.18182897474616766,0.1353210061788559,0.10777698480524123,0.07412099838256836,0.025852200388908387,0.3154581599403173,0.6102459502552233,0.9680591562497642,3.814697265625e-06
fp16,32,64,8,32,256,0.95,0.6,0.5,0.5,1.3,1,1169,36.53125,53.400000000000055,245,32,exact,153,153,1.0,0,48,gpu,static_chunked,gpu,bucket,0,0.015556100010871887,0.0,0.0,0.26766397058963776,0.18182897474616766,0.1353210061788559,0.0858349958434701,0.05874999985098839,0.015556100010871887,0.28322007060050963,1.0141488278869473,1.0782504202347911,3.814697265625e-06
fp16,32,64,8,32,256,0.95,0.6,0.5,0.5,1.3,1,1169,36.53125,53.400000000000055,245,32,1x,153,153,1.0,0,48,gpu,static_chunked_fixed,fixed,bucket,0,0.015856100618839263,0.0,0.0,0.24624296929687262,0.18182897474616766,0.1353210061788559,0.06441399455070496,0.03691999986767769,0.015856100618839263,0.26209906991571186,0.9949609283996041,1.1651401900897025,3.814697265625e-06
fp16,32,64,8,32,256,0.95,0.6,0.5,0.5,1.3,1,1169,36.53125,53.400000000000055,245,32,1.25x,153,192,1.2549019607843137,0,48,gpu,static_chunked_fixed,fixed,bucket,0,0.015740099549293517,0.0,0.0,0.2455919748172164,0.18182897474616766,0.1353210061788559,0.06376300007104874,0.036320000886917114,0.015740099549293517,0.2613320743665099,1.0022935714676566,1.1685598137320028,1.52587890625e-05
fp16,32,64,8,32,256,0.95,0.6,0.5,0.5,1.3,1,1169,36.53125,53.400000000000055,245,32,2x,153,306,2.0,0,48,gpu,static_chunked_fixed,fixed,bucket,0,0.015792100131511687,0.0,0.0,0.24508999194949865,0.18182897474616766,0.1353210061788559,0.063261017203331,0.03587999939918518,0.015792100131511687,0.2608820920810103,0.9989931966703967,1.170575403271061,1.52587890625e-05
fp16,32,64,8,32,256,0.95,0.6,0.5,0.5,1.3,1,1169,36.53125,53.400000000000055,245,32,4x,153,612,4.0,0,48,gpu,static_chunked_fixed,fixed,bucket,0,0.015636099874973296,0.0,0.0,0.2455009671393782,0.18182897474616766,0.1353210061788559,0.06367199239321053,0.036079999059438705,0.015636099874973296,0.26113706701435146,1.0089600807531804,1.1694324503045126,1.52587890625e-05
fp16,32,64,8,32,256,0.95,0.6,0.5,0.5,1.3,1,1169,36.53125,53.400000000000055,245,32,8x,153,1224,8.0,0,48,gpu,static_chunked_fixed,fixed,bucket,0,0.01584410071372986,0.0,0.0,0.2450709871482104,0.18182897474616766,0.1353210061788559,0.06324201240204275,0.035280000418424606,0.01584410071372986,0.2609150878619403,0.9957144856348225,1.170427370246659,1.52587890625e-05
fp16,32,64,8,32,256,0.95,0.6,0.5,0.5,1.3,1,1169,36.53125,53.400000000000055,245,32,max,153,2048,13.38562091503268,0,48,gpu,static_chunked_fixed,fixed,bucket,0,0.015928100049495696,0.0,0.0,0.2450309693813324,0.18182897474616766,0.1353210061788559,0.06320199463516474,0.03483999893069267,0.015928100049495696,0.2609590694308281,0.9904634290024658,1.1702301085376676,3.814697265625e-06
fp16,32,64,8,32,256,0.95,0.6,0.5,0.5,1.3,1,1169,36.53125,53.400000000000055,245,32,exact,153,153,1.0,0,48,gpu,persistent_chunked,gpu,bucket,1,0.02578819990158081,0.0,0.0,0.26766397058963776,0.18182897474616766,0.1353210061788559,0.0858349958434701,0.05874999985098839,0.02578819990158081,0.2934521704912186,0.6117604428663814,1.0406539492713178,3.814697265625e-06
fp16,32,64,8,32,256,0.95,0.6,0.5,0.5,1.3,2,946,29.5625,61.800000000000004,245,32,exact,138,138,1.0,0,48,gpu,static_chunked,gpu,identity,0,0.01571609973907471,0.0,0.0,0.2630250237416476,0.1563900150358677,0.11293099820613861,0.10663500870577991,0.07280100136995316,0.01571609973907471,0.27874112348072233,1.0,1.0,0.0
fp16,32,64,8,32,256,0.95,0.6,0.5,0.5,1.3,2,946,29.5625,61.800000000000004,245,32,1x,138,138,1.0,0,48,gpu,static_chunked_fixed,fixed,identity,0,0.015740099549293517,0.0,0.0,0.21817898959852755,0.1563900150358677,0.11293099820613861,0.06178897456265986,0.03319999948143959,0.015740099549293517,0.23391908914782106,0.9984752440641402,1.1916134099880014,0.0
fp16,32,64,8,32,256,0.95,0.6,0.5,0.5,1.3,2,946,29.5625,61.800000000000004,245,32,1.25x,138,173,1.2536231884057971,0,48,gpu,static_chunked_fixed,fixed,identity,0,0.01568409949541092,0.0,0.0,0.22032303968444467,0.1563900150358677,0.11293099820613861,0.06393302464857697,0.03531999886035919,0.01568409949541092,0.23600713917985558,1.0020402984355685,1.1810707271371996,0.0
fp16,32,64,8,32,256,0.95,0.6,0.5,0.5,1.3,2,946,29.5625,61.800000000000004,245,32,2x,138,276,2.0,0,48,gpu,static_chunked_fixed,fixed,identity,0,0.015648099780082702,0.0,0.0,0.21865000599063933,0.1563900150358677,0.11293099820613861,0.06225999095477164,0.03415999934077263,0.015648099780082702,0.23429810577072202,1.0043455729416142,1.1896857747261989,0.0
fp16,32,64,8,32,256,0.95,0.6,0.5,0.5,1.3,2,946,29.5625,61.800000000000004,245,32,4x,138,552,4.0,0,48,gpu,static_chunked_fixed,fixed,identity,0,0.015696099400520323,0.0,0.0,0.21850000484846532,0.1563900150358677,0.11293099820613861,0.06210998981259763,0.034081000834703445,0.015696099400520323,0.23419610424898565,1.0012742234898004,1.1902039292010538,0.0
fp16,32,64,8,32,256,0.95,0.6,0.5,0.5,1.3,2,946,29.5625,61.800000000000004,245,32,8x,138,1104,8.0,0,48,gpu,static_chunked_fixed,fixed,identity,0,0.015740099549293517,0.0,0.0,0.22309902124106884,0.1563900150358677,0.11293099820613861,0.06670900620520115,0.033479999750852585,0.015740099549293517,0.23883912079036235,0.9984752440641402,1.167066444384475,0.0
fp16,32,64,8,32,256,0.95,0.6,0.5,0.5,1.3,2,946,29.5625,61.800000000000004,245,32,max,138,2048,14.840579710144928,0,48,gpu,static_chunked_fixed,fixed,identity,0,0.01570809930562973,0.0,0.0,0.21892000222578645,0.1563900150358677,0.11293099820613861,0.06252998718991876,0.0342009998857975,0.01570809930562973,0.23462810153141617,1.000509319000938,1.1880125256155625,0.0
fp16,32,64,8,32,256,0.95,0.6,0.5,0.5,1.3,2,946,29.5625,61.800000000000004,245,32,exact,138,138,1.0,0,48,gpu,persistent_chunked,gpu,identity,1,0.02517620027065277,0.0,0.0,0.2630250237416476,0.1563900150358677,0.11293099820613861,0.10663500870577991,0.07280100136995316,0.02517620027065277,0.28820122401230036,0.624244308915613,0.9671753631026415,0.0
fp16,32,64,8,32,256,0.95,0.6,0.5,0.5,1.3,2,946,29.5625,61.800000000000004,245,32,exact,138,138,1.0,0,48,gpu,static_chunked,gpu,bucket,0,0.015480099618434906,0.0,0.0,0.24260501959361136,0.1563900150358677,0.11293099820613861,0.08621500455774367,0.0589199997484684,0.015480099618434906,0.25808511921204624,1.0152453877208099,1.0800356267410554,0.0
fp16,32,64,8,32,256,0.95,0.6,0.5,0.5,1.3,2,946,29.5625,61.800000000000004,245,32,1x,138,138,1.0,0,48,gpu,static_chunked_fixed,fixed,bucket,0,0.015548099577426911,0.0,0.0,0.22067403187975287,0.1563900150358677,0.11293099820613861,0.06428401684388518,0.03691999986767769,0.015548099577426911,0.2362221314571798,1.010805189458119,1.1799958020921084,0.0
fp16,32,64,8,32,256,0.95,0.6,0.5,0.5,1.3,2,946,29.5625,61.800000000000004,245,32,1.25x,138,173,1.2536231884057971,0,48,gpu,static_chunked_fixed,fixed,bucket,0,0.015768100321292878,0.0,0.0,0.22122502559795976,0.1563900150358677,0.11293099820613861,0.06483501056209207,0.0371600016951561,0.015768100321292878,0.23699312591925265,0.9967021656915799,1.1761569978012523,0.0
fp16,32,64,8,32,256,0.95,0.6,0.5,0.5,1.3,2,946,29.5625,61.800000000000004,245,32,2x,138,276,2.0,0,48,gpu,static_chunked_fixed,fixed,bucket,0,0.015696099400520323,0.0,0.0,0.2474660286679864,0.1563900150358677,0.11293099820613861,0.0910760136321187,0.06324999779462814,0.015696099400520323,0.2631621280685067,1.0012742234898004,1.059199230248511,0.0
fp16,32,64,8,32,256,0.95,0.6,0.5,0.5,1.3,2,946,29.5625,61.800000000000004,245,32,4x,138,552,4.0,0,48,gpu,static_chunked_fixed,fixed,bucket,0,0.01560010015964508,0.0,0.0,0.21642501815222204,0.1563900150358677,0.11293099820613861,0.060035003116354346,0.03300099819898605,0.01560010015964508,0.23202511831186712,1.0074358227346323,1.2013402924163745,0.0
fp16,32,64,8,32,256,0.95,0.6,0.5,0.5,1.3,2,946,29.5625,61.800000000000004,245,32,8x,138,1104,8.0,0,48,gpu,static_chunked_fixed,fixed,bucket,0,0.015528100728988647,0.0,0.0,0.2208139922004193,0.1563900150358677,0.11293099820613861,0.06442397716455162,0.0368800014257431,0.015528100728988647,0.23634209292940794,1.012107018969493,1.179396865051789,0.0
fp16,32,64,8,32,256,0.95,0.6,0.5,0.5,1.3,2,946,29.5625,61.800000000000004,245,32,max,138,2048,14.840579710144928,0,48,gpu,static_chunked_fixed,fixed,bucket,0,0.01568409949541092,0.0,0.0,0.21978202858008444,0.1563900150358677,0.11293099820613861,0.06339201354421675,0.03588100150227547,0.01568409949541092,0.23546612807549536,1.0020402984355685,1.183784375947916,0.0
fp16,32,64,8,32,256,0.95,0.6,0.5,0.5,1.3,2,946,29.5625,61.800000000000004,245,32,exact,138,138,1.0,0,48,gpu,persistent_chunked,gpu,bucket,1,0.025064200162887573,0.0,0.0,0.24260501959361136,0.1563900150358677,0.11293099820613861,0.08621500455774367,0.0589199997484684,0.025064200162887573,0.26766921975649893,0.6270337627747424,1.0413641274640977,0.0
fp16,128,64,8,32,256,0.8,0.6,0.5,0.5,1.3,0,3008,23.5,42.09999999999998,204,32,exact,519,519,1.0,0,48,gpu,static_chunked,gpu,identity,0,0.017104099690914153,0.0,0.0,0.2860389940906316,0.1629730104468763,0.1152610033750534,0.12306598364375532,0.0892610028386116,0.017104099690914153,0.30314309378154575,1.0,1.0,7.62939453125e-06
fp16,128,64,8,32,256,0.8,0.6,0.5,0.5,1.3,0,3008,23.5,42.09999999999998,204,32,1x,519,519,1.0,0,48,gpu,static_chunked_fixed,fixed,identity,0,0.017260099947452544,0.0,0.0,0.22577401250600815,0.1629730104468763,0.1152610033750534,0.06280100205913186,0.034279998391866684,0.017260099947452544,0.24303411245346068,0.9909617987721203,1.2473273431506267,7.62939453125e-06
fp16,128,64,8,32,256,0.8,0.6,0.5,0.5,1.3,0,3008,23.5,42.09999999999998,204,32,1.25x,519,649,1.2504816955684008,0,48,gpu,static_chunked_fixed,fixed,identity,0,0.01730010062456131,0.0,0.0,0.22727600298821926,0.1629730104468763,0.1152610033750534,0.06430299254134297,0.035760000348091125,0.01730010062456131,0.24457610361278057,0.9886705321604378,1.2394632562365537,0.0
fp16,128,64,8,32,256,0.8,0.6,0.5,0.5,1.3,0,3008,23.5,42.09999999999998,204,32,2x,519,1038,2.0,0,48,gpu,static_chunked_fixed,fixed,identity,0,0.017284099757671357,0.0,0.0,0.2426670107524842,0.1629730104468763,0.1152610033750534,0.07969400030560791,0.05096999928355217,0.017284099757671357,0.25995111051015557,0.9895858002857619,1.1661542556468625,0.0
fp16,128,64,8,32,256,0.8,0.6,0.5,0.5,1.3,0,3008,23.5,42.09999999999998,204,32,4x,519,2076,4.0,0,48,gpu,static_chunked_fixed,fixed,identity,0,0.01740420013666153,0.0,0.0,0.22672602790407836,0.1629730104468763,0.1152610033750534,0.06375301745720208,0.036159999668598175,0.01740420013666153,0.2441302280407399,0.9827570101819719,1.2417269922467689,0.0
fp16,128,64,8,32,256,0.8,0.6,0.5,0.5,1.3,0,3008,23.5,42.09999999999998,204,32,8x,519,4152,8.0,0,48,gpu,static_chunked_fixed,fixed,identity,0,0.01886810064315796,0.0,0.0,0.2275270235259086,0.1629730104468763,0.1152610033750534,0.0645540130790323,0.03711999952793121,0.01886810064315796,0.24639512416906656,0.9065088221859005,1.2303128757269604,7.62939453125e-06
fp16,128,64,8,32,256,0.8,0.6,0.5,0.5,1.3,0,3008,23.5,42.09999999999998,204,32,max,519,8192,15.784200385356455,0,48,gpu,static_chunked_fixed,fixed,identity,0,0.021340200304985048,0.0,0.0,0.22610501036979258,0.1629730104468763,0.1152610033750534,0.0631319999229163,0.03579999879002571,0.021340200304985048,0.24744521067477762,0.8014966798094512,1.2250917807416084,1.52587890625e-05
fp16,128,64,8,32,256,0.8,0.6,0.5,0.5,1.3,0,3008,23.5,42.09999999999998,204,32,exact,519,519,1.0,0,48,gpu,persistent_chunked,gpu,identity,1,0.03817619979381561,0.0,0.0,0.2860389940906316,0.1629730104468763,0.1152610033750534,0.12306598364375532,0.0892610028386116,0.03817619979381561,0.3242151938844472,0.44803044261322594,0.9350058217493296,0.0
fp16,128,64,8,32,256,0.8,0.6,0.5,0.5,1.3,0,3008,23.5,42.09999999999998,204,32,exact,519,519,1.0,0,48,gpu,static_chunked,gpu,bucket,0,0.016684100031852722,0.0,0.0,0.26212300872430205,0.1629730104468763,0.1152610033750534,0.09914999827742577,0.07210099697113037,0.016684100031852722,0.2788071087561548,1.0251736478599134,1.0872860994612417,7.62939453125e-06
fp16,128,64,8,32,256,0.8,0.6,0.5,0.5,1.3,0,3008,23.5,42.09999999999998,204,32,1x,519,519,1.0,0,48,gpu,static_chunked_fixed,fixed,bucket,0,0.016836099326610565,0.0,0.0,0.22383002215065062,0.1629730104468763,0.1152610033750534,0.06085701170377433,0.033240001648664474,0.016836099326610565,0.24066612147726119,1.0159181980994847,1.259600195992636,1.9073486328125e-06
fp16,128,64,8,32,256,0.8,0.6,0.5,0.5,1.3,0,3008,23.5,42.09999999999998,204,32,1.25x,519,649,1.2504816955684008,0,48,gpu,static_chunked_fixed,fixed,bucket,0,0.016712099313735962,0.0,0.0,0.2254630089737475,0.1629730104468763,0.1152610033750534,0.062489998526871204,0.03396100178360939,0.016712099313735962,0.24217510828748345,1.0234560823161216,1.2517516598844165,1.52587890625e-05
fp16,128,64,8,32,256,0.8,0.6,0.5,0.5,1.3,0,3008,23.5,42.09999999999998,204,32,2x,519,1038,2.0,0,48,gpu,static_chunked_fixed,fixed,bucket,0,0.016804100573062898,0.0,0.0,0.22450101096183062,0.1629730104468763,0.1152610033750534,0.06152800051495433,0.034359999001026154,0.016804100573062898,0.2413051115348935,1.0178527328223776,1.2562647009560353,7.62939453125e-06
fp16,128,64,8,32,256,0.8,0.6,0.5,0.5,1.3,0,3008,23.5,42.09999999999998,204,32,4x,519,2076,4.0,0,48,gpu,static_chunked_fixed,fixed,bucket,0,0.017384199798107146,0.0,0.0,0.22636499488726258,0.1629730104468763,0.1152610033750534,0.0633919844403863,0.035280998796224594,0.017384199798107146,0.24374919468536974,0.9838876617591861,1.243668083387276,7.62939453125e-06
fp16,128,64,8,32,256,0.8,0.6,0.5,0.5,1.3,0,3008,23.5,42.09999999999998,204,32,8x,519,4152,8.0,0,48,gpu,static_chunked_fixed,fixed,bucket,0,0.01894409954547882,0.0,0.0,0.22520299535244703,0.1629730104468763,0.1152610033750534,0.062229984905570745,0.03455999866127968,0.01894409954547882,0.24414709489792585,0.902872139678774,1.2416412077656922,0.0
fp16,128,64,8,32,256,0.8,0.6,0.5,0.5,1.3,0,3008,23.5,42.09999999999998,204,32,max,519,8192,15.784200385356455,0,48,gpu,static_chunked_fixed,fixed,bucket,0,0.02180410027503967,0.0,0.0,0.22526300745084882,0.1629730104468763,0.1152610033750534,0.06228999700397253,0.034481000155210495,0.02180410027503967,0.2470671077258885,0.7844441859632308,1.2269666187935928,7.62939453125e-06
fp16,128,64,8,32,256,0.8,0.6,0.5,0.5,1.3,0,3008,23.5,42.09999999999998,204,32,exact,519,519,1.0,0,48,gpu,persistent_chunked,gpu,bucket,1,0.03789219856262207,0.0,0.0,0.26212300872430205,0.1629730104468763,0.1152610033750534,0.09914999827742577,0.07210099697113037,0.03789219856262207,0.3000152072869241,0.45138842135663565,1.0104257598236688,1.52587890625e-05
fp16,128,64,8,32,256,0.8,0.6,0.5,0.5,1.3,1,3618,28.265625,46.599999999999994,211,32,exact,556,556,1.0,0,48,gpu,static_chunked,gpu,identity,0,0.01750809997320175,0.0,0.0,0.2800679940264672,0.157833012053743,0.11208099871873856,0.1222349819727242,0.08423099666833878,0.01750809997320175,0.29757609399966894,1.0,1.0,0.0
fp16,128,64,8,32,256,0.8,0.6,0.5,0.5,1.3,1,3618,28.265625,46.599999999999994,211,32,1x,556,556,1.0,0,48,gpu,static_chunked_fixed,fixed,identity,0,0.01759220063686371,0.0,0.0,0.22051302948966622,0.157833012053743,0.11208099871873856,0.06268001743592322,0.034279998391866684,0.01759220063686371,0.23810523012652993,0.9952194347143967,1.249767146406385,3.814697265625e-06
fp16,128,64,8,32,256,0.8,0.6,0.5,0.5,1.3,1,3618,28.265625,46.599999999999994,211,32,1.25x,556,695,1.25,0,48,gpu,static_chunked_fixed,fixed,identity,0,0.017656099796295167,0.0,0.0,0.22292800713330507,0.157833012053743,0.11208099871873856,0.06509499507956207,0.036600999534130096,0.017656099796295167,0.24058410692960025,0.9916176378248343,1.2368900747327658,7.62939453125e-06
fp16,128,64,8,32,256,0.8,0.6,0.5,0.5,1.3,1,3618,28.265625,46.599999999999994,211,32,2x,556,1112,2.0,0,48,gpu,static_chunked_fixed,fixed,identity,0,0.017840099334716798,0.0,0.0,0.22106501273810863,0.157833012053743,0.11208099871873856,0.06323200068436563,0.035679999738931656,0.017840099334716798,0.23890511207282544,0.9813902739392837,1.2455827814557556,7.62939453125e-06
fp16,128,64,8,32,256,0.8,0.6,0.5,0.5,1.3,1,3618,28.265625,46.599999999999994,211,32,4x,556,2224,4.0,0,48,gpu,static_chunked_fixed,fixed,identity,0,0.017692099511623382,0.0,0.0,0.2216460125055164,0.157833012053743,0.11208099871873856,0.0638130004517734,0.036281000822782516,0.017692099511623382,0.23933811201713978,0.9895999037140422,1.2433293280861117,3.814697265625e-06
fp16,128,64,8,32,256,0.8,0.6,0.5,0.5,1.3,1,3618,28.265625,46.599999999999994,211,32,8x,556,4448,8.0,0,48,gpu,static_chunked_fixed,fixed,identity,0,0.019500100612640382,0.0,0.0,0.22143599926494062,0.157833012053743,0.11208099871873856,0.06360298721119761,0.03604000061750412,0.019500100612640382,0.240936099877581,0.8978466481271705,1.2350830537676445,3.814697265625e-06
fp16,128,64,8,32,256,0.8,0.6,0.5,0.5,1.3,1,3618,28.265625,46.599999999999994,211,32,max,556,8192,14.733812949640289,0,48,gpu,static_chunked_fixed,fixed,identity,0,0.022424100339412688,0.0,0.0,0.22224703570827842,0.157833012053743,0.11208099871873856,0.06441402365453541,0.03672099858522415,0.022424100339412688,0.2446711360476911,0.7807715675633793,1.2162288482678465,7.62939453125e-06
fp16,128,64,8,32,256,0.8,0.6,0.5,0.5,1.3,1,3618,28.265625,46.599999999999994,211,32,exact,556,556,1.0,0,48,gpu,persistent_chunked,gpu,identity,1,0.0407243013381958,0.0,0.0,0.2800679940264672,0.157833012053743,0.11208099871873856,0.1222349819727242,0.08423099666833878,0.0407243013381958,0.320792295364663,0.4299177493017099,0.9276285568560714,3.814697265625e-06
fp16,128,64,8,32,256,0.8,0.6,0.5,0.5,1.3,1,3618,28.265625,46.599999999999994,211,32,exact,556,556,1.0,0,48,gpu,static_chunked,gpu,bucket,0,0.01698009967803955,0.0,0.0,0.2561919973231852,0.157833012053743,0.11208099871873856,0.0983589852694422,0.07102999836206436,0.01698009967803955,0.27317209700122475,1.0310952412043297,1.08933561394572,3.814697265625e-06
fp16,128,64,8,32,256,0.8,0.6,0.5,0.5,1.3,1,3618,28.265625,46.599999999999994,211,32,1x,556,556,1.0,0,48,gpu,static_chunked_fixed,fixed,bucket,0,0.01710419952869415,0.0,0.0,0.21887998445890844,0.157833012053743,0.11208099871873856,0.061046972405165434,0.033080000430345535,0.01710419952869415,0.2359841839876026,1.0236141097296025,1.2610001609908827,3.814697265625e-06
fp16,128,64,8,32,256,0.8,0.6,0.5,0.5,1.3,1,3618,28.265625,46.599999999999994,211,32,1.25x,556,695,1.25,0,48,gpu,static_chunked_fixed,fixed,bucket,0,0.016976100206375123,0.0,0.0,0.21963100880384445,0.157833012053743,0.11208099871873856,0.06179799675010145,0.03384000062942505,0.016976100206375123,0.23660710901021959,1.031338161318513,1.2576802753074336,7.62939453125e-06
fp16,128,64,8,32,256,0.8,0.6,0.5,0.5,1.3,1,3618,28.265625,46.599999999999994,211,32,2x,556,1112,2.0,0,48,gpu,static_chunked_fixed,fixed,bucket,0,0.01707620024681091,0.0,0.0,0.21975202253088355,0.157833012053743,0.11208099871873856,0.061919010477140546,0.03420000150799751,0.01707620024681091,0.23682822277769447,1.0252924959972578,1.2565060469123108,3.814697265625e-06
fp16,128,64,8,32,256,0.8,0.6,0.5,0.5,1.3,1,3618,28.265625,46.599999999999994,211,32,4x,556,2224,4.0,0,48,gpu,static_chunked_fixed,fixed,bucket,0,0.017684100568294524,0.0,0.0,0.21988202934153378,0.157833012053743,0.11208099871873856,0.062049017287790775,0.03400000184774399,0.017684100568294524,0.2375661299098283,0.9900475235133914,1.2526031977395864,3.814697265625e-06
fp16,128,64,8,32,256,0.8,0.6,0.5,0.5,1.3,1,3618,28.265625,46.599999999999994,211,32,8x,556,4448,8.0,0,48,gpu,static_chunked_fixed,fixed,bucket,0,0.019964200258255006,0.0,0.0,0.25779500720091164,0.157833012053743,0.11208099871873856,0.09996199514716864,0.044759999960660934,0.019964200258255006,0.27775920745916666,0.8769747721781301,1.0713455612211003,3.814697265625e-06
fp16,128,64,8,32,256,0.8,0.6,0.5,0.5,1.3,1,3618,28.265625,46.599999999999994,211,32,max,556,8192,14.733812949640289,0,48,gpu,static_chunked_fixed,fixed,bucket,0,0.022376200556755065,0.0,0.0,0.21836900850757957,0.157833012053743,0.11208099871873856,0.06053599645383656,0.03320100158452988,0.022376200556755065,0.24074520906433464,0.782442932114152,1.2360623713186638,7.62939453125e-06
fp16,128,64,8,32,256,0.8,0.6,0.5,0.5,1.3,1,3618,28.265625,46.599999999999994,211,32,exact,556,556,1.0,0,48,gpu,persistent_chunked,gpu,bucket,1,0.040032300353050235,0.0,0.0,0.2561919973231852,0.157833012053743,0.11208099871873856,0.0983589852694422,0.07102999836206436,0.040032300353050235,0.2962242976762354,0.4373493358811626,1.004563421481755,3.814697265625e-06
fp16,128,64,8,32,256,0.8,0.6,0.5,0.5,1.3,2,3549,27.7265625,50.499999999999986,211,32,exact,546,546,1.0,0,48,gpu,static_chunked,gpu,identity,0,0.017520199716091155,0.0,0.0,0.2679550088942051,0.16033800784498453,0.11220099776983261,0.10761700104922056,0.0727199986577034,0.017520199716091155,0.28547520861029624,1.0,1.0,7.62939453125e-06
fp16,128,64,8,32,256,0.8,0.6,0.5,0.5,1.3,2,3549,27.7265625,50.499999999999986,211,32,1x,546,546,1.0,0,48,gpu,static_chunked_fixed,fixed,identity,0,0.017376099526882172,0.0,0.0,0.2222880139015615,0.16033800784498453,0.11220099776983261,0.06195000605657697,0.03384000062942505,0.017376099526882172,0.23966411342844368,1.0082930112702249,1.1911470788284302,7.62939453125e-06
fp16,128,64,8,32,256,0.8,0.6,0.5,0.5,1.3,2,3549,27.7265625,50.499999999999986,211,32,1.25x,546,683,1.250915750915751,0,48,gpu,static_chunked_fixed,fixed,identity,0,0.017512099444866182,0.0,0.0,0.22436102153733373,0.16033800784498453,0.11220099776983261,0.0640230136923492,0.03400000184774399,0.017512099444866182,0.2418731209821999,1.000462552833855,1.1802684293775045,7.62939453125e-06
fp16,128,64,8,32,256,0.8,0.6,0.5,0.5,1.3,2,3549,27.7265625,50.499999999999986,211,32,2x,546,1092,2.0,0,48,gpu,static_chunked_fixed,fixed,identity,0,0.017420099675655366,0.0,0.0,0.22262701531872153,0.16033800784498453,0.11220099776983261,0.062289007473737,0.033959999680519104,0.017420099675655366,0.2400471149943769,1.0057462380984925,1.1892465719364447,7.62939453125e-06
fp16,128,64,8,32,256,0.8,0.6,0.5,0.5,1.3,2,3549,27.7265625,50.499999999999986,211,32,4x,546,2184,4.0,0,48,gpu,static_chunked_fixed,fixed,identity,0,0.01756809949874878,0.0,0.0,0.22194601478986442,0.16033800784498453,0.11220099776983261,0.06160800694487989,0.03376000002026558,0.01756809949874878,0.2395141142886132,0.9972734795439293,1.1918930517234578,7.62939453125e-06
fp16,128,64,8,32,256,0.8,0.6,0.5,0.5,1.3,2,3549,27.7265625,50.499999999999986,211,32,8x,546,4368,8.0,0,48,gpu,static_chunked_fixed,fixed,identity,0,0.019364100694656373,0.0,0.0,0.22244700812734663,0.16033800784498453,0.11220099776983261,0.0621090002823621,0.03440000116825104,0.019364100694656373,0.24181110882200302,0.9047773502296416,1.1805711077584709,7.62939453125e-06
fp16,128,64,8,32,256,0.8,0.6,0.5,0.5,1.3,2,3549,27.7265625,50.499999999999986,211,32,max,546,8192,15.003663003663004,0,48,gpu,static_chunked_fixed,fixed,identity,0,0.022040100395679475,0.0,0.0,0.24631302221678197,0.16033800784498453,0.11220099776983261,0.08597501437179744,0.03460000082850456,0.022040100395679475,0.26835312261246147,0.7949237708338952,1.063804310645423,7.62939453125e-06
fp16,128,64,8,32,256,0.8,0.6,0.5,0.5,1.3,2,3549,27.7265625,50.499999999999986,211,32,exact,546,546,1.0,0,48,gpu,persistent_chunked,gpu,identity,1,0.03910030126571655,0.0,0.0,0.2679550088942051,0.16033800784498453,0.11220099776983261,0.10761700104922056,0.0727199986577034,0.03910030126571655,0.30705531015992166,0.44808349677481907,0.9297191716424446,0.0
fp16,128,64,8,32,256,0.8,0.6,0.5,0.5,1.3,2,3549,27.7265625,50.499999999999986,211,32,exact,546,546,1.0,0,48,gpu,static_chunked,gpu,bucket,0,0.016576099395751952,0.0,0.0,0.2581160224508494,0.16033800784498453,0.11220099776983261,0.09777801460586488,0.06920000165700912,0.016576099395751952,0.27469212184660136,1.0569555175677308,1.0392551729958843,7.62939453125e-06
fp16,128,64,8,32,256,0.8,0.6,0.5,0.5,1.3,2,3549,27.7265625,50.499999999999986,211,32,1x,546,546,1.0,0,48,gpu,static_chunked_fixed,fixed,bucket,0,0.01679220050573349,0.0,0.0,0.22182700922712684,0.16033800784498453,0.11220099776983261,0.061489001382142305,0.03320100158452988,0.01679220050573349,0.23861920973286033,1.043353413396243,1.1963630628476738,7.62939453125e-06
fp16,128,64,8,32,256,0.8,0.6,0.5,0.5,1.3,2,3549,27.7265625,50.499999999999986,211,32,1.25x,546,683,1.250915750915751,0,48,gpu,static_chunked_fixed,fixed,bucket,0,0.016776099801063538,0.0,0.0,0.22516300668939948,0.16033800784498453,0.11220099776983261,0.06482499884441495,0.03691999986767769,0.016776099801063538,0.24193910649046302,1.0443547620633757,1.1799465276670738,7.62939453125e-06
fp16,128,64,8,32,256,0.8,0.6,0.5,0.5,1.3,2,3549,27.7265625,50.499999999999986,211,32,2x,546,1092,2.0,0,48,gpu,static_chunked_fixed,fixed,bucket,0,0.016912099719047547,0.0,0.0,0.22321901633404195,0.16033800784498453,0.11220099776983261,0.06288100848905742,0.035360999405384064,0.016912099719047547,0.2401311160530895,1.0359565049370378,1.188830557665762,0.0
fp16,128,64,8,32,256,0.8,0.6,0.5,0.5,1.3,2,3549,27.7265625,50.499999999999986,211,32,4x,546,2184,4.0,0,48,gpu,static_chunked_fixed,fixed,bucket,0,0.017608100175857545,0.0,0.0,0.22359000286087394,0.16033800784498453,0.11220099776983261,0.0632519950158894,0.035999998450279236,0.017608100175857545,0.24119810303673148,0.995007953221046,1.183571533175872,0.0
fp16,128,64,8,32,256,0.8,0.6,0.5,0.5,1.3,2,3549,27.7265625,50.499999999999986,211,32,8x,546,4368,8.0,0,48,gpu,static_chunked_fixed,fixed,bucket,0,0.019216200709342955,0.0,0.0,0.22292902576737106,0.16033800784498453,0.11220099776983261,0.06259101792238653,0.035360001027584076,0.019216200709342955,0.24214522647671402,0.9117410866536588,1.1789421280941463,7.62939453125e-06
fp16,128,64,8,32,256,0.8,0.6,0.5,0.5,1.3,2,3549,27.7265625,50.499999999999986,211,32,max,546,8192,15.003663003663004,0,48,gpu,static_chunked_fixed,fixed,bucket,0,0.021928100287914275,0.0,0.0,0.22361002629622817,0.16033800784498453,0.11220099776983261,0.06327201845124364,0.03604000061750412,0.021928100287914275,0.24553812658414245,0.7989839286601337,1.1626512451721747,7.62939453125e-06
fp16,128,64,8,32,256,0.8,0.6,0.5,0.5,1.3,2,3549,27.7265625,50.499999999999986,211,32,exact,546,546,1.0,0,48,gpu,persistent_chunked,gpu,bucket,1,0.03932430148124695,0.0,0.0,0.2581160224508494,0.16033800784498453,0.11220099776983261,0.09777801460586488,0.06920000165700912,0.03932430148124695,0.29744032393209635,0.4455311106910881,0.959773055772587,0.0
fp16,128,64,8,32,256,0.95,0.6,0.5,0.5,1.3,0,2802,21.890625,43.39999999999998,236,32,exact,519,519,1.0,0,48,gpu,static_chunked,gpu,identity,0,0.017392100393772127,0.0,0.0,0.2657719887793064,0.15820498811081052,0.11316099762916565,0.1075670006684959,0.07334999740123749,0.017392100393772127,0.28316408917307856,1.0,1.0,0.0
fp16,128,64,8,32,256,0.95,0.6,0.5,0.5,1.3,0,2802,21.890625,43.39999999999998,236,32,1x,519,519,1.0,0,48,gpu,static_chunked_fixed,fixed,identity,0,0.017276099324226378,0.0,0.0,0.23278800654225051,0.15820498811081052,0.11316099762916565,0.07458301843144,0.04548100009560585,0.017276099324226378,0.25006410586647687,1.0067145405550593,1.1323659914801032,0.0
fp16,128,64,8,32,256,0.95,0.6,0.5,0.5,1.3,0,2802,21.890625,43.39999999999998,236,32,1.25x,519,649,1.2504816955684008,0,48,gpu,static_chunked_fixed,fixed,identity,0,0.017492200434207916,0.0,0.0,0.2346620021853596,0.15820498811081052,0.11316099762916565,0.07645701407454908,0.04715999960899353,0.017492200434207916,0.2521542026195675,0.9942774472078406,1.1229798521355465,0.0
fp16,128,64,8,32,256,0.95,0.6,0.5,0.5,1.3,0,2802,21.890625,43.39999999999998,236,32,2x,519,1038,2.0,0,48,gpu,static_chunked_fixed,fixed,identity,0,0.017440100014209748,0.0,0.0,0.22325999452732503,0.15820498811081052,0.11316099762916565,0.06505500641651452,0.036639999598264694,0.017440100014209748,0.2407000945415348,0.9972477439694433,1.1764186869657263,0.0
fp16,128,64,8,32,256,0.95,0.6,0.5,0.5,1.3,0,2802,21.890625,43.39999999999998,236,32,4x,519,2076,4.0,0,48,gpu,static_chunked_fixed,fixed,identity,0,0.017452199757099152,0.0,0.0,0.22174700279720128,0.15820498811081052,0.11316099762916565,0.06354201468639076,0.035440001636743546,0.017452199757099152,0.23919920255430044,0.9965563445202615,1.183800305976345,0.0
fp16,128,64,8,32,256,0.95,0.6,0.5,0.5,1.3,0,2802,21.890625,43.39999999999998,236,32,8x,519,4152,8.0,0,48,gpu,static_chunked_fixed,fixed,identity,0,0.019252100586891176,0.0,0.0,0.22146597621031106,0.15820498811081052,0.11316099762916565,0.06326098809950054,0.035999998450279236,0.019252100586891176,0.24071807679720222,0.9033871558729789,1.1763308054826138,0.0
fp16,128,64,8,32,256,0.95,0.6,0.5,0.5,1.3,0,2802,21.890625,43.39999999999998,236,32,max,519,8192,15.784200385356455,0,48,gpu,static_chunked_fixed,fixed,identity,0,0.022144199907779695,0.0,0.0,0.22116597392596304,0.15820498811081052,0.11316099762916565,0.06296098581515253,0.03531999886035919,0.022144199907779695,0.24331017383374273,0.7854020676385756,1.1637988034424265,0.0
fp16,128,64,8,32,256,0.95,0.6,0.5,0.5,1.3,0,2802,21.890625,43.39999999999998,236,32,exact,519,519,1.0,0,48,gpu,persistent_chunked,gpu,identity,1,0.03823220133781433,0.0,0.0,0.2657719887793064,0.15820498811081052,0.11316099762916565,0.1075670006684959,0.07334999740123749,0.03823220133781433,0.30400419011712077,0.45490711455764693,0.9314479812399515,0.0
fp16,128,64,8,32,256,0.95,0.6,0.5,0.5,1.3,0,2802,21.890625,43.39999999999998,236,32,exact,519,519,1.0,0,48,gpu,static_chunked,gpu,bucket,0,0.016360199451446532,0.0,0.0,0.25679401005618274,0.15820498811081052,0.11316099762916565,0.09858902194537222,0.07126999646425247,0.016360199451446532,0.27315420950762925,1.0630738607672876,1.0366455259228569,0.0
fp16,128,64,8,32,256,0.95,0.6,0.5,0.5,1.3,0,2802,21.890625,43.39999999999998,236,32,1x,519,519,1.0,0,48,gpu,static_chunked_fixed,fixed,bucket,0,0.016376100480556488,0.0,0.0,0.21899197599850595,0.15820498811081052,0.11316099762916565,0.06078698788769543,0.03332100063562393,0.016376100480556488,0.23536807647906244,1.0620416267243808,1.2030692242083556,0.0
fp16,128,64,8,32,256,0.95,0.6,0.5,0.5,1.3,0,2802,21.890625,43.39999999999998,236,32,1.25x,519,649,1.2504816955684008,0,48,gpu,static_chunked_fixed,fixed,bucket,0,0.01642809957265854,0.0,0.0,0.21944200852885842,0.15820498811081052,0.11316099762916565,0.061237020418047905,0.034279998391866684,0.01642809957265854,0.23587010810151696,1.058679996237543,1.200508582678084,0.0
fp16,128,64,8,32,256,0.95,0.6,0.5,0.5,1.3,0,2802,21.890625,43.39999999999998,236,32,2x,519,1038,2.0,0,48,gpu,static_chunked_fixed,fixed,bucket,0,0.01674409955739975,0.0,0.0,0.21997399744577706,0.15820498811081052,0.11316099762916565,0.06176900933496654,0.03384099900722504,0.01674409955739975,0.2367180970031768,1.0387002498492672,1.1962080329214477,0.0
fp16,128,64,8,32,256,0.95,0.6,0.5,0.5,1.3,0,2802,21.890625,43.39999999999998,236,32,4x,519,2076,4.0,0,48,gpu,static_chunked_fixed,fixed,bucket,0,0.017368100583553314,0.0,0.0,0.21908196504227817,0.15820498811081052,0.11316099762916565,0.06087697693146765,0.03384000062942505,0.017368100583553314,0.23645006562583148,1.001381832751564,1.1975640117654665,0.0
fp16,128,64,8,32,256,0.95,0.6,0.5,0.5,1.3,0,2802,21.890625,43.39999999999998,236,32,8x,519,4152,8.0,0,48,gpu,static_chunked_fixed,fixed,bucket,0,0.019276200234889983,0.0,0.0,0.21838097018189728,0.15820498811081052,0.11316099762916565,0.060175982071086764,0.03356099873781204,0.019276200234889983,0.23765717041678727,0.9022577158278513,1.1914813623190257,0.0
fp16,128,64,8,32,256,0.95,0.6,0.5,0.5,1.3,0,2802,21.890625,43.39999999999998,236,32,max,519,8192,15.784200385356455,0,48,gpu,static_chunked_fixed,fixed,bucket,0,0.022136199474334716,0.0,0.0,0.22064498625695705,0.15820498811081052,0.11316099762916565,0.062439998146146536,0.03539999946951866,0.022136199474334716,0.24278118573129176,0.7856859265266822,1.1663345671541545,0.0
fp16,128,64,8,32,256,0.95,0.6,0.5,0.5,1.3,0,2802,21.890625,43.39999999999998,236,32,exact,519,519,1.0,0,48,gpu,persistent_chunked,gpu,bucket,1,0.03760029971599579,0.0,0.0,0.25679401005618274,0.15820498811081052,0.11316099762916565,0.09858902194537222,0.07126999646425247,0.03760029971599579,0.2943943097721785,0.4625521744544297,0.9618531329366026,0.0
fp16,128,64,8,32,256,0.95,0.6,0.5,0.5,1.3,1,3521,27.5078125,48.89999999999999,245,32,exact,567,567,1.0,0,48,gpu,static_chunked,gpu,identity,0,0.017900100350379942,0.0,0.0,0.2717619645409286,0.15962697216309607,0.11287099868059158,0.11213499237783253,0.07328099757432938,0.017900100350379942,0.2896620648913085,1.0,1.0,1.52587890625e-05
fp16,128,64,8,32,256,0.95,0.6,0.5,0.5,1.3,1,3521,27.5078125,48.89999999999999,245,32,1x,567,567,1.0,0,48,gpu,static_chunked_fixed,fixed,identity,0,0.017724199593067168,0.0,0.0,0.2214959531556815,0.15962697216309607,0.11287099868059158,0.06186898099258542,0.033319998532533646,0.017724199593067168,0.23922015274874867,1.009924327267313,1.2108597940556398,1.52587890625e-05
fp16,128,64,8,32,256,0.95,0.6,0.5,0.5,1.3,1,3521,27.5078125,48.89999999999999,245,32,1.25x,567,709,1.2504409171075839,0,48,gpu,static_chunked_fixed,fixed,identity,0,0.017660099267959594,0.0,0.0,0.22236796212382615,0.15962697216309607,0.11287099868059158,0.06274098996073008,0.034040000289678574,0.017660099267959594,0.24002806139178573,1.0135900188769482,1.2067841701996156,3.814697265625e-06
fp16,128,64,8,32,256,0.95,0.6,0.5,0.5,1.3,1,3521,27.5078125,48.89999999999999,245,32,2x,567,1134,2.0,0,48,gpu,static_chunked_fixed,fixed,identity,0,0.017708200216293334,0.0,0.0,0.22570398868992925,0.15962697216309607,0.11287099868059158,0.06607701652683318,0.03359999880194664,0.017708200216293334,0.24341218890622257,1.0108367949166308,1.1900064092636884,7.62939453125e-06
fp16,128,64,8,32,256,0.95,0.6,0.5,0.5,1.3,1,3521,27.5078125,48.89999999999999,245,32,4x,567,2268,4.0,0,48,gpu,static_chunked_fixed,fixed,identity,0,0.01770009994506836,0.0,0.0,0.22205797722563148,0.15962697216309607,0.11287099868059158,0.062431005062535405,0.03415999934077263,0.01770009994506836,0.23975807717069983,1.0112993941238906,1.2081430928605534,1.52587890625e-05
fp16,128,64,8,32,256,0.95,0.6,0.5,0.5,1.3,1,3521,27.5078125,48.89999999999999,245,32,8x,567,4536,8.0,0,48,gpu,static_chunked_fixed,fixed,identity,0,0.019504199922084808,0.0,0.0,0.2214159758295864,0.15962697216309607,0.11287099868059158,0.061789003666490316,0.03400000184774399,0.019504199922084808,0.24092017575167118,0.9177561972235259,1.2023155137902528,7.62939453125e-06
fp16,128,64,8,32,256,0.95,0.6,0.5,0.5,1.3,1,3521,27.5078125,48.89999999999999,245,32,max,567,8192,14.447971781305114,0,48,gpu,static_chunked_fixed,fixed,identity,0,0.021884199976921082,0.0,0.0,0.22283795988187194,0.15962697216309607,0.11287099868059158,0.06321098771877587,0.03491999953985214,0.021884199976921082,0.24472215985879303,0.8179462977516774,1.1836364351248216,7.62939453125e-06
fp16,128,64,8,32,256,0.95,0.6,0.5,0.5,1.3,1,3521,27.5078125,48.89999999999999,245,32,exact,567,567,1.0,0,48,gpu,persistent_chunked,gpu,identity,1,0.040976300835609436,0.0,0.0,0.2717619645409286,0.15962697216309607,0.11287099868059158,0.11213499237783253,0.07328099757432938,0.040976300835609436,0.31273826537653804,0.43684031953475666,0.9262124177306998,7.62939453125e-06
fp16,128,64,8,32,256,0.95,0.6,0.5,0.5,1.3,1,3521,27.5078125,48.89999999999999,245,32,exact,567,567,1.0,0,48,gpu,static_chunked,gpu,bucket,0,0.01684810072183609,0.0,0.0,0.2572549565229565,0.15962697216309607,0.11287099868059158,0.09762798435986042,0.07044100016355515,0.01684810072183609,0.27410305724479256,1.0624402504420218,1.0567633495332405,1.9073486328125e-06
fp16,128,64,8,32,256,0.95,0.6,0.5,0.5,1.3,1,3521,27.5078125,48.89999999999999,245,32,1x,567,567,1.0,0,48,gpu,static_chunked_fixed,fixed,bucket,0,0.017056100070476532,0.0,0.0,0.2204839838668704,0.15962697216309607,0.11287099868059158,0.06085701170377433,0.033160001039505005,0.017056100070476532,0.23754008393734694,1.0494837786138662,1.219423939278009,7.62939453125e-06
fp16,128,64,8,32,256,0.95,0.6,0.5,0.5,1.3,1,3521,27.5078125,48.89999999999999,245,32,1.25x,567,709,1.2504409171075839,0,48,gpu,static_chunked_fixed,fixed,bucket,0,0.01700810045003891,0.0,0.0,0.22327995975501835,0.15962697216309607,0.11287099868059158,0.06365298759192228,0.03600100055336952,0.01700810045003891,0.24028806020505727,1.0524455922024492,1.2054783939081968,1.52587890625e-05
fp16,128,64,8,32,256,0.95,0.6,0.5,0.5,1.3,1,3521,27.5078125,48.89999999999999,245,32,2x,567,1134,2.0,0,48,gpu,static_chunked_fixed,fixed,bucket,0,0.017184199392795564,0.0,0.0,0.22217698278836906,0.15962697216309607,0.11287099868059158,0.06255001062527299,0.035360001027584076,0.017184199392795564,0.23936118218116462,1.0416604196227215,1.2101463664733776,7.62939453125e-06
fp16,128,64,8,32,256,0.95,0.6,0.5,0.5,1.3,1,3521,27.5078125,48.89999999999999,245,32,4x,567,2268,4.0,0,48,gpu,static_chunked_fixed,fixed,bucket,0,0.01785210072994232,0.0,0.0,0.22775796242058277,0.15962697216309607,0.11287099868059158,0.0681309902574867,0.03672099858522415,0.01785210072994232,0.24561006315052508,1.0026887379341924,1.1793574789880887,3.814697265625e-06
fp16,128,64,8,32,256,0.95,0.6,0.5,0.5,1.3,1,3521,27.5078125,48.89999999999999,245,32,8x,567,4536,8.0,0,48,gpu,static_chunked_fixed,fixed,bucket,0,0.019728200137615205,0.0,0.0,0.22302896832115948,0.15962697216309607,0.11287099868059158,0.06340199615806341,0.035280000418424606,0.019728200137615205,0.24275716845877468,0.9073357034862153,1.1932173485558648,3.814697265625e-06
fp16,128,64,8,32,256,0.95,0.6,0.5,0.5,1.3,1,3521,27.5078125,48.89999999999999,245,32,max,567,8192,14.447971781305114,0,48,gpu,static_chunked_fixed,fixed,bucket,0,0.022148199379444122,0.0,0.0,0.22311898646876216,0.15962697216309607,0.11287099868059158,0.06349201430566609,0.036079999059438705,0.022148199379444122,0.24526718584820628,0.8081966413483316,1.181006190818277,3.814697265625e-06
fp16,128,64,8,32,256,0.95,0.6,0.5,0.5,1.3,1,3521,27.5078125,48.89999999999999,245,32,exact,567,567,1.0,0,48,gpu,persistent_chunked,gpu,bucket,1,0.04010829925537109,0.0,0.0,0.2572549565229565,0.15962697216309607,0.11287099868059158,0.09762798435986042,0.07044100016355515,0.04010829925537109,0.29736325577832756,0.44629417558718487,0.9741017400860046,3.814697265625e-06
fp16,128,64,8,32,256,0.95,0.6,0.5,0.5,1.3,2,3447,26.9296875,54.499999999999986,245,32,exact,550,550,1.0,0,48,gpu,static_chunked,gpu,identity,0,0.017512099444866182,0.0,0.0,0.2656010037753731,0.1570919994264841,0.11188100278377533,0.108509004348889,0.07430099695920944,0.017512099444866182,0.2831131032202393,1.0,1.0,7.62939453125e-06
fp16,128,64,8,32,256,0.95,0.6,0.5,0.5,1.3,2,3447,26.9296875,54.499999999999986,245,32,1x,550,550,1.0,0,48,gpu,static_chunked_fixed,fixed,identity,0,0.01751610040664673,0.0,0.0,0.21948199719190598,0.1570919994264841,0.11188100278377533,0.06238999776542187,0.033720001578330994,0.01751610040664673,0.2369980975985527,0.9997715837607879,1.1945796446847436,7.62939453125e-06
fp16,128,64,8,32,256,0.95,0.6,0.5,0.5,1.3,2,3447,26.9296875,54.499999999999986,245,32,1.25x,550,688,1.250909090909091,0,48,gpu,static_chunked_fixed,fixed,identity,0,0.017484100162982942,0.0,0.0,0.219370995182544,0.1570919994264841,0.11188100278377533,0.062278995756059885,0.03392000123858452,0.017484100162982942,0.23685509534552693,1.0016014139488012,1.1953008771343114,7.62939453125e-06
fp16,128,64,8,32,256,0.95,0.6,0.5,0.5,1.3,2,3447,26.9296875,54.499999999999986,245,32,2x,550,1100,2.0,0,48,gpu,static_chunked_fixed,fixed,identity,0,0.017424200475215913,0.0,0.0,0.21878001280128956,0.1570919994264841,0.11188100278377533,0.06168801337480545,0.03336000069975853,0.017424200475215913,0.23620421327650548,1.0050446486640978,1.1985946367892317,3.814697265625e-06
fp16,128,64,8,32,256,0.95,0.6,0.5,0.5,1.3,2,3447,26.9296875,54.499999999999986,245,32,4x,550,2200,4.0,0,48,gpu,static_chunked_fixed,fixed,identity,0,0.017652100324630736,0.0,0.0,0.21910099894739687,0.1570919994264841,0.11188100278377533,0.062008999520912766,0.033959999680519104,0.017652100324630736,0.23675309927202762,0.992068882615107,1.1958158270821384,0.0
fp16,128,64,8,32,256,0.95,0.6,0.5,0.5,1.3,2,3447,26.9296875,54.499999999999986,245,32,8x,550,4400,8.0,0,48,gpu,static_chunked_fixed,fixed,identity,0,0.019776199758052827,0.0,0.0,0.21906098118051887,0.1570919994264841,0.11188100278377533,0.06196898175403476,0.03415999934077263,0.019776199758052827,0.2388371809385717,0.8855138833099262,1.1853811961256369,7.62939453125e-06
fp16,128,64,8,32,256,0.95,0.6,0.5,0.5,1.3,2,3447,26.9296875,54.499999999999986,245,32,max,550,8192,14.894545454545455,0,48,gpu,static_chunked_fixed,fixed,identity,0,0.022304199635982513,0.0,0.0,0.2201430033892393,0.1570919994264841,0.11188100278377533,0.0630510039627552,0.03471999987959862,0.022304199635982513,0.24244720302522182,0.7851480766256494,1.1677309520901629,3.814697265625e-06
fp16,128,64,8,32,256,0.95,0.6,0.5,0.5,1.3,2,3447,26.9296875,54.499999999999986,245,32,exact,550,550,1.0,0,48,gpu,persistent_chunked,gpu,identity,1,0.039520299434661864,0.0,0.0,0.2656010037753731,0.1570919994264841,0.11188100278377533,0.108509004348889,0.07430099695920944,0.039520299434661864,0.30512130321003494,0.44311656782405184,0.9278706542012704,7.62939453125e-06
fp16,128,64,8,32,256,0.95,0.6,0.5,0.5,1.3,2,3447,26.9296875,54.499999999999986,245,32,exact,550,550,1.0,0,48,gpu,static_chunked,gpu,bucket,0,0.016908100247383116,0.0,0.0,0.2425459970254451,0.1570919994264841,0.11188100278377533,0.085453997598961,0.058750998228788376,0.016908100247383116,0.2594540972728282,1.0357224755381107,1.0911876366420705,3.814697265625e-06
fp16,128,64,8,32,256,0.95,0.6,0.5,0.5,1.3,2,3447,26.9296875,54.499999999999986,245,32,1x,550,550,1.0,0,48,gpu,static_chunked_fixed,fixed,bucket,0,0.017024099826812744,0.0,0.0,0.21994198323227465,0.1570919994264841,0.11188100278377533,0.06284998380579054,0.03452000021934509,0.017024099826812744,0.2369660830590874,1.0286652230084345,1.194741034520308,3.814697265625e-06
fp16,128,64,8,32,256,0.95,0.6,0.5,0.5,1.3,2,3447,26.9296875,54.499999999999986,245,32,1.25x,550,688,1.250909090909091,0,48,gpu,static_chunked_fixed,fixed,bucket,0,0.017020100355148317,0.0,0.0,0.23582400172017515,0.1570919994264841,0.11188100278377533,0.07873200229369104,0.04785099998116493,0.017020100355148317,0.2528441020753235,1.0289069441102938,1.1197140882325132,3.814697265625e-06
fp16,128,64,8,32,256,0.95,0.6,0.5,0.5,1.3,2,3447,26.9296875,54.499999999999986,245,32,2x,550,1100,2.0,0,48,gpu,static_chunked_fixed,fixed,bucket,0,0.017152099311351775,0.0,0.0,0.2207240031566471,0.1570919994264841,0.11188100278377533,0.06363200373016298,0.03579999879002571,0.017152099311351775,0.23787610246799887,1.0209886922282538,1.1901704302487726,3.814697265625e-06
fp16,128,64,8,32,256,0.95,0.6,0.5,0.5,1.3,2,3447,26.9296875,54.499999999999986,245,32,4x,550,2200,4.0,0,48,gpu,static_chunked_fixed,fixed,bucket,0,0.017844100296497346,0.0,0.0,0.21962201572023332,0.1570919994264841,0.11188100278377533,0.06253001629374921,0.03519999980926514,0.017844100296497346,0.23746611601673068,0.9813943630603593,1.1922252655207979,7.62939453125e-06
fp16,128,64,8,32,256,0.95,0.6,0.5,0.5,1.3,2,3447,26.9296875,54.499999999999986,245,32,8x,550,4400,8.0,0,48,gpu,static_chunked_fixed,fixed,bucket,0,0.019780200719833375,0.0,0.0,0.22004300262778997,0.1570919994264841,0.11188100278377533,0.06295100320130587,0.03587999939918518,0.019780200719833375,0.23982320334762336,0.8853347694953877,1.1805075541830174,0.0
fp16,128,64,8,32,256,0.95,0.6,0.5,0.5,1.3,2,3447,26.9296875,54.499999999999986,245,32,max,550,8192,14.894545454545455,0,48,gpu,static_chunked_fixed,fixed,bucket,0,0.0224481001496315,0.0,0.0,0.21990301320329309,0.1570919994264841,0.11188100278377533,0.06281101377680898,0.035760000348091125,0.0224481001496315,0.24235111335292459,0.7801149909407212,1.168193945154091,7.62939453125e-06
fp16,128,64,8,32,256,0.95,0.6,0.5,0.5,1.3,2,3447,26.9296875,54.499999999999986,245,32,exact,550,550,1.0,0,48,gpu,persistent_chunked,gpu,bucket,1,0.03972429931163788,0.0,0.0,0.2425459970254451,0.1570919994264841,0.11188100278377533,0.085453997598961,0.058750998228788376,0.03972429931163788,0.282270296337083,0.4408409902332935,1.0029858149939723,0.0
fp16,256,64,8,32,256,0.8,0.6,0.5,0.5,1.3,0,6669,26.05078125,46.0,211,32,exact,1060,1060,1.0,0,48,gpu,static_chunked,gpu,identity,0,0.02030410021543503,0.0,0.0,0.34087500534951687,0.1601779949851334,0.11221099644899368,0.18069701036438346,0.1331000030040741,0.02030410021543503,0.3611791055649519,1.0,1.0,3.814697265625e-06
fp16,256,64,8,32,256,0.8,0.6,0.5,0.5,1.3,0,6669,26.05078125,46.0,211,32,1x,1060,1060,1.0,0,48,gpu,static_chunked_fixed,fixed,identity,0,0.020236100256443023,0.0,0.0,0.2336599864065647,0.1601779949851334,0.11221099644899368,0.0734819914214313,0.04364100098609924,0.020236100256443023,0.2538960866630077,1.0033603292200708,1.4225469573477092,7.62939453125e-06
fp16,256,64,8,32,256,0.8,0.6,0.5,0.5,1.3,0,6669,26.05078125,46.0,211,32,1.25x,1060,1325,1.25,0,48,gpu,static_chunked_fixed,fixed,identity,0,0.02027609944343567,0.0,0.0,0.2319759805686772,0.1601779949851334,0.11221099644899368,0.07179798558354378,0.0430000014603138,0.02027609944343567,0.25225208001211286,1.0013809742883475,1.431818146148125,3.814697265625e-06
fp16,256,64,8,32,256,0.8,0.6,0.5,0.5,1.3,0,6669,26.05078125,46.0,211,32,2x,1060,2120,2.0,0,48,gpu,static_chunked_fixed,fixed,identity,0,0.02027219980955124,0.0,0.0,0.23267700453288853,0.1601779949851334,0.11221099644899368,0.07249900954775512,0.04368000105023384,0.02027219980955124,0.2529492043424398,1.001573603564659,1.4278720761500863,7.62939453125e-06
fp16,256,64,8,32,256,0.8,0.6,0.5,0.5,1.3,0,6669,26.05078125,46.0,211,32,4x,1060,4240,4.0,0,48,gpu,static_chunked_fixed,fixed,identity,0,0.022852200269699096,0.0,0.0,0.23194600362330675,0.1601779949851334,0.11221099644899368,0.07176800863817334,0.04315999895334244,0.022852200269699096,0.25479820389300584,0.8884965113121854,1.41751040645725,7.62939453125e-06
fp16,256,64,8,32,256,0.8,0.6,0.5,0.5,1.3,0,6669,26.05078125,46.0,211,32,8x,1060,8480,8.0,0,48,gpu,static_chunked_fixed,fixed,identity,0,0.024692200124263763,0.0,0.0,0.22914999863132834,0.1601779949851334,0.11221099644899368,0.06897200364619493,0.04131999984383583,0.024692200124263763,0.2538421987555921,0.8222880145655076,1.4228489484236915,7.62939453125e-06
fp16,256,64,8,32,256,0.8,0.6,0.5,0.5,1.3,0,6669,26.05078125,46.0,211,32,max,1060,16384,15.456603773584906,0,48,gpu,static_chunked_fixed,fixed,identity,0,0.030048200488090517,0.0,0.0,0.23033301113173366,0.1601779949851334,0.11221099644899368,0.07015501614660025,0.04244000092148781,0.030048200488090517,0.2603812116198242,0.675717676453952,1.3871166176624914,7.62939453125e-06
fp16,256,64,8,32,256,0.8,0.6,0.5,0.5,1.3,0,6669,26.05078125,46.0,211,32,exact,1060,1060,1.0,0,48,gpu,persistent_chunked,gpu,identity,1,0.05670440196990967,0.0,0.0,0.34087500534951687,0.1601779949851334,0.11221099644899368,0.18069701036438346,0.1331000030040741,0.05670440196990967,0.39757940731942654,0.3580692064473134,0.9084452034377385,7.62939453125e-06
fp16,256,64,8,32,256,0.8,0.6,0.5,0.5,1.3,0,6669,26.05078125,46.0,211,32,exact,1060,1060,1.0,0,48,gpu,static_chunked,gpu,bucket,0,0.019272199273109435,0.0,0.0,0.26527998852543533,0.1601779949851334,0.11221099644899368,0.10510199354030192,0.07807999849319458,0.019272199273109435,0.28455218779854474,1.0535434969150308,1.26928950488568,7.62939453125e-06
fp16,256,64,8,32,256,0.8,0.6,0.5,0.5,1.3,0,6669,26.05078125,46.0,211,32,1x,1060,1060,1.0,0,48,gpu,static_chunked_fixed,fixed,bucket,0,0.019460099935531616,0.0,0.0,0.23057297221384943,0.1601779949851334,0.11221099644899368,0.07039497722871602,0.04227999970316887,0.019460099935531616,0.25003307214938103,1.0433708091273663,1.4445253280300745,7.62939453125e-06
fp16,256,64,8,32,256,0.8,0.6,0.5,0.5,1.3,0,6669,26.05078125,46.0,211,32,1.25x,1060,1325,1.25,0,48,gpu,static_chunked_fixed,fixed,bucket,0,0.019652199745178223,0.0,0.0,0.23180601419880986,0.1601779949851334,0.11221099644899368,0.07162801921367645,0.044039998203516006,0.019652199745178223,0.2514582139439881,1.0331718829805174,1.4363384671355535,7.62939453125e-06
fp16,256,64,8,32,256,0.8,0.6,0.5,0.5,1.3,0,6669,26.05078125,46.0,211,32,2x,1060,2120,2.0,0,48,gpu,static_chunked_fixed,fixed,bucket,0,0.020208099484443666,0.0,0.0,0.23302799672819674,0.1601779949851334,0.11221099644899368,0.07285000174306333,0.04487999901175499,0.020208099484443666,0.2532360962126404,1.0047506066102487,1.4262544359461005,7.62939453125e-06
fp16,256,64,8,32,256,0.8,0.6,0.5,0.5,1.3,0,6669,26.05078125,46.0,211,32,4x,1060,4240,4.0,0,48,gpu,static_chunked_fixed,fixed,bucket,0,0.021768100559711456,0.0,0.0,0.242426001932472,0.1601779949851334,0.11221099644899368,0.08224800694733858,0.05448099970817566,0.021768100559711456,0.26419410249218345,0.9327456090961832,1.3670975322987684,7.62939453125e-06
fp16,256,64,8,32,256,0.8,0.6,0.5,0.5,1.3,0,6669,26.05078125,46.0,211,32,8x,1060,8480,8.0,0,48,gpu,static_chunked_fixed,fixed,bucket,0,0.024632099270820617,0.0,0.0,0.230542995268479,0.1601779949851334,0.11221099644899368,0.07036500028334558,0.04287999868392944,0.024632099270820617,0.2551750945392996,0.8242943482891623,1.415416760076194,7.62939453125e-06
fp16,256,64,8,32,256,0.8,0.6,0.5,0.5,1.3,0,6669,26.05078125,46.0,211,32,max,1060,16384,15.456603773584906,0,48,gpu,static_chunked_fixed,fixed,bucket,0,0.030032199621200562,0.0,0.0,0.2297419705428183,0.1601779949851334,0.11221099644899368,0.0695639755576849,0.04264099895954132,0.030032199621200562,0.2597741701640189,0.6760776923279973,1.3903580380486134,3.814697265625e-06
fp16,256,64,8,32,256,0.8,0.6,0.5,0.5,1.3,0,6669,26.05078125,46.0,211,32,exact,1060,1060,1.0,0,48,gpu,persistent_chunked,gpu,bucket,1,0.05667240023612976,0.0,0.0,0.26527998852543533,0.1601779949851334,0.11221099644899368,0.10510199354030192,0.07807999849319458,0.05667240023612976,0.32195238876156507,0.35827140073186403,1.1218401172741035,7.62939453125e-06
fp16,256,64,8,32,256,0.8,0.6,0.5,0.5,1.3,1,7317,28.58203125,49.0,211,32,exact,1081,1081,1.0,0,48,gpu,static_chunked,gpu,identity,0,0.019652099907398225,0.0,0.0,0.28085001395083964,0.1619820250198245,0.11685100197792053,0.11886798893101513,0.08115000277757645,0.019652099907398225,0.3005021138582379,1.0,1.0,7.62939453125e-06
fp16,256,64,8,32,256,0.8,0.6,0.5,0.5,1.3,1,7317,28.58203125,49.0,211,32,1x,1081,1081,1.0,0,48,gpu,static_chunked_fixed,fixed,identity,0,0.01987610012292862,0.0,0.0,0.23335902369581163,0.1619820250198245,0.11685100197792053,0.07137699867598712,0.04240100085735321,0.01987610012292862,0.25323512381874025,0.9887301727127047,1.1866525832859198,7.62939453125e-06
fp16,256,64,8,32,256,0.8,0.6,0.5,0.5,1.3,1,7317,28.58203125,49.0,211,32,1.25x,1081,1352,1.2506938020351526,0,48,gpu,static_chunked_fixed,fixed,identity,0,0.019912199676036836,0.0,0.0,0.23460201919078827,0.1619820250198245,0.11685100197792053,0.07261999417096376,0.0421999990940094,0.019912199676036836,0.2545142188668251,0.9869376677177647,1.1806889029468173,7.62939453125e-06
fp16,256,64,8,32,256,0.8,0.6,0.5,0.5,1.3,1,7317,28.58203125,49.0,211,32,2x,1081,2162,2.0,0,48,gpu,static_chunked_fixed,fixed,identity,0,0.02021619975566864,0.0,0.0,0.23168601910583675,0.1619820250198245,0.11685100197792053,0.06970399408601224,0.04163999855518341,0.02021619975566864,0.2519022188615054,0.9720966425397414,1.1929315875675255,3.814697265625e-06
fp16,256,64,8,32,256,0.8,0.6,0.5,0.5,1.3,1,7317,28.58203125,49.0,211,32,4x,1081,4324,4.0,0,48,gpu,static_chunked_fixed,fixed,identity,0,0.022220100462436675,0.0,0.0,0.231555022764951,0.1619820250198245,0.11685100197792053,0.06957299774512649,0.042080000042915344,0.022220100462436675,0.25377512322738766,0.8844289403920705,1.184127545823244,0.0
fp16,256,64,8,32,256,0.8,0.6,0.5,0.5,1.3,1,7317,28.58203125,49.0,211,32,8x,1081,8648,8.0,0,48,gpu,static_chunked_fixed,fixed,identity,0,0.025112101435661317,0.0,0.0,0.26318602613173425,0.1619820250198245,0.11685100197792053,0.10120400111190975,0.04280000180006027,0.025112101435661317,0.2882981275673956,0.78257488556854,1.042331132684826,7.62939453125e-06
fp16,256,64,8,32,256,0.8,0.6,0.5,0.5,1.3,1,7317,28.58203125,49.0,211,32,max,1081,16384,15.156336725254395,0,48,gpu,static_chunked_fixed,fixed,identity,0,0.03032819926738739,0.0,0.0,0.23030300508253276,0.1619820250198245,0.11685100197792053,0.06832098006270826,0.0405610017478466,0.03032819926738739,0.26063120434992015,0.6479810995086207,1.152978265237909,7.62939453125e-06
fp16,256,64,8,32,256,0.8,0.6,0.5,0.5,1.3,1,7317,28.58203125,49.0,211,32,exact,1081,1081,1.0,0,48,gpu,persistent_chunked,gpu,identity,1,0.05740039944648743,0.0,0.0,0.28085001395083964,0.1619820250198245,0.11685100197792053,0.11886798893101513,0.08115000277757645,0.05740039944648743,0.3382504133973271,0.3423686959830176,0.8884013203119192,3.814697265625e-06
fp16,256,64,8,32,256,0.8,0.6,0.5,0.5,1.3,1,7317,28.58203125,49.0,211,32,exact,1081,1081,1.0,0,48,gpu,static_chunked,gpu,bucket,0,0.01941609978675842,0.0,0.0,0.26582099962979555,0.1619820250198245,0.11685100197792053,0.10383897460997105,0.07801999896764755,0.01941609978675842,0.28523709941655395,1.0121548675187977,1.05351693195909,3.814697265625e-06
fp16,256,64,8,32,256,0.8,0.6,0.5,0.5,1.3,1,7317,28.58203125,49.0,211,32,1x,1081,1081,1.0,0,48,gpu,static_chunked_fixed,fixed,bucket,0,0.019564099609851837,0.0,0.0,0.23192702792584896,0.1619820250198245,0.11685100197792053,0.06994500290602446,0.041999999433755875,0.019564099609851837,0.2514911275357008,1.0044980499640308,1.1948815721762576,7.62939453125e-06
fp16,256,64,8,32,256,0.8,0.6,0.5,0.5,1.3,1,7317,28.58203125,49.0,211,32,1.25x,1081,1352,1.2506938020351526,0,48,gpu,static_chunked_fixed,fixed,bucket,0,0.01968419998884201,0.0,0.0,0.23151602363213897,0.1619820250198245,0.11685100197792053,0.06953399861231446,0.04160099849104881,0.01968419998884201,0.251200223620981,0.9983692463263947,1.1962653118957616,7.62939453125e-06
fp16,256,64,8,32,256,0.8,0.6,0.5,0.5,1.3,1,7317,28.58203125,49.0,211,32,2x,1081,2162,2.0,0,48,gpu,static_chunked_fixed,fixed,bucket,0,0.020128099620342253,0.0,0.0,0.23141602287068963,0.1619820250198245,0.11685100197792053,0.06943399785086513,0.041519999504089355,0.020128099620342253,0.25154412249103186,0.9763514826574604,1.1946298362385768,7.62939453125e-06
fp16,256,64,8,32,256,0.8,0.6,0.5,0.5,1.3,1,7317,28.58203125,49.0,211,32,4x,1081,4324,4.0,0,48,gpu,static_chunked_fixed,fixed,bucket,0,0.022188200056552886,0.0,0.0,0.2291410055477172,0.1619820250198245,0.11685100197792053,0.06715898052789271,0.03996099904179573,0.022188200056552886,0.2513292056042701,0.8857005010460203,1.1956513893231848,3.814697265625e-06
fp16,256,64,8,32,256,0.8,0.6,0.5,0.5,1.3,1,7317,28.58203125,49.0,211,32,8x,1081,8648,8.0,0,48,gpu,static_chunked_fixed,fixed,bucket,0,0.025144198536872865,0.0,0.0,0.22979301866143942,0.1619820250198245,0.11685100197792053,0.06781099364161491,0.03999999910593033,0.025144198536872865,0.2549372171983123,0.7815759121762932,1.1787298738123482,7.62939453125e-06
fp16,256,64,8,32,256,0.8,0.6,0.5,0.5,1.3,1,7317,28.58203125,49.0,211,32,max,1081,16384,15.156336725254395,0,48,gpu,static_chunked_fixed,fixed,bucket,0,0.030304300785064697,0.0,0.0,0.2306740207131952,0.1619820250198245,0.11685100197792053,0.0686919956933707,0.04036099836230278,0.030304300785064697,0.2609783214982599,0.6484921083242301,1.151444733543669,7.62939453125e-06
fp16,256,64,8,32,256,0.8,0.6,0.5,0.5,1.3,1,7317,28.58203125,49.0,211,32,exact,1081,1081,1.0,0,48,gpu,persistent_chunked,gpu,bucket,1,0.058164399862289426,0.0,0.0,0.26582099962979555,0.1619820250198245,0.11685100197792053,0.10383897460997105,0.07801999896764755,0.058164399862289426,0.323985399492085,0.3378716182738362,0.9275174570500335,0.0
fp16,256,64,8,32,256,0.8,0.6,0.5,0.5,1.3,2,7444,29.078125,51.5,211,32,exact,1090,1090,1.0,0,48,gpu,static_chunked,gpu,identity,0,0.02024810016155243,0.0,0.0,0.27911702636629343,0.16021801275201142,0.1130710020661354,0.11889901361428201,0.08048100024461746,0.02024810016155243,0.29936512652784586,1.0,1.0,1.52587890625e-05
fp16,256,64,8,32,256,0.8,0.6,0.5,0.5,1.3,2,7444,29.078125,51.5,211,32,1x,1090,1090,1.0,0,48,gpu,static_chunked_fixed,fixed,identity,0,0.02050819993019104,0.0,0.0,0.22986199473962188,0.16021801275201142,0.1130710020661354,0.06964398198761046,0.04055999964475632,0.02050819993019104,0.2503701946698129,0.9873172794529028,1.1956899539206223,1.52587890625e-05
fp16,256,64,8,32,256,0.8,0.6,0.5,0.5,1.3,2,7444,29.078125,51.5,211,32,1.25x,1090,1363,1.2504587155963303,0,48,gpu,static_chunked_fixed,fixed,identity,0,0.020468099415302275,0.0,0.0,0.23046400747261941,0.16021801275201142,0.1130710020661354,0.070245994720608,0.041919998824596405,0.020468099415302275,0.25093210688792167,0.989251603224803,1.1930124456395559,1.52587890625e-05
fp16,256,64,8,32,256,0.8,0.6,0.5,0.5,1.3,2,7444,29.078125,51.5,211,32,2x,1090,2180,2.0,0,48,gpu,static_chunked_fixed,fixed,identity,0,0.020496100187301636,0.0,0.0,0.2306640089955181,0.16021801275201142,0.1130710020661354,0.07044599624350667,0.04211999848484993,0.020496100187301636,0.2511601091828197,0.9879001359535287,1.1919294329894468,1.52587890625e-05
fp16,256,64,8,32,256,0.8,0.6,0.5,0.5,1.3,2,7444,29.078125,51.5,211,32,4x,1090,4360,4.0,0,48,gpu,static_chunked_fixed,fixed,identity,0,0.021800200641155242,0.0,0.0,0.22909001563675702,0.16021801275201142,0.1130710020661354,0.0688720028847456,0.0408799983561039,0.021800200641155242,0.25089021627791225,0.9288033855673467,1.193211640410233,1.52587890625e-05
fp16,256,64,8,32,256,0.8,0.6,0.5,0.5,1.3,2,7444,29.078125,51.5,211,32,8x,1090,8720,8.0,0,48,gpu,static_chunked_fixed,fixed,identity,0,0.024828200042247773,0.0,0.0,0.22947101388126612,0.16021801275201142,0.1130710020661354,0.0692530011292547,0.04100099951028824,0.024828200042247773,0.2542992139235139,0.8155283156692057,1.1772160908758709,1.52587890625e-05
fp16,256,64,8,32,256,0.8,0.6,0.5,0.5,1.3,2,7444,29.078125,51.5,211,32,max,1090,16384,15.03119266055046,0,48,gpu,static_chunked_fixed,fixed,identity,0,0.029944199323654174,0.0,0.0,0.22772702504880726,0.16021801275201142,0.1130710020661354,0.06750901229679585,0.03991999849677086,0.029944199323654174,0.2576712243724614,0.6761944088970049,1.161810470908914,1.52587890625e-05
fp16,256,64,8,32,256,0.8,0.6,0.5,0.5,1.3,2,7444,29.078125,51.5,211,32,exact,1090,1090,1.0,0,48,gpu,persistent_chunked,gpu,identity,1,0.05878840088844299,0.0,0.0,0.27911702636629343,0.16021801275201142,0.1130710020661354,0.11889901361428201,0.08048100024461746,0.05878840088844299,0.33790542725473643,0.3444233871912126,0.8859435285191906,1.52587890625e-05
fp16,256,64,8,32,256,0.8,0.6,0.5,0.5,1.3,2,7444,29.078125,51.5,211,32,exact,1090,1090,1.0,0,48,gpu,static_chunked,gpu,bucket,0,0.01955209970474243,0.0,0.0,0.2629950176924467,0.16021801275201142,0.1130710020661354,0.10277700494043529,0.07625100016593933,0.01955209970474243,0.28254711739718913,1.0355972231791137,1.0595228480318024,1.52587890625e-05
fp16,256,64,8,32,256,0.8,0.6,0.5,0.5,1.3,2,7444,29.078125,51.5,211,32,1x,1090,1090,1.0,0,48,gpu,static_chunked_fixed,fixed,bucket,0,0.01974419951438904,0.0,0.0,0.22942101350054145,0.16021801275201142,0.1130710020661354,0.06920300074853003,0.04095999896526337,0.01974419951438904,0.2491652130149305,1.0255214523534448,1.2014724002018182,1.52587890625e-05
fp16,256,64,8,32,256,0.8,0.6,0.5,0.5,1.3,2,7444,29.078125,51.5,211,32,1.25x,1090,1363,1.2504587155963303,0,48,gpu,static_chunked_fixed,fixed,bucket,0,0.019828100502490998,0.0,0.0,0.23091401089914143,0.16021801275201142,0.1130710020661354,0.07069599814713001,0.04323999956250191,0.019828100502490998,0.25074211140163244,1.0211820420724953,1.1939164301298009,7.62939453125e-06
fp16,256,64,8,32,256,0.8,0.6,0.5,0.5,1.3,2,7444,29.078125,51.5,211,32,2x,1090,2180,2.0,0,48,gpu,static_chunked_fixed,fixed,bucket,0,0.02038020044565201,0.0,0.0,0.230844016186893,0.16021801275201142,0.1130710020661354,0.07062600343488157,0.042360998690128326,0.02038020044565201,0.251224216632545,0.9935182048649692,1.1916252761799413,1.52587890625e-05
fp16,256,64,8,32,256,0.8,0.6,0.5,0.5,1.3,2,7444,29.078125,51.5,211,32,4x,1090,4360,4.0,0,48,gpu,static_chunked_fixed,fixed,bucket,0,0.021928200125694276,0.0,0.0,0.23209600476548076,0.16021801275201142,0.1130710020661354,0.07187799201346934,0.04323999956250191,0.021928200125694276,0.25402420489117505,0.9233817661955211,1.1784905562684274,7.62939453125e-06
fp16,256,64,8,32,256,0.8,0.6,0.5,0.5,1.3,2,7444,29.078125,51.5,211,32,8x,1090,8720,8.0,0,48,gpu,static_chunked_fixed,fixed,bucket,0,0.02486020028591156,0.0,0.0,0.22917002206668258,0.16021801275201142,0.1130710020661354,0.06895200931467116,0.04188099876046181,0.02486020028591156,0.25403022235259415,0.8144785612619203,1.1784626402142295,1.52587890625e-05
fp16,256,64,8,32,256,0.8,0.6,0.5,0.5,1.3,2,7444,29.078125,51.5,211,32,max,1090,16384,15.03119266055046,0,48,gpu,static_chunked_fixed,fixed,bucket,0,0.030180200934410095,0.0,0.0,0.23507201694883406,0.16021801275201142,0.1130710020661354,0.07485400419682264,0.04275999963283539,0.030180200934410095,0.26525221788324416,0.6709067380153345,1.1286055548067733,1.52587890625e-05
fp16,256,64,8,32,256,0.8,0.6,0.5,0.5,1.3,2,7444,29.078125,51.5,211,32,exact,1090,1090,1.0,0,48,gpu,persistent_chunked,gpu,bucket,1,0.058608400821685794,0.0,0.0,0.2629950176924467,0.16021801275201142,0.1130710020661354,0.10277700494043529,0.07625100016593933,0.058608400821685794,0.3216034185141325,0.3454811917348954,0.9308518171571942,7.62939453125e-06
fp16,256,64,8,32,256,0.95,0.6,0.5,0.5,1.3,0,6378,24.9140625,48.5,245,32,exact,1067,1067,1.0,0,48,gpu,static_chunked,gpu,identity,0,0.019856099784374238,0.0,0.0,0.28879602905362844,0.17161000869236887,0.11537099629640579,0.11718602036125958,0.07948999851942062,0.019856099784374238,0.3086521288380027,1.0,1.0,3.814697265625e-06
fp16,256,64,8,32,256,0.95,0.6,0.5,0.5,1.3,0,6378,24.9140625,48.5,245,32,1x,1067,1067,1.0,0,48,gpu,static_chunked_fixed,fixed,identity,0,0.01993210017681122,0.0,0.0,0.24224602384492755,0.17161000869236887,0.11537099629640579,0.07063601515255868,0.041919998824596405,0.01993210017681122,0.2621781240217388,0.9961870353970326,1.1772611845083247,5.7220458984375e-06
fp16,256,64,8,32,256,0.95,0.6,0.5,0.5,1.3,0,6378,24.9140625,48.5,245,32,1.25x,1067,1334,1.2502343017806936,0,48,gpu,static_chunked_fixed,fixed,identity,0,0.02005620002746582,0.0,0.0,0.24153399863280356,0.17161000869236887,0.11537099629640579,0.0699239899404347,0.041600000113248825,0.02005620002746582,0.2615901986602694,0.9900230231640312,1.1799070852759788,4.76837158203125e-07
fp16,256,64,8,32,256,0.95,0.6,0.5,0.5,1.3,0,6378,24.9140625,48.5,245,32,2x,1067,2134,2.0,0,48,gpu,static_chunked_fixed,fixed,identity,0,0.02011609971523285,0.0,0.0,0.23956102086231112,0.17161000869236887,0.11537099629640579,0.06795101216994226,0.039799999445676804,0.02011609971523285,0.259677120577544,0.9870750327081681,1.1885996276897022,3.814697265625e-06
fp16,256,64,8,32,256,0.95,0.6,0.5,0.5,1.3,0,6378,24.9140625,48.5,245,32,4x,1067,4268,4.0,0,48,gpu,static_chunked_fixed,fixed,identity,0,0.022036099433898927,0.0,0.0,0.24008098989725113,0.17161000869236887,0.11537099629640579,0.06847098120488226,0.04108100011944771,0.022036099433898927,0.2621170893311501,0.9010714370724286,1.17753531303738,3.814697265625e-06
fp16,256,64,8,32,256,0.95,0.6,0.5,0.5,1.3,0,6378,24.9140625,48.5,245,32,8x,1067,8536,8.0,0,48,gpu,static_chunked_fixed,fixed,identity,0,0.024896100163459778,0.0,0.0,0.2528660115785897,0.17161000869236887,0.11537099629640579,0.08125600288622081,0.052960000932216644,0.024896100163459778,0.27776211174204946,0.7975586398675085,1.1112103335556436,3.814697265625e-06
fp16,256,64,8,32,256,0.95,0.6,0.5,0.5,1.3,0,6378,24.9140625,48.5,245,32,max,1067,16384,15.355201499531397,0,48,gpu,static_chunked_fixed,fixed,identity,0,0.03028019964694977,0.0,0.0,0.241905014263466,0.17161000869236887,0.11537099629640579,0.07029500557109714,0.042681001126766205,0.03028019964694977,0.2721852139104158,0.6557453390626641,1.1339783098562777,3.814697265625e-06
fp16,256,64,8,32,256,0.95,0.6,0.5,0.5,1.3,0,6378,24.9140625,48.5,245,32,exact,1067,1067,1.0,0,48,gpu,persistent_chunked,gpu,identity,1,0.0571723997592926,0.0,0.0,0.28879602905362844,0.17161000869236887,0.11537099629640579,0.11718602036125958,0.07948999851942062,0.0571723997592926,0.34596842881292106,0.347302192456018,0.8921395801837838,3.814697265625e-06
fp16,256,64,8,32,256,0.95,0.6,0.5,0.5,1.3,0,6378,24.9140625,48.5,245,32,exact,1067,1067,1.0,0,48,gpu,static_chunked,gpu,bucket,0,0.01931609958410263,0.0,0.0,0.27597000007517636,0.17161000869236887,0.11537099629640579,0.1043599913828075,0.07789099961519241,0.01931609958410263,0.295286099659279,1.0279559648116556,1.045264674477215,4.76837158203125e-07
fp16,256,64,8,32,256,0.95,0.6,0.5,0.5,1.3,0,6378,24.9140625,48.5,245,32,1x,1067,1067,1.0,0,48,gpu,static_chunked_fixed,fixed,bucket,0,0.019540199637413026,0.0,0.0,0.2400220255367458,0.17161000869236887,0.11537099629640579,0.06841201684437692,0.04004000127315521,0.019540199637413026,0.25956222517415883,1.0161666796052773,1.1891257621593663,1.9073486328125e-06
fp16,256,64,8,32,256,0.95,0.6,0.5,0.5,1.3,0,6378,24.9140625,48.5,245,32,1.25x,1067,1334,1.2502343017806936,0,48,gpu,static_chunked_fixed,fixed,bucket,0,0.019724099338054656,0.0,0.0,0.23974099894985557,0.17161000869236887,0.11537099629640579,0.0681309902574867,0.040160998702049255,0.019724099338054656,0.2594650982879102,1.0066923434148858,1.1895708936371592,3.814697265625e-06
fp16,256,64,8,32,256,0.95,0.6,0.5,0.5,1.3,0,6378,24.9140625,48.5,245,32,2x,1067,2134,2.0,0,48,gpu,static_chunked_fixed,fixed,bucket,0,0.020292100310325623,0.0,0.0,0.24039199342951179,0.17161000869236887,0.11537099629640579,0.06878198473714292,0.04092000052332878,0.020292100310325623,0.2606840937398374,0.978513780274902,1.1840082929879003,1.9073486328125e-06
fp16,256,64,8,32,256,0.95,0.6,0.5,0.5,1.3,0,6378,24.9140625,48.5,245,32,4x,1067,4268,4.0,0,48,gpu,static_chunked_fixed,fixed,bucket,0,0.022196200489997864,0.0,0.0,0.23919998784549534,0.17161000869236887,0.11537099629640579,0.06758997915312648,0.040001001209020615,0.022196200489997864,0.2613961883354932,0.8945720144004767,1.1807828216754945,1.9073486328125e-06
fp16,256,64,8,32,256,0.95,0.6,0.5,0.5,1.3,0,6378,24.9140625,48.5,245,32,8x,1067,8536,8.0,0,48,gpu,static_chunked_fixed,fixed,bucket,0,0.024984200298786164,0.0,0.0,0.24070299696177244,0.17161000869236887,0.11537099629640579,0.06909298826940358,0.041839998215436935,0.024984200298786164,0.2656871972605586,0.7947462615138788,1.161712464960472,3.814697265625e-06
fp16,256,64,8,32,256,0.95,0.6,0.5,0.5,1.3,0,6378,24.9140625,48.5,245,32,max,1067,16384,15.355201499531397,0,48,gpu,static_chunked_fixed,fixed,bucket,0,0.032172301411628725,0.0,0.0,0.23971102200448513,0.17161000869236887,0.11537099629640579,0.06810101331211627,0.040720000863075256,0.032172301411628725,0.2718833234161139,0.6171799626742656,1.1352374428850667,1.9073486328125e-06
fp16,256,64,8,32,256,0.95,0.6,0.5,0.5,1.3,0,6378,24.9140625,48.5,245,32,exact,1067,1067,1.0,0,48,gpu,persistent_chunked,gpu,bucket,1,0.0572163999080658,0.0,0.0,0.27597000007517636,0.17161000869236887,0.11537099629640579,0.1043599913828075,0.07789099961519241,0.0572163999080658,0.3331863999832422,0.3470351125949664,0.9263647281327405,5.7220458984375e-06
fp16,256,64,8,32,256,0.95,0.6,0.5,0.5,1.3,1,7150,27.9296875,52.5,245,32,exact,1094,1094,1.0,0,48,gpu,static_chunked,gpu,identity,0,0.0201882004737854,0.0,0.0,0.2828340220730752,0.1596770016476512,0.11407999694347382,0.12315702042542398,0.08463100343942642,0.0201882004737854,0.30302222254686056,1.0,1.0,7.62939453125e-06
fp16,256,64,8,32,256,0.95,0.6,0.5,0.5,1.3,1,7150,27.9296875,52.5,245,32,1x,1094,1094,1.0,0,48,gpu,static_chunked_fixed,fixed,identity,0,0.019940100610256195,0.0,0.0,0.2295310259796679,0.1596770016476512,0.11407999694347382,0.0698540243320167,0.0406000018119812,0.019940100610256195,0.2494711265899241,1.012442257357598,1.2146584925034742,1.52587890625e-05
fp16,256,64,8,32,256,0.95,0.6,0.5,0.5,1.3,1,7150,27.9296875,52.5,245,32,1.25x,1094,1368,1.2504570383912248,0,48,gpu,static_chunked_fixed,fixed,identity,0,0.020056100189685823,0.0,0.0,0.22764800814911723,0.1596770016476512,0.11407999694347382,0.06797100650146604,0.04068100079894066,0.020056100189685823,0.24770410833880305,1.0065865389008932,1.2233233618087387,3.814697265625e-06
fp16,256,64,8,32,256,0.95,0.6,0.5,0.5,1.3,1,7150,27.9296875,52.5,245,32,2x,1094,2188,2.0,0,48,gpu,static_chunked_fixed,fixed,identity,0,0.020240199565887452,0.0,0.0,0.22842900943942368,0.1596770016476512,0.11407999694347382,0.06875200779177248,0.04044000059366226,0.020240199565887452,0.24866920900531114,0.9974309002274023,1.2185755677551078,3.814697265625e-06
fp16,256,64,8,32,256,0.95,0.6,0.5,0.5,1.3,1,7150,27.9296875,52.5,245,32,4x,1094,4376,4.0,0,48,gpu,static_chunked_fixed,fixed,identity,0,0.02188819944858551,0.0,0.0,0.2288190007675439,0.1596770016476512,0.11407999694347382,0.06914199911989272,0.04144100099802017,0.02188819944858551,0.2507072002161294,0.9223326259067888,1.208669804000968,3.814697265625e-06
fp16,256,64,8,32,256,0.95,0.6,0.5,0.5,1.3,1,7150,27.9296875,52.5,245,32,8x,1094,8752,8.0,0,48,gpu,static_chunked_fixed,fixed,identity,0,0.02501220107078552,0.0,0.0,0.22944097872823477,0.1596770016476512,0.11407999694347382,0.06976397708058357,0.041919998824596405,0.02501220107078552,0.25445317979902027,0.8071341029384815,1.1908761477699061,7.62939453125e-06
fp16,256,64,8,32,256,0.95,0.6,0.5,0.5,1.3,1,7150,27.9296875,52.5,245,32,max,1094,16384,14.976234003656307,0,48,gpu,static_chunked_fixed,fixed,identity,0,0.03016420006752014,0.0,0.0,0.229049997869879,0.1596770016476512,0.11407999694347382,0.06937299622222781,0.041120000183582306,0.03016420006752014,0.25921419793739914,0.6692768390541016,1.1690031833057277,3.814697265625e-06
fp16,256,64,8,32,256,0.95,0.6,0.5,0.5,1.3,1,7150,27.9296875,52.5,245,32,exact,1094,1094,1.0,0,48,gpu,persistent_chunked,gpu,identity,1,0.05852439999580383,0.0,0.0,0.2828340220730752,0.1596770016476512,0.11407999694347382,0.12315702042542398,0.08463100343942642,0.05852439999580383,0.341358422068879,0.34495356595254084,0.8876951701098413,3.814697265625e-06
fp16,256,64,8,32,256,0.95,0.6,0.5,0.5,1.3,1,7150,27.9296875,52.5,245,32,exact,1094,1094,1.0,0,48,gpu,static_chunked,gpu,bucket,0,0.019640199840068817,0.0,0.0,0.26228398201055825,0.1596770016476512,0.11407999694347382,0.10260698036290705,0.07591100037097931,0.019640199840068817,0.28192418185062706,1.0279019886853993,1.074835867422724,1.52587890625e-05
fp16,256,64,8,32,256,0.95,0.6,0.5,0.5,1.3,1,7150,27.9296875,52.5,245,32,1x,1094,1094,1.0,0,48,gpu,static_chunked_fixed,fixed,bucket,0,0.019780099391937256,0.0,0.0,0.22919097682461143,0.1596770016476512,0.11407999694347382,0.06951397517696023,0.04115999862551689,0.019780099391937256,0.24897107621654868,1.020631902487532,1.217098094893961,7.62939453125e-06
fp16,256,64,8,32,256,0.95,0.6,0.5,0.5,1.3,1,7150,27.9296875,52.5,245,32,1.25x,1094,1368,1.2504570383912248,0,48,gpu,static_chunked_fixed,fixed,bucket,0,0.01989219933748245,0.0,0.0,0.23029299336485565,0.1596770016476512,0.11407999694347382,0.07061599171720445,0.043320998549461365,0.01989219933748245,0.2501851927023381,1.014880261919817,1.2111916747502567,7.62939453125e-06
fp16,256,64,8,32,256,0.95,0.6,0.5,0.5,1.3,1,7150,27.9296875,52.5,245,32,2x,1094,2188,2.0,0,48,gpu,static_chunked_fixed,fixed,bucket,0,0.020436100661754608,0.0,0.0,0.22941100178286433,0.1596770016476512,0.11407999694347382,0.06973400013521314,0.04188000038266182,0.020436100661754608,0.24984710244461894,0.9878694966289169,1.212830645550626,7.62939453125e-06
fp16,256,64,8,32,256,0.95,0.6,0.5,0.5,1.3,1,7150,27.9296875,52.5,245,32,4x,1094,4376,4.0,0,48,gpu,static_chunked_fixed,fixed,bucket,0,0.022148099541664124,0.0,0.0,0.22981202346272767,0.1596770016476512,0.11407999694347382,0.07013502181507647,0.04295999929308891,0.022148099541664124,0.2519601230043918,0.9115093796561714,1.202659448382547,3.814697265625e-06
fp16,256,64,8,32,256,0.95,0.6,0.5,0.5,1.3,1,7150,27.9296875,52.5,245,32,8x,1094,8752,8.0,0,48,gpu,static_chunked_fixed,fixed,bucket,0,0.0265980988740921,0.0,0.0,0.24058300186879933,0.1596770016476512,0.11407999694347382,0.08090600022114813,0.04179999977350235,0.0265980988740921,0.2671811007428914,0.7590091520958189,1.1341454231018349,1.52587890625e-05
fp16,256,64,8,32,256,0.95,0.6,0.5,0.5,1.3,1,7150,27.9296875,52.5,245,32,max,1094,16384,14.976234003656307,0,48,gpu,static_chunked_fixed,fixed,bucket,0,0.030296200513839723,0.0,0.0,0.2304030058439821,0.1596770016476512,0.11407999694347382,0.0707260041963309,0.043800000101327896,0.030296200513839723,0.26069920635782184,0.6663608020604151,1.1623442463838896,1.52587890625e-05
fp16,256,64,8,32,256,0.95,0.6,0.5,0.5,1.3,1,7150,27.9296875,52.5,245,32,exact,1094,1094,1.0,0,48,gpu,persistent_chunked,gpu,bucket,1,0.05868840217590332,0.0,0.0,0.26228398201055825,0.1596770016476512,0.11407999694347382,0.10260698036290705,0.07591100037097931,0.05868840217590332,0.32097238418646157,0.3439896082581442,0.9440756821335343,1.52587890625e-05
fp16,256,64,8,32,256,0.95,0.6,0.5,0.5,1.3,2,7308,28.546875,55.5,245,32,exact,1108,1108,1.0,0,48,gpu,static_chunked,gpu,identity,0,0.020600099861621857,0.0,0.0,0.2776940236799419,0.16099002095870674,0.11264099925756454,0.11670400272123516,0.0791499987244606,0.020600099861621857,0.29829412354156376,1.0,1.0,1.52587890625e-05
fp16,256,64,8,32,256,0.95,0.6,0.5,0.5,1.3,2,7308,28.546875,55.5,245,32,1x,1108,1108,1.0,0,48,gpu,static_chunked_fixed,fixed,identity,0,0.020628100633621214,0.0,0.0,0.23077402147464454,0.16099002095870674,0.11264099925756454,0.0697840005159378,0.04068100079894066,0.020628100633621214,0.25140212210826574,0.998642590876558,1.1865218998155636,1.52587890625e-05
fp16,256,64,8,32,256,0.95,0.6,0.5,0.5,1.3,2,7308,28.546875,55.5,245,32,1.25x,1108,1385,1.25,0,48,gpu,static_chunked_fixed,fixed,identity,0,0.020732200145721434,0.0,0.0,0.2297830069437623,0.16099002095870674,0.11264099925756454,0.06879298598505557,0.04032000154256821,0.020732200145721434,0.2505152070894837,0.9936282554108548,1.1907226192261193,1.52587890625e-05
fp16,256,64,8,32,256,0.95,0.6,0.5,0.5,1.3,2,7308,28.546875,55.5,245,32,2x,1108,2216,2.0,0,48,gpu,static_chunked_fixed,fixed,identity,0,0.020628100633621214,0.0,0.0,0.22952101426199079,0.16099002095870674,0.11264099925756454,0.06853099330328405,0.04027999937534332,0.020628100633621214,0.250149114895612,0.998642590876558,1.1924652368490005,7.62939453125e-06
fp16,256,64,8,32,256,0.95,0.6,0.5,0.5,1.3,2,7308,28.546875,55.5,245,32,4x,1108,4432,4.0,0,48,gpu,static_chunked_fixed,fixed,identity,0,0.02167609930038452,0.0,0.0,0.22992302547208965,0.16099002095870674,0.11264099925756454,0.06893300451338291,0.04108000174164772,0.02167609930038452,0.25159912477247415,0.950360098288368,1.1855928505765543,1.52587890625e-05
fp16,256,64,8,32,256,0.95,0.6,0.5,0.5,1.3,2,7308,28.546875,55.5,245,32,8x,1108,8864,8.0,0,48,gpu,static_chunked_fixed,fixed,identity,0,0.02550809979438782,0.0,0.0,0.22918102331459522,0.16099002095870674,0.11264099925756454,0.06819100235588849,0.04024000093340874,0.02550809979438782,0.25468912310898306,0.8075905311517638,1.171208726545899,1.52587890625e-05
fp16,256,64,8,32,256,0.95,0.6,0.5,0.5,1.3,2,7308,28.546875,55.5,245,32,max,1108,16384,14.787003610108304,0,48,gpu,static_chunked_fixed,fixed,identity,0,0.03054420053958893,0.0,0.0,0.2450720057822764,0.16099002095870674,0.11264099925756454,0.08408198482356966,0.05569100007414818,0.03054420053958893,0.27561620632186534,0.6744357193085367,1.0822807828405239,1.52587890625e-05
fp16,256,64,8,32,256,0.95,0.6,0.5,0.5,1.3,2,7308,28.546875,55.5,245,32,exact,1108,1108,1.0,0,48,gpu,persistent_chunked,gpu,identity,1,0.05992839932441711,0.0,0.0,0.2776940236799419,0.16099002095870674,0.11264099925756454,0.11670400272123516,0.0791499987244606,0.05992839932441711,0.337622423004359,0.34374520417448545,0.8835139588394948,1.52587890625e-05
fp16,256,64,8,32,256,0.95,0.6,0.5,0.5,1.3,2,7308,28.546875,55.5,245,32,exact,1108,1108,1.0,0,48,gpu,static_chunked,gpu,bucket,0,0.02000019997358322,0.0,0.0,0.2645390050020069,0.16099002095870674,0.11264099925756454,0.10354898404330015,0.07698000222444534,0.02000019997358322,0.2845392049755901,1.029994694494605,1.048341031131909,7.62939453125e-06
fp16,256,64,8,32,256,0.95,0.6,0.5,0.5,1.3,2,7308,28.546875,55.5,245,32,1x,1108,1108,1.0,0,48,gpu,static_chunked_fixed,fixed,bucket,0,0.020164099335670472,0.0,0.0,0.23006301489658654,0.16099002095870674,0.11264099925756454,0.0690729939378798,0.04044000059366226,0.020164099335670472,0.250227114232257,1.0216226134722564,1.1920935285402032,7.62939453125e-06
fp16,256,64,8,32,256,0.95,0.6,0.5,0.5,1.3,2,7308,28.546875,55.5,245,32,1.25x,1108,1385,1.25,0,48,gpu,static_chunked_fixed,fixed,bucket,0,0.020140199363231658,0.0,0.0,0.23104503634385765,0.16099002095870674,0.11264099925756454,0.07005501538515091,0.04280000180006027,0.020140199363231658,0.2511852357070893,1.0228349526286122,1.187546404556233,7.62939453125e-06
fp16,256,64,8,32,256,0.95,0.6,0.5,0.5,1.3,2,7308,28.546875,55.5,245,32,2x,1108,2216,2.0,0,48,gpu,static_chunked_fixed,fixed,bucket,0,0.02069620043039322,0.0,0.0,0.2308140101376921,0.16099002095870674,0.11264099925756454,0.06982398917898536,0.04252000153064728,0.02069620043039322,0.2515102105680853,0.9953566081322718,1.186011982844783,1.52587890625e-05
fp16,256,64,8,32,256,0.95,0.6,0.5,0.5,1.3,2,7308,28.546875,55.5,245,32,4x,1108,4432,4.0,0,48,gpu,static_chunked_fixed,fixed,bucket,0,0.022592100501060485,0.0,0.0,0.2301830390933901,0.16099002095870674,0.11264099925756454,0.06919301813468337,0.042281001806259155,0.022592100501060485,0.2527751395944506,0.9118275594009011,1.1800769807511264,7.62939453125e-06
fp16,256,64,8,32,256,0.95,0.6,0.5,0.5,1.3,2,7308,28.546875,55.5,245,32,8x,1108,8864,8.0,0,48,gpu,static_chunked_fixed,fixed,bucket,0,0.025716200470924377,0.0,0.0,0.2306640089955181,0.16099002095870674,0.11264099925756454,0.06967398803681135,0.04244000092148781,0.025716200470924377,0.25638020946644247,0.8010553458281304,1.16348342238408,1.52587890625e-05
fp16,256,64,8,32,256,0.95,0.6,0.5,0.5,1.3,2,7308,28.546875,55.5,245,32,max,1108,16384,14.787003610108304,0,48,gpu,static_chunked_fixed,fixed,bucket,0,0.030764201283454896,0.0,0.0,0.23084404529072344,0.16099002095870674,0.11264099925756454,0.0698540243320167,0.042920999228954315,0.030764201283454896,0.26160824657417836,0.6696126992479622,1.14023211212871,7.62939453125e-06
fp16,256,64,8,32,256,0.95,0.6,0.5,0.5,1.3,2,7308,28.546875,55.5,245,32,exact,1108,1108,1.0,0,48,gpu,persistent_chunked,gpu,bucket,1,0.059880399703979494,0.0,0.0,0.2645390050020069,0.16099002095870674,0.11264099925756454,0.10354898404330015,0.07698000222444534,0.059880399703979494,0.3244194047059864,0.3440207474141631,0.9194706580881025,1.52587890625e-05
