dtype,tasks,tile_tokens,dim,num_transforms,pattern,seed,lds_fits,policy,best_variant,global_ms,lds_ms,chunk2_ms,chunk4_ms,chunk8_ms,auto_ms,auto_speedup_vs_global,best_speedup_vs_global,auto_vs_best,max_abs_diff_auto
fp16,32,64,32,8,random,0,1,graph_global,global,0.009928099811077118,0.019512200355529787,0.010964199900627136,0.013800099492073059,0.019348199665546417,0.009752099961042404,1.0180473796144212,1.0,1.0180473796144212,0.0
fp16,32,64,32,8,random,1,1,graph_global,global,0.009608100354671478,0.019172200560569765,0.01085209995508194,0.013444200158119202,0.019416199624538423,0.010908100008964538,0.8808225398351052,1.0,0.8808225398351052,0.0
fp16,32,64,32,8,random,2,1,graph_global,global,0.009888099879026413,0.019304199516773222,0.01066410019993782,0.013592100143432618,0.019240200519561768,0.009564100205898285,1.0338766497791725,1.0,1.0338766497791725,0.0
fp16,32,64,32,8,contiguous,0,1,graph_global,global,0.00984010025858879,0.019176200032234192,0.010624100267887116,0.013552099466323853,0.0190761998295784,0.00957610011100769,1.0275686495045757,1.0,1.0275686495045757,0.0
fp16,32,64,32,8,contiguous,1,1,graph_global,global,0.00958010032773018,0.019300200045108795,0.010760100185871124,0.01363620012998581,0.019244199991226195,0.009640099853277207,0.9937760472961668,1.0,0.9937760472961668,0.0
fp16,32,64,32,8,contiguous,2,1,graph_global,global,0.009612099826335907,0.019268199801445007,0.010652100294828415,0.013668100535869598,0.019200199842453004,0.009640099853277207,0.9970954629757511,1.0,0.9970954629757511,0.0
fp16,32,64,32,8,page-cross,0,1,graph_global,global,0.009700100123882293,0.019300200045108795,0.01074810028076172,0.013764199614524842,0.019224199652671813,0.00978809967637062,0.991009536539481,1.0,0.991009536539481,0.0
fp16,32,64,32,8,page-cross,1,1,graph_global,global,0.009864100068807603,0.01920419931411743,0.011024100333452224,0.013580100238323211,0.0194242000579834,0.009780099987983704,1.0085888775091365,1.0,1.0085888775091365,0.0
fp16,32,64,32,8,page-cross,2,1,graph_global,global,0.009676100313663482,0.019400200247764586,0.01085209995508194,0.013760200142860413,0.019328199326992035,0.00978809967637062,0.9885575988792272,1.0,0.9885575988792272,0.0
fp16,32,64,32,8,tail-negative,0,1,graph_global,global,0.009928099811077118,0.019480200111866,0.010832100361585616,0.01376810073852539,0.019320200383663177,0.009708099812269212,1.022661489175242,1.0,1.022661489175242,0.0
fp16,32,64,32,8,tail-negative,1,1,graph_global,global,0.009928099811077118,0.0194242000579834,0.010784099996089935,0.013864199817180633,0.019360199570655823,0.009772100299596787,1.015963764871178,1.0,1.015963764871178,0.0
fp16,32,64,32,8,tail-negative,2,1,graph_global,global,0.009728100150823593,0.019412200152873992,0.01087609976530075,0.013804200291633605,0.01934420019388199,0.009828100353479386,0.9898250731006842,1.0,0.9898250731006842,0.0
fp16,32,64,32,16,random,0,1,graph_global,chunk2,0.012344100326299668,0.03170439898967743,0.01204809993505478,0.014348100125789642,0.01984419971704483,0.012104099988937378,1.0198280200578018,1.0245682217810672,0.9953734640383193,0.0
fp16,32,64,32,16,random,1,1,graph_global,chunk2,0.012408100068569183,0.031656301021575926,0.012200099974870681,0.014392200112342834,0.01989219933748245,0.012164100259542465,1.0200590100229818,1.0170490482968937,1.0029595049827031,0.0
fp16,32,64,32,16,random,2,1,graph_global,chunk2,0.012424100190401077,0.03161630034446716,0.012056100368499755,0.014368200302124023,0.019888199865818024,0.012232200056314469,1.0156881127845474,1.0305239514149065,0.985603596490902,0.0
fp16,32,64,32,16,contiguous,0,1,graph_global,chunk2,0.012352100014686585,0.03160830140113831,0.012144099920988083,0.014348199963569641,0.019884200394153596,0.012128099799156189,1.0184695227809701,1.017127666525456,1.0013192604032668,0.0
fp16,32,64,32,16,contiguous,1,1,graph_global,chunk2,0.012332099676132201,0.03170830011367798,0.01204409971833229,0.016527199745178224,0.01982019990682602,0.012200099974870681,1.010819558981763,1.0239121200035854,0.9872131985098717,0.0
fp16,32,64,32,16,contiguous,2,1,graph_global,chunk2,0.012304099649190903,0.03159630000591278,0.012016099691390992,0.014280200004577637,0.019768199324607848,0.012200099974870681,1.0085244936135307,1.023967840247385,0.9849181331416393,0.0
fp16,32,64,32,16,page-cross,0,1,graph_global,chunk2,0.012276200205087661,0.031444400548934937,0.011976099759340286,0.014256100356578826,0.019784200191497802,0.01220410019159317,1.0059078516533448,1.0250582787199418,0.9813177187442345,0.0
fp16,32,64,32,16,page-cross,1,1,graph_global,chunk2,0.01230809986591339,0.03144029974937439,0.012052199989557266,0.014272099733352661,0.020784200727939607,0.012116199731826783,1.0158383105539706,1.0212326277839607,0.9947178369714884,0.0
fp16,32,64,32,16,page-cross,2,1,graph_global,chunk2,0.012252099812030792,0.03150430023670196,0.012068100273609161,0.014284199476242066,0.019732199609279633,0.012092100083827972,1.0132317568572562,1.0152467691061537,0.9980152487944663,0.0
fp16,32,64,32,16,tail-negative,0,1,graph_global,global,0.012068100273609161,0.031244298815727232,0.012252099812030792,0.014108200371265412,0.0200082004070282,0.012320099771022797,0.9795456609851209,1.0,0.9795456609851209,0.0
fp16,32,64,32,16,tail-negative,1,1,graph_global,chunk2,0.012240099906921386,0.0315082997083664,0.011964099854230881,0.014360199868679046,0.019812199473381042,0.012008100003004073,1.0193202841298186,1.0230690194877388,0.9963357942753488,0.0
fp16,32,64,32,16,tail-negative,2,1,graph_global,chunk2,0.01226010024547577,0.03145230114459992,0.012028100341558457,0.014284199476242066,0.019776199758052827,0.012080200016498566,1.0148921564818054,1.0192881583399938,0.9956871844117685,0.0
fp16,32,64,32,32,random,0,1,graph_lds_chunked(chunk=4),chunk2,0.016716200113296508,0.05590860247611999,0.01636819988489151,0.016388100385665894,0.02077219933271408,0.01612810045480728,1.0364642854338084,1.0212607513869754,1.0148870247154658,0.0
fp16,32,64,32,32,random,1,1,graph_lds_chunked(chunk=4),chunk2,0.01687619984149933,0.05593259930610657,0.016260200738906862,0.016388100385665894,0.02066819965839386,0.01621609926223755,1.040706495969654,1.0378838559550208,1.0027196106755472,0.0
fp16,32,64,32,32,random,2,1,graph_lds_chunked(chunk=4),chunk2,0.016752099990844725,0.055560600757598874,0.01618809998035431,0.016440099477767943,0.020856200158596037,0.016100199520587923,1.0404902106600105,1.0348404081501152,1.0054595882277102,0.0
fp16,32,64,32,32,contiguous,0,1,graph_lds_chunked(chunk=4),chunk2,0.016808199882507324,0.055960601568222045,0.01621209979057312,0.0164002001285553,0.020724299550056457,0.016196200251579286,1.0377866179364115,1.0367688393011754,1.0009816832804526,0.0
fp16,32,64,32,32,contiguous,1,1,graph_lds_chunked(chunk=4),chunk4,0.016492199897766114,0.05552459955215454,0.01649619936943054,0.01613609939813614,0.020820200443267822,0.01631619930267334,1.0107868622972713,1.0220685613569724,0.9889618960153488,0.0
fp16,32,64,32,32,contiguous,2,1,graph_lds_chunked(chunk=4),chunk2,0.01673219949007034,0.055800598859786985,0.01621219962835312,0.01634819954633713,0.020672200620174407,0.016172200441360474,1.034627263663989,1.032074602684253,1.0024733299057034,0.0
fp16,32,64,32,32,page-cross,0,1,graph_lds_chunked(chunk=4),chunk2,0.025192299485206605,0.055960601568222045,0.016308100521564485,0.01639219969511032,0.020780299603939057,0.016120100021362306,1.5627880380284147,1.5447721487793376,1.0116624896838755,0.0
fp16,32,64,32,32,page-cross,1,1,graph_lds_chunked(chunk=4),chunk2,0.01682009994983673,0.055828601121902466,0.016248099505901337,0.016404199600219726,0.02071229964494705,0.01621209979057312,1.0375028631156802,1.0352041445664242,1.0022205461225415,0.0
fp16,32,64,32,32,page-cross,2,1,graph_lds_chunked(chunk=4),chunk4,0.016628199815750123,0.05539659857749939,0.016380099952220915,0.016200099885463715,0.020912300050258636,0.016324199736118317,1.0186226635636655,1.0264257586874843,0.9923977988103133,0.0
fp16,32,64,32,32,tail-negative,0,1,graph_lds_chunked(chunk=4),chunk2,0.017472200095653534,0.055644601583480835,0.0162321999669075,0.016432200372219086,0.02077219933271408,0.016192199289798738,1.079050460221374,1.0763913783266603,1.0024703671436384,0.0
fp16,32,64,32,32,tail-negative,1,1,graph_lds_chunked(chunk=4),chunk2,0.016676199436187745,0.05590860247611999,0.01620820015668869,0.01621219962835312,0.020840199291706087,0.016280199587345123,1.0243240168351768,1.0288742287838744,0.995577484767914,0.0
fp16,32,64,32,32,tail-negative,2,1,graph_lds_chunked(chunk=4),chunk2,0.016708199679851533,0.05578060150146484,0.016124099493026733,0.01629209965467453,0.020648199319839477,0.016164200007915498,1.033654599155519,1.0362252904155924,0.9975191772640076,0.0
fp16,32,64,64,8,random,0,1,graph_global,global,0.01278419941663742,0.027800300717353822,0.01416420042514801,0.018636199831962585,0.027964299917221068,0.012504099309444428,1.0224006623956858,1.0,1.0224006623956858,0.0
fp16,32,64,64,8,random,1,1,graph_global,global,0.012720100581645966,0.027920299768447877,0.014176200330257415,0.01865220069885254,0.028112301230430604,0.012480200082063676,1.0192224882617924,1.0,1.0192224882617924,0.0
fp16,32,64,64,8,random,2,1,graph_global,global,0.012736099958419799,0.02796030044555664,0.014316199719905854,0.01889220029115677,0.027868300676345825,0.012488199770450592,1.0198507545143365,1.0,1.0198507545143365,0.0
fp16,32,64,64,8,contiguous,0,1,graph_global,global,0.012500199675559997,0.028012299537658693,0.014228099584579467,0.01889220029115677,0.0278562992811203,0.012508100271224976,0.9993683616621499,1.0,0.9993683616621499,0.0
fp16,32,64,64,8,contiguous,1,1,graph_global,global,0.012664100527763367,0.0277442991733551,0.01442819982767105,0.018804199993610382,0.02807630002498627,0.012476199865341186,1.0150607287836233,1.0,1.0150607287836233,0.0
fp16,32,64,64,8,contiguous,2,1,graph_global,global,0.012724100053310395,0.02802030146121979,0.014232200384140015,0.018724200129508973,0.02809630036354065,0.01252020001411438,1.0162856854496056,1.0,1.0162856854496056,0.0
fp16,32,64,64,8,page-cross,0,1,graph_global,global,0.01273220032453537,0.027920299768447877,0.01416410058736801,0.018680299818515777,0.027920299768447877,0.012448100000619888,1.0228227861200774,1.0,1.0228227861200774,0.0
fp16,32,64,64,8,page-cross,1,1,graph_global,global,0.012688100337982178,0.02796030044555664,0.014148199558258056,0.018880200386047364,0.027868300676345825,0.012536199390888214,1.0121169855677608,1.0,1.0121169855677608,0.0
fp16,32,64,64,8,page-cross,2,1,graph_global,global,0.012656199932098388,0.027980300784111022,0.014224100112915038,0.018896199762821198,0.02785229980945587,0.012532100081443787,1.0099025582183432,1.0,1.0099025582183432,0.0
fp16,32,64,64,8,tail-negative,0,1,graph_global,global,0.012688100337982178,0.0279682993888855,0.014196200668811798,0.018888199329376222,0.02780430018901825,0.012428200244903565,1.0209121262899823,1.0,1.0209121262899823,0.0
fp16,32,64,64,8,tail-negative,1,1,graph_global,global,0.012716199457645416,0.0279682993888855,0.014228199422359467,0.018888199329376222,0.02785229980945587,0.012500099837779999,1.0172878315109357,1.0,1.0172878315109357,0.0
fp16,32,64,64,8,tail-negative,2,1,graph_global,global,0.013224199414253235,0.027928298711776732,0.014264099299907684,0.018844200670719145,0.027848300337791444,0.012508100271224976,1.0572508316611158,1.0,1.0572508316611158,0.0
fp16,32,64,64,16,random,0,1,graph_global,chunk2,0.016824199259281157,0.04752849936485291,0.01649619936943054,0.019832199811935423,0.028852298855781555,0.016532200574874877,1.0176624208667084,1.0198833611612648,0.9978223585371296,0.0
fp16,32,64,64,16,random,1,1,graph_global,chunk2,0.016700200736522675,0.04760049879550934,0.01650419980287552,0.019884300231933594,0.028852298855781555,0.016444200277328493,1.0155678266426327,1.0118758216689188,1.003648673972291,0.0
fp16,32,64,64,16,random,2,1,graph_global,chunk2,0.016784100234508513,0.04756459891796112,0.016484199464321135,0.019760200381278993,0.028756400942802428,0.016564199328422548,1.013275673742264,1.0181932262368272,0.9951703150562707,0.0
fp16,32,64,64,16,contiguous,0,1,graph_global,chunk2,0.016716200113296508,0.047588500380516055,0.01652020066976547,0.019884200394153596,0.028824299573898315,0.016624200344085693,1.0055340868917972,1.0118642289793578,0.9937440795847229,0.0
fp16,32,64,64,16,contiguous,1,1,graph_global,chunk2,0.016760200262069702,0.047476500272750854,0.016540099680423737,0.01987220048904419,0.028828299045562743,0.016540199518203735,1.013300972798051,1.0133070891892186,0.9999939639313367,0.0
fp16,32,64,64,16,contiguous,2,1,graph_global,chunk2,0.016836200654506684,0.04752449989318848,0.0164682000875473,0.01957619935274124,0.02903229892253876,0.016588200628757478,1.0149503874048442,1.0223461316357003,0.9927659097031813,0.0
fp16,32,64,64,16,page-cross,0,1,graph_global,chunk2,0.016716200113296508,0.04763650000095367,0.016516199707984923,0.019772200286388396,0.028824299573898315,0.01666419953107834,1.0031204968544207,1.0121093477220968,0.9911186959315148,0.0
fp16,32,64,64,16,page-cross,1,1,graph_global,chunk2,0.01666020005941391,0.04758050143718719,0.016496099531650543,0.019840200245380402,0.028880301117897033,0.01650419980287552,1.0094521551121316,1.009947838120673,0.9995091993964127,0.0
fp16,32,64,64,16,page-cross,2,1,graph_global,chunk2,0.016652099788188934,0.047816500067710876,0.016544200479984283,0.01984419971704483,0.028904300928115845,0.01658809930086136,1.0038582170366108,1.00652188108668,0.9973535954854819,0.0
fp16,32,64,64,16,tail-negative,0,1,graph_global,chunk2,0.01666020005941391,0.0473565012216568,0.01642819941043854,0.019808200001716614,0.02889629900455475,0.01639219969511032,1.0163492618006316,1.0141220984222994,1.002196149143971,0.0
fp16,32,64,64,16,tail-negative,1,1,graph_global,chunk2,0.016676199436187745,0.047548499703407285,0.016600100696086882,0.019788199663162233,0.02891629934310913,0.016444200277328493,1.0141082664372014,1.0045842336437634,1.0094805716379731,0.0
fp16,32,64,64,16,tail-negative,2,1,graph_global,chunk2,0.01668419986963272,0.047616499662399295,0.016536200046539308,0.01985220015048981,0.028828299045562743,0.016544200479984283,1.008462142961687,1.0089500503547904,0.999516420666284,0.0
fp16,32,64,64,32,random,0,1,graph_lds_chunked(chunk=2),chunk2,0.02472430020570755,0.0871088981628418,0.023436300456523895,0.023912300169467927,0.030556300282478334,0.023468300700187683,1.0535189795616442,1.0549574687170866,0.9986364481999529,0.0
fp16,32,64,64,32,random,1,1,graph_lds_chunked(chunk=2),chunk2,0.02472829967737198,0.08840900063514709,0.02379619926214218,0.02411220073699951,0.030768299102783205,0.023548200726509094,1.0501141876854483,1.0391701382629073,1.0105315280141087,0.0
fp16,32,64,64,32,random,2,1,graph_lds_chunked(chunk=2),chunk2,0.02489220052957535,0.08846099972724915,0.02409619987010956,0.02424419969320297,0.03162029981613159,0.024476200342178345,1.0169961097548355,1.0330342819098708,0.9844746951423684,0.0
fp16,32,64,64,32,contiguous,0,1,graph_lds_chunked(chunk=2),chunk2,0.02492019981145859,0.08857290148735046,0.023860199749469756,0.024288199841976166,0.030996298789978026,0.02374420017004013,1.0495278692479313,1.0444254479475759,1.0048853858457607,0.0
fp16,32,64,64,32,contiguous,1,1,graph_lds_chunked(chunk=2),chunk2,0.02528429925441742,0.08975290060043335,0.024084199965000153,0.02451220005750656,0.030952298641204835,0.024052299559116364,1.051221700955163,1.0498293192699482,1.001326293388513,0.0
fp16,32,64,64,32,contiguous,2,1,graph_lds_chunked(chunk=2),chunk2,0.024952299892902374,0.08792499899864196,0.02382829934358597,0.024292300641536712,0.0309563010931015,0.023540300130844117,1.0599822327757054,1.047170825458803,1.012234305048834,0.0
fp16,32,64,64,32,page-cross,0,1,graph_lds_chunked(chunk=2),chunk2,0.025092300772666932,0.08689690232276917,0.02342420071363449,0.023812200129032134,0.030392301082611085,0.023416200280189516,1.0715786708527355,1.071212677837989,1.0003416623256227,0.0
fp16,32,64,64,32,page-cross,1,1,graph_lds_chunked(chunk=2),chunk2,0.024636299908161165,0.08632490038871765,0.023376299440860747,0.023764200508594513,0.03027229905128479,0.02363629937171936,1.0423078300335922,1.0539007669065872,0.9889999730173624,0.0
fp16,32,64,64,32,page-cross,2,1,graph_lds_chunked(chunk=2),chunk2,0.024772199988365173,0.08780490159988404,0.02355220019817352,0.02390419989824295,0.030520299077033998,0.023632200062274934,1.048239263508524,1.0517998225187581,0.9966147940568123,0.0
fp16,32,64,64,32,tail-negative,0,1,graph_lds_chunked(chunk=2),chunk2,0.024580299854278564,0.08758900165557862,0.023756299912929536,0.023812200129032134,0.030928298830986023,0.023484300076961517,1.0466694674197354,1.0346855337055483,1.0115821989617164,0.0
fp16,32,64,64,32,tail-negative,1,1,graph_lds_chunked(chunk=2),chunk2,0.024496300518512724,0.0865090012550354,0.02331620007753372,0.02377219945192337,0.030352300405502318,0.023440299928188323,1.0450506432750248,1.0506128973441125,0.99470570551423,0.0
fp16,32,64,64,32,tail-negative,2,1,graph_lds_chunked(chunk=2),chunk2,0.025356200337409974,0.08663300275802613,0.023264199495315552,0.023788200318813325,0.030308300256729127,0.023288199305534364,1.0888003836081974,1.0899236117071496,0.9989694432831006,0.0
fp16,32,64,128,8,random,0,1,graph_global,global,0.018420200049877166,0.04473249912261963,0.021420200169086457,0.029256299138069153,0.04528050124645233,0.01870419979095459,0.9848162581531679,1.0,0.9848162581531679,0.0
fp16,32,64,128,8,random,1,1,graph_global,global,0.018096199631690978,0.04452050030231476,0.02078019976615906,0.028648298978805543,0.044684401154518126,0.01790419965982437,1.0107237394306676,1.0,1.0107237394306676,0.0
fp16,32,64,128,8,random,2,1,graph_global,global,0.018080100417137146,0.044588500261306764,0.020848199725151062,0.0289683997631073,0.04449650049209595,0.017872199416160583,1.0116326477864035,1.0,1.0116326477864035,0.0
fp16,32,64,128,8,contiguous,0,1,graph_global,global,0.018128199875354765,0.044564399123191836,0.02096019983291626,0.028964298963546752,0.04452050030231476,0.017948199808597565,1.0100288646592277,1.0,1.0100288646592277,0.0
fp16,32,64,128,8,contiguous,1,1,graph_global,global,0.018128199875354765,0.04456849992275238,0.020944200456142426,0.028856301307678224,0.04450840055942536,0.01799219995737076,1.0075588265085,1.0,1.0075588265085,0.0
fp16,32,64,128,8,contiguous,2,1,graph_global,global,0.01819220036268234,0.04441249966621399,0.021128199994564056,0.028856301307678224,0.04446049928665161,0.017920200526714326,1.0151783924271682,1.0,1.0151783924271682,0.0
fp16,32,64,128,8,page-cross,0,1,graph_global,global,0.018208199739456178,0.04457649886608124,0.02090020030736923,0.029028299450874328,0.04447639882564545,0.017952199280261993,1.0142601168356933,1.0,1.0142601168356933,0.0
fp16,32,64,128,8,page-cross,1,1,graph_global,global,0.018084199726581575,0.04459649920463562,0.020968300104141236,0.029008299112319946,0.04448849856853485,0.017944100499153137,1.0078075369358888,1.0,1.0078075369358888,0.0
fp16,32,64,128,8,page-cross,2,1,graph_global,global,0.018168200552463532,0.04452449977397919,0.020932300388813017,0.02899630069732666,0.0444364994764328,0.01796019971370697,1.0115812096787442,1.0,1.0115812096787442,0.0
fp16,32,64,128,8,tail-negative,0,1,graph_global,global,0.018616199493408203,0.04481639862060547,0.021132199466228484,0.029224300384521486,0.04475240111351013,0.018404200673103333,1.011519045247898,1.0,1.011519045247898,0.0
fp16,32,64,128,8,tail-negative,1,1,graph_global,global,0.017972199618816374,0.04434050023555756,0.02074420005083084,0.028772300481796263,0.0441525012254715,0.017888200283050538,1.0046957958003986,1.0,1.0046957958003986,0.0
fp16,32,64,128,8,tail-negative,2,1,graph_global,global,0.01796019971370697,0.04430440068244934,0.020896199345588683,0.028928300738334654,0.04448849856853485,0.017760199308395386,1.0112611577065491,1.0,1.0112611577065491,0.0
fp16,32,64,128,16,random,0,1,graph_global,global,0.025668200850486756,0.07877690196037293,0.026304298639297487,0.03085240125656128,0.04725649952888489,0.025420299172401427,1.009752114890704,1.0,1.009752114890704,0.0
fp16,32,64,128,16,random,1,1,graph_global,chunk2,0.02708030045032501,0.07921280264854431,0.02602429986000061,0.030900299549102783,0.046916499733924866,0.02566019892692566,1.055342576549912,1.040577483198596,1.0141893262056083,0.0
fp16,32,64,128,16,random,2,1,graph_global,chunk2,0.025564301013946533,0.07968890070915222,0.025316300988197326,0.030612298846244813,0.04665249884128571,0.02538819909095764,1.0069363692303648,1.0097960608804906,0.9971680503015308,0.0
fp16,32,64,128,16,contiguous,0,1,graph_global,global,0.025608301162719727,0.0802528977394104,0.02567630112171173,0.030920299887657165,0.0469525009393692,0.025904300808906554,0.9885733396793688,1.0,0.9885733396793688,0.0
fp16,32,64,128,16,contiguous,1,1,graph_global,global,0.02552430033683777,0.07926480174064636,0.02561219930648804,0.030840298533439635,0.04700849950313568,0.025556299090385436,0.9987479112905003,1.0,0.9987479112905003,0.0
fp16,32,64,128,16,contiguous,2,1,graph_global,chunk2,0.025732201337814332,0.07915689945220947,0.025592300295829772,0.030820399522781372,0.047056499123573306,0.025580200552940368,1.0059421263941768,1.0054665286186626,1.0004730120416516,0.0
fp16,32,64,128,16,page-cross,0,1,graph_global,chunk2,0.025656300783157348,0.07917289733886719,0.025604298710823058,0.03083229959011078,0.04668450057506561,0.025456300377845763,1.0078566171180807,1.0020309899099993,1.0058138193995423,0.0
fp16,32,64,128,16,page-cross,1,1,graph_global,global,0.02571220099925995,0.0789969027042389,0.025800299644470216,0.03066439926624298,0.047128498554229736,0.026220300793647768,0.9806218929986146,1.0,0.9806218929986146,0.0
fp16,32,64,128,16,page-cross,2,1,graph_global,chunk2,0.025692200660705565,0.07895290255546569,0.025536298751831055,0.03079639971256256,0.046852600574493405,0.025608199834823608,1.0032802315829998,1.0061051098434275,0.9971922632806552,0.0
fp16,32,64,128,16,tail-negative,0,1,graph_global,global,0.025560200214385986,0.07922890186309814,0.02592029869556427,0.03106440007686615,0.047056499123573306,0.025452300906181335,1.0042392752074705,1.0,1.0042392752074705,0.0
fp16,32,64,128,16,tail-negative,1,1,graph_global,global,0.02584030032157898,0.07922080159187317,0.026060301065444946,0.03080430030822754,0.04727250039577484,0.025552201271057128,1.0112749209927436,1.0,1.0112749209927436,0.0
fp16,32,64,128,16,tail-negative,2,1,graph_global,global,0.02541620135307312,0.0790848970413208,0.025476300716400148,0.030636298656463622,0.047176501154899596,0.025248199701309204,1.006654005186564,1.0,1.006654005186564,0.0
fp16,32,64,128,32,random,0,1,graph_lds_chunked(chunk=2),chunk2,0.04073239862918854,0.15156170129776,0.0387924998998642,0.039968499541282655,0.05067650079727173,0.039068400859832764,1.04259190887607,1.050007056372542,0.9929380022243954,0.0
fp16,32,64,128,32,random,1,1,graph_lds_chunked(chunk=2),chunk2,0.04052450060844422,0.1509176015853882,0.03910039961338043,0.04015640020370483,0.05060849785804748,0.03898850083351135,1.0393962256074396,1.0364216480942678,1.002870045718016,0.0
fp16,32,64,128,32,random,2,1,graph_lds_chunked(chunk=2),chunk2,0.04058839976787567,0.1504855990409851,0.03945640027523041,0.039760398864746097,0.050180500745773314,0.038952401280403136,1.041999939251386,1.0286898826235777,1.0129388427480808,0.0
fp16,32,64,128,32,contiguous,0,1,graph_lds_chunked(chunk=2),chunk2,0.041044500470161435,0.150981605052948,0.039164400100708006,0.03936040103435516,0.05041660070419311,0.03918440043926239,1.0474704221589988,1.0480053406823264,0.9994895841628255,0.0
fp16,32,64,128,32,contiguous,1,1,graph_lds_chunked(chunk=2),chunk2,0.04090040028095245,0.15166569948196412,0.03892050087451935,0.03936449885368347,0.05024060010910034,0.03930439949035645,1.0406061614295263,1.050870347553243,0.990232680798716,0.0
fp16,32,64,128,32,contiguous,2,1,graph_lds_chunked(chunk=2),chunk2,0.040708398818969725,0.15100959539413453,0.03918440043926239,0.0393563985824585,0.050848597288131715,0.03915239870548248,1.039742140071468,1.0388929870719752,1.0008173632992614,0.0
fp16,32,64,128,32,page-cross,0,1,graph_lds_chunked(chunk=2),chunk4,0.04134440124034881,0.15218559503555298,0.03921239972114563,0.03917239904403687,0.0499004989862442,0.03964039981365204,1.0429864843620957,1.0554472600432314,0.9881938433563933,0.0
fp16,32,64,128,32,page-cross,1,1,graph_lds_chunked(chunk=2),chunk2,0.041084501147270205,0.15204559564590453,0.03937239944934845,0.039464399218559265,0.0505204975605011,0.03921250104904175,1.0477398800930144,1.0434848198704356,1.0040777404151477,0.0
fp16,32,64,128,32,page-cross,2,1,graph_lds_chunked(chunk=2),chunk2,0.04046449959278107,0.15088560581207275,0.039068400859832764,0.03920040130615234,0.05013650059700012,0.039012500643730165,1.037218812562436,1.0357347294033648,1.0014328795944945,0.0
fp16,32,64,128,32,tail-negative,0,1,graph_lds_chunked(chunk=2),chunk2,0.04026040136814117,0.1507416009902954,0.03990040123462677,0.040408399701118466,0.0505806028842926,0.0387924998998642,1.037839826566117,1.0090224690072034,1.0285596787426028,0.0
fp16,32,64,128,32,tail-negative,1,1,graph_lds_chunked(chunk=2),chunk2,0.04046039879322052,0.15074559450149536,0.03897640109062195,0.0399044007062912,0.05029249787330627,0.03901639878749848,1.0370100791102412,1.0380742618885772,0.9989748490860375,0.0
fp16,32,64,128,32,tail-negative,2,1,graph_lds_chunked(chunk=2),chunk4,0.040208399295806885,0.1508496046066284,0.03908039927482605,0.038980400562286376,0.05032449960708618,0.038736400008201596,1.038000415301722,1.0315029788254306,1.0062989992367157,0.0
fp16,32,128,32,8,random,0,1,graph_global,global,0.012696200609207153,0.02788429856300354,0.014208100736141205,0.018588200211524963,0.027836298942565917,0.012492100149393082,1.0163383624349174,1.0,1.0163383624349174,0.0
fp16,32,128,32,8,random,1,1,graph_global,global,0.012796199321746827,0.027928298711776732,0.014224100112915038,0.018832199275493622,0.027840301394462585,0.012536099553108216,1.020748061830294,1.0,1.020748061830294,0.0
fp16,32,128,32,8,random,2,1,graph_global,global,0.012736099958419799,0.02796030044555664,0.014176200330257415,0.01891620010137558,0.027800300717353822,0.012504200637340545,1.0185457133810496,1.0,1.0185457133810496,0.0
fp16,32,128,32,8,contiguous,0,1,graph_global,global,0.012484200298786163,0.027944299578666686,0.01419209986925125,0.01891620010137558,0.027844300866127013,0.012644100189208984,0.9873537944155737,1.0,0.9873537944155737,0.0
fp16,32,128,32,8,contiguous,1,1,graph_global,global,0.012704099714756011,0.027948299050331117,0.014232200384140015,0.01894419938325882,0.02789219915866852,0.012540200352668762,1.0130699157491825,1.0,1.0130699157491825,0.0
fp16,32,128,32,8,contiguous,2,1,graph_global,global,0.012776100635528564,0.027820301055908204,0.014412100613117217,0.018736100196838378,0.028044301271438598,0.01252010017633438,1.0204471574179637,1.0,1.0204471574179637,0.0
fp16,32,128,32,8,page-cross,0,1,graph_global,global,0.012580099701881408,0.02791230082511902,0.014260199666023255,0.01893620043992996,0.027820301055908204,0.012504200637340545,1.0060698853722971,1.0,1.0060698853722971,0.0
fp16,32,128,32,8,page-cross,1,1,graph_global,global,0.012760099768638612,0.0279323011636734,0.014316199719905854,0.018956199288368225,0.02782430052757263,0.01252020001411438,1.0191610161382234,1.0,1.0191610161382234,0.0
fp16,32,128,32,8,page-cross,2,1,graph_global,global,0.01276019960641861,0.027920299768447877,0.014268100261688232,0.018900200724601746,0.027828299999237062,0.012540100514888764,1.0175516209992514,1.0,1.0175516209992514,0.0
fp16,32,128,32,8,tail-negative,0,1,graph_global,global,0.012668199837207794,0.027920299768447877,0.014204099774360657,0.018960200250148773,0.027844300866127013,0.0124160997569561,1.02030428920406,1.0,1.02030428920406,0.0
fp16,32,128,32,8,tail-negative,1,1,graph_global,global,0.012672099471092223,0.02799629867076874,0.014156199991703033,0.018828199803829195,0.027800300717353822,0.01244020015001297,1.018641124602727,1.0,1.018641124602727,0.0
fp16,32,128,32,8,tail-negative,2,1,graph_global,global,0.012660099565982819,0.027948299050331117,0.014236100018024445,0.018860200047492982,0.027900299429893492,0.012460099905729294,1.016051208398543,1.0,1.016051208398543,0.0
fp16,32,128,32,16,random,0,1,graph_global,chunk2,0.016728200018405914,0.04748449921607971,0.01654819995164871,0.01965620070695877,0.029096299409866334,0.016532200574874877,1.0118556173234985,1.0108773200277454,1.0009677705458129,0.0
fp16,32,128,32,16,random,1,1,graph_global,chunk2,0.016520099341869356,0.04746449887752533,0.016472199559211732,0.019616200029850005,0.029056298732757568,0.016468100249767303,1.0031575647046955,1.0029079166073382,1.000248924246407,0.0
fp16,32,128,32,16,random,2,1,graph_global,chunk2,0.016796199977397917,0.047232499718666075,0.016508199274539948,0.01986420005559921,0.028708299994468688,0.01652020066976547,1.0167067769423388,1.0174459187261051,0.9992735321158969,0.0
fp16,32,128,32,16,contiguous,0,1,graph_global,chunk2,0.016880199313163757,0.04741249978542328,0.016536200046539308,0.01981620043516159,0.028844299912452697,0.016680200397968293,1.0119901985841744,1.020802800259812,0.9913669891252311,0.0
fp16,32,128,32,16,contiguous,1,1,graph_global,chunk2,0.016800199449062348,0.047392499446868894,0.016524100303649904,0.01968819946050644,0.029092299938201904,0.016568200290203096,1.0140026771040687,1.0167088761468883,0.9973382753841243,0.0
fp16,32,128,32,16,contiguous,2,1,graph_global,chunk2,0.016808199882507324,0.047432500123977664,0.01652809977531433,0.01982019990682602,0.028884300589561464,0.01671220064163208,1.0057442609105647,1.016946903213359,0.9889840440367181,0.0
fp16,32,128,32,16,page-cross,0,1,graph_global,chunk2,0.01686819940805435,0.047492501139640805,0.01654819995164871,0.019876199960708617,0.028872299194335937,0.016640199720859526,1.0137017398240127,1.0193374178062042,0.9944712340744631,0.0
fp16,32,128,32,16,page-cross,1,1,graph_global,chunk2,0.017072199285030364,0.047616499662399295,0.01658419966697693,0.019896200299263,0.02883630096912384,0.01668819934129715,1.0230102682668079,1.0294255754183397,0.9937680709468241,0.0
fp16,32,128,32,16,page-cross,2,1,graph_global,chunk2,0.01687619984149933,0.04746449887752533,0.01652020066976547,0.019760200381278993,0.02876040041446686,0.01666020005941391,1.0129650173056215,1.0215493249053198,0.9915967762002154,0.0
fp16,32,128,32,16,tail-negative,0,1,graph_global,global,0.016456200182437895,0.04732449948787689,0.016652199625968932,0.01963219940662384,0.029044398665428163,0.01666020005941391,0.9877552564645978,1.0,0.9877552564645978,0.0
fp16,32,128,32,16,tail-negative,1,1,graph_global,chunk2,0.016680100560188295,0.04745250046253204,0.016544200479984283,0.019876299798488616,0.028848299384117128,0.016512100398540498,1.0101743665307805,1.0082143637202914,1.0019440338096917,0.0
fp16,32,128,32,16,tail-negative,2,1,graph_global,chunk2,0.01657620072364807,0.04722050130367279,0.0164682000875473,0.019700199365615845,0.02883630096912384,0.016472199559211732,1.006313738736742,1.0065581323718817,0.9997571986880044,0.0
fp16,32,128,32,32,random,0,1,graph_lds_chunked(chunk=2),chunk2,0.024608300626277925,0.08596490025520324,0.023384200036525728,0.02382829934358597,0.03056429922580719,0.02332029938697815,1.055230904969384,1.0523473365708544,1.0027401298965852,0.0
fp16,32,128,32,32,random,1,1,graph_lds_chunked(chunk=2),chunk2,0.024684299528598786,0.08666089773178101,0.02340030074119568,0.023864200711250304,0.03048030138015747,0.0234483003616333,1.052711674104442,1.054871037838529,0.997952959502508,0.0
fp16,32,128,32,32,random,2,1,graph_lds_chunked(chunk=2),chunk2,0.024664300680160522,0.08628889918327332,0.023460200428962706,0.023736299574375154,0.030384400486946107,0.023408199846744537,1.0536607189634308,1.0513252329128142,1.0022214686545152,0.0
fp16,32,128,32,32,contiguous,0,1,graph_lds_chunked(chunk=2),chunk2,0.024708199501037597,0.08655689954757691,0.023572200536727907,0.024012300372123718,0.03085240125656128,0.023460200428962706,1.0531964369125413,1.0481923171551035,1.0047740473532754,0.0
fp16,32,128,32,32,contiguous,1,1,graph_lds_chunked(chunk=2),chunk2,0.025820299983024597,0.08663300275802613,0.02340420037508011,0.023808200657367707,0.030344301462173463,0.023632299900054932,1.09258515219522,1.1032335892371292,0.9903479760353628,0.0
fp16,32,128,32,32,contiguous,2,1,graph_lds_chunked(chunk=2),chunk2,0.024684299528598786,0.08640099763870239,0.023496200144290925,0.02385620027780533,0.03051230013370514,0.023484300076961517,1.0510979440606998,1.0505655968629695,1.0005067243771546,0.0
fp16,32,128,32,32,page-cross,0,1,graph_lds_chunked(chunk=2),chunk2,0.024716199934482576,0.08645690083503724,0.023552300035953523,0.023908300697803496,0.03061630129814148,0.023500199615955352,1.051744254874398,1.0494176745690362,1.0022170203168317,0.0
fp16,32,128,32,32,page-cross,1,1,graph_lds_chunked(chunk=2),chunk2,0.02566030025482178,0.08651689887046814,0.023520299792289735,0.023920199275016783,0.030520299077033998,0.023520299792289735,1.0909852545006065,1.0909852545006065,1.0,0.0
fp16,32,128,32,32,page-cross,2,1,graph_lds_chunked(chunk=2),chunk2,0.02484019994735718,0.08654890060424805,0.023512299358844756,0.023960299789905548,0.030580300092697143,0.023556199669837952,1.0545079552523617,1.0564768493394032,0.9981363585124723,0.0
fp16,32,128,32,32,tail-negative,0,1,graph_lds_chunked(chunk=2),chunk2,0.024212299287319182,0.08618490099906921,0.023596200346946716,0.023992200195789338,0.031160300970077513,0.02342820018529892,1.0334681749267398,1.0261100910872791,1.007170852234446,0.0
fp16,32,128,32,32,tail-negative,1,1,graph_lds_chunked(chunk=2),chunk2,0.024560299515724183,0.08668500185012817,0.023340199887752534,0.023608200252056122,0.03054029941558838,0.02331629991531372,1.053353216630801,1.0522746006392123,1.0010250328107642,0.0
fp16,32,128,32,32,tail-negative,2,1,graph_lds_chunked(chunk=2),chunk2,0.02448820024728775,0.08646489977836609,0.02337220013141632,0.023944300413131715,0.03040440082550049,0.023280200362205506,1.0518895828338053,1.0477490398677243,1.003951846108686,0.0
fp16,32,128,64,8,random,0,1,graph_global,global,0.01807219982147217,0.04515250027179718,0.02103620022535324,0.029084300994873045,0.04515250027179718,0.01806419938802719,1.0004428889026924,1.0,1.0004428889026924,0.0
fp16,32,128,64,8,random,1,1,graph_global,global,0.01799219995737076,0.04465650022029877,0.02082030028104782,0.028724300861358642,0.044760501384735106,0.017832200229167938,1.0089725174766215,1.0,1.0089725174766215,0.0
fp16,32,128,64,8,random,2,1,graph_global,global,0.018116199970245363,0.04470849931240082,0.02079620063304901,0.028900301456451415,0.044772499799728395,0.01790419965982437,1.0118408146942588,1.0,1.0118408146942588,0.0
fp16,32,128,64,8,contiguous,0,1,graph_global,global,0.018068200349807738,0.04474439918994903,0.020876200497150423,0.028816300630569457,0.04489249885082245,0.017940199375152587,1.007134869127064,1.0,1.007134869127064,0.0
fp16,32,128,64,8,contiguous,1,1,graph_global,global,0.01814019978046417,0.04461640119552612,0.02090820074081421,0.02889629900455475,0.04483650028705597,0.01798820048570633,1.0084499444443387,1.0,1.0084499444443387,0.0
fp16,32,128,64,8,contiguous,2,1,graph_global,global,0.01817220002412796,0.04480839967727661,0.02085220068693161,0.02907629907131195,0.04468050003051758,0.017912200093269347,1.0145152426561106,1.0,1.0145152426561106,0.0
fp16,32,128,64,8,page-cross,0,1,graph_global,global,0.018088200688362123,0.04478450119495392,0.02088019996881485,0.02903229892253876,0.04463649988174438,0.018004199862480162,1.0046656239390575,1.0,1.0046656239390575,0.0
fp16,32,128,64,8,page-cross,1,1,graph_global,global,0.018100200593471526,0.044604501128196715,0.020920200645923613,0.02886829972267151,0.0446245014667511,0.017924199998378753,1.0098191604148967,1.0,1.0098191604148967,0.0
fp16,32,128,64,8,page-cross,2,1,graph_global,global,0.01817619949579239,0.044616499543190004,0.021080200374126435,0.02896830141544342,0.04462850093841553,0.01804019957780838,1.0075387147130737,1.0,1.0075387147130737,0.0
fp16,32,128,64,8,tail-negative,0,1,graph_global,global,0.018032200634479523,0.044716501235961915,0.020804199576377868,0.02875230014324188,0.04472039937973023,0.017864200472831725,1.0094042922269764,1.0,1.0094042922269764,0.0
fp16,32,128,64,8,tail-negative,1,1,graph_global,global,0.01799219995737076,0.04467250108718872,0.02082429975271225,0.028884300589561464,0.044556498527526855,0.01786009967327118,1.0073963912025237,1.0,1.0073963912025237,0.0
fp16,32,128,64,8,tail-negative,2,1,graph_global,global,0.018900200724601746,0.04470449984073639,0.020836299657821654,0.028956300020217894,0.044572499394416806,0.01785220056772232,1.0587042562570277,1.0,1.0587042562570277,0.0
fp16,32,128,64,16,random,0,1,graph_global,chunk2,0.026032298803329468,0.07894489765167237,0.025656300783157348,0.030728399753570557,0.04738050103187561,0.0252003014087677,1.0330153747396171,1.0146551922410791,1.018094996841228,0.0
fp16,32,128,64,16,random,1,1,graph_global,chunk2,0.025960201025009157,0.07979289889335632,0.02565230131149292,0.030888399481773375,0.04714849889278412,0.02575629949569702,1.00791656927837,1.0120028105774,0.9959622233690257,0.0
fp16,32,128,64,16,random,2,1,graph_global,global,0.025336301326751708,0.07932490110397339,0.02549630105495453,0.03066830039024353,0.04704450070858002,0.025288298726081848,1.001898213920589,1.0,1.001898213920589,0.0
fp16,32,128,64,16,contiguous,0,1,graph_global,global,0.025724300742149354,0.07966089844703675,0.02594830095767975,0.030584299564361574,0.04711250066757202,0.02642430067062378,0.9735092354117578,1.0,0.9735092354117578,0.0
fp16,32,128,64,16,contiguous,1,1,graph_global,global,0.02541620135307312,0.07918879985809327,0.02567630112171173,0.030684301257133485,0.047204500436782836,0.02554430067539215,0.9949852092665651,1.0,0.9949852092665651,0.0
fp16,32,128,64,16,contiguous,2,1,graph_global,global,0.025640299916267394,0.07906079888343812,0.025804200768470766,0.030652299523353577,0.04689249992370605,0.02544020116329193,1.0078654548244763,1.0,1.0078654548244763,0.0
fp16,32,128,64,16,page-cross,0,1,graph_global,global,0.025412300229072572,0.07940490245819092,0.02581619918346405,0.030624300241470337,0.04692449867725372,0.02644430100917816,0.9609745487412427,1.0,0.9609745487412427,0.0
fp16,32,128,64,16,page-cross,1,1,graph_global,chunk2,0.025568300485610963,0.07933290004730224,0.025536298751831055,0.030808401107788087,0.04686850011348724,0.025420299172401427,1.00582217039248,1.0012531860662703,1.0045632657052113,0.0
fp16,32,128,64,16,page-cross,2,1,graph_global,chunk2,0.025684300065040588,0.07918490171432495,0.025588300824165345,0.030852299928665162,0.04694049954414368,0.025500300526618957,1.0072155831351697,1.0037516848631303,1.0034509513899466,0.0
fp16,32,128,64,16,tail-negative,0,1,graph_global,global,0.025240299105644227,0.0790569007396698,0.025432300567626954,0.03052839934825897,0.04706049859523773,0.02515229880809784,1.003498698000441,1.0,1.003498698000441,0.0
fp16,32,128,64,16,tail-negative,1,1,graph_global,global,0.025320199131965638,0.07945280075073242,0.025456300377845763,0.030700299143791198,0.04680050015449524,0.025036200881004333,1.011343504244559,1.0,1.011343504244559,0.0
fp16,32,128,64,16,tail-negative,2,1,graph_global,global,0.02536819875240326,0.0788968026638031,0.025436198711395262,0.030584299564361574,0.047104498744010924,0.0251801997423172,1.0074661445107647,1.0,1.0074661445107647,0.0
fp16,32,128,64,32,random,0,1,graph_lds_chunked(chunk=2),chunk2,0.040480399131774904,0.15078959465026856,0.038564398884773254,0.038860398530960086,0.04982450008392334,0.03870440125465393,1.0458861994902304,1.049683135285642,0.9963827790808716,0.0
fp16,32,128,64,32,random,1,1,graph_lds_chunked(chunk=2),chunk2,0.04106839895248413,0.15481359958648683,0.03900040090084076,0.03936040103435516,0.05000050067901611,0.03941240012645721,1.0420172032333361,1.053025045996355,0.9895464568436704,0.0
fp16,32,128,64,32,random,2,1,graph_lds_chunked(chunk=2),chunk2,0.04047650098800659,0.15338970422744752,0.039036399126052855,0.03932049870491028,0.050196599960327146,0.038664400577545166,1.0468674124878021,1.0368912577541665,1.0096212159751865,0.0
fp16,32,128,64,32,contiguous,0,1,graph_lds_chunked(chunk=2),chunk4,0.040684500336647035,0.15456559658050537,0.039836400747299196,0.039780399203300475,0.050496500730514524,0.03946450054645538,1.0309138535468234,1.022727301672517,1.0080046282727748,0.0
fp16,32,128,64,32,contiguous,1,1,graph_lds_chunked(chunk=2),chunk2,0.04087649881839752,0.15308560132980348,0.039252400398254395,0.039336401224136355,0.049992498755455014,0.039144501090049744,1.044246258864391,1.0413757732945004,1.0027564359028727,0.0
fp16,32,128,64,32,contiguous,2,1,graph_lds_chunked(chunk=2),chunk2,0.04076040089130402,0.15070159435272218,0.03884440064430237,0.03906050026416778,0.04996849894523621,0.038964399695396425,1.0460933880657166,1.0493250047682918,0.9969202900074903,0.0
fp16,32,128,64,32,page-cross,0,1,graph_lds_chunked(chunk=2),chunk2,0.0407723993062973,0.15082160234451295,0.039008399844169615,0.039008399844169615,0.04996849894523621,0.03906039893627167,1.0438295669437176,1.0452210157087831,0.9986687516380237,0.0
fp16,32,128,64,32,page-cross,1,1,graph_lds_chunked(chunk=2),chunk2,0.04074450135231018,0.15082960128784179,0.03926039934158325,0.03947240114212036,0.049984601140022275,0.03910050094127655,1.0420455076394721,1.0378015006371835,1.0040894207607938,0.0
fp16,32,128,64,32,page-cross,2,1,graph_lds_chunked(chunk=2),chunk2,0.04080440104007721,0.1514816999435425,0.03958050012588501,0.03976849913597107,0.051080501079559325,0.03895640075206756,1.0474376547199773,1.0309218152954007,1.016020457787911,0.0
fp16,32,128,64,32,tail-negative,0,1,graph_lds_chunked(chunk=2),chunk2,0.04032439887523651,0.1553657054901123,0.03974840044975281,0.04019240140914917,0.05152050256729126,0.03874439895153046,1.0407800860630887,1.0144911095532472,1.0259134616974794,0.0
fp16,32,128,64,32,tail-negative,1,1,graph_lds_chunked(chunk=2),chunk2,0.04091640114784241,0.1518617033958435,0.03848850131034851,0.038952401280403136,0.0498445987701416,0.03931640088558197,1.0406954916070965,1.063081173722945,0.9789426408169253,0.0
fp16,32,128,64,32,tail-negative,2,1,graph_lds_chunked(chunk=2),chunk2,0.04011639952659607,0.15061370134353638,0.038804399967193606,0.03926439881324768,0.04994460046291351,0.038520398736000064,1.0414326134455205,1.03381058747234,1.0073727489982631,0.0
fp16,32,128,128,8,random,0,1,graph_global,global,0.030264300107955933,0.0799368977546692,0.03534440100193024,0.04966050088405609,0.07886880040168762,0.030304399132728577,0.9986767919536362,1.0,0.9986767919536362,0.0
fp16,32,128,128,8,random,1,1,graph_global,global,0.028720301389694215,0.07800890207290649,0.0340364009141922,0.04897649884223938,0.07777680158615112,0.028444400429725646,1.0096996581330728,1.0,1.0096996581330728,0.0
fp16,32,128,128,8,random,2,1,graph_global,global,0.028680300712585448,0.07807689905166626,0.03396840095520019,0.04897649884223938,0.07779279947280884,0.028616300225257872,1.002236504608345,1.0,1.002236504608345,0.0
fp16,32,128,128,8,contiguous,0,1,graph_global,global,0.028824299573898315,0.07830079793930053,0.034268298745155336,0.04933260083198547,0.07794889807701111,0.02852030098438263,1.0106590245903138,1.0,1.0106590245903138,0.0
fp16,32,128,128,8,contiguous,1,1,graph_global,global,0.028720399737358092,0.07821679711341858,0.03428440093994141,0.049416500329971316,0.07763289809226989,0.028668299317359924,1.0018173530079832,1.0,1.0018173530079832,0.0
fp16,32,128,128,8,contiguous,2,1,graph_global,global,0.028796300292015076,0.0783528983592987,0.03430039882659912,0.049360498785972595,0.07813680171966553,0.028616398572921753,1.0062866652711342,1.0,1.0062866652711342,0.0
fp16,32,128,128,8,page-cross,0,1,graph_global,global,0.028720301389694215,0.07822880148887634,0.034288299083709714,0.04936060011386871,0.07802090048789978,0.028532299399375915,1.0065890935632904,1.0,1.0065890935632904,0.0
fp16,32,128,128,8,page-cross,1,1,graph_global,global,0.028660300374031066,0.07814080119132996,0.03427639901638031,0.04922449886798859,0.07779690027236938,0.028532299399375915,1.0044861780280474,1.0,1.0044861780280474,0.0
fp16,32,128,128,8,page-cross,2,1,graph_global,global,0.028828299045562743,0.0783128023147583,0.03427239954471588,0.04940049946308136,0.07805280089378357,0.02865239977836609,1.0061390762573914,1.0,1.0061390762573914,0.0
fp16,32,128,128,8,tail-negative,0,1,graph_global,global,0.029840299487113954,0.07854089736938477,0.03456439971923828,0.049360498785972595,0.07805280089378357,0.02966029942035675,1.0060687204874832,1.0,1.0060687204874832,0.0
fp16,32,128,128,8,tail-negative,1,1,graph_global,global,0.028680300712585448,0.0779688000679016,0.033944299817085265,0.04903259873390198,0.07774080038070678,0.02846829891204834,1.0074469430432804,1.0,1.0074469430432804,0.0
fp16,32,128,128,8,tail-negative,2,1,graph_global,global,0.02865630090236664,0.07808480262756348,0.03399229943752289,0.04894450008869171,0.0779367983341217,0.028536298871040346,1.0042052416071405,1.0,1.0042052416071405,0.0
fp16,32,128,128,16,random,0,1,graph_global,global,0.04354850053787231,0.14538960456848143,0.060976600646972655,0.05332059860229492,0.08386489748954773,0.043200400471687314,1.0080577972052165,1.0,1.0080577972052165,0.0
fp16,32,128,128,16,random,1,1,graph_global,global,0.045000499486923216,0.14842560291290283,0.061580699682235715,0.05334460139274597,0.08286889791488647,0.04452440142631531,1.010692969368624,1.0,1.010692969368624,0.0
fp16,32,128,128,16,random,2,1,graph_global,global,0.042772498726844785,0.14547359943389893,0.061088699102401736,0.05277249813079834,0.08241289854049683,0.042552399635314944,1.0051724249023826,1.0,1.0051724249023826,0.0
fp16,32,128,128,16,contiguous,0,1,graph_global,global,0.043632501363754274,0.14443360567092894,0.06154869794845581,0.052408498525619504,0.08318889737129212,0.0432123988866806,1.0097218041094025,1.0,1.0097218041094025,0.0
fp16,32,128,128,16,contiguous,1,1,graph_global,global,0.043600499629974365,0.1447216033935547,0.061348599195480344,0.05275260210037232,0.08284080028533936,0.043432500958442685,1.0038680404725582,1.0,1.0038680404725582,0.0
fp16,32,128,128,16,contiguous,2,1,graph_global,global,0.043400499224662784,0.1448775053024292,0.06162459850311279,0.0528406023979187,0.0829367995262146,0.04311240017414093,1.0066825101214072,1.0,1.0066825101214072,0.0
fp16,32,128,128,16,page-cross,0,1,graph_global,global,0.043372499942779544,0.14542959928512572,0.062152701616287234,0.05286049842834473,0.08288490176200866,0.04316439926624298,1.0048211183307099,1.0,1.0048211183307099,0.0
fp16,32,128,128,16,page-cross,1,1,graph_global,global,0.04325250089168549,0.14504150152206421,0.06111260056495667,0.0526606023311615,0.08283290266990662,0.043040400743484496,1.00492793153728,1.0,1.00492793153728,0.0
fp16,32,128,128,16,page-cross,2,1,graph_global,global,0.04342040121555328,0.14506950378417968,0.06217269897460938,0.05262060165405273,0.08312090039253235,0.04322049915790558,1.00462516772232,1.0,1.00462516772232,0.0
fp16,32,128,128,16,tail-negative,0,1,graph_global,global,0.042996498942375186,0.14515750408172606,0.06045269966125488,0.05286049842834473,0.08322489857673646,0.04308449923992157,0.997957495175786,1.0,0.997957495175786,0.0
fp16,32,128,128,16,tail-negative,1,1,graph_global,global,0.0435685008764267,0.14459359645843506,0.06102859973907471,0.0529446005821228,0.08290879726409912,0.0430763989686966,1.0114239332792816,1.0,1.0114239332792816,0.0
fp16,32,128,128,16,tail-negative,2,1,graph_global,global,0.04274440109729767,0.14444949626922607,0.060272598266601564,0.05219259858131409,0.08269280195236206,0.04266850054264069,1.0017788427924983,1.0,1.0017788427924983,0.0
fp16,32,128,128,32,random,0,1,graph_global,global,0.07235680222511291,0.2778228998184204,0.11245720386505127,0.09894099831581116,0.08918489813804627,0.0726527988910675,0.9959258738758517,1.0,0.9959258738758517,0.0
fp16,32,128,128,32,random,1,1,graph_global,global,0.07228469848632812,0.2789068937301636,0.11337319612503052,0.09966899752616883,0.08928499817848205,0.072188800573349,1.0013284320035445,1.0,1.0013284320035445,0.0
fp16,32,128,128,32,random,2,1,graph_global,global,0.07255280017852783,0.27955100536346433,0.11196520328521728,0.09905310273170471,0.08882089853286743,0.07322070002555847,0.9908782646601644,1.0,0.9908782646601644,0.0
fp16,32,128,128,32,contiguous,0,1,graph_global,global,0.07383679747581481,0.27667100429534913,0.1144171953201294,0.10025299787521362,0.08907700181007386,0.07400479912757874,0.9977298546345041,1.0,0.9977298546345041,0.0
fp16,32,128,128,32,contiguous,1,1,graph_global,global,0.07278079986572265,0.2795989990234375,0.11396520137786866,0.10007309913635254,0.08882099986076356,0.07253680229187012,1.0033637762645056,1.0,1.0033637762645056,0.0
fp16,32,128,128,32,contiguous,2,1,graph_global,global,0.07330480217933655,0.27395899295806886,0.11623729467391967,0.10025709867477417,0.08907700181007386,0.07260469794273376,1.0096426850663986,1.0,1.0096426850663986,0.0
fp16,32,128,128,32,page-cross,0,1,graph_global,global,0.07341279983520507,0.277298903465271,0.11378920078277588,0.10012509822845458,0.08894889950752258,0.07322880029678344,1.0025126662962647,1.0,1.0025126662962647,0.0
fp16,32,128,128,32,page-cross,1,1,graph_global,global,0.07283279895782471,0.2762830018997192,0.1146291971206665,0.10008909702301025,0.08893290162086487,0.07260079979896546,1.003195545496767,1.0,1.003195545496767,0.0
fp16,32,128,128,32,page-cross,2,1,graph_global,global,0.07252870202064514,0.2768150091171265,0.1136132001876831,0.09993709921836853,0.08934890031814575,0.07244880199432373,1.0011028481371944,1.0,1.0011028481371944,0.0
fp16,32,128,128,32,tail-negative,0,1,graph_global,global,0.07276880145072936,0.27651889324188234,0.11074520349502563,0.09921709895133972,0.08933299779891968,0.07310879826545716,0.9953494405216008,1.0,0.9953494405216008,0.0
fp16,32,128,128,32,tail-negative,1,1,graph_global,global,0.07152870297431946,0.27479090690612795,0.11124119758605958,0.09886500239372253,0.08958500027656555,0.07177280187606812,0.99659900553736,1.0,0.99659900553736,0.0
fp16,32,128,128,32,tail-negative,2,1,graph_global,global,0.07165279984474182,0.2773590087890625,0.11089320182800293,0.09882910251617431,0.08886899948120117,0.07209680080413819,0.9938415997042287,1.0,0.9938415997042287,0.0
fp16,32,256,32,8,random,0,1,graph_global,global,0.018104200065135957,0.044668498635292056,0.020756199955940247,0.02886430025100708,0.04465239942073822,0.017812199890613556,1.016393268451713,1.0,1.016393268451713,0.0
fp16,32,256,32,8,random,1,1,graph_global,global,0.018000200390815735,0.04460850059986114,0.020736199617385865,0.028844299912452697,0.044500499963760376,0.017784200608730316,1.0121455997285245,1.0,1.0121455997285245,0.0
fp16,32,256,32,8,random,2,1,graph_global,global,0.017724199593067168,0.04437640011310577,0.020864200592041016,0.02860029935836792,0.044500499963760376,0.017972199618816374,0.9862009085693908,1.0,0.9862009085693908,0.0
fp16,32,256,32,8,contiguous,0,1,graph_global,global,0.017980200052261353,0.04476439952850342,0.020684200525283813,0.02907629907131195,0.044688498973846434,0.017788200080394743,1.0107936705793086,1.0,1.0107936705793086,0.0
fp16,32,256,32,8,contiguous,1,1,graph_global,global,0.017968200147151947,0.04478450119495392,0.02064020037651062,0.02903229892253876,0.04471639990806579,0.01782020032405853,1.0083051716816902,1.0,1.0083051716816902,0.0
fp16,32,256,32,8,contiguous,2,1,graph_global,global,0.017748099565505982,0.0446245014667511,0.02080029994249344,0.028616300225257872,0.045004498958587644,0.01799219995737076,0.9864329880479803,1.0,0.9864329880479803,0.0
fp16,32,256,32,8,page-cross,0,1,graph_global,global,0.018076199293136596,0.04439649879932404,0.020884199440479277,0.028692299127578737,0.044744500517845155,0.017832200229167938,1.0136830599047195,1.0,1.0136830599047195,0.0
fp16,32,256,32,8,page-cross,1,1,graph_global,global,0.017972199618816374,0.04439649879932404,0.02090820074081421,0.028696298599243164,0.04466440081596375,0.017812100052833558,1.0089882476242518,1.0,1.0089882476242518,0.0
fp16,32,256,32,8,page-cross,2,1,graph_global,global,0.01777610033750534,0.04438050091266632,0.02093220055103302,0.028644299507141112,0.04470840096473694,0.018020200729370116,0.9864540692120631,1.0,0.9864540692120631,0.0
fp16,32,256,32,8,tail-negative,0,1,graph_global,global,0.017716200649738313,0.04426850080490112,0.020784200727939607,0.028620299696922303,0.04473240077495575,0.017944200336933135,0.9872939622321566,1.0,0.9872939622321566,0.0
fp16,32,256,32,8,tail-negative,1,1,graph_global,global,0.017940199375152587,0.04460040032863617,0.02072020024061203,0.028824299573898315,0.044400501251220706,0.017728200554847716,1.0119582819276545,1.0,1.0119582819276545,0.0
fp16,32,256,32,8,tail-negative,2,1,graph_global,global,0.01783619970083237,0.044556498527526855,0.021832199394702913,0.028700301051139833,0.04466440081596375,0.017756099998950958,1.0045111089645893,1.0,1.0045111089645893,0.0
fp16,32,256,32,16,random,0,1,graph_global,global,0.02514829933643341,0.07866889834403992,0.02552430033683777,0.03038429915904999,0.046860501170158386,0.025768300890922545,0.9759393699602622,1.0,0.9759393699602622,0.0
fp16,32,256,32,16,random,1,1,graph_global,global,0.024948300421237947,0.07873280048370361,0.025560298562049867,0.03046039938926697,0.04685649871826172,0.0251242995262146,0.9929948651984102,1.0,0.9929948651984102,0.0
fp16,32,256,32,16,random,2,1,graph_global,global,0.025220200419425964,0.07924079895019531,0.025472301244735717,0.030900299549102783,0.047460499405860904,0.025004300475120544,1.0086345124719742,1.0,1.0086345124719742,0.0
fp16,32,256,32,16,contiguous,0,1,graph_global,chunk2,0.025856199860572814,0.07960889935493469,0.025620299577713012,0.03069629967212677,0.046840500831604,0.025460299849510194,1.0155496994694757,1.0092075536487877,1.0062842829482974,0.0
fp16,32,256,32,16,contiguous,1,1,graph_global,global,0.025272300839424132,0.07887679934501649,0.02552030086517334,0.030672401189804077,0.046888500452041626,0.025208300352096556,1.0025388656289258,1.0,1.0025388656289258,0.0
fp16,32,256,32,16,contiguous,2,1,graph_global,chunk2,0.026052200794219972,0.07894080281257629,0.02573629915714264,0.030456298589706422,0.04691250026226044,0.025292301177978517,1.0300447005946254,1.012274555682947,1.0175546691477289,0.0
fp16,32,256,32,16,page-cross,0,1,graph_global,global,0.02526420056819916,0.07869279980659485,0.025348201394081116,0.030528301000595094,0.046660500764846805,0.026096299290657043,0.9681143018329885,1.0,0.9681143018329885,0.0
fp16,32,256,32,16,page-cross,1,1,graph_global,global,0.025296300649642944,0.07887679934501649,0.025424200296401977,0.030556300282478334,0.04637649953365326,0.02517229914665222,1.004926109540821,1.0,1.004926109540821,0.0
fp16,32,256,32,16,page-cross,2,1,graph_global,chunk2,0.02549630105495453,0.07856879830360412,0.02532829940319061,0.03058040142059326,0.04661250114440918,0.02514429986476898,1.0139992440465109,1.006632962169689,1.0073177435606169,0.0
fp16,32,256,32,16,tail-negative,0,1,graph_global,global,0.02504029870033264,0.07938889861106872,0.025568300485610963,0.03080039918422699,0.04695650041103363,0.02490829974412918,1.0052993964886974,1.0,1.0052993964886974,0.0
fp16,32,256,32,16,tail-negative,1,1,graph_global,global,0.025164300203323366,0.07869279980659485,0.025528299808502197,0.030468299984931946,0.046900498867034915,0.02494020015001297,1.0089854953834554,1.0,1.0089854953834554,0.0
fp16,32,256,32,16,tail-negative,2,1,graph_global,global,0.025084200501441955,0.0788927972316742,0.025332298874855042,0.030496299266815186,0.04691250026226044,0.02491219937801361,1.0069042929858754,1.0,1.0069042929858754,0.0
fp16,32,256,32,32,random,0,1,graph_lds_chunked(chunk=2),chunk2,0.04024040102958679,0.15003360509872438,0.03840039968490601,0.039064401388168336,0.049908500909805295,0.03839240074157715,1.0481345331970435,1.0479162029504612,1.0002083470471852,0.0
fp16,32,256,32,32,random,1,1,graph_lds_chunked(chunk=2),chunk2,0.04018439948558807,0.15059759616851806,0.038564398884773254,0.03984040021896362,0.050060498714447024,0.03854439854621887,1.0425483598454044,1.0420076715225155,1.0005188909234217,0.0
fp16,32,256,32,32,random,2,1,graph_lds_chunked(chunk=2),chunk2,0.04030439853668213,0.15128560066223146,0.03874840140342713,0.03920049965381622,0.04981260001659393,0.038564398884773254,1.0451193251347655,1.0401564213463883,1.0047713052446028,0.0
fp16,32,256,32,32,contiguous,0,1,graph_lds_chunked(chunk=2),chunk2,0.040312400460243224,0.15049760341644286,0.038824400305747984,0.03921639919281006,0.0499206006526947,0.03870440125465393,1.0415456421870353,1.0383264169639972,1.0031003980737108,0.0
fp16,32,256,32,32,contiguous,1,1,graph_lds_chunked(chunk=2),chunk2,0.04034039974212646,0.15191359519958497,0.03961640000343323,0.03986839950084686,0.05060060024261474,0.03866840004920959,1.0432394329941004,1.0182752531434076,1.0245161411648065,0.0
fp16,32,256,32,32,contiguous,2,1,graph_lds_chunked(chunk=2),chunk4,0.039956501126289366,0.15020560026168822,0.03882839977741241,0.03864440023899078,0.049836501479148865,0.038664400577545166,1.0334183520096936,1.0339531957847472,0.9994827195493624,0.0
fp16,32,256,32,32,page-cross,0,1,graph_lds_chunked(chunk=2),chunk4,0.04049249887466431,0.15150959491729737,0.03912850022315979,0.03907240033149719,0.05006849765777588,0.038656499981880185,1.0474952179748485,1.0363453110410097,1.0107588723710619,0.0
fp16,32,256,32,32,page-cross,1,1,graph_lds_chunked(chunk=2),chunk2,0.040820398926734926,0.15008959770202637,0.03860439956188202,0.03896850049495697,0.049924600124359134,0.038592401146888736,1.0577315148483786,1.0574027673011908,1.0003109009710904,0.0
fp16,32,256,32,32,page-cross,2,1,graph_lds_chunked(chunk=2),chunk2,0.04040040075778961,0.14996960163116455,0.038552400469779965,0.03890039920806885,0.049788498878479005,0.03872840106487274,1.0431724431410467,1.047934765812008,0.9954555161004979,0.0
fp16,32,256,32,32,tail-negative,0,1,graph_lds_chunked(chunk=2),chunk2,0.039996400475502014,0.15254559516906738,0.03836440145969391,0.03870039880275726,0.04987649917602539,0.03831639885902405,1.0438454987030261,1.042539410331286,1.0012527952025574,0.0
fp16,32,256,32,32,tail-negative,1,1,graph_lds_chunked(chunk=2),chunk2,0.04061239957809448,0.1518895983695984,0.038324400782585144,0.038852399587631224,0.0497765988111496,0.03892439901828766,1.0433661303033543,1.0597008367720917,0.9845855491456497,0.0
fp16,32,256,32,32,tail-negative,2,1,graph_lds_chunked(chunk=2),chunk2,0.03970449864864349,0.14987759590148925,0.03848440051078796,0.038648399710655215,0.04998050034046173,0.03854039907455444,1.0302046580222783,1.0317037064800714,0.9985470165044696,0.0
fp16,32,256,64,8,random,0,1,graph_global,global,0.02865630090236664,0.07821279764175415,0.0338362991809845,0.04889659881591797,0.07798479795455933,0.028372299671173096,1.0100098065537526,1.0,1.0100098065537526,0.0
fp16,32,256,64,8,random,1,1,graph_global,global,0.0284402996301651,0.0781167984008789,0.033888301253318785,0.04884060025215149,0.07794479727745056,0.028420299291610718,1.0007037342692688,1.0,1.0007037342692688,0.0
fp16,32,256,64,8,random,2,1,graph_global,global,0.02868430018424988,0.07815679907798767,0.03385230004787445,0.04886449873447418,0.07784479856491089,0.02841230034828186,1.0095733127073065,1.0,1.0095733127073065,0.0
fp16,32,256,64,8,contiguous,0,1,graph_global,global,0.028400298953056336,0.07843679785728455,0.03393239974975586,0.04922859966754913,0.07817689776420593,0.02844429910182953,0.9984531118655561,1.0,0.9984531118655561,0.0
fp16,32,256,64,8,contiguous,1,1,graph_global,global,0.028612300753593445,0.07834879755973816,0.03375630080699921,0.04882850050926209,0.07824479937553405,0.028376299142837524,1.0083168565981053,1.0,1.0083168565981053,0.0
fp16,32,256,64,8,contiguous,2,1,graph_global,global,0.02841629981994629,0.0782047986984253,0.03410040140151978,0.0489205002784729,0.07838490009307861,0.028772300481796263,0.9876269656618104,1.0,0.9876269656618104,0.0
fp16,32,256,64,8,page-cross,0,1,graph_global,global,0.028588300943374632,0.0778328001499176,0.0337363988161087,0.04875659942626953,0.07727280259132385,0.028392300009727478,1.0069033129961293,1.0,1.0069033129961293,0.0
fp16,32,256,64,8,page-cross,1,1,graph_global,global,0.028220298886299133,0.07743679881095886,0.03374829888343811,0.04858050048351288,0.07779679894447326,0.02846829891204834,0.9912885548056316,1.0,0.9912885548056316,0.0
fp16,32,256,64,8,page-cross,2,1,graph_global,global,0.02859629988670349,0.07784479856491089,0.03370830118656158,0.048776501417160036,0.07733280062675477,0.028480300307273866,1.004072975993164,1.0,1.004072975993164,0.0
fp16,32,256,64,8,tail-negative,0,1,graph_global,global,0.02870439887046814,0.07778080105781555,0.034004399180412294,0.04868449866771698,0.07809680104255676,0.028316301107406617,1.0137058071811509,1.0,1.0137058071811509,0.0
fp16,32,256,64,8,tail-negative,1,1,graph_global,global,0.02830429971218109,0.07794889807701111,0.03405640125274658,0.04865249991416931,0.07782089710235596,0.02848829925060272,0.993541224177581,1.0,0.993541224177581,0.0
fp16,32,256,64,8,tail-negative,2,1,graph_global,global,0.02851629853248596,0.07805280089378357,0.03386029899120331,0.0487405002117157,0.07804080247879028,0.028408300876617432,1.0038016232064557,1.0,1.0038016232064557,0.0
fp16,32,256,64,16,random,0,1,graph_global,global,0.04277240037918091,0.14476150274276733,0.0602927029132843,0.052352499961853025,0.08259689807891846,0.042460501194000244,1.0073456312669418,1.0,1.0073456312669418,0.0
fp16,32,256,64,16,random,1,1,graph_global,global,0.0426485002040863,0.14453359842300414,0.05972059965133667,0.05242059826850891,0.08319690227508544,0.04246039986610413,1.0044300180538888,1.0,1.0044300180538888,0.0
fp16,32,256,64,16,random,2,1,graph_global,global,0.04354850053787231,0.1471935987472534,0.059908699989318845,0.05203250050544739,0.08265290260314942,0.0433324009180069,1.0049870216117107,1.0,1.0049870216117107,0.0
fp16,32,256,64,16,contiguous,0,1,graph_global,global,0.04282450079917908,0.14474960565567016,0.06075659990310669,0.0526606023311615,0.0830528974533081,0.04257639944553375,1.0058272037296794,1.0,1.0058272037296794,0.0
fp16,32,256,64,16,contiguous,1,1,graph_global,global,0.04318050146102905,0.14702160358428956,0.06149669885635376,0.05278850197792053,0.08274490237236024,0.043412399291992185,0.9946582581302778,1.0,0.9946582581302778,0.0
fp16,32,256,64,16,contiguous,2,1,graph_global,global,0.04292440116405487,0.1448294997215271,0.06078060269355774,0.05264859795570374,0.08249689936637879,0.0429764986038208,0.9987877690957052,1.0,0.9987877690957052,0.0
fp16,32,256,64,16,page-cross,0,1,graph_global,global,0.042796400189399716,0.14426950216293336,0.06015269756317139,0.053164499998092654,0.08250489830970764,0.04260439872741699,1.0045066112354069,1.0,1.0045066112354069,0.0
fp16,32,256,64,16,page-cross,1,1,graph_global,global,0.04295650124549866,0.1445255994796753,0.059648597240448,0.05220860242843628,0.08212490081787109,0.042796400189399716,1.0037409935272685,1.0,1.0037409935272685,0.0
fp16,32,256,64,16,page-cross,2,1,graph_global,global,0.042776501178741454,0.1440176010131836,0.05926859974861145,0.051908499002456664,0.08264489769935608,0.043944400548934934,0.9734232494787829,1.0,0.9734232494787829,0.0
fp16,32,256,64,16,tail-negative,0,1,graph_global,global,0.042568498849868776,0.14448150396347045,0.06010069847106934,0.05257250070571899,0.08280490040779113,0.04213640093803406,1.0102547417960581,1.0,1.0102547417960581,0.0
fp16,32,256,64,16,tail-negative,1,1,graph_global,global,0.042744499444961545,0.14510560035705566,0.05976859927177429,0.05223659873008728,0.0824688971042633,0.04266040027141571,1.0019713639115146,1.0,1.0019713639115146,0.0
fp16,32,256,64,16,tail-negative,2,1,graph_global,global,0.04285250008106232,0.1446774959564209,0.059816598892211914,0.05227659940719605,0.08239690065383912,0.04222840070724487,1.0147791382899891,1.0,1.0147791382899891,0.0
fp16,32,256,64,32,random,0,1,graph_global,global,0.07167680263519287,0.2782109022140503,0.11070120334625244,0.098649001121521,0.08827289938926697,0.07162079811096192,1.0007819589519817,1.0,1.0007819589519817,0.0
fp16,32,256,64,32,random,1,1,graph_global,global,0.07244480252265931,0.2786870002746582,0.11160509586334229,0.09839709997177123,0.08842089772224426,0.0730006992816925,0.9923850488488045,1.0,0.9923850488488045,0.0
fp16,32,256,64,32,random,2,1,graph_global,global,0.07189279794692993,0.27589490413665774,0.1106492042541504,0.09840899705886841,0.08881289958953857,0.07210879921913146,0.9970045088180552,1.0,0.9970045088180552,0.0
fp16,32,256,64,32,contiguous,0,1,graph_global,global,0.07352780103683472,0.27794299125671384,0.11172109842300415,0.09892510175704956,0.08862490057945252,0.0722208023071289,1.0180972612869574,1.0,1.0180972612869574,0.0
fp16,32,256,64,32,contiguous,1,1,graph_global,global,0.07245669960975647,0.27517900466918943,0.11184519529342651,0.0988690972328186,0.08861700296401978,0.07230880260467529,1.0020453527060842,1.0,1.0020453527060842,0.0
fp16,32,256,64,32,contiguous,2,1,graph_global,global,0.07245280146598816,0.2742348909378052,0.11163320541381835,0.0989450991153717,0.08867290019989013,0.07206879854202271,1.005328282581838,1.0,1.005328282581838,0.0
fp16,32,256,64,32,page-cross,0,1,graph_global,global,0.07225270271301269,0.27954699993133547,0.11164920330047608,0.09826099872589111,0.08855289816856385,0.07200869917869568,1.0033885285680761,1.0,1.0033885285680761,0.0
fp16,32,256,64,32,page-cross,1,1,graph_global,global,0.0715287983417511,0.2777829885482788,0.11164920330047608,0.09806510210037231,0.08849290013313293,0.07120879888534545,1.004493819042235,1.0,1.004493819042235,0.0
fp16,32,256,64,32,page-cross,2,1,graph_global,global,0.0718167006969452,0.2714229106903076,0.11076910495758056,0.09799309968948364,0.088680899143219,0.07168880105018616,1.0017840952127166,1.0,1.0017840952127166,0.0
fp16,32,256,64,32,tail-negative,0,1,graph_global,global,0.0714286983013153,0.27449491024017336,0.11047710180282592,0.09845309853553771,0.08948090076446533,0.07116870284080505,1.0036532274740462,1.0,1.0036532274740462,0.0
fp16,32,256,64,32,tail-negative,1,1,graph_global,global,0.07294480204582214,0.28137500286102296,0.11067320108413696,0.09841309785842896,0.08851699829101563,0.07290480136871338,1.000548669996458,1.0,1.000548669996458,0.0
fp16,32,256,64,32,tail-negative,2,1,graph_global,global,0.07161269783973694,0.2788549900054932,0.11035720109939576,0.09842100143432617,0.08852900266647339,0.07150070071220398,1.0015663780412971,1.0,1.0015663780412971,0.0
fp16,32,256,128,8,random,0,0,graph_global,global,0.052668601274490356,,,,,0.052352499961853025,1.006037941127313,1.0,1.006037941127313,0.0
fp16,32,256,128,8,random,1,0,graph_global,global,0.04970049858093262,,,,,0.049792501330375674,0.9981522770098933,1.0,0.9981522770098933,0.0
fp16,32,256,128,8,random,2,0,graph_global,global,0.050068598985671994,,,,,0.05008450150489807,0.9996824862233176,1.0,0.9996824862233176,0.0
fp16,32,256,128,8,contiguous,0,0,graph_global,global,0.04997250139713287,,,,,0.050204497575759885,0.99537897619079,1.0,0.99537897619079,0.0
fp16,32,256,128,8,contiguous,1,0,graph_global,global,0.05112149715423584,,,,,0.04964050054550171,1.029834441483454,1.0,1.029834441483454,0.0
fp16,32,256,128,8,contiguous,2,0,graph_global,global,0.04969649910926819,,,,,0.04965650141239166,1.0008054876146901,1.0,1.0008054876146901,0.0
fp16,32,256,128,8,page-cross,0,0,graph_global,global,0.05045250058174133,,,,,0.04994460046291351,1.010169269833382,1.0,1.010169269833382,0.0
fp16,32,256,128,8,page-cross,1,0,graph_global,global,0.04989649951457977,,,,,0.049164599180221556,1.0148867344911183,1.0,1.0148867344911183,0.0
fp16,32,256,128,8,page-cross,2,0,graph_global,global,0.04954459965229034,,,,,0.04938859939575195,1.0031586288829202,1.0,1.0031586288829202,0.0
fp16,32,256,128,8,tail-negative,0,0,graph_global,global,0.05209259986877442,,,,,0.05270050168037414,0.9884649710682715,1.0,0.9884649710682715,0.0
fp16,32,256,128,8,tail-negative,1,0,graph_global,global,0.05080459713935852,,,,,0.050232499837875366,1.0113889872757595,1.0,1.0113889872757595,0.0
fp16,32,256,128,8,tail-negative,2,0,graph_global,global,0.04988049864768982,,,,,0.04942860007286072,1.0091424514180651,1.0,1.0091424514180651,0.0
fp16,32,256,128,16,random,0,0,graph_global,global,0.07888479828834534,,,,,0.07862480282783509,1.0033067868046621,1.0,1.0033067868046621,0.0
fp16,32,256,128,16,random,1,0,graph_global,global,0.07854880094528198,,,,,0.07898480296134949,0.9944799252549776,1.0,0.9944799252549776,0.0
fp16,32,256,128,16,random,2,0,graph_global,global,0.07762489914894104,,,,,0.0779088020324707,0.9963559588117997,1.0,0.9963559588117997,0.0
fp16,32,256,128,16,contiguous,0,0,graph_global,global,0.07950890064239502,,,,,0.08071280121803284,0.9850841433146933,1.0,0.9850841433146933,0.0
fp16,32,256,128,16,contiguous,1,0,graph_global,global,0.08151289820671082,,,,,0.08256080150604247,0.9873074960487761,1.0,0.9873074960487761,0.0
fp16,32,256,128,16,contiguous,2,0,graph_global,global,0.08132879734039307,,,,,0.08102489709854126,1.0037507019784575,1.0,1.0037507019784575,0.0
fp16,32,256,128,16,page-cross,0,0,graph_global,global,0.08240489959716797,,,,,0.08146489858627319,1.0115387243734097,1.0,1.0115387243734097,0.0
fp16,32,256,128,16,page-cross,1,0,graph_global,global,0.0804368019104004,,,,,0.08025280237197877,1.0022927490752134,1.0,1.0022927490752134,0.0
fp16,32,256,128,16,page-cross,2,0,graph_global,global,0.07997289896011353,,,,,0.07937290072441101,1.0075592328140528,1.0,1.0075592328140528,0.0
fp16,32,256,128,16,tail-negative,0,0,graph_global,global,0.07968090176582336,,,,,0.08068090081214904,0.9876055046949216,1.0,0.9876055046949216,0.0
fp16,32,256,128,16,tail-negative,1,0,graph_global,global,0.08231289982795716,,,,,0.08402090072631836,0.9796717140188168,1.0,0.9796717140188168,0.0
fp16,32,256,128,16,tail-negative,2,0,graph_global,global,0.08235689997673035,,,,,0.0821448028087616,1.002581991321624,1.0,1.002581991321624,0.0
fp16,32,256,128,32,random,0,0,graph_global,global,0.14359359741210936,,,,,0.1408015012741089,1.0198300168161196,1.0,1.0198300168161196,0.0
fp16,32,256,128,32,random,1,0,graph_global,global,0.140249502658844,,,,,0.14334549903869628,0.9784018584426114,1.0,0.9784018584426114,0.0
fp16,32,256,128,32,random,2,0,graph_global,global,0.14373749494552612,,,,,0.1469854950904846,0.9779025805032053,1.0,0.9779025805032053,0.0
fp16,32,256,128,32,contiguous,0,0,graph_global,global,0.14801759719848634,,,,,0.14302150011062623,1.0349324897585024,1.0,1.0349324897585024,0.0
fp16,32,256,128,32,contiguous,1,0,graph_global,global,0.14654159545898438,,,,,0.1435974955558777,1.0205024460329883,1.0,1.0205024460329883,0.0
fp16,32,256,128,32,contiguous,2,0,graph_global,global,0.14406150579452515,,,,,0.14357349872589112,1.003399005199182,1.0,1.003399005199182,0.0
fp16,32,256,128,32,page-cross,0,0,graph_global,global,0.1426414966583252,,,,,0.14246560335159303,1.0012346370112797,1.0,1.0012346370112797,0.0
fp16,32,256,128,32,page-cross,1,0,graph_global,global,0.14192949533462523,,,,,0.1430775046348572,0.9919763116979028,1.0,0.9919763116979028,0.0
fp16,32,256,128,32,page-cross,2,0,graph_global,global,0.14548150300979615,,,,,0.14434950351715087,1.0078420740290996,1.0,1.0078420740290996,0.0
fp16,32,256,128,32,tail-negative,0,0,graph_global,global,0.14364559650421144,,,,,0.14474949836730958,0.9923737085409655,1.0,0.9923737085409655,0.0
fp16,32,256,128,32,tail-negative,1,0,graph_global,global,0.14677350521087645,,,,,0.1424934983253479,1.0300365064780446,1.0,1.0300365064780446,0.0
fp16,32,256,128,32,tail-negative,2,0,graph_global,global,0.1443055033683777,,,,,0.14145350456237793,1.0201620936492393,1.0,1.0201620936492393,0.0
fp16,128,64,32,8,random,0,1,graph_lds_chunked(chunk=2),chunk4,0.016992199420928954,0.02119619995355606,0.01682019978761673,0.0166922003030777,0.02135220021009445,0.016884100437164307,1.0064024129782305,1.0179724130075256,0.9886342695720876,0.0
fp16,128,64,32,8,random,1,1,graph_lds_chunked(chunk=2),chunk4,0.01724420040845871,0.02120420038700104,0.016676199436187745,0.016412200033664705,0.021312299370765685,0.016696199774742126,1.0328218780986074,1.0506940186621785,0.9829901567477017,0.0
fp16,128,64,32,8,random,2,1,graph_lds_chunked(chunk=2),chunk4,0.017140200734138487,0.02060820013284683,0.016592200100421905,0.01623619943857193,0.021052299439907073,0.017468200623989107,0.981223029382879,1.0556781344665518,0.9294717749162287,0.0
fp16,128,64,32,8,contiguous,0,1,graph_lds_chunked(chunk=2),chunk2,0.01676419973373413,0.020860199630260468,0.01628420054912567,0.016416199505329132,0.02072419971227646,0.016192199289798738,1.0353256795879333,1.0294763739343797,1.0056818260250104,0.0
fp16,128,64,32,8,contiguous,1,1,graph_lds_chunked(chunk=2),chunk4,0.016644200682640074,0.020572200417518616,0.016416099667549134,0.016224099695682524,0.020960299670696257,0.016444200277328493,1.0121623673963227,1.0258936393906248,0.9866153064342436,0.0
fp16,128,64,32,8,contiguous,2,1,graph_lds_chunked(chunk=2),chunk4,0.01657620072364807,0.020604200661182404,0.01649619936943054,0.016252200305461883,0.020996199548244478,0.016408100724220276,1.0102449395120825,1.019935787899273,0.9904985701039569,0.0
fp16,128,64,32,8,page-cross,0,1,graph_lds_chunked(chunk=2),chunk4,0.01655610054731369,0.020520299673080444,0.016376100480556488,0.016168199479579926,0.020812200009822847,0.016336199641227723,1.0134609585408716,1.0239916057581846,0.9897160805243947,0.0
fp16,128,64,32,8,page-cross,1,1,graph_lds_chunked(chunk=2),chunk4,0.01639219969511032,0.020496299862861632,0.016384099423885346,0.0162881001830101,0.020904199779033662,0.017452199757099152,0.9392626673575835,1.0063911389867803,0.9332978312023088,0.0
fp16,128,64,32,8,page-cross,2,1,graph_lds_chunked(chunk=2),chunk4,0.016432200372219086,0.020576199889183043,0.016384199261665344,0.016200199723243713,0.02092829942703247,0.01636819988489151,1.0039100504501202,1.014320851158551,0.989736185846382,0.0
fp16,128,64,32,8,tail-negative,0,1,graph_lds_chunked(chunk=2),chunk4,0.016800199449062348,0.020572200417518616,0.016432200372219086,0.01614820063114166,0.020896300673484802,0.016196200251579286,1.037292648158272,1.0403759423612382,0.9970363653392749,0.0
fp16,128,64,32,8,tail-negative,1,1,graph_lds_chunked(chunk=2),chunk2,0.016816200315952302,0.020792199671268462,0.016244199872016907,0.016372199356555938,0.02066819965839386,0.016256199777126314,1.034448428692046,1.0352125957844653,0.9992618259326334,0.0
fp16,128,64,32,8,tail-negative,2,1,graph_lds_chunked(chunk=2),chunk2,0.016708199679851533,0.020840199291706087,0.01626420021057129,0.016332200169563292,0.02072020024061203,0.016244199872016907,1.0285640297146266,1.0272991886186729,1.001231229528814,0.0
fp16,128,64,32,16,random,0,1,graph_lds_chunked(chunk=4),chunk4,0.025424200296401977,0.03403629958629608,0.02380419969558716,0.023536300659179686,0.024336299300193785,0.02334820032119751,1.0889147748710934,1.0802122501985445,1.0080563099251554,0.0
fp16,128,64,32,16,random,1,1,graph_lds_chunked(chunk=4),chunk4,0.025416299700737,0.03401229977607727,0.0237963005900383,0.023568299412727357,0.024364300072193146,0.02329619973897934,1.0910062579095376,1.0784104213735373,1.0116800026097277,0.0
fp16,128,64,32,16,random,2,1,graph_lds_chunked(chunk=4),chunk4,0.025460299849510194,0.03418039977550506,0.023832300305366518,0.023672300577163696,0.02448830008506775,0.023516300320625304,1.0826660445044527,1.0755312846133491,1.0066337074459613,0.0
fp16,128,64,32,16,contiguous,0,1,graph_lds_chunked(chunk=4),chunk4,0.02542020082473755,0.03412030041217804,0.02379619926214218,0.02348019927740097,0.024316300451755524,0.02335219979286194,1.0885570117684473,1.0826228740402462,1.005481260252756,0.0
fp16,128,64,32,16,contiguous,1,1,graph_lds_chunked(chunk=4),chunk4,0.02517229914665222,0.033872398734092715,0.02398830056190491,0.023304200172424315,0.024560199677944185,0.023484300076961517,1.0718777678772151,1.0801614713401926,0.992331050789379,0.0
fp16,128,64,32,16,contiguous,2,1,graph_lds_chunked(chunk=4),chunk4,0.02520419955253601,0.03379630148410797,0.023888300359249114,0.02323630005121231,0.024504299461841583,0.02353219985961914,1.071051567762094,1.0846907423723438,0.9874257481165376,0.0
fp16,128,64,32,16,page-cross,0,1,graph_lds_chunked(chunk=4),chunk4,0.025216200947761537,0.03393630087375641,0.023904299736022948,0.023340299725532532,0.024560299515724183,0.023364199697971343,1.0792666247391731,1.080371770897908,0.9989770686457159,0.0
fp16,128,64,32,16,page-cross,1,1,graph_lds_chunked(chunk=4),chunk4,0.025244298577308654,0.0339123010635376,0.023548200726509094,0.02340420037508011,0.024292300641536712,0.023248200118541718,1.0858603439659373,1.0786225623067136,1.0067102079190196,0.0
fp16,128,64,32,16,page-cross,2,1,graph_lds_chunked(chunk=4),chunk4,0.025336301326751708,0.03408040106296539,0.02371630072593689,0.023548200726509094,0.024300199747085572,0.02335219979286194,1.0849642239912767,1.0759336401540727,1.0083932535429516,0.0
fp16,128,64,32,16,tail-negative,0,1,graph_lds_chunked(chunk=4),chunk4,0.025276300311088563,0.033976399898529054,0.0237402006983757,0.02348420023918152,0.026006200909614564,0.023296299576759338,1.0849920704275497,1.0763108836432533,1.008065687076313,0.0
fp16,128,64,32,16,tail-negative,1,1,graph_lds_chunked(chunk=4),chunk4,0.025216200947761537,0.033844301104545595,0.023928199708461762,0.023532299697399138,0.024732300639152528,0.02348019927740097,1.0739347077020518,1.071557020436405,1.0022189087657494,0.0
fp16,128,64,32,16,tail-negative,2,1,graph_lds_chunked(chunk=4),chunk4,0.025504299998283388,0.03416439890861511,0.02376430034637451,0.023492300510406496,0.024560299515724183,0.023396299779415132,1.0900997268261603,1.0856450600478922,1.0041032441837587,0.0
fp16,128,64,32,32,random,0,1,graph_lds_chunked(chunk=4),chunk4,0.042752400040626526,0.06066460013389587,0.038620400428771975,0.0361844003200531,0.03770039975643158,0.03610039949417114,1.184263903991684,1.181514676558934,1.0023268669338554,0.0
fp16,128,64,32,32,random,1,1,graph_lds_chunked(chunk=4),chunk4,0.04280450046062469,0.06167659759521484,0.03955239951610565,0.03734039962291717,0.03868040144443512,0.03718430101871491,1.1511444154639652,1.1463321467602612,1.0041979706469055,0.0
fp16,128,64,32,32,random,2,1,graph_lds_chunked(chunk=4),chunk4,0.04384050071239472,0.0631367027759552,0.0395924985408783,0.037108400464057924,0.03868840038776398,0.03767240047454834,1.1637299497815006,1.1814171498676507,0.9850288273806322,0.0
fp16,128,64,32,32,contiguous,0,1,graph_lds_chunked(chunk=4),chunk4,0.04434050023555756,0.061732697486877444,0.04057239890098572,0.03664039969444275,0.038592401146888736,0.03728440105915069,1.189250704744125,1.210153289956678,0.9827273243926796,0.0
fp16,128,64,32,32,contiguous,1,1,graph_lds_chunked(chunk=4),chunk4,0.043232500553131104,0.06137670278549194,0.039700499176979064,0.03663240075111389,0.038592401146888736,0.03684439957141876,1.1733805152484498,1.180171096261457,0.9942461046245594,0.0
fp16,128,64,32,32,contiguous,2,1,graph_lds_chunked(chunk=4),chunk4,0.04310440123081207,0.0609686017036438,0.03865239918231964,0.03618040084838867,0.03884440064430237,0.03628039956092834,1.1880905875477936,1.1913743413578506,0.9972437262612907,0.0
fp16,128,64,32,32,page-cross,0,1,graph_lds_chunked(chunk=4),chunk4,0.04226050078868866,0.060288697481155396,0.039680498838424685,0.03598439991474152,0.03811239898204803,0.036120399832725525,1.1699898391047192,1.1744117142099693,0.9962348169285549,0.0
fp16,128,64,32,32,page-cross,1,1,graph_lds_chunked(chunk=4),chunk4,0.04314039945602417,0.0607886016368866,0.0386243999004364,0.03660039901733399,0.03824039995670318,0.03648839890956879,1.1823045336393467,1.1786865885148639,1.0030694716981903,0.0
fp16,128,64,32,32,page-cross,2,1,graph_lds_chunked(chunk=4),chunk4,0.04341639876365662,0.061148601770401004,0.038780400156974794,0.036376398801803586,0.037824401259422304,0.03685239851474762,1.1781159575348186,1.1935320755693932,0.9870836164774038,0.0
fp16,128,64,32,32,tail-negative,0,1,graph_lds_chunked(chunk=4),chunk4,0.04274440109729767,0.06068860292434693,0.039096400141716,0.036164399981498715,0.03798440098762512,0.036204400658607486,1.1806410358884183,1.181946917940439,0.9988951432317315,0.0
fp16,128,64,32,32,tail-negative,1,1,graph_lds_chunked(chunk=4),chunk4,0.04264439940452576,0.0606365978717804,0.039220398664474486,0.03618029952049255,0.0378603994846344,0.03606039881706238,1.1825825782145285,1.1786635259990574,1.0033249965991347,0.0
fp16,128,64,32,32,tail-negative,2,1,graph_lds_chunked(chunk=4),chunk4,0.04262450039386749,0.061400598287582396,0.039196398854255673,0.036232399940490725,0.03774439990520477,0.03601239919662476,1.1836062396493274,1.176419460589841,1.0061090276897349,0.0
fp16,128,64,64,8,random,0,1,graph_lds_chunked(chunk=2),chunk4,0.024792300164699556,0.03063639998435974,0.02388020008802414,0.023848199844360353,0.030916300415992738,0.02350829988718033,1.0546190189712283,1.039587907116707,1.014458721337198,0.0
fp16,128,64,64,8,random,1,1,graph_lds_chunked(chunk=2),chunk2,0.02489220052957535,0.03053629994392395,0.02342430055141449,0.023868300020694733,0.030416300892829894,0.023492200672626494,1.0595942405080916,1.0626656909109808,0.9971096738803562,0.0
fp16,128,64,64,8,random,2,1,graph_lds_chunked(chunk=2),chunk4,0.024788300693035125,0.030424299836158752,0.023668299615383147,0.023632299900054932,0.030632299184799195,0.02343219965696335,1.0578733988240316,1.0489161358762846,1.008539541571895,0.0
fp16,128,64,64,8,contiguous,0,1,graph_lds_chunked(chunk=2),chunk2,0.024768200516700745,0.030584299564361574,0.02345629930496216,0.02388020008802414,0.030516299605369567,0.023436200618743897,1.0568351466018573,1.0559295903706793,1.0008575914904136,0.0
fp16,128,64,64,8,contiguous,1,1,graph_lds_chunked(chunk=2),chunk2,0.024564200639724733,0.030308300256729127,0.023596300184726714,0.023620299994945526,0.030708301067352294,0.023664200305938722,1.0380321465399425,1.0410191617931914,0.9971306817752481,0.0
fp16,128,64,64,8,contiguous,2,1,graph_lds_chunked(chunk=2),chunk2,0.024792300164699556,0.030624300241470337,0.023476199805736543,0.02390419989824295,0.030488300323486327,0.02342830002307892,1.0582201926847863,1.0560610477783299,1.002044526602888,0.0
fp16,128,64,64,8,page-cross,0,1,graph_lds_chunked(chunk=2),chunk2,0.024452300369739534,0.03053230047225952,0.023196299374103547,0.023724299669265748,0.030148300528526305,0.02337229996919632,1.0462085632122902,1.0541466108614805,0.9924696929559892,0.0
fp16,128,64,64,8,page-cross,1,1,graph_lds_chunked(chunk=2),chunk2,0.024296300113201143,0.030308300256729127,0.02331620007753372,0.023700299859046935,0.030104398727416992,0.02331629991531372,1.042030691037894,1.0420351529154956,0.9999957181122064,0.0
fp16,128,64,64,8,page-cross,2,1,graph_lds_chunked(chunk=2),chunk2,0.024316300451755524,0.030656400322914123,0.023444299399852753,0.023848199844360353,0.030388298630714416,0.023284199833869933,1.044326222298791,1.0371945877771995,1.0068758886766611,0.0
fp16,128,64,64,8,tail-negative,0,1,graph_lds_chunked(chunk=2),chunk4,0.024740199744701385,0.03035629987716675,0.02360830008983612,0.023604300618171693,0.03061630129814148,0.02342420071363449,1.056181171223524,1.0481225495685826,1.0076886253981068,0.0
fp16,128,64,64,8,tail-negative,1,1,graph_lds_chunked(chunk=2),chunk2,0.024868300557136534,0.030820399522781372,0.02350820004940033,0.02380419969558716,0.030372300744056703,0.023632299900054932,1.0523013275182214,1.057856429028087,0.9947487188644591,0.0
fp16,128,64,64,8,tail-negative,2,1,graph_lds_chunked(chunk=2),chunk2,0.02470420002937317,0.03056429922580719,0.023340299725532532,0.023548200726509094,0.030596300959587097,0.02348019927740097,1.052129061491836,1.0584354237040339,0.9940418073025858,0.0
fp16,128,64,64,16,random,0,1,graph_lds_chunked(chunk=4),chunk4,0.0412324994802475,0.052336502075195315,0.03690440058708191,0.035508400201797484,0.03827640116214752,0.03544439971446991,1.1633008264325222,1.1612040882134773,1.0018056586609774,0.0
fp16,128,64,64,16,random,1,1,graph_lds_chunked(chunk=4),chunk4,0.04035640060901642,0.05272060036659241,0.03725639879703522,0.03605639934539795,0.038676398992538455,0.035760301351547244,1.1285251825001839,1.1192576447367117,1.0082800754652448,0.0
fp16,128,64,64,16,random,2,1,graph_lds_chunked(chunk=4),chunk4,0.04120439887046814,0.053424501419067384,0.037204399704933167,0.03594839870929718,0.03830839991569519,0.036224400997161864,1.1374763346313566,1.1462095767790519,0.9923807632350827,0.0
fp16,128,64,64,16,contiguous,0,1,graph_lds_chunked(chunk=4),chunk4,0.042840400338172914,0.05338850021362305,0.03743639886379242,0.03612439930438995,0.03824039995670318,0.03628840148448944,1.1805535263514972,1.1859131546297246,0.9954805895715857,0.0
fp16,128,64,64,16,contiguous,1,1,graph_lds_chunked(chunk=4),chunk4,0.04034450054168701,0.05261650085449219,0.037208399176597594,0.03585630059242249,0.03820039927959442,0.03565239906311035,1.1316068932772492,1.12517186310662,1.0057191531192948,0.0
fp16,128,64,64,16,contiguous,2,1,graph_lds_chunked(chunk=4),chunk4,0.04232839941978454,0.052568501234054564,0.037064400315284726,0.035936400294303894,0.0381523996591568,0.03628840148448944,1.1664443097025574,1.1778697663965474,0.9902998981551723,0.0
fp16,128,64,64,16,page-cross,0,1,graph_lds_chunked(chunk=4),chunk4,0.04140439927577973,0.053580498695373534,0.03742440044879913,0.03566429913043976,0.038020399212837216,0.03608840107917786,1.1473048967987964,1.1609480709082756,0.9882482477456505,0.0
fp16,128,64,64,16,page-cross,1,1,graph_lds_chunked(chunk=4),chunk4,0.03972840011119842,0.052508598566055296,0.03666040003299713,0.03562839925289154,0.038024500012397766,0.03553229868412018,1.1180925969462687,1.1150767630396454,1.002704597572639,0.0
fp16,128,64,64,16,page-cross,2,1,graph_lds_chunked(chunk=4),chunk4,0.039680400490760805,0.052312600612640384,0.03666439950466156,0.03578839898109436,0.03834039866924286,0.03552039861679077,1.1171158555637257,1.1087503666124445,1.0075449706292683,0.0
fp16,128,64,64,16,tail-negative,0,1,graph_lds_chunked(chunk=4),chunk4,0.040740498900413515,0.053268599510192874,0.037396401166915894,0.03561240136623382,0.038696500658988955,0.036104398965835574,1.1284081737232334,1.1439975215780291,0.986372918156945,0.0
fp16,128,64,64,16,tail-negative,1,1,graph_lds_chunked(chunk=4),chunk4,0.04074839949607849,0.05362449884414673,0.03808439970016479,0.0365323007106781,0.03926039934158325,0.03660039901733399,1.1133321108543108,1.1154074258500795,0.9981394108128813,0.0
fp16,128,64,64,16,tail-negative,2,1,graph_lds_chunked(chunk=4),chunk4,0.040980398654937744,0.053256601095199585,0.03774439990520477,0.03620040118694305,0.03877249956130981,0.03645240068435669,1.1242167288181986,1.1320426655856721,0.993086888855532,0.0
fp16,128,64,64,32,random,0,1,graph_lds_chunked(chunk=4),chunk4,0.07125279903411866,0.0987371027469635,0.06487269997596741,0.0598766028881073,0.06136069893836975,0.05866860151290894,1.2144962926794973,1.1899940143109038,1.0205902534583606,0.0
fp16,128,64,64,32,random,1,1,graph_lds_chunked(chunk=4),chunk4,0.07260079979896546,0.1014009952545166,0.06592069864273072,0.060912597179412845,0.06196860074996948,0.06047670245170593,1.200475503057418,1.191884817932258,1.0072076470778974,0.0
fp16,128,64,64,32,random,2,1,graph_lds_chunked(chunk=4),chunk4,0.07351279854774476,0.10136909484863281,0.06492069959640503,0.060400599241256715,0.06158469915390015,0.061636602878570555,1.1926808927573658,1.2170872387228193,0.9799469214786403,0.0
fp16,128,64,64,32,contiguous,0,1,graph_lds_chunked(chunk=4),chunk4,0.07442079782485962,0.10125709772109985,0.06504070162773132,0.05919259786605835,0.06143270134925842,0.06101269721984863,1.219759184825041,1.2572652748450035,0.970168515133303,0.0
fp16,128,64,64,32,contiguous,1,1,graph_lds_chunked(chunk=4),chunk4,0.07219269871711731,0.09903309941291809,0.06603270173072814,0.0599806010723114,0.062012702226638794,0.05980070233345032,1.2072215860370483,1.2036007880295039,1.003008304783077,0.0
fp16,128,64,64,32,contiguous,2,1,graph_lds_chunked(chunk=4),chunk4,0.07374879717826843,0.10174109935760497,0.06672480106353759,0.0602325975894928,0.06128469705581665,0.060616600513458255,1.216643568817333,1.2244000778597244,0.9936650534554442,0.0
fp16,128,64,64,32,page-cross,0,1,graph_lds_chunked(chunk=4),chunk4,0.07201269865036011,0.09879299998283386,0.06434869766235352,0.06012070178985596,0.062136602401733396,0.05867670178413391,1.2272792515722524,1.197802030024052,1.0246094269414527,0.0
fp16,128,64,64,32,page-cross,1,1,graph_lds_chunked(chunk=4),chunk4,0.0728928029537201,0.10134910345077515,0.06514469981193542,0.060132700204849246,0.06176069974899292,0.06050860285758972,1.2046684192209371,1.2121990648249958,0.993787616388612,0.0
fp16,128,64,64,32,page-cross,2,1,graph_lds_chunked(chunk=4),chunk4,0.07138479948043823,0.09906499981880187,0.06578869819641113,0.058904600143432614,0.06060069799423218,0.05849660038948059,1.220323899254756,1.2118713870668225,1.0069747600926462,0.0
fp16,128,64,64,32,tail-negative,0,1,graph_lds_chunked(chunk=4),chunk4,0.07173680067062378,0.1013411045074463,0.06653670072555543,0.05988460183143616,0.06054069995880127,0.060524702072143555,1.185248307131124,1.197917302223188,0.9894241488385285,0.0
fp16,128,64,64,32,tail-negative,1,1,graph_lds_chunked(chunk=4),chunk4,0.07328479886054992,0.10080909729003906,0.06488069891929626,0.05863659977912903,0.060736697912216184,0.06040859818458557,1.2131517873766844,1.2498132418420813,0.9706664538044404,0.0
fp16,128,64,64,32,tail-negative,2,1,graph_lds_chunked(chunk=4),chunk4,0.07190070152282715,0.10010110139846802,0.06332070231437684,0.058664602041244504,0.06001660227775574,0.05977659821510315,1.2028235742705868,1.2256232723146563,0.9813974664490411,0.0
fp16,128,64,128,8,random,0,1,graph_lds_chunked(chunk=2),chunk2,0.0420644998550415,0.05030459761619568,0.03934040069580078,0.039784500002861024,0.0502685010433197,0.03918449878692627,1.0734984791760596,1.0692443165565289,1.00397866283099,0.0
fp16,128,64,128,8,random,1,1,graph_lds_chunked(chunk=2),chunk2,0.040756401419639585,0.05005249977111816,0.038792398571968076,0.03884440064430237,0.050116497278213504,0.03882839977741241,1.0496544192724817,1.0506285488902645,0.9990728125379692,0.0
fp16,128,64,128,8,random,2,1,graph_lds_chunked(chunk=2),chunk2,0.04066039919853211,0.0499004989862442,0.039064401388168336,0.040365400910377505,0.04992850124835968,0.038676398992538455,1.0512974386880332,1.0408555552792154,1.0100320196744463,0.0
fp16,128,64,128,8,contiguous,0,1,graph_lds_chunked(chunk=2),chunk2,0.040836501121521,0.050288498401641846,0.038860398530960086,0.03924849927425385,0.05011259913444519,0.038824400305747984,1.0518256766344727,1.0508513207600418,1.00092720621384,0.0
fp16,128,64,128,8,contiguous,1,1,graph_lds_chunked(chunk=2),chunk4,0.04068050086498261,0.05005249977111816,0.03897640109062195,0.03891650140285492,0.05022460222244263,0.038992398977279664,1.043293101526956,1.045327801794595,0.9980535289847396,0.0
fp16,128,64,128,8,contiguous,2,1,graph_lds_chunked(chunk=2),chunk2,0.0408484011888504,0.050244498252868655,0.03878839910030365,0.03912439942359924,0.0500124990940094,0.03870440125465393,1.0553942152493232,1.0531087164288413,1.0021702401516834,0.0
fp16,128,64,128,8,page-cross,0,1,graph_lds_chunked(chunk=2),chunk4,0.04014039933681488,0.049648499488830565,0.038904398679733276,0.03881239891052246,0.049920499324798584,0.03887639939785004,1.0325132974900642,1.034215881099078,0.9983537444743117,0.0
fp16,128,64,128,8,page-cross,1,1,graph_lds_chunked(chunk=2),chunk4,0.04051240086555481,0.049828600883483884,0.039008399844169615,0.03886440098285675,0.05003659725189209,0.038992398977279664,1.038982004907183,1.0424038410736087,0.9967173603630416,0.0
fp16,128,64,128,8,page-cross,2,1,graph_lds_chunked(chunk=2),chunk4,0.04032840132713318,0.04981650114059448,0.03904840052127838,0.03881239891052246,0.05003250241279602,0.03897239863872528,1.034793924309819,1.0390597453176158,0.9958945373189364,0.0
fp16,128,64,128,8,tail-negative,0,1,graph_lds_chunked(chunk=2),chunk2,0.04212050139904022,0.05041249990463257,0.03925639986991882,0.03977240025997162,0.05028449892997742,0.03921639919281006,1.0740532600138006,1.0729588433634254,1.0010199987232917,0.0
fp16,128,64,128,8,tail-negative,1,1,graph_lds_chunked(chunk=2),chunk2,0.04066849946975708,0.05095250010490417,0.03874840140342713,0.03900850117206574,0.0499646008014679,0.03942449986934662,1.0315539728984031,1.04955296210388,0.98285080424203,0.0
fp16,128,64,128,8,tail-negative,2,1,graph_lds_chunked(chunk=2),chunk4,0.04163239896297455,0.05037260055541992,0.03897640109062195,0.038792398571968076,0.050076597929000856,0.0399044007062912,1.0433034509001138,1.073210229208634,0.9721333458305061,0.0
fp16,128,64,128,16,random,0,1,graph_lds_chunked(chunk=4),chunk4,0.07196469902992249,0.09157699942588807,0.06688870191574096,0.062304598093032834,0.06698079705238343,0.06319260001182556,1.13881528875937,1.155046356650359,0.9859476913653411,0.0
fp16,128,64,128,16,random,1,1,graph_lds_chunked(chunk=4),chunk4,0.07333279848098755,0.09636099934577942,0.06796870231628419,0.06464070081710815,0.06783679723739625,0.0638687014579773,1.1481805141950037,1.134467874791031,1.0120872875368978,0.0
fp16,128,64,128,16,random,2,1,graph_lds_chunked(chunk=4),chunk4,0.07135279774665833,0.09610099792480468,0.06829270124435424,0.06274459958076477,0.06746870279312134,0.06334869861602783,1.1263498588841632,1.1371942481649453,0.9904639077287971,0.0
fp16,128,64,128,16,contiguous,0,1,graph_lds_chunked(chunk=4),chunk4,0.07461280226707459,0.08966500163078309,0.06787670254707337,0.06258860230445862,0.06646879911422729,0.06373260021209717,1.1707164311320886,1.1921148503065295,0.9820500355574475,0.0
fp16,128,64,128,16,contiguous,1,1,graph_lds_chunked(chunk=4),chunk4,0.07112079858779907,0.09624099731445312,0.06826069951057434,0.06250060200691224,0.06673669815063477,0.06339269876480103,1.1219083581166147,1.1379218168159961,0.9859274526046188,0.0
fp16,128,64,128,16,contiguous,2,1,graph_lds_chunked(chunk=4),chunk4,0.0699567973613739,0.08926500082015991,0.06670870184898377,0.06190869808197021,0.06616870164871216,0.0617326021194458,1.1332228832022209,1.129999491650553,1.0028525601785534,0.0
fp16,128,64,128,16,page-cross,0,1,graph_lds_chunked(chunk=4),chunk4,0.06988869905471802,0.08876500129699708,0.06604470014572143,0.06175670027732849,0.06619269847869873,0.06309660077095032,1.1076460253132177,1.1316779999720106,0.9787642998632231,0.0
fp16,128,64,128,16,page-cross,1,1,graph_lds_chunked(chunk=4),chunk4,0.07172470092773438,0.09608500003814698,0.06710079908370972,0.06203659772872925,0.06599670052528381,0.06309670209884644,1.1367424689704295,1.1561675455086822,0.983198735673119,0.0
fp16,128,64,128,16,page-cross,2,1,graph_lds_chunked(chunk=4),chunk4,0.07099679708480836,0.08998500108718872,0.06644870042800903,0.06228870153427124,0.06589670181274414,0.062224602699279784,1.1409763020572907,1.1398021685481101,1.0010301204380723,0.0
fp16,128,64,128,16,tail-negative,0,1,graph_lds_chunked(chunk=4),chunk4,0.07178879976272583,0.09616900086402894,0.06881269812583923,0.0632246971130371,0.06726070046424866,0.06395270228385926,1.1225295757493627,1.1354550205970506,0.9886165064989617,0.0
fp16,128,64,128,16,tail-negative,1,1,graph_lds_chunked(chunk=4),chunk4,0.07508080005645752,0.09110090136528015,0.0666526973247528,0.06222869753837586,0.06644070148468018,0.06283259987831116,1.194933843289433,1.2065301545184342,0.9903887099832748,0.0
fp16,128,64,128,16,tail-negative,2,1,graph_lds_chunked(chunk=4),chunk4,0.07240880131721497,0.08912500143051147,0.06745269894599915,0.06280069947242736,0.06684870123863221,0.06258460283279418,1.156974687698632,1.1529935482487108,1.0034528722697262,0.0
fp16,128,64,128,32,random,0,1,graph_lds_chunked(chunk=8),chunk4,0.1341694951057434,0.17007780075073242,0.12081730365753174,0.11150120496749878,0.11318919658660889,0.11216119527816773,1.1962202682754364,1.2033008535185978,0.9941156983123074,0.0
fp16,128,64,128,32,random,1,1,graph_lds_chunked(chunk=8),chunk8,0.13678940534591674,0.17862590551376342,0.12498530149459838,0.112801194190979,0.11070120334625244,0.1138692021369934,1.2012853588044692,1.2356632196496125,0.9721786160674981,0.0
fp16,128,64,128,32,random,2,1,graph_lds_chunked(chunk=8),chunk8,0.13320139646530152,0.17762190103530884,0.12642929553985596,0.11256120204925538,0.1101412057876587,0.11370530128479003,1.1714616201726684,1.209369331965555,0.9686549751255257,0.0
fp16,128,64,128,32,contiguous,0,1,graph_lds_chunked(chunk=8),chunk4,0.13555350303649902,0.17575780153274537,0.12214930057525634,0.11112920045852662,0.11220120191574097,0.11316519975662231,1.1978373504224435,1.219782941631867,0.9820086095153422,0.0
fp16,128,64,128,32,contiguous,1,1,graph_lds_chunked(chunk=8),chunk4,0.13549740314483644,0.17145379781723022,0.12197730541229249,0.11122119426727295,0.11366519927978516,0.11002910137176514,1.2314687792188657,1.218269629610575,1.0108343418299854,0.0
fp16,128,64,128,32,contiguous,2,1,graph_lds_chunked(chunk=8),chunk8,0.1350774049758911,0.17323379516601561,0.12401330471038818,0.11133320331573486,0.11102110147476196,0.10965310335159302,1.2318612136564644,1.2166822629353733,1.012475689983735,0.0
fp16,128,64,128,32,page-cross,0,1,graph_lds_chunked(chunk=8),chunk4,0.13549740314483644,0.1703698992729187,0.12054929733276368,0.11062120199203491,0.11220920085906982,0.1132972002029419,1.1959466156456537,1.22487733549119,0.976380720740551,0.0
fp16,128,64,128,32,page-cross,1,1,graph_lds_chunked(chunk=8),chunk8,0.13376140594482422,0.17065789699554443,0.1214413046836853,0.1121891975402832,0.1109611988067627,0.11002919673919678,1.2156901068893569,1.2054790988493893,1.0084704977877377,0.0
fp16,128,64,128,32,page-cross,2,1,graph_lds_chunked(chunk=8),chunk8,0.13380939960479737,0.17088580131530762,0.12033729553222657,0.11102919578552246,0.1101412057876587,0.1107211947441101,1.208525611686605,1.2148895469945065,0.9947617169613114,0.0
fp16,128,64,128,32,tail-negative,0,1,graph_lds_chunked(chunk=8),chunk4,0.1338894009590149,0.17298580408096315,0.12079329490661621,0.11257719993591309,0.11347719430923461,0.11279720067977905,1.1869922316522257,1.1893118769629571,0.9980495903928456,0.0
fp16,128,64,128,32,tail-negative,1,1,graph_lds_chunked(chunk=8),chunk8,0.13284540176391602,0.17179789543151855,0.12416930198669433,0.11256120204925538,0.11252919435501099,0.11060119867324829,1.2011208138564962,1.1805416587699966,1.0174319600952846,0.0
fp16,128,64,128,32,tail-negative,2,1,graph_lds_chunked(chunk=8),chunk8,0.135193395614624,0.17032179832458497,0.12031730413436889,0.11168119907379151,0.11043720245361328,0.11144520044326782,1.2130930275767724,1.224165341125958,0.9909552139917621,0.0
fp16,128,128,32,8,random,0,1,graph_lds_chunked(chunk=2),chunk2,0.025156301259994508,0.031268298625946045,0.023304200172424315,0.023764200508594513,0.030388399958610535,0.02380030006170273,1.056974121955451,1.079474990511014,0.979155729633985,0.0
fp16,128,128,32,8,random,1,1,graph_lds_chunked(chunk=2),chunk2,0.02459229975938797,0.030264300107955933,0.02345229983329773,0.024976299703121187,0.030384400486946107,0.023564299941062926,1.043625306964187,1.0486093020383298,0.9952470428552801,0.0
fp16,128,128,32,8,random,2,1,graph_lds_chunked(chunk=2),chunk2,0.024260200560092926,0.031972301006317136,0.02324430048465729,0.02377219945192337,0.030252298712730406,0.023468199372291564,1.0337478464042904,1.043705340847155,0.9904594773513545,0.0
fp16,128,128,32,8,contiguous,0,1,graph_lds_chunked(chunk=2),chunk2,0.024452300369739534,0.03051230013370514,0.023352299630641938,0.02387620061635971,0.030444300174713133,0.023356199264526367,1.0469297719547177,1.0471046002533395,0.9998330364525382,0.0
fp16,128,128,32,8,contiguous,1,1,graph_lds_chunked(chunk=2),chunk2,0.024572199583053587,0.030476298928260804,0.023364299535751344,0.023848199844360353,0.030448299646377564,0.023448200523853303,1.0479354080095342,1.051698534572113,0.9964218581286607,0.0
fp16,128,128,32,8,contiguous,2,1,graph_lds_chunked(chunk=2),chunk4,0.024608300626277925,0.030336299538612367,0.023684300482273102,0.023572300374507905,0.03064030110836029,0.024260200560092926,1.0143486062830664,1.0439499003198853,0.9716449093699336,0.0
fp16,128,128,32,8,page-cross,0,1,graph_lds_chunked(chunk=2),chunk2,0.024584299325942992,0.030492299795150758,0.02343219965696335,0.023836299777030945,0.03034439980983734,0.023332299292087556,1.0536595222863447,1.0491673716443977,1.0042816339540814,0.0
fp16,128,128,32,8,page-cross,1,1,graph_lds_chunked(chunk=2),chunk4,0.024396300315856934,0.030292299389839173,0.024420200288295744,0.02363629937171936,0.030524399876594544,0.023776300251483917,1.0260763894220388,1.0321539735212064,0.9941117466433483,0.0
fp16,128,128,32,8,page-cross,2,1,graph_lds_chunked(chunk=2),chunk2,0.024560199677944185,0.03048030138015747,0.02340030074119568,0.023836299777030945,0.03035629987716675,0.02340019941329956,1.0495722384308115,1.0495676935769689,1.0000043302150692,0.0
fp16,128,128,32,8,tail-negative,0,1,graph_lds_chunked(chunk=2),chunk2,0.02464819997549057,0.03051230013370514,0.0232123002409935,0.023780199885368346,0.030324301123619078,0.023256200551986694,1.0598549801973118,1.0618594331276672,0.9981123180076187,0.0
fp16,128,128,32,8,tail-negative,1,1,graph_lds_chunked(chunk=2),chunk2,0.02420029938220978,0.030292299389839173,0.02342830002307892,0.023568299412727357,0.03067629933357239,0.023512299358844756,1.0292612820577336,1.0329515738816035,0.9964274299810564,0.0
fp16,128,128,32,8,tail-negative,2,1,graph_lds_chunked(chunk=2),chunk4,0.024344199895858766,0.03023639917373657,0.02350820004940033,0.023436200618743897,0.030396300554275512,0.023516200482845306,1.0352097446021296,1.0387434504374684,0.9965980956762225,0.0
fp16,128,128,32,16,random,0,1,graph_lds_chunked(chunk=4),chunk4,0.03991239964962005,0.052312600612640384,0.03670839965343475,0.03561240136623382,0.037948399782180786,0.03538829982280731,1.12784168353567,1.1207444069599672,1.0063326450987644,0.0
fp16,128,128,32,16,random,1,1,graph_lds_chunked(chunk=4),chunk4,0.040600401163101194,0.05258449912071228,0.0369163990020752,0.03544439971446991,0.03784439861774445,0.0360044002532959,1.1276510892410871,1.145467309085965,0.9844463305905303,0.0
fp16,128,128,32,16,random,2,1,graph_lds_chunked(chunk=4),chunk4,0.039696499705314636,0.05211650133132935,0.036848399043083194,0.03542439937591553,0.0379364013671875,0.03570840060710907,1.1116851785686415,1.1205976785679432,0.992046654950516,0.0
fp16,128,128,32,16,contiguous,0,1,graph_lds_chunked(chunk=4),chunk4,0.04108839929103851,0.05336049795150757,0.03722839951515198,0.035776400566101076,0.03807640075683594,0.035644298791885375,1.15273411691837,1.1484777294776454,1.0037061123010722,0.0
fp16,128,128,32,16,contiguous,1,1,graph_lds_chunked(chunk=4),chunk4,0.03981649875640869,0.052196502685546875,0.03667240142822266,0.03542029857635498,0.03800440132617951,0.03583639860153198,1.1110630618643293,1.124115277305664,0.9883888995151646,0.0
fp16,128,128,32,16,contiguous,2,1,graph_lds_chunked(chunk=4),chunk4,0.039724498987197876,0.053312599658966064,0.036936399340629575,0.035408401489257814,0.03816039860248566,0.03647240102291107,1.0891659960155602,1.1218947288329149,0.9708272692827413,0.0
fp16,128,128,32,16,page-cross,0,1,graph_lds_chunked(chunk=4),chunk4,0.0398283988237381,0.05216460227966309,0.03661240041255951,0.035636401176452635,0.03784439861774445,0.03539229929447174,1.125340811919481,1.1176324631246828,1.0068970337290017,0.0
fp16,128,128,32,16,page-cross,1,1,graph_lds_chunked(chunk=4),chunk4,0.04093250036239624,0.052408599853515626,0.03661639988422394,0.03567630052566528,0.03795239925384521,0.03554440140724182,1.1515878377981814,1.1473302937604106,1.0037108268307084,0.0
fp16,128,128,32,16,page-cross,2,1,graph_lds_chunked(chunk=4),chunk4,0.039836400747299196,0.052312600612640384,0.036704400181770326,0.03588840067386627,0.03802439868450165,0.03555229902267456,1.1205013977265528,1.1100076904878027,1.0094537248063016,0.0
fp16,128,128,32,16,tail-negative,0,1,graph_lds_chunked(chunk=4),chunk4,0.03986049890518188,0.05260059833526611,0.037204399704933167,0.03621639907360077,0.038248398900032045,0.035620400309562684,1.1190356806428392,1.1006201589554885,1.0167319501987202,0.0
fp16,128,128,32,16,tail-negative,1,1,graph_lds_chunked(chunk=4),chunk4,0.04014439880847931,0.05289660096168518,0.03716840147972107,0.03568040132522583,0.03816039860248566,0.03606039881706238,1.1132544321579867,1.1251106298543077,0.9894621938663434,0.0
fp16,128,128,32,16,tail-negative,2,1,graph_lds_chunked(chunk=4),chunk4,0.03980439901351929,0.05208449959754944,0.03682839870452881,0.03540039956569672,0.037948399782180786,0.035376399755477905,1.1251681711154262,1.1244053598787649,1.0006784130206776,0.0
fp16,128,128,32,32,random,0,1,graph_lds_chunked(chunk=4),chunk4,0.07082880139350892,0.09825699925422668,0.06304060220718384,0.05885670185089111,0.06014459729194641,0.05832459926605225,1.2143898506772035,1.2034109823711867,1.0091231245741035,0.0
fp16,128,128,32,32,random,1,1,graph_lds_chunked(chunk=4),chunk4,0.07178879976272583,0.10208909511566162,0.06523669958114624,0.060708701610565186,0.06182469725608826,0.0602645993232727,1.191226699735192,1.182512520581273,1.0073692066699094,0.0
fp16,128,128,32,32,random,2,1,graph_lds_chunked(chunk=4),chunk4,0.07411680221557618,0.10114109516143799,0.06382070183753967,0.059620600938796994,0.060364699363708495,0.06085270047187805,1.2179706346775503,1.2431408112048405,0.9797527550375443,0.0
fp16,128,128,32,32,contiguous,0,1,graph_lds_chunked(chunk=4),chunk4,0.07328870296478271,0.0998291015625,0.06381270289421082,0.058760601282119754,0.05989660024642944,0.06012070178985596,1.2190260722663182,1.2472422229464781,0.9773771684753405,0.0
fp16,128,128,32,32,contiguous,1,1,graph_lds_chunked(chunk=4),chunk4,0.07146480083465576,0.09813299775123596,0.06287260055541992,0.0585286021232605,0.06043670177459717,0.05892860293388367,1.2127353657923534,1.2210235379302548,0.9932121110851387,0.0
fp16,128,128,32,32,contiguous,2,1,graph_lds_chunked(chunk=4),chunk4,0.07387279868125915,0.10115710496902466,0.06316869854927062,0.05908060073852539,0.06034470200538635,0.06015660166740418,1.2280081758888166,1.250373181007417,0.9821133358757894,0.0
fp16,128,128,32,32,page-cross,0,1,graph_lds_chunked(chunk=4),chunk4,0.07231680154800416,0.09975299835205079,0.0624006986618042,0.05856059789657593,0.059852701425552365,0.06001669764518738,1.2049446968164383,1.2349054508583246,0.9757384227099638,0.0
fp16,128,128,32,32,page-cross,1,1,graph_lds_chunked(chunk=4),chunk4,0.07128480076789856,0.10005700588226318,0.06317260265350341,0.05875269770622253,0.06006860136985779,0.06051669716835022,1.177936075552715,1.2133025980243415,0.970851028812421,0.0
fp16,128,128,32,32,page-cross,2,1,graph_lds_chunked(chunk=4),chunk4,0.07068470120429993,0.09770510196685792,0.06260470151901246,0.05850459933280945,0.060036700963973996,0.05838069915771484,1.2107546196619872,1.2081905014373777,1.002122279741116,0.0
fp16,128,128,32,32,tail-negative,0,1,graph_lds_chunked(chunk=4),chunk4,0.0709047019481659,0.099093097448349,0.06286870241165161,0.05841659903526306,0.05997670292854309,0.05864859819412231,1.2089752207457172,1.2137766169058286,0.9960442505702976,0.0
fp16,128,128,32,32,tail-negative,1,1,graph_lds_chunked(chunk=4),chunk4,0.0706367015838623,0.09816100001335144,0.06466869711875915,0.05980070233345032,0.06152459979057312,0.058648699522018434,1.2044035444868342,1.181201872680193,1.0196424272118667,0.0
fp16,128,128,32,32,tail-negative,2,1,graph_lds_chunked(chunk=4),chunk4,0.07169280052185059,0.09857310056686401,0.06416069865226745,0.058404600620269774,0.05992860198020935,0.05958060026168823,1.203291007592463,1.2275197460552285,0.9802620377060106,0.0
fp16,128,128,64,8,random,0,1,graph_lds_chunked(chunk=2),chunk4,0.04049240052700043,0.05024060010910034,0.03937239944934845,0.03912439942359924,0.04996050000190735,0.039036399126052855,1.0372985581033225,1.0349654211580313,1.0022543139100055,0.0
fp16,128,128,64,8,random,1,1,graph_lds_chunked(chunk=2),chunk2,0.04063250124454498,0.04998860061168671,0.038612401485443114,0.0389164000749588,0.049848499894142154,0.038608399033546445,1.0524264735566946,1.0523173820168488,1.0001036679063846,0.0
fp16,128,128,64,8,random,2,1,graph_lds_chunked(chunk=2),chunk2,0.0405923992395401,0.049976500868797305,0.03857640027999878,0.03890039920806885,0.04977250099182129,0.03860040009021759,1.0516056606840025,1.052259903591538,0.9993782497030415,0.0
fp16,128,128,64,8,contiguous,0,1,graph_lds_chunked(chunk=2),chunk2,0.04063650071620941,0.0501006007194519,0.03877649903297424,0.03899640142917633,0.050052601099014285,0.038880500197410586,1.0451640413544827,1.0479672412316925,0.9973251073440852,0.0
fp16,128,128,64,8,contiguous,1,1,graph_lds_chunked(chunk=2),chunk2,0.040652400255203246,0.05015249848365784,0.03876039981842041,0.03896839916706085,0.050104498863220215,0.03878839910030365,1.0480556351418227,1.0488127172486927,0.9992781531970207,0.0
fp16,128,128,64,8,contiguous,2,1,graph_lds_chunked(chunk=2),chunk2,0.04103240072727203,0.050104498863220215,0.03877240121364593,0.039068499207496644,0.04997250139713287,0.03915239870548248,1.048017543852972,1.0582888715396532,0.9902944007417012,0.0
fp16,128,128,64,8,page-cross,0,1,graph_lds_chunked(chunk=2),chunk4,0.0403764009475708,0.05021650195121765,0.039120399951934816,0.03870039880275726,0.04994049966335297,0.039208400249481204,1.0297895525106269,1.043307102682728,0.9870435558836486,0.0
fp16,128,128,64,8,page-cross,1,1,graph_lds_chunked(chunk=2),chunk2,0.0406684011220932,0.0501924991607666,0.038860398530960086,0.03893240094184876,0.04992850124835968,0.0389844000339508,1.0431967937604743,1.0465255802688869,0.9968192019658446,0.0
fp16,128,128,64,8,page-cross,2,1,graph_lds_chunked(chunk=2),chunk4,0.04041639864444733,0.04984050095081329,0.03906039893627167,0.03886840045452118,0.049920499324798584,0.03901239931583404,1.035988540905851,1.0398266502306266,0.9963088950221419,0.0
fp16,128,128,64,8,tail-negative,0,1,graph_lds_chunked(chunk=2),chunk2,0.040420401096344,0.04993250072002411,0.03856450021266937,0.03887239992618561,0.049648499488830565,0.03859640061855316,1.0472583051413877,1.0481245931735146,0.9991734875435908,0.0
fp16,128,128,64,8,tail-negative,1,1,graph_lds_chunked(chunk=2),chunk2,0.04054839909076691,0.049948498606681824,0.0386243999004364,0.03898839950561524,0.04991649985313416,0.0385563999414444,1.051664552508734,1.049813050695676,1.001763649072405,0.0
fp16,128,128,64,8,tail-negative,2,1,graph_lds_chunked(chunk=2),chunk2,0.04125640094280243,0.049892500042915344,0.038580399751663205,0.03889240026473999,0.04974859952926636,0.03862839937210083,1.0680328880673131,1.0693616760936715,0.9987574007409613,0.0
fp16,128,128,64,16,random,0,1,graph_lds_chunked(chunk=4),chunk4,0.07026879787445069,0.0890089988708496,0.06640869975090027,0.06156070232391357,0.06564069986343384,0.061320602893829346,1.1459247717461987,1.1414554288987442,1.0039154773233383,0.0
fp16,128,128,64,16,random,1,1,graph_lds_chunked(chunk=4),chunk4,0.07063680291175842,0.0892808973789215,0.06649270057678222,0.06174460053443909,0.0658607006072998,0.06276469826698303,1.1254224884709827,1.1440158702194463,0.9837472693933024,0.0
fp16,128,128,64,16,random,2,1,graph_lds_chunked(chunk=4),chunk4,0.07032470107078552,0.08936489820480346,0.06644070148468018,0.06296870112419128,0.06731669902801514,0.061644697189331056,1.140806983848024,1.1168199409431396,1.0214779858646037,0.0
fp16,128,128,64,16,contiguous,0,1,graph_lds_chunked(chunk=4),chunk4,0.07344480156898499,0.09316499829292298,0.06615269780158997,0.06297270059585572,0.06664869785308838,0.06330869793891906,1.1601060195527215,1.1662958849476188,0.9946927143662389,0.0
fp16,128,128,64,16,contiguous,1,1,graph_lds_chunked(chunk=4),chunk4,0.07242879867553711,0.08952500224113465,0.06598870158195495,0.06170470118522644,0.06596069931983947,0.06235669851303101,1.161523948552236,1.1737970897568868,0.9895440691481073,0.0
fp16,128,128,64,16,contiguous,2,1,graph_lds_chunked(chunk=4),chunk4,0.0715448021888733,0.08910499811172486,0.06634470224380493,0.061820697784423825,0.06588870286941528,0.061916697025299075,1.1555009492777075,1.1572952870632194,0.9984495419573814,0.0
fp16,128,128,64,16,page-cross,0,1,graph_lds_chunked(chunk=4),chunk4,0.07234479784965515,0.09610499739646912,0.06627269983291625,0.06141669750213623,0.06583269834518432,0.06287670135498047,1.150581953102486,1.1779337019405647,0.9767798910982693,0.0
fp16,128,128,64,16,page-cross,1,1,graph_lds_chunked(chunk=4),chunk4,0.07261679768562317,0.0889930009841919,0.06626870036125183,0.06183670163154602,0.06574469804763794,0.061436700820922854,1.1819774941575774,1.1743316795632204,1.0065107794734796,0.0
fp16,128,128,64,16,page-cross,2,1,graph_lds_chunked(chunk=4),chunk4,0.07082470059394837,0.09236500263214112,0.06625270247459411,0.06172059774398804,0.06568869948387146,0.06248059868812561,1.1335470863119073,1.1475050985041233,0.9878362089977539,0.0
fp16,128,128,64,16,tail-negative,0,1,graph_lds_chunked(chunk=4),chunk4,0.07088879942893982,0.08901699781417846,0.06579269766807556,0.061460602283477786,0.06581270098686218,0.06220859885215759,1.1395337740592941,1.1534022901691703,0.98797599395451,0.0
fp16,128,128,64,16,tail-negative,1,1,graph_lds_chunked(chunk=4),chunk4,0.07020080089569092,0.09600909948348998,0.06674469709396362,0.0617447018623352,0.06589670181274414,0.06295260190963745,1.1151374012540034,1.1369526255420144,0.9808125476841121,0.0
fp16,128,128,64,16,tail-negative,2,1,graph_lds_chunked(chunk=4),chunk4,0.07010080218315125,0.08904899954795838,0.06592069864273072,0.06164069771766663,0.06576470136642457,0.06164460182189942,1.1371766563710326,1.1372486811267857,0.9999366675407513,0.0
fp16,128,128,64,32,random,0,1,graph_lds_chunked(chunk=8),chunk8,0.13241339921951295,0.16939380168914794,0.12138930559158326,0.11403319835662842,0.11214920282363891,0.1107092022895813,1.1960469092095898,1.1806896160264344,1.0130070536529656,0.0
fp16,128,128,64,32,random,1,1,graph_lds_chunked(chunk=8),chunk4,0.13289339542388917,0.17022980451583863,0.12216130495071412,0.11360520124435425,0.11425319910049439,0.11008909940719605,1.2071439964491388,1.1697826681196384,1.0319386919875952,0.0
fp16,128,128,64,32,random,2,1,graph_lds_chunked(chunk=8),chunk4,0.1360934019088745,0.17190179824829102,0.119765305519104,0.11078519821166992,0.11220519542694092,0.11200920343399048,1.2150198174481026,1.2284439086244165,0.9890722799127671,0.0
fp16,128,128,64,32,contiguous,0,1,graph_lds_chunked(chunk=8),chunk4,0.1386813998222351,0.16978579759597778,0.12132530212402344,0.11081310510635375,0.11181319952011108,0.1115291953086853,1.2434537830063168,1.2514891599611302,0.9935793475390047,0.0
fp16,128,128,64,32,contiguous,1,1,graph_lds_chunked(chunk=8),chunk8,0.13530950546264647,0.17215789556503297,0.12304530143737794,0.11315319538116456,0.11222519874572753,0.10910520553588868,1.240174607600535,1.2056962872413515,1.0285961902048073,0.0
fp16,128,128,64,32,contiguous,2,1,graph_lds_chunked(chunk=8),chunk8,0.13383339643478392,0.17028989791870117,0.12207729816436767,0.11118919849395752,0.11030919551849365,0.11003320217132569,1.2163001148180752,1.2132569347978464,1.00250827333679,0.0
fp16,128,128,64,32,page-cross,0,1,graph_lds_chunked(chunk=8),chunk8,0.13398940563201905,0.1709697961807251,0.12084929943084717,0.11104120016098022,0.11044919490814209,0.1115291953086853,1.2013841331964195,1.2131315736928168,0.9903164333109906,0.0
fp16,128,128,64,32,page-cross,1,1,graph_lds_chunked(chunk=8),chunk4,0.1330414056777954,0.17076189517974855,0.12207729816436767,0.11270129680633545,0.11302520036697387,0.10948920249938965,1.2151098249029355,1.1804780375013089,1.0293370874352994,0.0
fp16,128,128,64,32,page-cross,2,1,graph_lds_chunked(chunk=8),chunk8,0.1352694034576416,0.17262580394744872,0.12138930559158326,0.111053204536438,0.11084120273590088,0.11022510528564453,1.2272104717622692,1.2203891704418375,1.005589447600524,0.0
fp16,128,128,64,32,tail-negative,0,1,graph_lds_chunked(chunk=8),chunk8,0.13188140392303466,0.16991779804229737,0.12141729593276977,0.11156120300292968,0.10967710018157958,0.11026920080184936,1.1959949193793633,1.2024515938577331,0.9946304079836965,0.0
fp16,128,128,64,32,tail-negative,1,1,graph_lds_chunked(chunk=8),chunk8,0.13100539445877074,0.17448179721832274,0.12278929948806763,0.11190520524978638,0.11158510446548461,0.11004509925842285,1.1904700467498883,1.1740401650051167,1.013994309764266,0.0
fp16,128,128,64,32,tail-negative,2,1,graph_lds_chunked(chunk=8),chunk8,0.1349053978919983,0.1734218955039978,0.1223492980003357,0.11353319883346558,0.11260119676589966,0.11175320148468018,1.2071725561302327,1.1980813860484054,1.00758810727526,0.0
fp16,128,128,128,8,random,0,1,graph_global,global,0.07546079754829407,0.09636499881744384,0.11453319787979126,0.10104910135269166,0.0893688976764679,0.07510480284690857,1.0047399725169528,1.0,1.0047399725169528,0.0
fp16,128,128,128,8,random,1,1,graph_global,global,0.07210080027580261,0.0884889006614685,0.11135720014572144,0.09902909994125367,0.0886048972606659,0.07242879867553711,0.9954714366973852,1.0,0.9954714366973852,0.0
fp16,128,128,128,8,random,2,1,graph_global,global,0.07280470132827759,0.08854100108146667,0.11175719499588013,0.09838910102844238,0.08861299753189086,0.07239680290222168,1.0056342049607745,1.0,1.0056342049607745,0.0
fp16,128,128,128,8,contiguous,0,1,graph_global,global,0.0726207971572876,0.08914089798927308,0.11220519542694092,0.09874510169029235,0.08861700296401978,0.07242479920387268,1.0027062270875367,1.0,1.0027062270875367,0.0
fp16,128,128,128,8,contiguous,1,1,graph_global,global,0.07256479859352112,0.08898490071296691,0.11171319484710693,0.09892510175704956,0.08946490287780762,0.07273280024528503,0.9976901528444204,1.0,0.9976901528444204,0.0
fp16,128,128,128,8,contiguous,2,1,graph_global,global,0.07331680059432984,0.08899289965629578,0.11200519800186157,0.09862899780273438,0.08900499939918519,0.07231680154800416,1.0138280320052855,1.0,1.0138280320052855,0.0
fp16,128,128,128,8,page-cross,0,1,graph_global,global,0.07252079844474793,0.08852099776268005,0.11234519481658936,0.09862509965896607,0.08931699991226197,0.07252079844474793,1.0,1.0,1.0,0.0
fp16,128,128,128,8,page-cross,1,1,graph_global,global,0.07262070178985595,0.08898500204086304,0.11148120164871216,0.09906910061836242,0.08886889815330505,0.07231680154800416,1.0042023462784104,1.0,1.0042023462784104,0.0
fp16,128,128,128,8,page-cross,2,1,graph_global,global,0.07260479927062988,0.08907290101051331,0.11145709753036499,0.09889310002326965,0.08875690102577209,0.07235680222511291,1.0034274185410434,1.0,1.0034274185410434,0.0
fp16,128,128,128,8,tail-negative,0,1,graph_global,global,0.07332080006599426,0.08941289782524109,0.1118772029876709,0.10030900239944458,0.08934500217437744,0.0728767991065979,1.0060924871130372,1.0,1.0060924871130372,0.0
fp16,128,128,128,8,tail-negative,1,1,graph_global,global,0.072188800573349,0.08870490193367005,0.11113320589065552,0.09846100211143494,0.08838890194892883,0.07194479703903198,1.0033915382954608,1.0,1.0033915382954608,0.0
fp16,128,128,128,8,tail-negative,2,1,graph_global,global,0.07213680148124695,0.08862890005111694,0.11109720468521118,0.09888910055160523,0.09618499875068665,0.07230880260467529,0.9976212975843521,1.0,0.9976212975843521,0.0
fp16,128,128,128,16,random,0,1,graph_global,global,0.1353853940963745,0.1694018006324768,0.20895829200744628,0.1830659031867981,0.17288180589675903,0.13186140060424806,1.0267249815031385,1.0,1.0267249815031385,0.0
fp16,128,128,128,16,random,1,1,graph_global,global,0.13017740249633789,0.17143789529800416,0.21317830085754394,0.18144990205764772,0.1728577971458435,0.13154540061950684,0.9896005628723891,1.0,0.9896005628723891,0.0
fp16,128,128,128,16,random,2,1,graph_global,global,0.1302214026451111,0.17045780420303344,0.20877430438995362,0.1817499041557312,0.17164579629898072,0.1304173946380615,0.9984971943850408,1.0,0.9984971943850408,0.0
fp16,128,128,128,16,contiguous,0,1,graph_global,global,0.130937397480011,0.1745378017425537,0.21115419864654542,0.1820099949836731,0.1716739058494568,0.13246940374374389,0.9884350180461559,1.0,0.9884350180461559,0.0
fp16,128,128,128,16,contiguous,1,1,graph_global,global,0.13146140575408935,0.1722579002380371,0.21884241104125976,0.1806859016418457,0.17212189435958863,0.13028939962387084,1.0089954066378535,1.0,1.0089954066378535,0.0
fp16,128,128,128,16,contiguous,2,1,graph_global,global,0.13090540170669557,0.16943780183792115,0.21117029190063477,0.18248189687728883,0.17278579473495484,0.13078140020370482,1.00094815855158,1.0,1.00094815855158,0.0
fp16,128,128,128,16,page-cross,0,1,graph_global,global,0.13126540184020996,0.17404990196228026,0.20873019695281983,0.18074990510940553,0.17100590467453003,0.13321739435195923,0.9853473150316082,1.0,0.9853473150316082,0.0
fp16,128,128,128,16,page-cross,1,1,graph_global,global,0.13162540197372435,0.17253379821777343,0.21480228900909423,0.1809540033340454,0.17168190479278564,0.13094940185546874,1.0051623001608034,1.0,1.0051623001608034,0.0
fp16,128,128,128,16,page-cross,2,1,graph_global,global,0.1309533953666687,0.17288190126419067,0.2092061996459961,0.18066190481185912,0.1719298005104065,0.13400150537490846,0.9772531659274142,1.0,0.9772531659274142,0.0
fp16,128,128,128,16,tail-negative,0,1,graph_global,global,0.13063329458236694,0.17162580490112306,0.21271419525146484,0.18498200178146362,0.17275389432907104,0.1305933952331543,1.0003055234848701,1.0,1.0003055234848701,0.0
fp16,128,128,128,16,tail-negative,1,1,graph_global,global,0.13031339645385742,0.16936579942703248,0.21122629642486573,0.18566999435424805,0.1722898006439209,0.13098939657211303,0.9948392760334348,1.0,0.9948392760334348,0.0
fp16,128,128,128,16,tail-negative,2,1,graph_global,global,0.1298174023628235,0.1736778974533081,0.2106381893157959,0.18329390287399291,0.1711698055267334,0.1324373960494995,0.9802171156725494,1.0,0.9802171156725494,0.0
fp16,128,128,128,32,random,0,1,graph_global,global,0.24589059352874756,0.32703139781951907,0.38896019458770753,0.3415916919708252,0.3200314998626709,0.2702148914337158,0.9099816528396807,1.0,0.9099816528396807,0.0
fp16,128,128,128,32,random,1,1,graph_global,global,0.24732260704040526,0.33383960723876954,0.38245210647583006,0.3435396909713745,0.3204833984375,0.2646269083023071,0.9346086859687995,1.0,0.9346086859687995,0.0
fp16,128,128,128,32,random,2,1,graph_global,global,0.24710259437561036,0.3253434896469116,0.38172810077667235,0.34108359813690187,0.3182513952255249,0.27721099853515624,0.8913881327990401,1.0,0.8913881327990401,0.0
fp16,128,128,128,32,contiguous,0,1,graph_global,global,0.24756669998168945,0.3289915084838867,0.38866820335388186,0.3411997079849243,0.3223875045776367,0.2661708116531372,0.9301046138158384,1.0,0.9301046138158384,0.0
fp16,128,128,128,32,contiguous,1,1,graph_global,global,0.24847469329833985,0.3299395084381104,0.3904361009597778,0.3412436008453369,0.3231273889541626,0.26801090240478515,0.927106662709791,1.0,0.927106662709791,0.0
fp16,128,128,128,32,contiguous,2,1,graph_global,global,0.24823470115661622,0.32485940456390383,0.38638010025024416,0.34295969009399413,0.3181754112243652,0.2713948965072632,0.9146623770427933,1.0,0.9146623770427933,0.0
fp16,128,128,128,32,page-cross,0,1,graph_global,global,0.24789860248565673,0.3264595031738281,0.3865962028503418,0.3420636892318726,0.31821939945220945,0.27249488830566404,0.9097367074555283,1.0,0.9097367074555283,0.0
fp16,128,128,128,32,page-cross,1,1,graph_global,global,0.248374605178833,0.31970739364624023,0.38354010581970216,0.34209160804748534,0.3199794054031372,0.2780988931655884,0.8931161226554877,1.0,0.8931161226554877,0.0
fp16,128,128,128,32,page-cross,2,1,graph_global,global,0.24546658992767334,0.32547149658203123,0.3844760894775391,0.341895604133606,0.3194394111633301,0.2660269021987915,0.9227134094289673,1.0,0.9227134094289673,0.0
fp16,128,128,128,32,tail-negative,0,1,graph_global,global,0.24643070697784425,0.31627140045166013,0.3800240993499756,0.3406316041946411,0.31880340576171873,0.2687669038772583,0.9168937969028558,1.0,0.9168937969028558,0.0
fp16,128,128,128,32,tail-negative,1,1,graph_global,global,0.2457226037979126,0.3266634941101074,0.3818520069122314,0.33992760181427,0.31827940940856936,0.26658689975738525,0.9217354792059896,1.0,0.9217354792059896,0.0
fp16,128,128,128,32,tail-negative,2,1,graph_global,global,0.2458827018737793,0.32437949180603026,0.38132009506225584,0.3398437023162842,0.32059950828552247,0.26863889694213866,0.9152907664251587,1.0,0.9152907664251587,0.0
fp16,128,256,32,8,random,0,1,graph_lds_chunked(chunk=2),chunk4,0.04061650037765503,0.050152599811553955,0.038636401295661926,0.03860439956188202,0.049828600883483884,0.03860850036144257,1.0520092725025345,1.0521210234742198,0.9998937850597107,0.0
fp16,128,256,32,8,random,1,1,graph_lds_chunked(chunk=2),chunk2,0.040264400839805606,0.049804499745368956,0.038332399725914,0.03878439962863922,0.04971260130405426,0.03833639919757843,1.0502916727335456,1.0504012565794443,0.9998956743004521,0.0
fp16,128,256,32,8,random,2,1,graph_lds_chunked(chunk=2),chunk2,0.04024839997291565,0.049892500042915344,0.03834440112113953,0.038828501105308534,0.049708598852157594,0.03829639852046966,1.0509708883304687,1.049655198571518,1.0012534494763055,0.0
fp16,128,256,32,8,contiguous,0,1,graph_lds_chunked(chunk=2),chunk4,0.0399724006652832,0.0496084988117218,0.038880398869514464,0.03877240121364593,0.04981260001659393,0.03892439901828766,1.0269240289748125,1.0309498358129785,0.9960950507014812,0.0
fp16,128,256,32,8,contiguous,1,1,graph_lds_chunked(chunk=2),chunk2,0.040028500556945804,0.049708598852157594,0.0388484001159668,0.0389844000339508,0.050076597929000856,0.038804399967193606,1.031545406984442,1.0303770666863057,1.0011338958677467,0.0
fp16,128,256,32,8,contiguous,2,1,graph_lds_chunked(chunk=2),chunk4,0.04049240052700043,0.04950850009918213,0.03884040117263794,0.03874039947986603,0.04967249929904938,0.038552400469779965,1.0503211222538833,1.0452241347703433,1.004876454067586,0.0
fp16,128,256,32,8,page-cross,0,1,graph_lds_chunked(chunk=2),chunk2,0.04085640013217926,0.049820500612258914,0.03833639919757843,0.038580399751663205,0.049776500463485716,0.03834039866924286,1.065622725643559,1.0657338974798658,0.9998956851831685,0.0
fp16,128,256,32,8,page-cross,1,1,graph_lds_chunked(chunk=2),chunk2,0.04009239971637726,0.049704501032829286,0.038404399156570436,0.03876039981842041,0.049648499488830565,0.038208401203155516,1.0493084885495325,1.043953312559976,1.0051297083165764,0.0
fp16,128,256,32,8,page-cross,2,1,graph_lds_chunked(chunk=2),chunk2,0.04031650125980377,0.05026460289955139,0.03865250051021576,0.038792398571968076,0.04967660009860993,0.038636401295661926,1.0434848978631581,1.0430502743062697,1.0004166851470102,0.0
fp16,128,256,32,8,tail-negative,0,1,graph_lds_chunked(chunk=2),chunk2,0.04016839861869812,0.0503445029258728,0.03822439908981323,0.03875640034675598,0.04964050054550171,0.038620400428771975,1.0400823961621304,1.05085755630369,0.9897463171131772,0.0
fp16,128,256,32,8,tail-negative,1,1,graph_lds_chunked(chunk=2),chunk2,0.04000439941883087,0.04982450008392334,0.03848839998245239,0.038612401485443114,0.04970049858093262,0.03858839869499207,1.0366949853252803,1.039388476451857,0.9974085809227254,0.0
fp16,128,256,32,8,tail-negative,2,1,graph_lds_chunked(chunk=2),chunk2,0.04052050113677978,0.04972060024738312,0.03848839998245239,0.03854840099811554,0.04985249936580658,0.038608399033546445,1.049525547577664,1.0527977560837516,0.996891892590786,0.0
fp16,128,256,32,16,random,0,1,graph_lds_chunked(chunk=4),chunk4,0.06934869885444642,0.08878099918365479,0.06543670296669006,0.061264699697494505,0.06538469791412353,0.061088699102401736,1.1352132206678458,1.1319519918789795,1.0028810663458023,0.0
fp16,128,256,32,16,random,1,1,graph_lds_chunked(chunk=4),chunk4,0.07148079872131348,0.09213700294494628,0.06552469730377197,0.06290469765663147,0.06595270037651062,0.06292070150375366,1.1360458007139216,1.1363348268756508,0.9997456505293216,0.0
fp16,128,256,32,16,random,2,1,graph_lds_chunked(chunk=4),chunk4,0.07145670056343079,0.0960889995098114,0.06712870001792907,0.06298069953918457,0.06685270071029663,0.06297670006752014,1.1346529825605163,1.134580928542604,1.0000635071647157,0.0
fp16,128,256,32,16,contiguous,0,1,graph_lds_chunked(chunk=4),chunk4,0.07017279863357544,0.08853300213813782,0.06553270220756531,0.06158869862556458,0.06577270030975342,0.06169660091400146,1.1373851653738412,1.1393778436560067,0.9982510821205971,0.0
fp16,128,256,32,16,contiguous,1,1,graph_lds_chunked(chunk=4),chunk4,0.06977279782295227,0.09595299959182739,0.06592869758605957,0.06126459836959839,0.06591269969940186,0.063092702627182,1.1058774615385125,1.1388762789568199,0.9710251077943836,0.0
fp16,128,256,32,16,contiguous,2,1,graph_lds_chunked(chunk=4),chunk4,0.07044069766998291,0.08859689831733704,0.06560069918632508,0.06195669770240784,0.06550469994544983,0.06176859736442566,1.1403965878388518,1.1369343474102778,1.0030452421781964,0.0
fp16,128,256,32,16,page-cross,0,1,graph_lds_chunked(chunk=4),chunk4,0.07108880281448364,0.09602100253105164,0.06635670065879821,0.061452698707580564,0.06556069850921631,0.06230069994926453,1.14105945635243,1.156805222708867,0.9863885760131981,0.0
fp16,128,256,32,16,page-cross,1,1,graph_lds_chunked(chunk=4),chunk4,0.07002480030059814,0.08869699835777282,0.06516469717025757,0.06107670068740845,0.06573669910430908,0.06116870045661926,1.1447815594882487,1.1465059427323394,0.9984959665887285,0.0
fp16,128,256,32,16,page-cross,2,1,graph_lds_chunked(chunk=4),chunk4,0.07231680154800416,0.09615700244903565,0.06578469872474671,0.06239669919013977,0.06682869791984558,0.0626246988773346,1.1547648586646915,1.1589844092174673,0.9963592689261241,0.0
fp16,128,256,32,16,tail-negative,0,1,graph_lds_chunked(chunk=4),chunk4,0.07029280066490173,0.08878099918365479,0.06563670039176941,0.06184070110321045,0.06673269867897033,0.06114869713783264,1.1495388120282883,1.1366753515226964,1.0113167409571784,0.0
fp16,128,256,32,16,tail-negative,1,1,graph_lds_chunked(chunk=4),chunk4,0.06913679838180542,0.09602109789848327,0.06604869961738587,0.06168869733810425,0.06548069715499878,0.06224460005760193,1.1107276505564396,1.120736883174555,0.9910690611075782,0.0
fp16,128,256,32,16,tail-negative,2,1,graph_lds_chunked(chunk=4),chunk4,0.07014470100402832,0.09032099843025207,0.0657247006893158,0.06162469983100891,0.06556869745254516,0.06160460114479065,1.138627630088306,1.1382562705600756,1.000326253004561,0.0
fp16,128,256,32,32,random,0,1,graph_lds_chunked(chunk=4),chunk4,0.13153339624404908,0.1797858953475952,0.11899329423904419,0.11019320487976074,0.11073319911956787,0.11265319585800171,1.167595781391286,1.193661590908206,0.9781631496602923,0.0
fp16,128,256,32,32,random,1,1,graph_lds_chunked(chunk=4),chunk4,0.13377740383148193,0.1719457983970642,0.12141729593276977,0.11191320419311523,0.11236120462417602,0.11140520572662353,1.2008182468578477,1.1953674706752053,1.0045599167756871,0.0
fp16,128,256,32,32,random,2,1,graph_lds_chunked(chunk=4),chunk4,0.13605350255966187,0.16989389657974244,0.11952530145645142,0.11037720441818237,0.11085720062255859,0.11212120056152344,1.2134502830711862,1.2326231967626267,0.9844454381989595,0.0
fp16,128,256,32,32,contiguous,0,1,graph_lds_chunked(chunk=4),chunk4,0.13346539735794066,0.1701058030128479,0.11875720024108886,0.1112131953239441,0.11277320384979247,0.11204919815063477,1.1911321059032904,1.2000859877209704,0.9925389664496591,0.0
fp16,128,256,32,32,contiguous,1,1,graph_lds_chunked(chunk=4),chunk4,0.1349493980407715,0.17004979848861695,0.11928529739379883,0.11032520532608033,0.11065319776535035,0.11178120374679565,1.207263775280645,1.2231964367699222,0.9869745684255341,0.0
fp16,128,256,32,32,contiguous,2,1,graph_lds_chunked(chunk=4),chunk8,0.13264540433883668,0.1727977991104126,0.12007329463958741,0.11062120199203491,0.11056519746780395,0.11095720529556274,1.1954645395538026,1.1997030474029802,0.9964670358566208,0.0
fp16,128,256,32,32,page-cross,0,1,graph_lds_chunked(chunk=4),chunk8,0.13157739639282226,0.1739379048347473,0.12304530143737794,0.11261719465255737,0.11090919971466065,0.11048120260238647,1.190948263537277,1.1863524101818,1.0038739360379205,0.0
fp16,128,256,32,32,page-cross,1,1,graph_lds_chunked(chunk=4),chunk4,0.13336939811706544,0.16980979442596436,0.11888530254364013,0.10928519964218139,0.11031320095062255,0.1099931001663208,1.2125251303526974,1.220379324499016,0.9935641369952388,0.0
fp16,128,256,32,32,page-cross,2,1,graph_lds_chunked(chunk=4),chunk8,0.13451340198516845,0.17022180557250977,0.12073329687118531,0.11017719507217408,0.1091850996017456,0.11098120212554932,1.2120377091698642,1.2319758142439603,0.9838161554443081,0.0
fp16,128,256,32,32,tail-negative,0,1,graph_lds_chunked(chunk=4),chunk4,0.13275740146636963,0.17079390287399293,0.11939330101013183,0.11032919883728028,0.11050519943237305,0.110453200340271,1.201933498145699,1.2032843786182816,0.9988773389760667,0.0
fp16,128,256,32,32,tail-negative,1,1,graph_lds_chunked(chunk=4),chunk8,0.1336933970451355,0.17414580583572387,0.12086930274963378,0.11224119663238526,0.11221719980239868,0.11200120449066162,1.1936782077757255,1.19138061973168,1.0019285088291623,0.0
fp16,128,256,32,32,tail-negative,2,1,graph_lds_chunked(chunk=4),chunk8,0.13429750204086305,0.1749258041381836,0.1220093011856079,0.11349719762802124,0.11270129680633545,0.11294920444488525,1.1890079500860489,1.1916233960611673,0.9978051404632002,0.0
fp16,128,256,64,8,random,0,1,graph_global,global,0.07588279843330384,0.09767100214958191,0.11358530521392822,0.10075700283050537,0.09456400275230407,0.07450479865074158,1.0184954500584849,1.0,1.0184954500584849,0.0
fp16,128,256,64,8,random,1,1,graph_global,global,0.07235280275344849,0.08852090239524842,0.11056510210037232,0.09863309860229492,0.0880849003791809,0.07201279997825623,1.00472142140418,1.0,1.00472142140418,0.0
fp16,128,256,64,8,random,2,1,graph_global,global,0.07225679755210876,0.08853700160980224,0.110453200340271,0.09868500232696534,0.09593709707260131,0.0718887984752655,1.0051190044158254,1.0,1.0051190044158254,0.0
fp16,128,256,64,8,contiguous,0,1,graph_global,global,0.07438480257987976,0.08839300274848938,0.11057319641113281,0.09842900037765503,0.08828889727592468,0.07259269952774047,1.0246870975152873,1.0,1.0246870975152873,0.0
fp16,128,256,64,8,contiguous,1,1,graph_global,global,0.072188800573349,0.08844500184059143,0.1109611988067627,0.09831699728965759,0.088468998670578,0.0727487027645111,0.992303612712181,1.0,0.992303612712181,0.0
fp16,128,256,64,8,contiguous,2,1,graph_global,global,0.07254080176353454,0.08818489909172059,0.1111691951751709,0.09743710160255432,0.08840900063514709,0.07240880131721497,1.0018229889725876,1.0,1.0018229889725876,0.0
fp16,128,256,64,8,page-cross,0,1,graph_global,global,0.07242479920387268,0.08836089968681335,0.1100011944770813,0.09898099899291993,0.08925700187683105,0.07215679883956909,1.003714138772972,1.0,1.003714138772972,0.0
fp16,128,256,64,8,page-cross,1,1,graph_global,global,0.07227280139923095,0.08816890120506286,0.11027719974517822,0.09893310070037842,0.08876100182533264,0.07221279740333557,1.0008309329932232,1.0,1.0008309329932232,0.0
fp16,128,256,64,8,page-cross,2,1,graph_global,global,0.0722208023071289,0.08820890188217163,0.1097491979598999,0.09827309846878052,0.08797699809074402,0.07220479846000671,1.000221645201753,1.0,1.000221645201753,0.0
fp16,128,256,64,8,tail-negative,0,1,graph_global,global,0.07188069820404053,0.0885890007019043,0.1118291974067688,0.10120910406112671,0.09605299830436706,0.0717408001422882,1.0019500488073014,1.0,1.0019500488073014,0.0
fp16,128,256,64,8,tail-negative,1,1,graph_global,global,0.07355679869651795,0.08861690163612365,0.10966110229492188,0.09823309779167175,0.08825690150260926,0.07243679761886597,1.0154617696318518,1.0,1.0154617696318518,0.0
fp16,128,256,64,8,tail-negative,2,1,graph_global,global,0.07202069759368897,0.08847299814224244,0.1110692024230957,0.10020099878311158,0.08921700119972228,0.07180879712104797,1.0029508985129467,1.0,1.0029508985129467,0.0
fp16,128,256,64,16,random,0,1,graph_global,global,0.13274940252304077,0.17086180448532104,0.20856618881225586,0.18075790405273437,0.17155380249023439,0.13183339834213256,1.0069481951647108,1.0,1.0069481951647108,0.0
fp16,128,256,64,16,random,1,1,graph_global,global,0.13025740385055543,0.1746057987213135,0.21016619205474854,0.18057399988174438,0.1715859055519104,0.13243340253829955,0.9835691098617297,1.0,0.9835691098617297,0.0
fp16,128,256,64,16,random,2,1,graph_global,global,0.12977739572525024,0.17229390144348145,0.21880240440368653,0.1815340042114258,0.17083389759063722,0.1307494044303894,0.9925658651419964,1.0,0.9925658651419964,0.0
fp16,128,256,64,16,contiguous,0,1,graph_global,global,0.13092139959335328,0.16828980445861816,0.21098220348358154,0.18297799825668334,0.17125389575958253,0.1306612968444824,1.0019906640692573,1.0,1.0019906640692573,0.0
fp16,128,256,64,16,contiguous,1,1,graph_global,global,0.1311094045639038,0.17169779539108276,0.20959019660949707,0.18288190364837648,0.17129379510879517,0.13259739875793458,0.9887781041862879,1.0,0.9887781041862879,0.0
fp16,128,256,64,16,contiguous,2,1,graph_global,global,0.1302533984184265,0.1701938033103943,0.20724220275878907,0.1811579942703247,0.17288190126419067,0.13128149509429932,0.9921687616740323,1.0,0.9921687616740323,0.0
fp16,128,256,64,16,page-cross,0,1,graph_global,global,0.13069740533828736,0.17439379692077636,0.20483019351959228,0.17907799482345582,0.17095789909362794,0.1317654013633728,0.9918947158052499,1.0,0.9918947158052499,0.0
fp16,128,256,64,16,page-cross,1,1,graph_global,global,0.13069740533828736,0.17323379516601561,0.20914630889892577,0.1795539975166321,0.17067790031433105,0.13259739875793458,0.9856709600833438,1.0,0.9856709600833438,0.0
fp16,128,256,64,16,page-cross,2,1,graph_global,global,0.13084139823913574,0.16689779758453369,0.2097862958908081,0.1842460036277771,0.17159379720687867,0.13057340383529664,1.0020524425033535,1.0,1.0020524425033535,0.0
fp16,128,256,64,16,tail-negative,0,1,graph_global,global,0.1300454020500183,0.1738139033317566,0.20877819061279296,0.179393994808197,0.1708258032798767,0.13225350379943848,0.9833040207935152,1.0,0.9833040207935152,0.0
fp16,128,256,64,16,tail-negative,1,1,graph_global,global,0.1304334044456482,0.17333780527114867,0.209594202041626,0.18310600519180298,0.17120590209960937,0.1320173978805542,0.988001631146077,1.0,0.988001631146077,0.0
fp16,128,256,64,16,tail-negative,2,1,graph_global,global,0.12969340085983277,0.17142579555511475,0.20752220153808593,0.17895389795303346,0.17083779573440552,0.13020139932632446,0.9960983640028439,1.0,0.9960983640028439,0.0
fp16,128,256,64,32,random,0,1,graph_global,global,0.24659459590911864,0.32470738887786865,0.37870810031890867,0.33801560401916503,0.3172353982925415,0.27603099346160886,0.8933583610183097,1.0,0.8933583610183097,0.0
fp16,128,256,64,32,random,1,1,graph_global,global,0.24493060111999512,0.3334394931793213,0.3840321063995361,0.3401597023010254,0.3172914028167725,0.2487865924835205,0.9845008071977158,1.0,0.9845008071977158,0.0
fp16,128,256,64,32,random,2,1,graph_global,global,0.24545469284057617,0.321299409866333,0.3772960901260376,0.33903961181640624,0.31666738986968995,0.2672908067703247,0.9183057801590921,1.0,0.9183057801590921,0.0
fp16,128,256,64,32,contiguous,0,1,graph_global,global,0.24766669273376465,0.3283715009689331,0.3828680992126465,0.33802759647369385,0.31649940013885497,0.2696669101715088,0.9184170671004761,1.0,0.9184170671004761,0.0
fp16,128,256,64,32,contiguous,1,1,graph_global,global,0.24628260135650634,0.32222740650177,0.38248410224914553,0.34002768993377686,0.31676340103149414,0.2702828884124756,0.9112030835657539,1.0,0.9112030835657539,0.0
fp16,128,256,64,32,contiguous,2,1,graph_global,global,0.2464345932006836,0.325211501121521,0.38289608955383303,0.33894360065460205,0.31688339710235597,0.27063090801239015,0.910592936374441,1.0,0.910592936374441,0.0
fp16,128,256,64,32,page-cross,0,1,graph_global,global,0.24506659507751466,0.3224994897842407,0.3790600061416626,0.33854360580444337,0.31677539348602296,0.27139089107513426,0.9030022861366717,1.0,0.9030022861366717,0.0
fp16,128,256,64,32,page-cross,1,1,graph_global,global,0.24513459205627441,0.33493149280548096,0.37709999084472656,0.33747971057891846,0.3175473928451538,0.25113070011138916,0.9761235561703322,1.0,0.9761235561703322,0.0
fp16,128,256,64,32,page-cross,2,1,graph_global,global,0.24678659439086914,0.3145714044570923,0.3770279884338379,0.33819971084594724,0.3165874004364014,0.2717749118804932,0.9080550985493021,1.0,0.9080550985493021,0.0
fp16,128,256,64,32,tail-negative,0,1,graph_global,global,0.2453465938568115,0.32277939319610593,0.37951200008392333,0.3381436109542847,0.3172153949737549,0.2690068960189819,0.9120457411601044,1.0,0.9120457411601044,0.0
fp16,128,256,64,32,tail-negative,1,1,graph_global,global,0.2446065902709961,0.3249715089797974,0.3791400909423828,0.34013559818267824,0.31740341186523435,0.266818904876709,0.9167513463261656,1.0,0.9167513463261656,0.0
fp16,128,256,64,32,tail-negative,2,1,graph_global,global,0.24699859619140624,0.32523550987243655,0.3772559881210327,0.33817970752716064,0.31689939498901365,0.27138690948486327,0.9101345258702785,1.0,0.9101345258702785,0.0
fp16,128,256,128,8,random,0,0,graph_global,global,0.1381734013557434,,,,,0.14019349813461304,0.9855906528779962,1.0,0.9855906528779962,0.0
fp16,128,256,128,8,random,1,0,graph_global,global,0.1435096025466919,,,,,0.13895349502563475,1.0327887220124734,1.0,1.0327887220124734,0.0
fp16,128,256,128,8,random,2,0,graph_global,global,0.13883750438690184,,,,,0.13865749835968016,1.0012982062228957,1.0,1.0012982062228957,0.0
fp16,128,256,128,8,contiguous,0,0,graph_global,global,0.14188950061798095,,,,,0.14180949926376343,1.0005641466519017,1.0,1.0005641466519017,0.0
fp16,128,256,128,8,contiguous,1,0,graph_global,global,0.14166150093078614,,,,,0.14182950258255006,0.9988154675247053,1.0,0.9988154675247053,0.0
fp16,128,256,128,8,contiguous,2,0,graph_global,global,0.14260150194168092,,,,,0.14229350090026854,1.002164547498401,1.0,1.002164547498401,0.0
fp16,128,256,128,8,page-cross,0,0,graph_global,global,0.14244149923324584,,,,,0.14285759925842284,0.9970873091292519,1.0,0.9970873091292519,0.0
fp16,128,256,128,8,page-cross,1,0,graph_global,global,0.14302560091018676,,,,,0.14260159730911254,1.0029733439812398,1.0,1.0029733439812398,0.0
fp16,128,256,128,8,page-cross,2,0,graph_global,global,0.14293349981307985,,,,,0.1420256018638611,1.0063924949960008,1.0,1.0063924949960008,0.0
fp16,128,256,128,8,tail-negative,0,0,graph_global,global,0.1417296051979065,,,,,0.14282950162887573,0.9922992349729879,1.0,0.9922992349729879,0.0
fp16,128,256,128,8,tail-negative,1,0,graph_global,global,0.14293760061264038,,,,,0.14284549951553344,1.0006447602298938,1.0,1.0006447602298938,0.0
fp16,128,256,128,8,tail-negative,2,0,graph_global,global,0.14356549978256225,,,,,0.14369349479675292,0.9991092497654698,1.0,0.9991092497654698,0.0
fp16,128,256,128,16,random,0,0,graph_global,global,0.26175079345703123,,,,,0.26580688953399656,0.984740440384836,1.0,0.984740440384836,0.0
fp16,128,256,128,16,random,1,0,graph_global,global,0.2661747932434082,,,,,0.26656689643859866,0.9985290626839677,1.0,0.9985290626839677,0.0
fp16,128,256,128,16,random,2,0,graph_global,global,0.26841490268707274,,,,,0.26963880062103274,0.9954609724893408,1.0,0.9954609724893408,0.0
fp16,128,256,128,16,contiguous,0,0,graph_global,global,0.2696228981018066,,,,,0.26982290744781495,0.9992587384521938,1.0,0.9992587384521938,0.0
fp16,128,256,128,16,contiguous,1,0,graph_global,global,0.2707068920135498,,,,,0.2718668937683105,0.995733199660017,1.0,0.995733199660017,0.0
fp16,128,256,128,16,contiguous,2,0,graph_global,global,0.2721349000930786,,,,,0.27093091011047366,1.0044439004103076,1.0,1.0044439004103076,0.0
fp16,128,256,128,16,page-cross,0,0,graph_global,global,0.2706989049911499,,,,,0.2689949035644531,1.006334697810691,1.0,1.006334697810691,0.0
fp16,128,256,128,16,page-cross,1,0,graph_global,global,0.27077488899230956,,,,,0.27157089710235593,0.9970688754997692,1.0,0.9970688754997692,0.0
fp16,128,256,128,16,page-cross,2,0,graph_global,global,0.2695988893508911,,,,,0.27053489685058596,0.9965401598441039,1.0,0.9965401598441039,0.0
fp16,128,256,128,16,tail-negative,0,0,graph_global,global,0.271898889541626,,,,,0.26670279502868655,1.0194827148788619,1.0,1.0194827148788619,0.0
fp16,128,256,128,16,tail-negative,1,0,graph_global,global,0.26742289066314695,,,,,0.2680548906326294,0.997642274058157,1.0,0.997642274058157,0.0
fp16,128,256,128,16,tail-negative,2,0,graph_global,global,0.2702148914337158,,,,,0.26974289417266845,1.0017498042441304,1.0,1.0017498042441304,0.0
fp16,128,256,128,32,random,0,0,graph_global,global,0.5193214893341065,,,,,0.526729679107666,0.9859354996169767,1.0,0.9859354996169767,0.0
fp16,128,256,128,32,random,1,0,graph_global,global,0.5289216995239258,,,,,0.528529691696167,1.00074169499636,1.0,1.00074169499636,0.0
fp16,128,256,128,32,random,2,0,graph_global,global,0.5275656223297119,,,,,0.5300615787506103,0.9952911953611474,1.0,0.9952911953611474,0.0
fp16,128,256,128,32,contiguous,0,0,graph_global,global,0.5281416893005371,,,,,0.5317936897277832,0.9931326743852197,1.0,0.9931326743852197,0.0
fp16,128,256,128,32,contiguous,1,0,graph_global,global,0.5290657043457031,,,,,0.5281375885009766,1.0017573372260073,1.0,1.0017573372260073,0.0
fp16,128,256,128,32,contiguous,2,0,graph_global,global,0.5255735874176025,,,,,0.5272696018218994,0.996783401890728,1.0,0.996783401890728,0.0
fp16,128,256,128,32,page-cross,0,0,graph_global,global,0.5304817199707031,,,,,0.5338576793670654,0.9936762932765812,1.0,0.9936762932765812,0.0
fp16,128,256,128,32,page-cross,1,0,graph_global,global,0.5392498016357422,,,,,0.546685791015625,0.9863980562471392,1.0,0.9863980562471392,0.0
fp16,128,256,128,32,page-cross,2,0,graph_global,global,0.5376897811889648,,,,,0.5464057922363281,0.984048465131216,1.0,0.984048465131216,0.0
fp16,128,256,128,32,tail-negative,0,0,graph_global,global,0.5369256973266602,,,,,0.5379057884216308,0.998177950272953,1.0,0.998177950272953,0.0
fp16,128,256,128,32,tail-negative,1,0,graph_global,global,0.5403657913208008,,,,,0.5500618934631347,0.9823727070397692,1.0,0.9823727070397692,0.0
fp16,128,256,128,32,tail-negative,2,0,graph_global,global,0.5355856895446778,,,,,0.5374978065490723,0.9964425584977341,1.0,0.9964425584977341,0.0
fp16,256,64,32,8,random,0,1,graph_lds_chunked(chunk=4),chunk4,0.028292301297187804,0.027152299880981445,0.026304298639297487,0.025768300890922545,0.02714419960975647,0.025928300619125367,1.091174532137239,1.0979498189247858,0.9938291471333527,0.0
fp16,256,64,32,8,random,1,1,graph_lds_chunked(chunk=4),chunk4,0.027556300163269043,0.026192298531532286,0.025536200404167174,0.024820199608802794,0.02616020143032074,0.025620299577713012,1.0755651033542226,1.1102368473094735,0.9687708581828519,0.0
fp16,256,64,32,8,random,2,1,graph_lds_chunked(chunk=4),chunk4,0.02674430012702942,0.02538830041885376,0.024676300585269928,0.024464300274848937,0.025036200881004333,0.024524299800395964,1.0905224754509653,1.0931970187810558,0.9975534663156393,0.0
fp16,256,64,32,8,contiguous,0,1,graph_lds_chunked(chunk=4),chunk4,0.026048299670219422,0.0247762992978096,0.02440830022096634,0.023388299345970153,0.024396200478076936,0.023972299695014954,1.086599950843939,1.113732096759211,0.9756385346222647,0.0
fp16,256,64,32,8,contiguous,1,1,graph_lds_chunked(chunk=4),chunk4,0.025356200337409974,0.024384300410747527,0.023684300482273102,0.023488299548625947,0.024288299679756164,0.023336200416088103,1.0865607890447013,1.079524734641478,1.0065177333852937,0.0
fp16,256,64,32,8,contiguous,2,1,graph_lds_chunked(chunk=4),chunk4,0.02532829940319061,0.024464300274848937,0.023708300292491914,0.023548200726509094,0.02432820051908493,0.023328299820423126,1.085732762274281,1.0755938297518244,1.0094263580191751,0.0
fp16,256,64,32,8,page-cross,0,1,graph_lds_chunked(chunk=4),chunk4,0.02512829899787903,0.024560199677944185,0.023792199790477753,0.023732300102710723,0.024620300531387328,0.023340199887752534,1.0766102740647383,1.0588227390150378,1.0167993511985276,0.0
fp16,256,64,32,8,page-cross,1,1,graph_lds_chunked(chunk=4),chunk2,0.02522430121898651,0.024420200288295744,0.023660199344158174,0.024208199977874757,0.02436030060052872,0.023336300253868104,1.0809040398254843,1.0661068764500718,1.0138796247377038,0.0
fp16,256,64,32,8,page-cross,2,1,graph_lds_chunked(chunk=4),chunk4,0.0251242995262146,0.024376299977302552,0.023564299941062926,0.023492300510406496,0.02437230050563812,0.023292200267314912,1.0786572001731671,1.0694695274771056,1.0085908690804268,0.0
fp16,256,64,32,8,tail-negative,0,1,graph_lds_chunked(chunk=4),chunk4,0.02538830041885376,0.02432029992341995,0.023696300387382508,0.02348019927740097,0.02432820051908493,0.02326429933309555,1.0912987343975853,1.0812642652181101,1.0092803114856024,0.0
fp16,256,64,32,8,tail-negative,1,1,graph_lds_chunked(chunk=4),chunk4,0.02541620135307312,0.024404199421405794,0.02371630072593689,0.023444299399852753,0.024324299395084382,0.023260200023651124,1.092690575628316,1.0841100823525889,1.0079147804410296,0.0
fp16,256,64,32,8,tail-negative,2,1,graph_lds_chunked(chunk=4),chunk4,0.025368300080299378,0.024528199434280397,0.02372419983148575,0.023524199426174165,0.024504299461841583,0.023268300294876098,1.090251533580462,1.078391643461132,1.0109977578102005,0.0
fp16,256,64,32,16,random,0,1,graph_lds_chunked(chunk=4),chunk4,0.04269649982452393,0.040652400255203246,0.038564398884773254,0.036184298992156985,0.037652400135993955,0.03598439991474152,1.186528048979155,1.1799731102647166,1.0055551593993255,0.0
fp16,256,64,32,16,random,1,1,graph_lds_chunked(chunk=4),chunk4,0.043684399127960204,0.041808399558067325,0.04000039994716644,0.03704439997673035,0.038956499099731444,0.03761239945888519,1.1614361156541588,1.17924434342035,0.9848986108217921,0.0
fp16,256,64,32,16,random,2,1,graph_lds_chunked(chunk=4),chunk4,0.04280439913272858,0.04202440083026886,0.040196400880813596,0.03696039915084839,0.03877649903297424,0.03649640083312988,1.1728389144025557,1.1581151750561127,1.012713536324856,0.0
fp16,256,64,32,16,contiguous,0,1,graph_lds_chunked(chunk=4),chunk4,0.04375639855861664,0.04220840036869049,0.0412883996963501,0.036976400017738345,0.038880398869514464,0.0369163990020752,1.185283498429978,1.1833601577661912,1.0016253214637694,0.0
fp16,256,64,32,16,contiguous,1,1,graph_lds_chunked(chunk=4),chunk4,0.04419650137424469,0.041788500547409055,0.039912500977516176,0.03721239864826202,0.03868040144443512,0.0379723995923996,1.1639112052083977,1.1876821430404851,0.9799854380472258,0.0
fp16,256,64,32,16,contiguous,2,1,graph_lds_chunked(chunk=4),chunk4,0.0437283992767334,0.0412883996963501,0.03907240033149719,0.03695240020751953,0.03772439956665039,0.03756040036678314,1.1642154729374232,1.1833710132808912,0.9838127348663382,0.0
fp16,256,64,32,16,page-cross,0,1,graph_lds_chunked(chunk=4),chunk4,0.04260039925575256,0.04059650003910065,0.03958440124988556,0.035848399996757506,0.03788039982318878,0.035676398873329164,1.1940778946610449,1.1883486922597877,1.0048211458796343,0.0
fp16,256,64,32,16,page-cross,1,1,graph_lds_chunked(chunk=4),chunk4,0.04232049882411957,0.040608400106430055,0.039496400952339174,0.03581239879131317,0.03798440098762512,0.03580040037631989,1.182123618151276,1.181727565101979,1.0003351475086077,0.0
fp16,256,64,32,16,page-cross,2,1,graph_lds_chunked(chunk=4),chunk4,0.04260450005531311,0.04181250035762787,0.03904840052127838,0.03677240014076233,0.03830049932003021,0.03685239851474762,1.1560848621091409,1.1585999252761823,0.9978292220531242,0.0
fp16,256,64,32,16,tail-negative,0,1,graph_lds_chunked(chunk=4),chunk4,0.042888501286506654,0.040844500064849854,0.038808399438858034,0.03604440093040466,0.0379723995923996,0.03653239905834198,1.1739853497716926,1.1898797088989421,0.9866420454030959,0.0
fp16,256,64,32,16,tail-negative,1,1,graph_lds_chunked(chunk=4),chunk4,0.04275250136852264,0.04163239896297455,0.03920440077781677,0.03634040057659149,0.03857240080833435,0.03722040057182312,1.1486308774679732,1.1764455176661281,0.9763570520007296,0.0
fp16,256,64,32,16,tail-negative,2,1,graph_lds_chunked(chunk=4),chunk4,0.04349650144577026,0.04174050092697144,0.0415924996137619,0.03683240115642548,0.038964399695396425,0.03724440038204193,1.1678668739353069,1.1809303786913772,0.9889379551988947,0.0
fp16,256,64,32,32,random,0,1,graph_lds_chunked(chunk=8),chunk8,0.07895680069923401,0.07324870228767395,0.06845679879188538,0.06214470267295837,0.061516600847244265,0.062148600816726685,1.2704517826889445,1.283503958472878,0.989830825454202,0.0
fp16,256,64,32,32,random,1,1,graph_lds_chunked(chunk=8),chunk8,0.0793088972568512,0.07554879784584045,0.07018470168113708,0.06540070176124572,0.06311659812927246,0.06325269937515259,1.2538420974964102,1.2565458153244322,0.9978482934764111,0.0
fp16,256,64,32,32,random,2,1,graph_lds_chunked(chunk=8),chunk8,0.08018090128898621,0.07552480101585388,0.07157670259475708,0.06411259770393371,0.0630645990371704,0.06308069825172424,1.271084555358335,1.2714090395108582,0.9997447838245291,0.0
fp16,256,64,32,32,contiguous,0,1,graph_lds_chunked(chunk=8),chunk8,0.07966480255126954,0.07562879920005798,0.0681207001209259,0.06272460222244262,0.06270470023155213,0.06320469975471496,1.2604252984419355,1.2704757738588681,0.9920892034120369,0.0
fp16,256,64,32,32,contiguous,1,1,graph_lds_chunked(chunk=8),chunk4,0.08002880215644836,0.07403280138969422,0.06848070025444031,0.06205270290374756,0.06244469881057739,0.06341670155525207,1.261951507943423,1.2896908339445625,0.9784914917040249,0.0
fp16,256,64,32,32,contiguous,2,1,graph_lds_chunked(chunk=8),chunk8,0.08089290261268615,0.07604479789733887,0.07153670191764831,0.06592079997062683,0.061572599411010745,0.06398069858551025,1.2643329066589157,1.313780860098306,0.9623620993871912,0.0
fp16,256,64,32,32,page-cross,0,1,graph_lds_chunked(chunk=8),chunk8,0.07793689966201782,0.07588880062103272,0.07140470147132874,0.0642765998840332,0.06302059888839721,0.06300470232963562,1.2370013154614734,1.2366892894819326,1.000252307497279,0.0
fp16,256,64,32,32,page-cross,1,1,graph_lds_chunked(chunk=8),chunk8,0.0779649019241333,0.07570480108261109,0.06834480166435242,0.061508601903915404,0.06143659949302673,0.0627646028995514,1.2421794821024916,1.269030229008404,0.9788415230054112,0.0
fp16,256,64,32,32,page-cross,2,1,graph_lds_chunked(chunk=8),chunk8,0.07782480120658875,0.0734167993068695,0.06796079874038696,0.062408697605133054,0.06088460087776184,0.06118069887161255,1.272048254465085,1.2782345631670935,0.995160271142504,0.0
fp16,256,64,32,32,tail-negative,0,1,graph_lds_chunked(chunk=8),chunk8,0.0766048014163971,0.07497280240058898,0.06959270238876343,0.06205270290374756,0.06123669743537903,0.06220070123672485,1.2315745625576275,1.2509623252827358,0.9845017213282372,0.0
fp16,256,64,32,32,tail-negative,1,1,graph_lds_chunked(chunk=8),chunk8,0.07836880087852478,0.07387279868125915,0.06964470148086548,0.0634207010269165,0.06140069961547852,0.061708700656890866,1.2699797604598164,1.2763502919235268,0.9950087906869912,0.0
fp16,256,64,32,32,tail-negative,2,1,graph_lds_chunked(chunk=8),chunk8,0.07855679988861083,0.07540079951286316,0.06976079940795898,0.06298069953918457,0.062324702739715576,0.06320059895515442,1.2429755601581052,1.2604440363989344,0.9861410140106368,0.0
fp16,256,64,64,8,random,0,1,graph_lds_chunked(chunk=4),chunk4,0.040208399295806885,0.038136398792266844,0.03702439963817596,0.0358803004026413,0.03816840052604675,0.03546839952468872,1.1336400805967792,1.1206260495201144,1.0116131791530616,0.0
fp16,256,64,64,8,random,1,1,graph_lds_chunked(chunk=4),chunk4,0.040284401178359984,0.038092398643493654,0.03694440126419067,0.03577240109443665,0.0380403995513916,0.035532400012016296,1.1337371290635212,1.1261307585144193,1.0067544292628472,0.0
fp16,256,64,64,8,random,2,1,graph_lds_chunked(chunk=4),chunk4,0.04151650071144104,0.03812040090560913,0.03695240020751953,0.03574439883232117,0.038108399510383605,0.03550040125846863,1.1694656747446557,1.161482695686032,1.0068730934074817,0.0
fp16,256,64,64,8,contiguous,0,1,graph_lds_chunked(chunk=4),chunk4,0.040264400839805606,0.03810850083827973,0.03690440058708191,0.03594439923763275,0.03828040063381195,0.03555240035057068,1.1325367750917354,1.1201856671358674,1.0110259471427159,0.0
fp16,256,64,64,8,contiguous,1,1,graph_lds_chunked(chunk=4),chunk4,0.04096049964427948,0.03816840052604675,0.03700039982795715,0.03592840135097504,0.03803240060806275,0.03615640103816986,1.1328699336263583,1.1400590648091242,0.9936940712944818,0.0
fp16,256,64,64,8,contiguous,2,1,graph_lds_chunked(chunk=4),chunk4,0.040068399906158444,0.03854449987411499,0.03843240141868591,0.03598439991474152,0.038284501433372496,0.03585239946842193,1.1175932573620317,1.1134936250456648,1.003681774393813,0.0
fp16,256,64,64,8,page-cross,0,1,graph_lds_chunked(chunk=4),chunk4,0.040312498807907104,0.03817239999771118,0.03705640137195587,0.03601239919662476,0.03905239999294281,0.036164399981498715,1.1147011654702002,1.1194060853264498,0.9957969499023427,0.0
fp16,256,64,64,8,page-cross,1,1,graph_lds_chunked(chunk=4),chunk4,0.03970440030097962,0.03788839876651764,0.03679639995098114,0.03562439978122711,0.03818039894104004,0.03550029993057251,1.1184243620090257,1.1145282599793451,1.003495740906339,0.0
fp16,256,64,64,8,page-cross,2,1,graph_lds_chunked(chunk=4),chunk4,0.03964039981365204,0.03812839984893799,0.036576399207115175,0.03580839931964874,0.03815639913082123,0.03566040098667145,1.1116083587637775,1.1070140125448336,1.0041502150531794,0.0
fp16,256,64,64,8,tail-negative,0,1,graph_lds_chunked(chunk=4),chunk4,0.04033649861812592,0.03818039894104004,0.03695240020751953,0.035720399022102355,0.038156500458717345,0.03574039936065674,1.1285967515664805,1.1292286682790778,0.999440399690206,0.0
fp16,256,64,64,8,tail-negative,1,1,graph_lds_chunked(chunk=4),chunk4,0.04137240052223205,0.038252401351928714,0.037236401438713075,0.036148399114608765,0.03791239857673645,0.035436400771141054,1.1675113618176822,1.1445154290529036,1.020092287251914,0.0
fp16,256,64,64,8,tail-negative,2,1,graph_lds_chunked(chunk=4),chunk4,0.0400083988904953,0.03803240060806275,0.03690440058708191,0.03569639921188354,0.03814440071582794,0.03539640009403229,1.1302957019417514,1.120796488548242,1.008475413235648,0.0
fp16,256,64,64,16,random,0,1,graph_lds_chunked(chunk=4),chunk4,0.07112879753112793,0.06686869859695435,0.06444870233535767,0.059120601415634154,0.060732698440551756,0.05847259759902954,1.2164466853155236,1.2031135649495992,1.0110821794004816,0.0
fp16,256,64,64,16,random,1,1,graph_lds_chunked(chunk=4),chunk4,0.07549679875373841,0.0693127989768982,0.06619669795036316,0.06088870167732239,0.06294869780540466,0.06071270108222961,1.2435091407230447,1.2399147407318871,1.002898908991949,0.0
fp16,256,64,64,16,random,2,1,graph_lds_chunked(chunk=4),chunk4,0.07431679964065552,0.06999279856681824,0.06754469871520996,0.06132460236549377,0.06175670027732849,0.060920697450637815,1.2198941041486295,1.2118594621735732,1.0066300113386462,0.0
fp16,256,64,64,16,contiguous,0,1,graph_lds_chunked(chunk=4),chunk4,0.07173280119895935,0.06687269806861877,0.06418470144271851,0.05959259867668152,0.0615327000617981,0.05897259712219238,1.2163751420058297,1.203719971806302,1.0105133839231208,0.0
fp16,256,64,64,16,contiguous,1,1,graph_lds_chunked(chunk=4),chunk4,0.07394480109214782,0.06710079908370972,0.06348469853401184,0.059204602241516115,0.06117269992828369,0.06043660044670105,1.2235102660573973,1.248970490342986,0.9796150313538659,0.0
fp16,256,64,64,16,contiguous,2,1,graph_lds_chunked(chunk=4),chunk4,0.07512480020523071,0.06897280216217042,0.06604470014572143,0.059804600477218625,0.060660600662231445,0.06020470261573792,1.2478227935900905,1.2561709234032592,0.9933543042131944,0.0
fp16,256,64,64,16,page-cross,0,1,graph_lds_chunked(chunk=4),chunk4,0.07052069902420044,0.0684207022190094,0.06385260224342346,0.05930860042572021,0.06008859872817993,0.05841270089149475,1.2072836548886354,1.1890467574348274,1.0153374098535461,0.0
fp16,256,64,64,16,page-cross,1,1,graph_lds_chunked(chunk=4),chunk4,0.07138879895210266,0.06749269962310792,0.06224870085716248,0.059408700466156004,0.06040459871292114,0.059368598461151126,1.202467311045201,1.2016556226940445,1.0006754750161588,0.0
fp16,256,64,64,16,page-cross,2,1,graph_lds_chunked(chunk=4),chunk4,0.07217680215835572,0.06688879728317261,0.06281669735908509,0.0589165985584259,0.06042870283126831,0.05945259928703308,1.2140226503788516,1.2250673651293709,0.9909844021113459,0.0
fp16,256,64,64,16,tail-negative,0,1,graph_lds_chunked(chunk=4),chunk4,0.07149670124053956,0.0668927013874054,0.0638687014579773,0.058852702379226685,0.0598285973072052,0.058508700132369994,1.2219840994379558,1.214841432086487,1.0058795058867898,0.0
fp16,256,64,64,16,tail-negative,1,1,graph_lds_chunked(chunk=4),chunk4,0.07184079885482789,0.0684486985206604,0.06434869766235352,0.05875260233879089,0.060792702436447146,0.05953270196914673,1.2067451413856525,1.222767945504188,0.9868962838145642,0.0
fp16,256,64,64,16,tail-negative,2,1,graph_lds_chunked(chunk=4),chunk4,0.07103279829025269,0.06806470155715942,0.06364870071411133,0.05887259840965271,0.06032059788703918,0.0599806010723114,1.184262861997948,1.2065510986280197,0.9815273164514823,0.0
fp16,256,64,64,32,random,0,1,graph_lds_chunked(chunk=8),chunk8,0.13755350112915038,0.13105740547180175,0.12232129573822022,0.10902119874954223,0.10591319799423218,0.10504519939422607,1.3094696561327215,1.2987380584678527,1.0082630963148405,0.0
fp16,256,64,64,32,random,1,1,graph_lds_chunked(chunk=8),chunk8,0.1402215003967285,0.12928539514541626,0.1215893030166626,0.1095731019973755,0.1069370985031128,0.10760509967803955,1.3031120348039178,1.311252150652347,0.9937921048637522,0.0
fp16,256,64,64,32,random,2,1,graph_lds_chunked(chunk=8),chunk4,0.13908950090408326,0.12992939949035645,0.12207330465316772,0.10981320142745972,0.11016919612884521,0.10567710399627686,1.3161744185285733,1.2666009104193436,1.039139011902981,0.0
fp16,256,64,64,32,contiguous,0,1,graph_lds_chunked(chunk=8),chunk8,0.14012550115585326,0.12846540212631224,0.12329729795455932,0.10872509479522705,0.10793720483779908,0.10553710460662842,1.3277368341508629,1.2982131728019513,1.022741766889632,0.0
fp16,256,64,64,32,contiguous,1,1,graph_lds_chunked(chunk=8),chunk8,0.14445350170135499,0.13052940368652344,0.12369329929351806,0.1092331051826477,0.10848519802093506,0.10845719575881958,1.3318941236742075,1.3315503343919683,1.0002581872223375,0.0
fp16,256,64,64,32,contiguous,2,1,graph_lds_chunked(chunk=8),chunk8,0.14324549436569214,0.13358540534973146,0.12451330423355103,0.1111251950263977,0.10996520519256592,0.109089195728302,1.3131043217374152,1.3026438146034225,1.008030212876862,0.0
fp16,256,64,64,32,page-cross,0,1,graph_lds_chunked(chunk=8),chunk4,0.1422094941139221,0.13473750352859498,0.12920939922332764,0.10952919721603394,0.10982120037078857,0.10986510515213013,1.2944009284568083,1.298370642062043,0.9969425420780231,0.0
fp16,256,64,64,32,page-cross,1,1,graph_lds_chunked(chunk=8),chunk8,0.1434054970741272,0.13145740032196046,0.12523330450057985,0.10852919816970825,0.10793709754943848,0.10852919816970825,1.3213540640914208,1.3286024946931996,0.9945443195909003,0.0
fp16,256,64,64,32,page-cross,2,1,graph_lds_chunked(chunk=8),chunk8,0.13916150331497193,0.13138940334320068,0.12533340454101563,0.10965720415115357,0.10881309509277344,0.10800119638442993,1.2885181643694668,1.2789040068782493,1.007517497356729,0.0
fp16,256,64,64,32,tail-negative,0,1,graph_lds_chunked(chunk=8),chunk8,0.14255750179290771,0.13190139532089235,0.12443729639053344,0.11107319593429565,0.1097411036491394,0.1090932011604309,1.306749644125528,1.2990347012427341,1.0059389813647113,0.0
fp16,256,64,64,32,tail-negative,1,1,graph_lds_chunked(chunk=8),chunk8,0.14689760208129882,0.13275339603424072,0.12417340278625488,0.11036920547485352,0.11001319885253906,0.10946919918060302,1.3419080725980845,1.3352725274191815,1.0049694313652422,0.0
fp16,256,64,64,32,tail-negative,2,1,graph_lds_chunked(chunk=8),chunk8,0.14430559873580934,0.1327254056930542,0.12297730445861817,0.10960919857025146,0.10829319953918456,0.10922119617462159,1.3212233869430912,1.332545343104339,0.991503511516635,0.0
fp16,256,64,128,8,random,0,1,graph_lds_chunked(chunk=4),chunk4,0.0754647970199585,0.06849279999732971,0.06909270286560058,0.06401270031929016,0.06906480193138123,0.06441670060157775,1.171509815237419,1.178903508890364,0.9937283300989541,0.0
fp16,256,64,128,8,random,1,1,graph_lds_chunked(chunk=4),chunk4,0.0735368013381958,0.06684079766273499,0.06696069836616517,0.06215670108795166,0.06632469892501831,0.0629247009754181,1.1686476089401425,1.1830872625325033,0.9877949378294788,0.0
fp16,256,64,128,8,random,2,1,graph_lds_chunked(chunk=4),chunk4,0.07035670280456544,0.06566470265388488,0.06814470291137695,0.06373670101165771,0.0680167019367218,0.06214069724082947,1.1322161792278322,1.1038648327860097,1.0256837119905953,0.0
fp16,256,64,128,8,contiguous,0,1,graph_lds_chunked(chunk=4),chunk4,0.07323269844055176,0.06616870164871216,0.06685270071029663,0.06323670148849488,0.06793680191040039,0.06211259961128235,1.1790312899292903,1.1580727127880877,1.0180978075985785,0.0
fp16,256,64,128,8,contiguous,1,1,graph_lds_chunked(chunk=4),chunk4,0.07242069840431213,0.06823269724845886,0.066696697473526,0.06190869808197021,0.06578469872474671,0.0636165976524353,1.1383931407331371,1.16979843944422,0.9731532393512135,0.0
fp16,256,64,128,8,contiguous,2,1,graph_lds_chunked(chunk=4),chunk4,0.0714847981929779,0.06598870158195495,0.06700869798660278,0.06340469717979431,0.06592469811439514,0.06146460175514221,1.1630238568494,1.1274369466708618,1.0315644349634103,0.0
fp16,256,64,128,8,page-cross,0,1,graph_lds_chunked(chunk=4),chunk4,0.0694167971611023,0.0658286988735199,0.06598470211029053,0.061356598138809205,0.06565669775009156,0.06134470105171204,1.13158587410159,1.1313664588127623,1.0001939383009975,0.0
fp16,256,64,128,8,page-cross,1,1,graph_lds_chunked(chunk=4),chunk4,0.07212470173835754,0.06796870231628419,0.0684167981147766,0.06366869807243347,0.0677606999874115,0.06310859918594361,1.142866466198193,1.1328125738695645,1.0088751595458423,0.0
fp16,256,64,128,8,page-cross,2,1,graph_lds_chunked(chunk=4),chunk4,0.0731328010559082,0.06569669842720031,0.06642869710922242,0.06183670163154602,0.06624069809913635,0.0612525999546051,1.1939542339444797,1.1826762929832513,1.0095359491249971,0.0
fp16,256,64,128,8,tail-negative,0,1,graph_lds_chunked(chunk=4),chunk4,0.07518879771232605,0.06660469770431518,0.06679270267486573,0.06244469881057739,0.06643270254135132,0.06283259987831116,1.1966526589373243,1.204086161747808,0.9938264361416681,0.0
fp16,256,64,128,8,tail-negative,1,1,graph_lds_chunked(chunk=4),chunk4,0.07035670280456544,0.06756870150566101,0.06787269711494445,0.06168869733810425,0.0658607006072998,0.06272860169410706,1.1216048326353014,1.1405120522962815,0.9834221658395343,0.0
fp16,256,64,128,8,tail-negative,2,1,graph_lds_chunked(chunk=4),chunk4,0.0710807979106903,0.06728870272636414,0.06638069748878479,0.0615327000617981,0.06552870273590088,0.06303269863128662,1.1276813376892127,1.1551711177845752,0.9762028502339263,0.0
fp16,256,64,128,16,random,0,1,graph_lds_chunked(chunk=8),chunk8,0.13399349451065062,0.12428129911422729,0.12374529838562012,0.11547329425811767,0.11340919733047486,0.11043720245361328,1.213300332982734,1.1815046545139813,1.0269111749558297,0.0
fp16,256,64,128,16,random,1,1,graph_lds_chunked(chunk=8),chunk4,0.13548949956893921,0.12595330476760863,0.1246412992477417,0.11434129476547242,0.11547319889068604,0.11188119649887085,1.2110122505733716,1.1849568421176644,1.0219884872846028,0.0
fp16,256,64,128,16,random,2,1,graph_lds_chunked(chunk=8),chunk8,0.13960150480270386,0.12491339445114136,0.12331340312957764,0.11423319578170776,0.11293729543685913,0.1157371997833252,1.2061939036373412,1.2360974668527647,0.9758080863222209,0.0
fp16,256,64,128,16,contiguous,0,1,graph_lds_chunked(chunk=8),chunk8,0.13670949935913085,0.126317298412323,0.12473729848861695,0.11471320390701294,0.11353720426559448,0.1119331955909729,1.221349025526759,1.2040942900032139,1.0143300534408306,0.0
fp16,256,64,128,16,contiguous,1,1,graph_lds_chunked(chunk=8),chunk8,0.13716939687728882,0.12643330097198485,0.1253172993659973,0.11526130437850952,0.11369719505310058,0.11315720081329346,1.2122021037230752,1.2064448627182571,1.0047720713832264,0.0
fp16,256,64,128,16,contiguous,2,1,graph_lds_chunked(chunk=8),chunk4,0.13679349422454834,0.126841402053833,0.1250573992729187,0.1149412989616394,0.11498520374298096,0.11327719688415527,1.207599569791989,1.190116132846227,1.0146905301619173,0.0
fp16,256,64,128,16,page-cross,0,1,graph_lds_chunked(chunk=8),chunk4,0.13716549873352052,0.12710139751434327,0.12505340576171875,0.11477320194244385,0.11515719890594482,0.1135053038597107,1.2084501258465696,1.1951003928800896,1.0111703862253014,0.0
fp16,256,64,128,16,page-cross,1,1,graph_lds_chunked(chunk=8),chunk4,0.1372254014015198,0.12795729637145997,0.12562140226364135,0.11552120447158813,0.11560519933700561,0.11466120481491089,1.1967901577785844,1.1878806322112898,1.0075003542659915,0.0
fp16,256,64,128,16,page-cross,2,1,graph_lds_chunked(chunk=8),chunk8,0.13768550157546997,0.12962939739227294,0.12585339546203614,0.11638530492782592,0.11489330530166626,0.11502519845962525,1.197002947348086,1.198377061343653,0.9988533542238983,0.0
fp16,256,64,128,16,tail-negative,0,1,graph_lds_chunked(chunk=8),chunk8,0.1379294991493225,0.12717339992523194,0.12462539672851562,0.11508519649505615,0.11463320255279541,0.11491320133209229,1.2002928954238643,1.2032246860223395,0.997563388922673,0.0
fp16,256,64,128,16,tail-negative,1,1,graph_lds_chunked(chunk=8),chunk8,0.13938950300216674,0.12651729583740234,0.12334530353546143,0.11495729684829711,0.11358120441436767,0.11440919637680054,1.218341771609818,1.2272233220352644,0.9927628897968488,0.0
fp16,256,64,128,16,tail-negative,2,1,graph_lds_chunked(chunk=8),chunk8,0.1350414991378784,0.12587339878082277,0.12471339702606202,0.11470930576324463,0.1136132001876831,0.11290520429611206,1.1960608900162861,1.1886074761981607,1.0062707108674478,0.0
fp16,256,64,128,32,random,0,1,graph_lds_chunked(chunk=8),chunk8,0.2600908041000366,0.24303460121154785,0.23583459854125977,0.21225829124450685,0.21083428859710693,0.2052381992340088,1.267263136544508,1.233626682977816,1.0272663148672319,0.0
fp16,256,64,128,32,random,1,1,graph_lds_chunked(chunk=8),chunk8,0.2653269052505493,0.24870669841766357,0.24099860191345215,0.21378629207611083,0.21295030117034913,0.21214630603790283,1.2506788838602028,1.2459569382731308,1.0037898144326052,0.0
fp16,256,64,128,32,random,2,1,graph_lds_chunked(chunk=8),chunk8,0.270094895362854,0.24453470706939698,0.23534250259399414,0.2114501953125,0.21048619747161865,0.20591020584106445,1.3117120361257455,1.2831952812453313,1.0222232385804435,0.0
fp16,256,64,128,32,contiguous,0,1,graph_lds_chunked(chunk=8),chunk8,0.26771490573883056,0.24819869995117189,0.2409585952758789,0.21483829021453857,0.21167430877685547,0.21087028980255126,1.2695714791756858,1.2647491671795297,1.0038128603847278,0.0
fp16,256,64,128,32,contiguous,1,1,graph_lds_chunked(chunk=8),chunk8,0.2687549114227295,0.2495426893234253,0.24351460933685304,0.21410229206085205,0.21238229274749756,0.21276628971099854,1.2631461111051971,1.2654299374301117,0.9981952170899697,0.0
fp16,256,64,128,32,contiguous,2,1,graph_lds_chunked(chunk=8),chunk8,0.2715310096740723,0.24646658897399903,0.24086260795593262,0.21320230960845948,0.21182630062103272,0.21001029014587402,1.292941452942452,1.2818569218175326,1.0086472452083053,0.0
fp16,256,64,128,32,page-cross,0,1,graph_lds_chunked(chunk=8),chunk8,0.27071490287780764,0.24727070331573486,0.24078660011291503,0.21346230506896974,0.21156630516052247,0.21068220138549804,1.2849443431743155,1.279574753987442,1.004196385689965,0.0
fp16,256,64,128,32,page-cross,1,1,graph_lds_chunked(chunk=8),chunk8,0.26933889389038085,0.250758695602417,0.24121859073638915,0.21149830818176268,0.2111983060836792,0.21377429962158204,1.2599217696755778,1.2752890820235352,0.9879499381241674,0.0
fp16,256,64,128,32,page-cross,2,1,graph_lds_chunked(chunk=8),chunk8,0.26725480556488035,0.2480665922164917,0.23949460983276366,0.21320619583129882,0.211702299118042,0.21027419567108155,1.2709824175617341,1.2624086118963833,1.0067916248230209,0.0
fp16,256,64,128,32,tail-negative,0,1,graph_lds_chunked(chunk=8),chunk8,0.2666307926177979,0.24899470806121826,0.24079060554504395,0.2138582944869995,0.21259028911590577,0.21205029487609864,1.2573941138520497,1.2542002446425426,1.0025465384998529,0.0
fp16,256,64,128,32,tail-negative,1,1,graph_lds_chunked(chunk=8),chunk8,0.2676668882369995,0.24705870151519777,0.24016659259796141,0.21285429000854492,0.21031429767608642,0.20963020324707032,1.2768526867358283,1.2726994369600308,1.0032633390533416,0.0
fp16,256,64,128,32,tail-negative,2,1,graph_lds_chunked(chunk=8),chunk8,0.2654508113861084,0.24713459014892578,0.2408545970916748,0.21339828968048097,0.21169829368591309,0.21101820468902588,1.257952183686232,1.2539109634012704,1.003222892536165,0.0
fp16,256,128,32,8,random,0,1,graph_lds_chunked(chunk=4),chunk4,0.04251640141010284,0.0404444009065628,0.039392399787902835,0.03766449987888336,0.040544500946998595,0.03810040056705475,1.1159043153700223,1.1288189554307533,0.9885591573399805,0.0
fp16,256,128,32,8,random,1,1,graph_lds_chunked(chunk=4),chunk4,0.04216040074825287,0.039392399787902835,0.038000500202178954,0.036704400181770326,0.03918839991092682,0.03737240135669708,1.1281159148928435,1.1486470433916076,0.9821258160921722,0.0
fp16,256,128,32,8,random,2,1,graph_lds_chunked(chunk=4),chunk4,0.04101639986038208,0.038852500915527347,0.03752839863300324,0.03613240122795105,0.038292399048805235,0.0364003986120224,1.1268118324076566,1.1351695006821994,0.9926375151292207,0.0
fp16,256,128,32,8,contiguous,0,1,graph_lds_chunked(chunk=4),chunk4,0.04000039994716644,0.03805640041828155,0.03673639893531799,0.03555639982223511,0.03814840018749237,0.035636401176452635,1.1224590201773066,1.124984535755847,0.9977550664046742,0.0
fp16,256,128,32,8,contiguous,1,1,graph_lds_chunked(chunk=4),chunk4,0.04072439968585968,0.0383444994688034,0.036948400735855105,0.035832399129867555,0.037976399064064026,0.03623639941215515,1.1238533724793605,1.1365245050509185,0.988850981641623,0.0
fp16,256,128,32,8,contiguous,2,1,graph_lds_chunked(chunk=4),chunk4,0.039760398864746097,0.03814440071582794,0.03776040077209473,0.03580040037631989,0.03820439875125885,0.03575240075588226,1.112104306959146,1.1106132458520084,1.0013425565674698,0.0
fp16,256,128,32,8,page-cross,0,1,graph_lds_chunked(chunk=4),chunk4,0.03979640007019043,0.03811239898204803,0.03668439984321594,0.03573240041732788,0.03807640075683594,0.03556439876556396,1.1189954407080882,1.1137343029127083,1.004723871556816,0.0
fp16,256,128,32,8,page-cross,1,1,graph_lds_chunked(chunk=4),chunk4,0.040912500023841857,0.03852840065956116,0.03748440146446228,0.035436400771141054,0.03830839991569519,0.036380401253700255,1.1245752826786275,1.1545331674079176,0.9740519496754262,0.0
fp16,256,128,32,8,page-cross,2,1,graph_lds_chunked(chunk=4),chunk4,0.040860500931739804,0.03808439970016479,0.03736839890480041,0.0357124000787735,0.03802840113639831,0.03541240096092224,1.1538472349511,1.144154434919265,1.0084715836743832,0.0
fp16,256,128,32,8,tail-negative,0,1,graph_lds_chunked(chunk=4),chunk4,0.03980439901351929,0.03812049925327301,0.03768840134143829,0.035664400458335875,0.03811239898204803,0.035432401299476626,1.1233898226961896,1.1160821015348308,1.00654765554551,0.0
fp16,256,128,32,8,tail-negative,1,1,graph_lds_chunked(chunk=4),chunk4,0.039864400029182435,0.03810040056705475,0.03675639927387238,0.03568440079689026,0.038480401039123535,0.03550429940223694,1.122804863082886,1.1171379969663506,1.0050726643726413,0.0
fp16,256,128,32,8,tail-negative,2,1,graph_lds_chunked(chunk=4),chunk4,0.04053249955177307,0.038424399495124814,0.03682439923286438,0.03537240028381348,0.038080400228500365,0.03592840135097504,1.1281464809920658,1.1458792512398677,0.9845247479360372,0.0
fp16,256,128,32,16,random,0,1,graph_lds_chunked(chunk=4),chunk4,0.07106879949569703,0.06660069823265076,0.06385669708251954,0.05884060263633728,0.06144469976425171,0.058700597286224364,1.210699767655945,1.2078190282131505,1.0023850753925083,0.0
fp16,256,128,32,16,random,1,1,graph_lds_chunked(chunk=4),chunk4,0.0726527988910675,0.06750479936599732,0.06339669823646546,0.05904859900474548,0.06029670238494873,0.05964059829711914,1.2181768956965158,1.230389884190626,0.9900738874311016,0.0
fp16,256,128,32,16,random,2,1,graph_lds_chunked(chunk=4),chunk4,0.07195680141448975,0.06836469769477845,0.06602069735527039,0.0593487024307251,0.06136459708213806,0.060216599702835084,1.1949662015057605,1.2124410217473833,0.9855870760489134,0.0
fp16,256,128,32,16,contiguous,0,1,graph_lds_chunked(chunk=4),chunk4,0.07411280274391174,0.06949269771575928,0.06519669890403748,0.06101260185241699,0.06142860054969788,0.06117669939994812,1.211454744548945,1.2147130345823105,0.9973176462747961,0.0
fp16,256,128,32,16,contiguous,1,1,graph_lds_chunked(chunk=4),chunk4,0.0719488024711609,0.06767269968986511,0.0634086012840271,0.058620601892471313,0.060420602560043335,0.06018469929695129,1.1954666769400228,1.2273637620292215,0.9740117102394626,0.0
fp16,256,128,32,16,contiguous,2,1,graph_lds_chunked(chunk=4),chunk4,0.07178080081939697,0.06657670140266418,0.06278070211410522,0.058468598127365115,0.06132469773292541,0.0596526026725769,1.2033138137054926,1.2276812360548344,0.9801516699663452,0.0
fp16,256,128,32,16,page-cross,0,1,graph_lds_chunked(chunk=4),chunk4,0.07286080121994018,0.06874070167541504,0.06427270174026489,0.05880060195922852,0.06040869951248169,0.05996869802474976,1.2149805418465098,1.2391165871135266,0.9805215703526003,0.0
fp16,256,128,32,16,page-cross,1,1,graph_lds_chunked(chunk=4),chunk4,0.07228479981422424,0.06828870177268982,0.06242460012435913,0.058348697423934934,0.05996059775352478,0.059624701738357544,1.2123297510387754,1.2388417052232712,0.9785994013014621,0.0
fp16,256,128,32,16,page-cross,2,1,graph_lds_chunked(chunk=4),chunk4,0.07301279902458191,0.06750469803810119,0.0623606026172638,0.05881270170211792,0.0605925977230072,0.059780699014663694,1.221344016179411,1.241446097721993,0.9838075277054166,0.0
fp16,256,128,32,16,tail-negative,0,1,graph_lds_chunked(chunk=4),chunk4,0.0719648003578186,0.06697270274162292,0.06300070285797119,0.058888602256774905,0.05974869728088379,0.05925670266151428,1.2144584009153434,1.2220497277898854,0.9937880376698981,0.0
fp16,256,128,32,16,tail-negative,1,1,graph_lds_chunked(chunk=4),chunk4,0.07082870006561279,0.066804701089859,0.063092702627182,0.05907670259475708,0.060392600297927854,0.058412599563598636,1.2125586019929777,1.1989277829446539,1.0113691743925106,0.0
fp16,256,128,32,16,tail-negative,2,1,graph_lds_chunked(chunk=4),chunk4,0.07147679924964905,0.06668879985809326,0.06492869853973389,0.05836859941482544,0.06005669832229614,0.060420602560043335,1.1829871967698196,1.2245762270508442,0.9660380224911079,0.0
fp16,256,128,32,32,random,0,1,graph_lds_chunked(chunk=8),chunk8,0.13515739440917968,0.13208539485931398,0.12074129581451416,0.10690920352935791,0.10526109933853149,0.1056771993637085,1.2789645753575414,1.284020357553918,0.9960625373525948,0.0
fp16,256,128,32,32,random,1,1,graph_lds_chunked(chunk=8),chunk4,0.13756550550460817,0.12892140150070192,0.11993329524993897,0.10767719745635987,0.10817710161209107,0.10621709823608398,1.2951352257698425,1.2775732351351514,1.0137463670588194,0.0
fp16,256,128,32,32,random,2,1,graph_lds_chunked(chunk=8),chunk8,0.13896549940109254,0.13108140230178833,0.12122930288314819,0.1103171944618225,0.10855319499969482,0.10821720361709594,1.2841350058609262,1.2801603803691197,1.0031047871444518,0.0
fp16,256,128,32,32,contiguous,0,1,graph_lds_chunked(chunk=8),chunk8,0.14312560558319093,0.13222939968109132,0.122605299949646,0.10993319749832153,0.10930520296096802,0.10982520580291748,1.3032127236804945,1.3094125595677262,0.9952651776234082,0.0
fp16,256,128,32,32,contiguous,1,1,graph_lds_chunked(chunk=8),chunk8,0.14528559446334838,0.13424949645996093,0.12390129566192627,0.11120920181274414,0.11065319776535035,0.10981309413909912,1.3230261436702313,1.3129814356692973,1.0076503046639145,0.0
fp16,256,128,32,32,contiguous,2,1,graph_lds_chunked(chunk=8),chunk8,0.14405360221862792,0.13164939880371093,0.12236930131912231,0.10981709957122802,0.10931309461593627,0.10888919830322266,1.3229374856584333,1.3178073745396188,1.003892914258889,0.0
fp16,256,128,32,32,page-cross,0,1,graph_lds_chunked(chunk=8),chunk4,0.14272149801254272,0.13043739795684814,0.12229330539703369,0.10745710134506226,0.10797309875488281,0.10845710039138794,1.3159258130404117,1.328171858593512,0.9907797733600013,0.0
fp16,256,128,32,32,page-cross,1,1,graph_lds_chunked(chunk=8),chunk8,0.1392735004425049,0.13080140352249145,0.12258529663085938,0.1092452049255371,0.10887320041656494,0.10768920183181763,1.293291231371681,1.2792266591743782,1.010994589658083,0.0
fp16,256,128,32,32,page-cross,2,1,graph_lds_chunked(chunk=8),chunk8,0.1425135016441345,0.13190540075302123,0.12366529703140258,0.11018919944763184,0.10937319993972779,0.10892119407653808,1.3084092848265267,1.3030020308692563,1.0041498430771159,0.0
fp16,256,128,32,32,tail-negative,0,1,graph_lds_chunked(chunk=8),chunk8,0.14468950033187866,0.13276139497756959,0.12264139652252197,0.11051720380783081,0.10967320203781128,0.10914520025253296,1.325660679508633,1.31927852605229,1.004837608837188,0.0
fp16,256,128,32,32,tail-negative,1,1,graph_lds_chunked(chunk=8),chunk8,0.14072149991989136,0.13310149908065796,0.12229729890823364,0.11021319627761841,0.1084172010421753,0.11058119535446168,1.272562658314704,1.2979628561444727,0.9804307205637467,0.0
fp16,256,128,32,32,tail-negative,2,1,graph_lds_chunked(chunk=8),chunk8,0.14241360425949096,0.13268539905548096,0.12251739501953125,0.10968519449234009,0.10932519435882568,0.10863720178604126,1.3109100926584212,1.3026604260319259,1.0063329371658467,0.0
fp16,256,128,64,8,random,0,1,graph_lds_chunked(chunk=4),chunk4,0.07242479920387268,0.06801279783248901,0.06958069801330566,0.06348059773445129,0.06805670261383057,0.0638366997241974,1.1345323225790125,1.1408966170551245,0.9944216729360287,0.0
fp16,256,128,64,8,random,1,1,graph_lds_chunked(chunk=4),chunk4,0.07257680296897888,0.06752870082855225,0.06782870292663574,0.06328070163726807,0.06758880019187927,0.06312469840049743,1.1497370254113872,1.1469026273601877,1.0024713502119387,0.0
fp16,256,128,64,8,random,2,1,graph_lds_chunked(chunk=4),chunk4,0.07337679862976074,0.06696079969406128,0.06714069843292236,0.06262069940567017,0.06682080030441284,0.06292070150375366,1.166178966160816,1.1717658749610935,0.9952320604997451,0.0
fp16,256,128,64,8,contiguous,0,1,graph_lds_chunked(chunk=4),chunk4,0.07164070010185242,0.06594470143318176,0.0663407027721405,0.0617447018623352,0.06589270234107972,0.06149659752845764,1.1649538833217656,1.160272832178883,1.0040344400153642,0.0
fp16,256,128,64,8,contiguous,1,1,graph_lds_chunked(chunk=4),chunk4,0.07248870134353638,0.0676846981048584,0.06727679967880248,0.062104600667953494,0.06548470258712769,0.06282860040664673,1.1537532409502425,1.1672034046415047,0.9884765897376787,0.0
fp16,256,128,64,8,contiguous,2,1,graph_lds_chunked(chunk=4),chunk4,0.07077280282974244,0.06579669713973998,0.0660847008228302,0.061916697025299075,0.06650869846343994,0.061400598287582396,1.152640280445858,1.143032594274607,1.0084054349975455,0.0
fp16,256,128,64,8,page-cross,0,1,graph_lds_chunked(chunk=4),chunk4,0.07212079763412475,0.06595669984817505,0.06620079874992371,0.06172059774398804,0.06578469872474671,0.06286870241165161,1.1471653599893359,1.1685045231297968,0.9817380568769176,0.0
fp16,256,128,64,8,page-cross,1,1,graph_lds_chunked(chunk=4),chunk4,0.0707368016242981,0.06782069802284241,0.06747670173645019,0.061664700508117676,0.06551669836044312,0.06258869767189026,1.1301849096640861,1.1471198439532866,0.9852369964843097,0.0
fp16,256,128,64,8,page-cross,2,1,graph_lds_chunked(chunk=4),chunk4,0.07036070227622986,0.0657368004322052,0.06648470163345337,0.0633167028427124,0.06765270233154297,0.06132460236549377,1.1473486914253606,1.1112502565241866,1.032484523345879,0.0
fp16,256,128,64,8,tail-negative,0,1,graph_lds_chunked(chunk=4),chunk4,0.07170479893684387,0.06615269780158997,0.06551269888877868,0.061480700969696045,0.0668927013874054,0.06218069791793823,1.1531681267308205,1.1662976805060714,0.9887425363226705,0.0
fp16,256,128,64,8,tail-negative,1,1,graph_lds_chunked(chunk=4),chunk4,0.06964870095252991,0.06745269894599915,0.06803280115127563,0.06120460033416748,0.06548870205879212,0.06259260177612305,1.11273056201825,1.137965129618672,0.9778248322873672,0.0
fp16,256,128,64,8,tail-negative,2,1,graph_lds_chunked(chunk=4),chunk4,0.07082880139350892,0.06568470001220703,0.06602479815483094,0.06172860264778137,0.06595270037651062,0.0615327000617981,1.1510757909595162,1.147422723913784,1.0031837150943568,0.0
fp16,256,128,64,16,random,0,1,graph_lds_chunked(chunk=8),chunk8,0.13131339550018312,0.12361730337142944,0.12186939716339111,0.11460119485855103,0.11388930082321166,0.1094372034072876,1.1998972142177269,1.1529914974543445,1.0406817542600653,0.0
fp16,256,128,64,16,random,1,1,graph_lds_chunked(chunk=8),chunk8,0.13566139936447144,0.12446140050888062,0.12105330228805541,0.11254520416259765,0.11237319707870483,0.11158519983291626,1.2157651692841527,1.2072398302368832,1.0070618437478132,0.0
fp16,256,128,64,16,random,2,1,graph_lds_chunked(chunk=8),chunk8,0.1349334955215454,0.12506940364837646,0.12238140106201172,0.11339319944381714,0.11274919509887696,0.11060520410537719,1.2199561188186936,1.1967579493868103,1.0193841782657633,0.0
fp16,256,128,64,16,contiguous,0,1,graph_lds_chunked(chunk=8),chunk8,0.13545739650726318,0.125969398021698,0.12388540506362915,0.11432919502258301,0.11302920579910278,0.11250120401382446,1.2040528605419885,1.198428278333868,1.0046932989731685,0.0
fp16,256,128,64,16,contiguous,1,1,graph_lds_chunked(chunk=8),chunk8,0.13586139678955078,0.1261054039001465,0.12339739799499512,0.11424119472503662,0.11353319883346558,0.1128491997718811,1.2039198954373418,1.1966666859165747,1.0060611777750055,0.0
fp16,256,128,64,16,contiguous,2,1,graph_lds_chunked(chunk=8),chunk8,0.13869249820709229,0.1283334016799927,0.12543740272521972,0.11665730476379395,0.11486530303955078,0.11520119905471801,1.2039154049188014,1.2074359666237702,0.9970842663277516,0.0
fp16,256,128,64,16,page-cross,0,1,graph_lds_chunked(chunk=8),chunk8,0.1378533959388733,0.12948540449142457,0.12594139575958252,0.11587330102920532,0.11474529504776002,0.11519320011138916,1.1967147002216474,1.2013860427261536,0.9961117056979403,0.0
fp16,256,128,64,16,page-cross,1,1,graph_lds_chunked(chunk=8),chunk8,0.1388214945793152,0.1264773964881897,0.12405740022659302,0.11460520029067993,0.11301319599151612,0.11355719566345215,1.2224808279938375,1.2283653546948314,0.9952094654261427,0.0
fp16,256,128,64,16,page-cross,2,1,graph_lds_chunked(chunk=8),chunk8,0.1366613984107971,0.12611329555511475,0.12361329793930054,0.11408929824829102,0.11328920125961303,0.11338119506835938,1.2053268474406336,1.2063056045176315,0.9991886325709401,0.0
fp16,256,128,64,16,tail-negative,0,1,graph_lds_chunked(chunk=8),chunk8,0.1348054051399231,0.1261613965034485,0.12334539890289306,0.11420919895172119,0.1131011962890625,0.11262520551681518,1.1969381500466727,1.191900789408003,1.004226325448758,0.0
fp16,256,128,64,16,tail-negative,1,1,graph_lds_chunked(chunk=8),chunk8,0.13510149717330933,0.12616130113601684,0.12432529926300048,0.11476919651031495,0.11466530561447144,0.11308120489120484,1.1947299049677633,1.1782247162672606,1.014008523563139,0.0
fp16,256,128,64,16,tail-negative,2,1,graph_lds_chunked(chunk=8),chunk8,0.13944549560546876,0.1269853949546814,0.12400130033493043,0.11402519941329955,0.11282529830932617,0.11556919813156127,1.2065974140162092,1.2359417408599234,0.9762575161323563,0.0
fp16,256,128,64,32,random,0,1,graph_lds_chunked(chunk=8),chunk8,0.26070280075073243,0.24241859912872316,0.23733859062194823,0.211102294921875,0.20975019931793212,0.20390219688415528,1.278567885655728,1.2429203957778754,1.028680428769972,0.0
fp16,256,128,64,32,random,1,1,graph_lds_chunked(chunk=8),chunk8,0.2678148984909058,0.2487705945968628,0.2401426076889038,0.21286230087280272,0.21083030700683594,0.21133430004119874,1.267257129764058,1.2702865270799144,0.9976151858251853,0.0
fp16,256,128,64,32,random,2,1,graph_lds_chunked(chunk=8),chunk8,0.26858689785003664,0.2485507011413574,0.24037060737609864,0.2130423069000244,0.21163830757141114,0.211342191696167,1.2708626502566354,1.2690845099458654,1.0014011204902704,0.0
fp16,256,128,64,32,contiguous,0,1,graph_lds_chunked(chunk=8),chunk8,0.2697309017181396,0.2478545904159546,0.2413465976715088,0.21295828819274903,0.2115022897720337,0.21154229640960692,1.2750684203402178,1.2753096054367414,0.999810881141728,0.0
fp16,256,128,64,32,contiguous,1,1,graph_lds_chunked(chunk=8),chunk8,0.2662508010864258,0.24573860168457032,0.23967859745025635,0.21166629791259767,0.20954220294952391,0.2100382089614868,1.2676303154691548,1.2706309151028743,0.9976384962792467,0.0
fp16,256,128,64,32,contiguous,2,1,graph_lds_chunked(chunk=8),chunk8,0.2692589044570923,0.24811060428619386,0.24090259075164794,0.21163029670715333,0.2109822988510132,0.20989820957183838,1.2828070568412233,1.2762156158286604,1.0051648333798853,0.0
fp16,256,128,64,32,page-cross,0,1,graph_lds_chunked(chunk=8),chunk8,0.26852691173553467,0.2485666036605835,0.24117860794067383,0.21299428939819337,0.21197030544281006,0.21159420013427735,1.2690655583429409,1.2668138170324224,1.0017774840156017,0.0
fp16,256,128,64,32,page-cross,1,1,graph_lds_chunked(chunk=8),chunk8,0.26922290325164794,0.24755859375,0.24111459255218506,0.21239829063415527,0.21144630908966064,0.21117429733276366,1.2748848067784149,1.2732447514015863,1.0012880912134319,0.0
fp16,256,128,64,32,page-cross,2,1,graph_lds_chunked(chunk=8),chunk8,0.2688589096069336,0.24766271114349364,0.2399306058883667,0.21347830295562745,0.21141819953918456,0.21122229099273682,1.2728718562009096,1.2716923623082075,1.0009274993918822,0.0
fp16,256,128,64,32,tail-negative,0,1,graph_lds_chunked(chunk=8),chunk8,0.2675069093704224,0.2493506908416748,0.23909060955047606,0.2129383087158203,0.21142230033874512,0.21216630935668945,1.2608359460157998,1.2652729108604786,0.9964932744496511,0.0
fp16,256,128,64,32,tail-negative,1,1,graph_lds_chunked(chunk=8),chunk8,0.2662148952484131,0.2480545997619629,0.23878660202026367,0.21271030902862548,0.21070220470428466,0.211102294921875,1.2610705882990718,1.2634651622276052,0.9981047566643537,0.0
fp16,256,128,64,32,tail-negative,2,1,graph_lds_chunked(chunk=8),chunk8,0.26678290367126467,0.24796268939971924,0.24023060798645018,0.21360630989074708,0.21245830059051513,0.210990309715271,1.2644320207467592,1.255695366713174,1.006957622258696,0.0
fp16,256,128,128,8,random,0,1,graph_global,global,0.14227759838104248,0.18775010108947754,0.2205024003982544,0.1894940972328186,0.17881799936294557,0.14375749826431275,0.9897055812661033,1.0,0.9897055812661033,0.0
fp16,256,128,128,8,random,1,1,graph_global,global,0.13402140140533447,0.18101389408111573,0.21073429584503173,0.18241000175476074,0.17157380580902098,0.13306540250778198,1.007184428706001,1.0,1.007184428706001,0.0
fp16,256,128,128,8,random,2,1,graph_global,global,0.13104139566421508,0.17844589948654174,0.2105103015899658,0.18317389488220215,0.17127779722213746,0.13221340179443358,0.9911354967475934,1.0,0.9911354967475934,0.0
fp16,256,128,128,8,contiguous,0,1,graph_global,global,0.1308053970336914,0.18335399627685547,0.2143423080444336,0.18045389652252197,0.17202579975128174,0.13263339996337892,0.9862176274589037,1.0,0.9862176274589037,0.0
fp16,256,128,128,8,contiguous,1,1,graph_global,global,0.131209397315979,0.17885799407958985,0.2163424015045166,0.18715800046920777,0.1778380036354065,0.13117339611053466,1.0002744550839715,1.0,1.0002744550839715,0.0
fp16,256,128,128,8,contiguous,2,1,graph_global,global,0.13156540393829347,0.18468600511550903,0.21551029682159423,0.1847339987754822,0.17253780364990234,0.1327854037284851,0.9908122447502871,1.0,0.9908122447502871,0.0
fp16,256,128,128,8,page-cross,0,1,graph_global,global,0.13065340518951415,0.1795740008354187,0.21387031078338622,0.18600599765777587,0.17240580320358276,0.13058539628982543,1.0005208001937504,1.0,1.0005208001937504,0.0
fp16,256,128,128,8,page-cross,1,1,graph_global,global,0.13262540102005005,0.18271000385284425,0.22450239658355714,0.18101400136947632,0.17140189409255982,0.13299740552902223,0.9972029190532518,1.0,0.9972029190532518,0.0
fp16,256,128,128,8,page-cross,2,1,graph_global,global,0.13202550411224365,0.17572189569473268,0.21167829036712646,0.18206599950790406,0.17152589559555054,0.1305094003677368,1.0116168164150239,1.0,1.0116168164150239,0.0
fp16,256,128,128,8,tail-negative,0,1,graph_global,global,0.13124940395355225,0.18271000385284425,0.2122023105621338,0.18258999586105346,0.1722538948059082,0.13347740173339845,0.9833080525174119,1.0,0.9833080525174119,0.0
fp16,256,128,128,8,tail-negative,1,1,graph_global,global,0.13097740411758424,0.17725399732589722,0.21111030578613282,0.18245389461517333,0.17094980478286742,0.13137739896774292,0.996955375480855,1.0,0.996955375480855,0.0
fp16,256,128,128,8,tail-negative,2,1,graph_global,global,0.13102539777755737,0.1817178964614868,0.2093703031539917,0.18092190027236937,0.17090580463409424,0.13210539817810057,0.9918247065189025,1.0,0.9918247065189025,0.0
fp16,256,128,128,16,random,0,1,graph_global,global,0.24752659797668458,0.331087589263916,0.3844082117080688,0.3412997007369995,0.31910750865936277,0.2779710054397583,0.8904763199495942,1.0,0.8904763199495942,0.0
fp16,256,128,128,16,random,1,1,graph_global,global,0.24730269908905028,0.3506037950515747,0.4000523090362549,0.3424957036972046,0.319171404838562,0.2545867919921875,0.9713885671517447,1.0,0.9713885671517447,0.0
fp16,256,128,128,16,random,2,1,graph_global,global,0.24651460647583007,0.33953568935394285,0.39444420337677,0.3441277027130127,0.31759140491485593,0.27004690170288087,0.9128584883638391,1.0,0.9128584883638391,0.0
fp16,256,128,128,16,contiguous,0,1,graph_global,global,0.2470067024230957,0.3363435983657837,0.39247229099273684,0.34679570198059084,0.3178433895111084,0.27193100452423097,0.9083432867659107,1.0,0.9083432867659107,0.0
fp16,256,128,128,16,contiguous,1,1,graph_global,global,0.24713869094848634,0.3377316951751709,0.39058818817138674,0.3477876901626587,0.3185075044631958,0.2722870111465454,0.9076403971964561,1.0,0.9076403971964561,0.0
fp16,256,128,128,16,contiguous,2,1,graph_global,global,0.24738669395446777,0.3295555114746094,0.3840200901031494,0.3409235954284668,0.3182594060897827,0.2739309072494507,0.9030988742325055,1.0,0.9030988742325055,0.0
fp16,256,128,128,16,page-cross,0,1,graph_global,global,0.24707870483398436,0.3370476007461548,0.3887121915817261,0.3408837080001831,0.31811540126800536,0.2631428956985474,0.9389525952356855,1.0,0.9389525952356855,0.0
fp16,256,128,128,16,page-cross,1,1,graph_global,global,0.24721460342407225,0.3280874967575073,0.38869619369506836,0.3423757076263428,0.31827540397644044,0.27201089859008787,0.9088408027231921,1.0,0.9088408027231921,0.0
fp16,256,128,128,16,page-cross,2,1,graph_global,global,0.24775869846343995,0.3268394947052002,0.3858001947402954,0.34144771099090576,0.317755389213562,0.27133090496063234,0.9131237685562855,1.0,0.9131237685562855,0.0
fp16,256,128,128,16,tail-negative,0,1,graph_global,global,0.24677870273590088,0.3447357892990112,0.38252010345458987,0.34050769805908204,0.31899940967559814,0.2746388912200928,0.898557016595785,1.0,0.898557016595785,0.0
fp16,256,128,128,16,tail-negative,1,1,graph_global,global,0.24693069458007813,0.32863950729370117,0.38516409397125245,0.340779709815979,0.3189594030380249,0.2720989942550659,0.9075031506680433,1.0,0.9075031506680433,0.0
fp16,256,128,128,16,tail-negative,2,1,graph_global,global,0.25099070072174073,0.3260035991668701,0.38171210289001467,0.3407396078109741,0.31875150203704833,0.26337480545043945,0.9529791594624297,1.0,0.9529791594624297,0.0
fp16,256,128,128,32,random,0,1,graph_global,global,0.5001413822174072,0.6471950054168701,0.743264102935791,0.646786880493164,0.6191866874694825,0.49361729621887207,1.0132168909973576,1.0,1.0132168909973576,0.0
fp16,256,128,128,32,random,1,1,graph_global,global,0.4987013816833496,0.6554390907287597,0.7438240051269531,0.6459909915924072,0.6203426837921142,0.5013733863830566,0.9946706291712389,1.0,0.9946706291712389,0.0
fp16,256,128,128,32,random,2,1,graph_global,global,0.5064175128936768,0.6411869049072265,0.7411960124969482,0.6485030174255371,0.6179666996002198,0.4945333003997803,1.0240311673335027,1.0,1.0240311673335027,0.0
fp16,256,128,128,32,contiguous,0,1,graph_global,global,0.5143216133117676,0.6421628952026367,0.7484840869903564,0.6491869926452637,0.6197866916656494,0.5032094955444336,1.022082488239439,1.0,1.022082488239439,0.0
fp16,256,128,128,32,contiguous,1,1,graph_global,global,0.4961453914642334,0.6673111915588379,0.7581081867218018,0.6494349956512451,0.6252148151397705,0.49779338836669923,0.9966893957594073,1.0,0.9966893957594073,0.0
fp16,256,128,128,32,contiguous,2,1,graph_global,global,0.4984933853149414,0.6509389877319336,0.7466640949249268,0.6519309997558593,0.6190426826477051,0.4976974010467529,1.0015993337849753,1.0,1.0015993337849753,0.0
fp16,256,128,128,32,page-cross,0,1,graph_global,global,0.5011974811553955,0.6464829921722413,0.7486520767211914,0.6486471176147461,0.6197227001190185,0.492313289642334,1.0180458088375308,1.0,1.0180458088375308,0.0
fp16,256,128,128,32,page-cross,1,1,graph_global,global,0.5065494060516358,0.644218921661377,0.7526802062988281,0.6488150119781494,0.6210387229919434,0.49360928535461424,1.0262153105319427,1.0,1.0262153105319427,0.0
fp16,256,128,128,32,page-cross,2,1,graph_global,global,0.5001533985137939,0.6432868957519531,0.756124210357666,0.6500670909881592,0.6205427169799804,0.5072134971618653,0.9860806175553758,1.0,0.9860806175553758,0.0
fp16,256,128,128,32,tail-negative,0,1,graph_global,global,0.5005454063415528,0.6494231224060059,0.7511321067810058,0.6489349842071533,0.6216347217559814,0.4939133167266846,1.0134276387986885,1.0,1.0134276387986885,0.0
fp16,256,128,128,32,tail-negative,1,1,graph_global,global,0.4814732074737549,0.6524910926818848,0.746507978439331,0.6524830818176269,0.6202746868133545,0.5085054874420166,0.9468397477788395,1.0,0.9468397477788395,0.0
fp16,256,128,128,32,tail-negative,2,1,graph_global,global,0.5021893978118896,0.6472109794616699,0.7478560924530029,0.6460350036621094,0.6193467140197754,0.49278931617736815,1.0190752545275112,1.0,1.0190752545275112,0.0
fp16,256,256,32,8,random,0,1,graph_lds_chunked(chunk=4),chunk4,0.06937670111656188,0.06571270227432251,0.06550469994544983,0.06093659996986389,0.0655888020992279,0.061192697286605834,1.1337415115340472,1.1385062696453696,0.9958149039330221,0.0
fp16,256,256,32,8,random,1,1,graph_lds_chunked(chunk=4),chunk4,0.07064070105552674,0.06749269962310792,0.06568869948387146,0.061716598272323606,0.06741669774055481,0.06314859986305237,1.118642396010714,1.1445980989396993,0.977323304177222,0.0
fp16,256,256,32,8,random,2,1,graph_lds_chunked(chunk=4),chunk4,0.0706287980079651,0.06652870178222656,0.06582069993019105,0.06070070266723633,0.06549670100212097,0.06329270005226136,1.1159074893257241,1.163558161676562,0.9590474512402728,0.0
fp16,256,256,32,8,contiguous,0,1,graph_lds_chunked(chunk=4),chunk4,0.07068070173263549,0.06541270017623901,0.06590470075607299,0.062120699882507326,0.06554870009422302,0.06140069961547852,1.1511383774985127,1.1377962879735455,1.0117262551003132,0.0
fp16,256,256,32,8,contiguous,1,1,graph_lds_chunked(chunk=4),chunk4,0.06944079995155335,0.06604470014572143,0.0658007025718689,0.061812597513198855,0.06576070189476013,0.06158869862556458,1.1274925676498948,1.1234085404148506,1.0036353891644227,0.0
fp16,256,256,32,8,contiguous,2,1,graph_lds_chunked(chunk=4),chunk4,0.06914479732513427,0.06591269969940186,0.06560069918632508,0.061352699995040894,0.06592869758605957,0.06138060092926025,1.1264926748570299,1.127004961977602,0.9995454437754444,0.0
fp16,256,256,32,8,page-cross,0,1,graph_lds_chunked(chunk=4),chunk4,0.06985679864883423,0.06684870123863221,0.06590070128440857,0.06123260259628296,0.0657688021659851,0.06305270195007324,1.1079112629328502,1.1408432058557445,0.9711336818645537,0.0
fp16,256,256,32,8,page-cross,1,1,graph_lds_chunked(chunk=4),chunk4,0.07113270163536071,0.06578480005264283,0.06690070033073425,0.06226069927215576,0.06618070006370544,0.06162459850311279,1.1542907112290175,1.1424976344133786,1.0103221892636078,0.0
fp16,256,256,32,8,page-cross,2,1,graph_lds_chunked(chunk=4),chunk4,0.06995279788970947,0.06565669775009156,0.06536070108413697,0.06126859784126282,0.06626870036125183,0.06245269775390625,1.1200924924869895,1.141739820306416,0.981040051827555,0.0
fp16,256,256,32,8,tail-negative,0,1,graph_lds_chunked(chunk=4),chunk4,0.06873279809951782,0.06598470211029053,0.06532469987869263,0.061532598733901975,0.06607279777526856,0.06124870181083679,1.1221919170106698,1.1170143877191527,1.004635150046804,0.0
fp16,256,256,32,8,tail-negative,1,1,graph_lds_chunked(chunk=4),chunk4,0.07062479853630066,0.06559669971466064,0.06533669829368591,0.06125659942626953,0.06685670018196106,0.0617447018623352,1.1438195732771428,1.1529337115963645,0.9920948288461423,0.0
fp16,256,256,32,8,tail-negative,2,1,graph_lds_chunked(chunk=4),chunk4,0.07095680236816407,0.06548470258712769,0.06520869731903076,0.06136860251426697,0.06570469737052917,0.06116070151329041,1.1601698576453532,1.1562395013259106,1.0033992579521245,0.0
fp16,256,256,32,16,random,0,1,graph_lds_chunked(chunk=8),chunk8,0.1310613989830017,0.12564940452575685,0.12330930233001709,0.11363329887390136,0.11312119960784912,0.1090932011604309,1.2013709157756283,1.1585927256548274,1.036922543335168,0.0
fp16,256,256,32,16,random,1,1,graph_lds_chunked(chunk=8),chunk4,0.13477350473403932,0.12604130506515504,0.12186529636383056,0.1126973032951355,0.11442919969558715,0.11322120428085328,1.1903556899087915,1.1958893495533778,0.9953727661788669,0.0
fp16,256,256,32,16,random,2,1,graph_lds_chunked(chunk=8),chunk4,0.13967750072479249,0.12433730363845825,0.12030129432678223,0.11107319593429565,0.11156129837036133,0.1158411979675293,1.2057670602124175,1.2575266206206712,0.9588401871105465,0.0
fp16,256,256,32,16,contiguous,0,1,graph_lds_chunked(chunk=8),chunk4,0.13447740077972412,0.1252534031867981,0.12210129499435425,0.11285320520401002,0.11333730220794677,0.11179319620132447,1.2029122106639518,1.191613481749349,1.0094818740201024,0.0
fp16,256,256,32,16,contiguous,1,1,graph_lds_chunked(chunk=8),chunk8,0.135065495967865,0.12682939767837526,0.12308939695358276,0.11422920227050781,0.11413320302963256,0.11309319734573364,1.1942848830682586,1.183402308728668,1.0091960056688427,0.0
fp16,256,256,32,16,contiguous,2,1,graph_lds_chunked(chunk=8),chunk4,0.1363374948501587,0.12874939441680908,0.12396539449691772,0.11509720087051392,0.11568520069122315,0.11523330211639404,1.1831431742921668,1.1845422288204943,0.9988189070053495,0.0
fp16,256,256,32,16,page-cross,0,1,graph_lds_chunked(chunk=8),chunk8,0.13671749830245972,0.12603739500045777,0.12271729707717896,0.11363320350646973,0.11323330402374268,0.11324119567871094,1.2073123873608327,1.2073965295033067,0.9999303110946423,0.0
fp16,256,256,32,16,page-cross,1,1,graph_lds_chunked(chunk=8),chunk8,0.13489340543746947,0.1260573983192444,0.12328540086746216,0.11444929838180543,0.11403720378875733,0.11296930313110351,1.1940713246758947,1.1828894514753816,1.009453016244727,0.0
fp16,256,256,32,16,page-cross,2,1,graph_lds_chunked(chunk=8),chunk8,0.13591350317001344,0.1272014021873474,0.12358540296554565,0.11521730422973633,0.11486519575119018,0.1133612036705017,1.1989419551777412,1.1832435602548927,1.0132672557452727,0.0
fp16,256,256,32,16,tail-negative,0,1,graph_lds_chunked(chunk=8),chunk8,0.13718949556350707,0.12782130241394044,0.12488139867782592,0.11529719829559326,0.114765202999115,0.11458920240402222,1.1972288198655927,1.195392784384,1.0015359265218744,0.0
fp16,256,256,32,16,tail-negative,1,1,graph_lds_chunked(chunk=8),chunk8,0.13642549514770508,0.1281854033470154,0.12388529777526855,0.11408519744873047,0.11374529600143432,0.11399329900741577,1.1967852175137943,1.1993946118526497,0.9978244071525176,0.0
fp16,256,256,32,16,tail-negative,2,1,graph_lds_chunked(chunk=8),chunk8,0.1357573986053467,0.1268933057785034,0.12324930429458618,0.11538120508193969,0.11388930082321166,0.11310919523239135,1.2002330873844775,1.1920118713879935,1.0068969245976644,0.0
fp16,256,256,32,32,random,0,1,graph_lds_chunked(chunk=8),chunk8,0.2606827974319458,0.24504261016845702,0.23341059684753418,0.21035430431365967,0.20894229412078857,0.20566229820251464,1.267528369128953,1.2476305887655577,1.0159484550495694,0.0
fp16,256,256,32,32,random,1,1,graph_lds_chunked(chunk=8),chunk4,0.2645068883895874,0.24676671028137206,0.2370745897293091,0.21004230976104737,0.2104341983795166,0.20893020629882814,1.2660059695306538,1.25930289326232,1.0053228467147954,0.0
fp16,256,256,32,32,random,2,1,graph_lds_chunked(chunk=8),chunk8,0.2655548095703125,0.24864668846130372,0.23996260166168212,0.21223831176757812,0.21155428886413574,0.21086630821228028,1.259351538051195,1.2552560905104455,1.0032626390516728,0.0
fp16,256,256,32,32,contiguous,0,1,graph_lds_chunked(chunk=8),chunk8,0.26944289207458494,0.25124669075012207,0.23887059688568116,0.21189029216766359,0.211426305770874,0.2133423089981079,1.2629604195245425,1.274405713575606,0.9910191127290607,0.0
fp16,256,256,32,32,contiguous,1,1,graph_lds_chunked(chunk=8),chunk8,0.26828689575195314,0.24819469451904297,0.23775858879089357,0.21209030151367186,0.21153430938720702,0.2105103015899658,1.2744596997182835,1.268290219818962,1.0048644070599253,0.0
fp16,256,256,32,32,contiguous,2,1,graph_lds_chunked(chunk=8),chunk8,0.2663589000701904,0.2492347002029419,0.23875060081481933,0.21277830600738526,0.2123102903366089,0.21128630638122559,1.260653871195973,1.254573669735413,1.0048464283981364,0.0
fp16,256,256,32,32,page-cross,0,1,graph_lds_chunked(chunk=8),chunk8,0.2706989049911499,0.2512228012084961,0.23997058868408203,0.21279439926147461,0.21072630882263182,0.2131582975387573,1.2699430804091982,1.284599471720434,0.9885906917806787,0.0
fp16,256,256,32,32,page-cross,1,1,graph_lds_chunked(chunk=8),chunk8,0.26927490234375,0.24835469722747802,0.23847460746765137,0.212030291557312,0.21067430973052978,0.2107983112335205,1.2774054059923168,1.278157278351477,0.9994117528633645,0.0
fp16,256,256,32,32,page-cross,2,1,graph_lds_chunked(chunk=8),chunk8,0.2695590019226074,0.24749069213867186,0.2391145944595337,0.2120142936706543,0.21081030368804932,0.21013031005859376,1.2828182752285582,1.2786803927833272,1.0032360568509415,0.0
fp16,256,256,32,32,tail-negative,0,1,graph_lds_chunked(chunk=8),chunk8,0.26505889892578127,0.24701859951019287,0.23759849071502687,0.21062231063842773,0.20931429862976075,0.2106023073196411,1.2585754747857003,1.2663200778013863,0.9938841662929861,0.0
fp16,256,256,32,32,tail-negative,1,1,graph_lds_chunked(chunk=8),chunk8,0.26456689834594727,0.2479625940322876,0.23789451122283936,0.21121430397033691,0.21083428859710693,0.20950620174407958,1.262811774274475,1.2548570733270075,1.006339129066211,0.0
fp16,256,256,32,32,tail-negative,2,1,graph_lds_chunked(chunk=8),chunk8,0.26780290603637696,0.24829070568084716,0.23809850215911865,0.21202630996704103,0.2105942964553833,0.2109222888946533,1.2696757058716213,1.27165317648151,0.9984449607436517,0.0
fp16,256,256,64,8,random,0,1,graph_global,global,0.14052950143814086,0.18244600296020508,0.21356639862060547,0.1857859969139099,0.1752979040145874,0.1387334942817688,1.012945735748026,1.0,1.012945735748026,0.0
fp16,256,256,64,8,random,1,1,graph_global,global,0.1321213960647583,0.17821789979934693,0.21378629207611083,0.18262590169906617,0.17148189544677733,0.13133339881896972,1.0059999760371297,1.0,1.0059999760371297,0.0
fp16,256,256,64,8,random,2,1,graph_global,global,0.1306414008140564,0.1817579984664917,0.21078228950500488,0.18188999891281127,0.1711498975753784,0.13336939811706544,0.9795455528665239,1.0,0.9795455528665239,0.0
fp16,256,256,64,8,contiguous,0,1,graph_global,global,0.13242549896240235,0.17810189723968506,0.2248784065246582,0.17958999872207643,0.1710939049720764,0.13121340274810792,1.0092375945513836,1.0,1.0092375945513836,0.0
fp16,256,256,64,8,contiguous,1,1,graph_global,global,0.13036539554595947,0.17909400463104247,0.21052629947662355,0.18213800191879273,0.17212589979171752,0.13351739645004274,0.9763925826305141,1.0,0.9763925826305141,0.0
fp16,256,256,64,8,contiguous,2,1,graph_global,global,0.13189339637756348,0.17960189580917357,0.20978620052337646,0.18188999891281127,0.17106980085372925,0.13146140575408935,1.0032860642330435,1.0,1.0032860642330435,0.0
fp16,256,256,64,8,page-cross,0,1,graph_global,global,0.13137749433517457,0.18060990571975707,0.20981829166412352,0.18105390071868896,0.17344989776611328,0.13361749649047852,0.9832357122821592,1.0,0.9832357122821592,0.0
fp16,256,256,64,8,page-cross,1,1,graph_global,global,0.13138940334320068,0.18233799934387207,0.21247830390930175,0.18121399879455566,0.17116179466247558,0.13262139558792113,0.9907104563388213,1.0,0.9907104563388213,0.0
fp16,256,256,64,8,page-cross,2,1,graph_global,global,0.1323294997215271,0.17780599594116211,0.2094702959060669,0.18193399906158447,0.17110190391540528,0.13132139444351196,1.0076766263584627,1.0,1.0076766263584627,0.0
fp16,256,256,64,8,tail-negative,0,1,graph_global,global,0.1309533953666687,0.17644189596176146,0.20596230030059814,0.17941000461578369,0.17117389440536498,0.13085739612579345,1.0007336172330907,1.0,1.0007336172330907,0.0
fp16,256,256,64,8,tail-negative,1,1,graph_global,global,0.1307934045791626,0.17986199855804444,0.20536620616912843,0.17912600040435792,0.17110589742660523,0.1321213960647583,0.9899487022908477,1.0,0.9899487022908477,0.0
fp16,256,256,64,8,tail-negative,2,1,graph_global,global,0.1297693967819214,0.17844189405441285,0.21027030944824218,0.18393000364303588,0.17171789407730104,0.1302214026451111,0.9965289433686908,1.0,0.9965289433686908,0.0
fp16,256,256,64,16,random,0,1,graph_global,global,0.24773869514465333,0.33362760543823244,0.38348419666290284,0.3387955904006958,0.31685140132904055,0.2714349031448364,0.9127002175267824,1.0,0.9127002175267824,0.0
fp16,256,256,64,16,random,1,1,graph_global,global,0.24580259323120118,0.33114359378814695,0.3835521936416626,0.33947570323944093,0.3199873924255371,0.2695988893508911,0.9117344430572993,1.0,0.9117344430572993,0.0
fp16,256,256,64,16,random,2,1,graph_global,global,0.24778270721435547,0.3402556896209717,0.38343610763549807,0.33925158977508546,0.3194955110549927,0.256110692024231,0.9674828694419069,1.0,0.9674828694419069,0.0
fp16,256,256,64,16,contiguous,0,1,graph_global,global,0.24731869697570802,0.3285275936126709,0.37935609817504884,0.3395556926727295,0.3224674940109253,0.2692630052566528,0.9185023272691019,1.0,0.9185023272691019,0.0
fp16,256,256,64,16,contiguous,1,1,graph_global,global,0.24912269115448,0.3274955987930298,0.3789241075515747,0.3380635976791382,0.31615939140319826,0.2709110021591187,0.9195739160425778,1.0,0.9195739160425778,0.0
fp16,256,256,64,16,contiguous,2,1,graph_global,global,0.24849069118499756,0.3250114917755127,0.37908809185028075,0.33882770538330076,0.3171034097671509,0.27019100189208983,0.9196852946429391,1.0,0.9196852946429391,0.0
fp16,256,256,64,16,page-cross,0,1,graph_global,global,0.24863479137420655,0.33802759647369385,0.38068010807037356,0.34078381061553953,0.317023491859436,0.28469510078430177,0.8733370918194473,1.0,0.8733370918194473,0.0
fp16,256,256,64,16,page-cross,1,1,graph_global,global,0.24698269367218018,0.3445756912231445,0.3864042043685913,0.339251708984375,0.32115540504455564,0.25293869972229005,0.9764527687670997,1.0,0.9764527687670997,0.0
fp16,256,256,64,16,page-cross,2,1,graph_global,global,0.24927868843078613,0.3236594915390015,0.37920820713043213,0.3386197090148926,0.3174195051193237,0.2703869104385376,0.9219332697225755,1.0,0.9219332697225755,0.0
fp16,256,256,64,16,tail-negative,0,1,graph_global,global,0.247206711769104,0.3249715089797974,0.3801481008529663,0.3386837005615234,0.3195754051208496,0.270346999168396,0.9144052367125474,1.0,0.9144052367125474,0.0
fp16,256,256,64,16,tail-negative,1,1,graph_global,global,0.246390700340271,0.3278554916381836,0.3804681062698364,0.3388835906982422,0.31712749004364016,0.27000699043273924,0.9125345234409727,1.0,0.9125345234409727,0.0
fp16,256,256,64,16,tail-negative,2,1,graph_global,global,0.24561870098114014,0.3329155921936035,0.37911210060119627,0.3385876893997192,0.3212874889373779,0.2760190010070801,0.889861567808659,1.0,0.889861567808659,0.0
fp16,256,256,64,32,random,0,1,graph_global,global,0.47352919578552244,0.6398950099945069,0.7399839878082275,0.6451910018920899,0.6187306880950928,0.5133296012878418,0.9224661788401292,1.0,0.9224661788401292,0.0
fp16,256,256,64,32,random,1,1,graph_global,global,0.4991893768310547,0.6507350921630859,0.7378160953521729,0.6450190067291259,0.6191147804260254,0.4913814067840576,1.0158898361622957,1.0,1.0158898361622957,0.0
fp16,256,256,64,32,random,2,1,graph_global,global,0.5043293952941894,0.6458109855651856,0.7423680782318115,0.6488550186157227,0.6181187152862548,0.4962934017181396,1.0161920217924107,1.0,1.0161920217924107,0.0
fp16,256,256,64,32,contiguous,0,1,graph_global,global,0.509389591217041,0.636518907546997,0.7424039840698242,0.644251012802124,0.6166506767272949,0.4910254001617432,1.0373996763695903,1.0,1.0373996763695903,0.0
fp16,256,256,64,32,contiguous,1,1,graph_global,global,0.5019374847412109,0.6438109874725342,0.7451361179351806,0.6471109867095948,0.6162507057189941,0.5011693954467773,1.0015325941715751,1.0,1.0015325941715751,0.0
fp16,256,256,64,32,contiguous,2,1,graph_global,global,0.5025894165039062,0.6426549911499023,0.7462561130523682,0.6439070224761962,0.617022705078125,0.5024814128875732,1.0002149405203118,1.0,1.0002149405203118,0.0
fp16,256,256,64,32,page-cross,0,1,graph_global,global,0.4963693141937256,0.6602312088012695,0.7394440174102783,0.6451990127563476,0.6185787200927735,0.5022335052490234,0.9883237757059036,1.0,0.9883237757059036,0.0
fp16,256,256,64,32,page-cross,1,1,graph_global,global,0.4820891857147217,0.6414269924163818,0.740719985961914,0.6449510097503662,0.6172546863555908,0.5088095188140869,0.9474846045301121,1.0,0.9474846045301121,0.0
fp16,256,256,64,32,page-cross,2,1,graph_global,global,0.4998293876647949,0.644035005569458,0.7445880889892578,0.6460430145263671,0.6228107929229736,0.49103732109069825,1.0179050882620644,1.0,1.0179050882620644,0.0
fp16,256,256,64,32,tail-negative,0,1,graph_global,global,0.5080736160278321,0.6423870086669922,0.7416840076446534,0.644727087020874,0.6186147212982178,0.4854252815246582,1.0466566851072083,1.0,1.0466566851072083,0.0
fp16,256,256,64,32,tail-negative,1,1,graph_global,global,0.5016974925994873,0.6498431205749512,0.7407441139221191,0.6462670803070069,0.6185466766357421,0.4911492824554443,1.0214765866933744,1.0,1.0214765866933744,0.0
fp16,256,256,64,32,tail-negative,2,1,graph_global,global,0.4959613800048828,0.6460471153259277,0.7474001884460449,0.6457469940185547,0.6188626766204834,0.5047335147857666,0.9826202649043286,1.0,0.9826202649043286,0.0
fp16,256,256,128,8,random,0,0,graph_global,global,0.25155470371246336,,,,,0.277059006690979,0.9079463133751787,1.0,0.9079463133751787,0.0
fp16,256,256,128,8,random,1,0,graph_global,global,0.26057488918304444,,,,,0.2569427967071533,1.0141358019078104,1.0,1.0141358019078104,0.0
fp16,256,256,128,8,random,2,0,graph_global,global,0.26113090515136717,,,,,0.26320691108703614,0.9921126465597155,1.0,0.9921126465597155,0.0
fp16,256,256,128,8,contiguous,0,0,graph_global,global,0.2672629117965698,,,,,0.2676589012145996,0.9985205445578949,1.0,0.9985205445578949,0.0
fp16,256,256,128,8,contiguous,1,0,graph_global,global,0.2683748960494995,,,,,0.27120699882507326,0.9895574126484823,1.0,0.9895574126484823,0.0
fp16,256,256,128,8,contiguous,2,0,graph_global,global,0.2718070030212402,,,,,0.2728349924087524,0.9962321937577123,1.0,0.9962321937577123,0.0
fp16,256,256,128,8,page-cross,0,0,graph_global,global,0.2730710029602051,,,,,0.2722510099411011,1.0030119007429261,1.0,1.0030119007429261,0.0
fp16,256,256,128,8,page-cross,1,0,graph_global,global,0.27283101081848143,,,,,0.27232699394226073,1.0018507782461241,1.0,1.0018507782461241,0.0
fp16,256,256,128,8,page-cross,2,0,graph_global,global,0.2737509965896606,,,,,0.2716948986053467,1.0075676723960156,1.0,1.0075676723960156,0.0
fp16,256,256,128,8,tail-negative,0,0,graph_global,global,0.2734869956970215,,,,,0.27425498962402345,0.9971997084608933,1.0,0.9971997084608933,0.0
fp16,256,256,128,8,tail-negative,1,0,graph_global,global,0.27618300914764404,,,,,0.2756109952926636,1.0020754391687932,1.0,1.0020754391687932,0.0
fp16,256,256,128,8,tail-negative,2,0,graph_global,global,0.2742949962615967,,,,,0.2748869895935059,0.9978464119644782,1.0,0.9978464119644782,0.0
fp16,256,256,128,16,random,0,0,graph_global,global,0.5246417045593261,,,,,0.5328298091888428,0.9846327955224917,1.0,0.9846327955224917,0.0
fp16,256,256,128,16,random,1,0,graph_global,global,0.5315657138824463,,,,,0.5349738121032714,0.9936294111156095,1.0,0.9936294111156095,0.0
fp16,256,256,128,16,random,2,0,graph_global,global,0.5302857875823974,,,,,0.5309378147125244,0.9987719331491202,1.0,0.9987719331491202,0.0
fp16,256,256,128,16,contiguous,0,0,graph_global,global,0.5356378078460693,,,,,0.5362177848815918,0.9989183927652632,1.0,0.9989183927652632,0.0
fp16,256,256,128,16,contiguous,1,0,graph_global,global,0.5327218055725098,,,,,0.5346858978271485,0.9963266428708513,1.0,0.9963266428708513,0.0
fp16,256,256,128,16,contiguous,2,0,graph_global,global,0.5310057163238525,,,,,0.5348018169403076,0.9929018554234291,1.0,0.9929018554234291,0.0
fp16,256,256,128,16,page-cross,0,0,graph_global,global,0.5314537048339844,,,,,0.5314417839050293,1.0000224312978696,1.0,1.0000224312978696,0.0
fp16,256,256,128,16,page-cross,1,0,graph_global,global,0.5346737861633301,,,,,0.5443099021911622,0.982296636550169,1.0,0.982296636550169,0.0
fp16,256,256,128,16,page-cross,2,0,graph_global,global,0.5439939022064209,,,,,0.5523859977722168,0.9848075519661227,1.0,0.9848075519661227,0.0
fp16,256,256,128,16,tail-negative,0,0,graph_global,global,0.5461499214172363,,,,,0.5507060050964355,0.9917268313092003,1.0,0.9917268313092003,0.0
fp16,256,256,128,16,tail-negative,1,0,graph_global,global,0.5439178943634033,,,,,0.5461979866027832,0.9958255206073507,1.0,0.9958255206073507,0.0
fp16,256,256,128,16,tail-negative,2,0,graph_global,global,0.5436219215393067,,,,,0.545989990234375,0.9956627983343581,1.0,0.9956627983343581,0.0
fp16,256,256,128,32,random,0,0,graph_global,global,1.1242841720581054,,,,,1.1449363708496094,0.9819621427728958,1.0,0.9819621427728958,0.0
fp16,256,256,128,32,random,1,0,graph_global,global,1.0840317726135253,,,,,1.1005680084228515,0.9849748169283759,1.0,0.9849748169283759,0.0
fp16,256,256,128,32,random,2,0,graph_global,global,1.1145280838012694,,,,,1.1138481140136718,1.0006104690388598,1.0,1.0006104690388598,0.0
fp16,256,256,128,32,contiguous,0,0,graph_global,global,1.0314071655273438,,,,,1.1134000778198243,0.9263580864364291,1.0,0.9263580864364291,0.0
fp16,256,256,128,32,contiguous,1,0,graph_global,global,1.1024840354919434,,,,,1.1209161758422852,0.9835561831048683,1.0,0.9835561831048683,0.0
fp16,256,256,128,32,contiguous,2,0,graph_global,global,1.0510913848876953,,,,,1.1477245330810546,0.9158045807961004,1.0,0.9158045807961004,0.0
fp16,256,256,128,32,page-cross,0,0,graph_global,global,1.066499614715576,,,,,1.1133240699768066,0.9579417561122109,1.0,0.9579417561122109,0.0
fp16,256,256,128,32,page-cross,1,0,graph_global,global,1.0334511756896974,,,,,1.1413724899291993,0.9054460176745661,1.0,0.9054460176745661,0.0
fp16,256,256,128,32,page-cross,2,0,graph_global,global,1.0976638793945312,,,,,1.130996322631836,0.9705282479082338,1.0,0.9705282479082338,0.0
fp16,256,256,128,32,tail-negative,0,0,graph_global,global,1.099232006072998,,,,,1.132188320159912,0.9708914908411533,1.0,0.9708914908411533,0.0
fp16,256,256,128,32,tail-negative,1,0,graph_global,global,1.0986880302429198,,,,,1.1043800354003905,0.9948459724234266,1.0,0.9948459724234266,0.0
fp16,256,256,128,32,tail-negative,2,0,graph_global,global,1.1152960777282714,,,,,1.1208561897277831,0.9950394064372683,1.0,0.9950394064372683,0.0
bf16,32,64,32,8,random,0,1,graph_global,global,0.009860099852085113,0.0174562007188797,0.0104482002556324,0.013700099289417266,0.017368200421333312,0.009508100152015687,1.037021034112141,1.0,1.037021034112141,0.0
bf16,32,64,32,8,random,1,1,graph_global,global,0.009940099716186524,0.01703220009803772,0.010276100039482117,0.012592199444770812,0.01705619990825653,0.009612099826335907,1.0341236457981784,1.0,1.0341236457981784,0.0
bf16,32,64,32,8,random,2,1,graph_global,global,0.009544099867343902,0.016628199815750123,0.010288099944591522,0.012188199907541275,0.016668200492858887,0.009268099814653397,1.029779572750623,1.0,1.029779572750623,0.0
bf16,32,64,32,8,contiguous,0,1,graph_global,global,0.009156099706888198,0.016144199669361113,0.009832099825143815,0.011928100138902664,0.01612820029258728,0.009228099882602692,0.9921977247070946,1.0,0.9921977247070946,0.0
bf16,32,64,32,8,contiguous,1,1,graph_global,global,0.00902009978890419,0.01612820029258728,0.009804099798202515,0.012092199921607972,0.016064099967479706,0.009048099815845489,0.9969054246182979,1.0,0.9969054246182979,0.0
bf16,32,64,32,8,contiguous,2,1,graph_global,global,0.009048099815845489,0.016196200251579286,0.009824100136756896,0.011988099664449692,0.016068099439144133,0.009060099720954895,0.998675521740489,1.0,0.998675521740489,0.0
bf16,32,64,32,8,page-cross,0,1,graph_global,global,0.009084100276231766,0.015932199358940125,0.009992100298404694,0.011772099882364273,0.016252200305461883,0.009044100344181061,1.0044227651760234,1.0,1.0044227651760234,0.0
bf16,32,64,32,8,page-cross,1,1,graph_global,global,0.009212099760770798,0.016152200102806092,0.009908100217580795,0.011928100138902664,0.016152200102806092,0.00907210037112236,1.0154318607512407,1.0,1.0154318607512407,0.0
bf16,32,64,32,8,page-cross,2,1,graph_global,global,0.009276100248098374,0.01620820015668869,0.009820099920034409,0.011996100097894669,0.016096100211143494,0.009060099720954895,1.0238408553764475,1.0,1.0238408553764475,0.0
bf16,32,64,32,8,tail-negative,0,1,graph_global,global,0.009272100031375885,0.01621219962835312,0.009800100326538086,0.011968100070953369,0.016072200238704683,0.00899609997868538,1.0306799672462996,1.0,1.0306799672462996,0.0
bf16,32,64,32,8,tail-negative,1,1,graph_global,global,0.009376099705696106,0.015924200415611267,0.010032100230455398,0.011816199868917465,0.016240200400352477,0.010687100142240525,0.8773287029132704,1.0,0.8773287029132704,0.0
bf16,32,64,32,8,tail-negative,2,1,graph_global,global,0.009228099882602692,0.01615619957447052,0.009888099879026413,0.011956100165843964,0.016020099818706512,0.009044100344181061,1.0203447033335953,1.0,1.0203447033335953,0.0
bf16,32,64,32,16,random,0,1,graph_lds_chunked(chunk=2),chunk2,0.011108200252056121,0.024984300136566162,0.01072010025382042,0.012340199947357178,0.016224099695682524,0.010756099969148636,1.0327349396079808,1.0362030194724523,0.996653088439911,0.0
bf16,32,64,32,16,random,1,1,graph_lds_chunked(chunk=2),chunk2,0.011268100142478943,0.024968299269676208,0.010828100144863129,0.012376199662685394,0.01634020060300827,0.010724099725484848,1.0507269077050194,1.0406350136893177,1.0096978228513795,0.0
bf16,32,64,32,16,random,2,1,graph_lds_chunked(chunk=2),chunk2,0.01127609983086586,0.024972300231456756,0.01072010025382042,0.012144099920988083,0.016464200615882874,0.010700199753046036,1.0538214324135287,1.051865147142378,1.0018598251652937,0.0
bf16,32,64,32,16,contiguous,0,1,graph_lds_chunked(chunk=2),chunk2,0.011076100170612335,0.02477229982614517,0.01090409979224205,0.012212099879980088,0.01652809977531433,0.011032199859619141,1.0039792889497843,1.0157739182186005,0.9883885291231922,0.0
bf16,32,64,32,16,contiguous,1,1,graph_lds_chunked(chunk=2),chunk2,0.011392100155353546,0.024984300136566162,0.01069210022687912,0.012160100042819977,0.01628420054912567,0.010692200064659119,1.0654589407663446,1.065468889518514,0.9999906625596794,0.0
bf16,32,64,32,16,contiguous,2,1,graph_lds_chunked(chunk=2),chunk2,0.010980100184679032,0.024812300503253937,0.010964100062847138,0.012172099947929383,0.016408200562000274,0.011064200103282929,0.9923989156180443,1.0014593192090715,0.9909527991629427,0.0
bf16,32,64,32,16,page-cross,0,1,graph_lds_chunked(chunk=2),chunk2,0.011236199736595153,0.024984300136566162,0.010712099820375442,0.012368100136518479,0.01631219983100891,0.01069210022687912,1.0508879918978136,1.0489259738994239,1.0018705018725924,0.0
bf16,32,64,32,16,page-cross,1,1,graph_lds_chunked(chunk=2),chunk2,0.011280100047588348,0.02501220107078552,0.010696200281381607,0.012380100041627883,0.016308200359344483,0.01072010025382042,1.0522382981976643,1.0545894570825407,0.9977705458090007,0.0
bf16,32,64,32,16,page-cross,2,1,graph_lds_chunked(chunk=2),chunk2,0.011260099709033966,0.025000301003456116,0.01072010025382042,0.01236020028591156,0.01620420068502426,0.010688100010156631,1.0535174351225922,1.0503726124222674,1.0029940067582994,0.0
bf16,32,64,32,16,tail-negative,0,1,graph_lds_chunked(chunk=2),chunk2,0.011268199980258941,0.02498829960823059,0.010696099698543548,0.012368199974298477,0.01623609960079193,0.010820099711418152,1.0414136912590484,1.05348681274851,0.988539845640817,0.0
bf16,32,64,32,16,tail-negative,1,1,graph_lds_chunked(chunk=2),chunk2,0.011056099832057954,0.02475620061159134,0.010872100293636323,0.012156199663877487,0.01649619936943054,0.010968100279569626,1.00802322646997,1.0169240103983708,0.9912473460775953,0.0
bf16,32,64,32,16,tail-negative,2,1,graph_lds_chunked(chunk=2),chunk2,0.011212100088596345,0.02496020048856735,0.01069210022687912,0.012404099851846696,0.01628420054912567,0.010708100348711013,1.0470671476239948,1.0486340242499772,0.9985057926886332,0.0
bf16,32,64,32,32,random,0,1,graph_lds_chunked(chunk=4),chunk4,0.014532199501991272,0.04244849979877472,0.014448200166225434,0.0135561004281044,0.017048199474811555,0.013828200101852418,1.0509104145842196,1.0720044144747727,0.9803228423262716,0.0
bf16,32,64,32,32,random,1,1,graph_lds_chunked(chunk=4),chunk4,0.014844200015068055,0.04268049895763397,0.014252099394798278,0.013712100684642792,0.016988199949264527,0.013572099804878234,1.093729063923667,1.0825620637174278,1.0103153441086719,0.0
bf16,32,64,32,32,random,2,1,graph_lds_chunked(chunk=4),chunk4,0.014876200258731842,0.042600500583648684,0.014308099448680878,0.013740099966526031,0.0168722003698349,0.013524100184440613,1.0999770820868964,1.0826850092047078,1.0159714716054769,0.0
bf16,32,64,32,32,contiguous,0,1,graph_lds_chunked(chunk=4),chunk4,0.014856100082397461,0.042624399065971375,0.014336200058460235,0.013732199370861054,0.016908200085163118,0.013532200455665588,1.0978332852125015,1.0818441883330983,1.014779482158183,0.0
bf16,32,64,32,32,contiguous,1,1,graph_lds_chunked(chunk=4),chunk4,0.014924199879169464,0.0426485002040863,0.014320200681686402,0.013724100589752198,0.01689620018005371,0.013552099466323853,1.1012463357618647,1.0874446585092346,1.0126918433454357,0.0
bf16,32,64,32,32,contiguous,2,1,graph_lds_chunked(chunk=4),chunk4,0.014892099797725678,0.042724400758743286,0.014256100356578826,0.013756200671195984,0.01695220023393631,0.013540099561214446,1.0998515727597773,1.0825736083443553,1.0159600827899788,0.0
bf16,32,64,32,32,page-cross,0,1,graph_lds_chunked(chunk=4),chunk4,0.014764200150966644,0.042512500286102296,0.014260099828243255,0.013828200101852418,0.01697620004415512,0.013500100374221802,1.0936363243016043,1.0676877715263058,1.0243035028285505,0.0
bf16,32,64,32,32,page-cross,1,1,graph_lds_chunked(chunk=4),chunk4,0.014888100326061249,0.04267640113830566,0.014336100220680237,0.013732199370861054,0.016884200274944305,0.013512100279331207,1.1018346532577799,1.0841744955766481,1.0162890362697,0.0
bf16,32,64,32,32,page-cross,2,1,graph_lds_chunked(chunk=4),chunk4,0.014828099310398102,0.04247240126132965,0.014500099420547485,0.013548199832439423,0.017228199541568755,0.013568100333213807,1.092864803932788,1.0944700767473272,0.998533287616862,0.0
bf16,32,64,32,32,tail-negative,0,1,graph_lds_chunked(chunk=4),chunk4,0.014756199717521668,0.04259650111198425,0.014328199625015258,0.013736100494861602,0.01689220070838928,0.013536199927330017,1.0901286769360161,1.0742641059623628,1.0147678498104908,0.0
bf16,32,64,32,32,tail-negative,1,1,graph_lds_chunked(chunk=4),chunk4,0.01472409963607788,0.04244439899921417,0.014172099530696869,0.013720199465751648,0.016884200274944305,0.013476100564002991,1.0926083228711214,1.073169502588659,1.018113466917922,0.0
bf16,32,64,32,32,tail-negative,2,1,graph_lds_chunked(chunk=4),chunk4,0.014728200435638428,0.04263249933719635,0.01416420042514801,0.013684099912643433,0.016852200031280518,0.013492199778556823,1.0916085351067795,1.0763002703619766,1.0142230427384864,0.0
bf16,32,64,64,8,random,0,1,graph_global,global,0.011136099696159363,0.02104019969701767,0.012336199730634689,0.015052199363708496,0.02132820039987564,0.011296200007200241,0.9858270647705574,1.0,0.9858270647705574,0.0
bf16,32,64,64,8,random,1,1,graph_global,global,0.011360099911689759,0.021132299304008485,0.0121800996363163,0.015260200202465057,0.021164299547672273,0.011108099669218063,1.0226861704500203,1.0,1.0226861704500203,0.0
bf16,32,64,64,8,random,2,1,graph_global,global,0.011288099735975266,0.021140199899673463,0.01214810013771057,0.015224200487136842,0.02106429934501648,0.01112010031938553,1.0151077249093576,1.0,1.0151077249093576,0.0
bf16,32,64,64,8,contiguous,0,1,graph_global,global,0.011136200278997421,0.021124300360679627,0.012160100042819977,0.015200200676918029,0.02109220027923584,0.011104100197553635,1.0028908313931513,1.0,1.0028908313931513,0.0
bf16,32,64,64,8,contiguous,1,1,graph_global,global,0.01135609969496727,0.021208299696445464,0.012168099731206894,0.015316200256347657,0.02116830050945282,0.011176099628210067,1.0161058037012176,1.0,1.0161058037012176,0.0
bf16,32,64,64,8,contiguous,2,1,graph_global,global,0.011060100048780441,0.02101220041513443,0.012356100231409073,0.015052199363708496,0.021268300712108612,0.011292099952697754,0.9794546714172605,1.0,0.9794546714172605,0.0
bf16,32,64,64,8,page-cross,0,1,graph_global,global,0.011204099655151368,0.02098419964313507,0.012156099826097489,0.014976200461387635,0.021316300332546233,0.011088100075721741,1.010461628109185,1.0,1.010461628109185,0.0
bf16,32,64,64,8,page-cross,1,1,graph_global,global,0.01130409985780716,0.020944200456142426,0.012364199757575989,0.015052099525928498,0.02130820006132126,0.011136200278997421,1.0150769180333792,1.0,1.0150769180333792,0.0
bf16,32,64,64,8,page-cross,2,1,graph_global,global,0.011272100359201431,0.021184200048446657,0.012164100259542465,0.015264199674129486,0.02112019956111908,0.01114410012960434,1.0114859188367358,1.0,1.0114859188367358,0.0
bf16,32,64,64,8,tail-negative,0,1,graph_global,global,0.011360099911689759,0.021160200238227844,0.012152200192213058,0.015216200053691864,0.02106419950723648,0.011120200157165527,1.0215733306175832,1.0,1.0215733306175832,0.0
bf16,32,64,64,8,tail-negative,1,1,graph_global,global,0.011372099816799163,0.021240200102329253,0.012128099799156189,0.015276199579238892,0.02106029987335205,0.01101209968328476,1.032691325348321,1.0,1.032691325348321,0.0
bf16,32,64,64,8,tail-negative,2,1,graph_global,global,0.01106019988656044,0.02109220027923584,0.012212099879980088,0.015284200012683869,0.021048200130462647,0.011092100292444229,0.9971240427833564,1.0,0.9971240427833564,0.0
bf16,32,64,64,16,random,0,1,graph_lds_chunked(chunk=2),chunk2,0.014516100287437439,0.03424440026283264,0.013832199573516845,0.015844200551509858,0.021556200087070466,0.013672199845314027,1.0617238229159331,1.0494426580737015,1.0117025592086892,0.0
bf16,32,64,64,16,random,1,1,graph_lds_chunked(chunk=2),chunk2,0.01456409990787506,0.0342523992061615,0.013748200237751007,0.01586019992828369,0.021844300627708434,0.013724200427532196,1.061198427170878,1.05934592572224,1.001748721927047,0.0
bf16,32,64,64,16,random,2,1,graph_lds_chunked(chunk=2),chunk2,0.014544099569320679,0.034268298745155336,0.013752099871635438,0.016064199805259704,0.02164430022239685,0.013808099925518036,1.0533020218402736,1.0575911828068374,0.9959444055167136,0.0
bf16,32,64,64,16,contiguous,0,1,graph_lds_chunked(chunk=2),chunk2,0.01454010009765625,0.03427630066871643,0.013808199763298034,0.015872199833393098,0.021924300491809844,0.013808099925518036,1.0530123750614986,1.0530047614391844,1.0000072303778607,0.0
bf16,32,64,64,16,contiguous,1,1,graph_lds_chunked(chunk=2),chunk2,0.014532199501991272,0.0342164009809494,0.013808099925518036,0.015984199941158295,0.0216962993144989,0.013816100358963013,1.051830771666601,1.052440203965722,0.9994209340380343,0.0
bf16,32,64,64,16,contiguous,2,1,graph_lds_chunked(chunk=2),chunk2,0.014548200368881225,0.03422040045261383,0.013760100305080413,0.01568010002374649,0.02196429967880249,0.013772200047969817,1.0563454145458626,1.0572742964315336,0.9991214371816224,0.0
bf16,32,64,64,16,page-cross,0,1,graph_lds_chunked(chunk=2),chunk2,0.014516100287437439,0.03420029878616333,0.013724100589752198,0.015880200266838073,0.021732300519943237,0.013756099343299865,1.0552482884261625,1.0577086777021023,0.997673849777535,0.0
bf16,32,64,64,16,page-cross,1,1,graph_lds_chunked(chunk=2),chunk2,0.014588099718093873,0.034236401319503784,0.013776199519634246,0.015888200700283052,0.021804200112819673,0.013760200142860413,1.060166245159088,1.058934991272628,1.00116272849288,0.0
bf16,32,64,64,16,page-cross,2,1,graph_lds_chunked(chunk=2),global,0.014504100382328033,0.034000301361083986,0.014920200407505035,0.01570820063352585,0.021892300248146056,0.01382409930229187,1.049189539597956,1.0,1.049189539597956,0.0
bf16,32,64,64,16,tail-negative,0,1,graph_lds_chunked(chunk=2),chunk2,0.014232100546360016,0.03420029878616333,0.013752199709415436,0.01586019992828369,0.02162420004606247,0.01368820071220398,1.03973494001086,1.0348962963805721,1.004675486468751,0.0
bf16,32,64,64,16,tail-negative,1,1,graph_lds_chunked(chunk=2),chunk2,0.014472199976444245,0.03405239880084991,0.013724100589752198,0.0158160999417305,0.0215721994638443,0.01371220052242279,1.0554250539713645,1.054509902619823,1.0008678451945001,0.0
bf16,32,64,64,16,tail-negative,2,1,graph_lds_chunked(chunk=2),chunk2,0.014468200504779816,0.034020400047302245,0.013620099425315857,0.01589609980583191,0.02153619974851608,0.013632099330425262,1.0613332659987647,1.062268347166951,0.9991197316848608,0.0
bf16,32,64,64,32,random,0,1,graph_lds_chunked(chunk=4),chunk4,0.020544299483299257,0.06019669771194458,0.019184200465679167,0.018300199508666994,0.022828200459480287,0.018164199590682984,1.1310324675047672,1.1226270770200868,1.0074872508037056,0.0
bf16,32,64,64,32,random,1,1,graph_lds_chunked(chunk=4),chunk4,0.020168200135231018,0.06052070260047913,0.019548200070858,0.01830420047044754,0.023256200551986694,0.01833620071411133,1.099911614716881,1.1018345307020068,0.9982548051167895,0.0
bf16,32,64,64,32,random,2,1,graph_lds_chunked(chunk=4),chunk4,0.020888200402259825,0.06148059964179993,0.0194922000169754,0.018552200496196748,0.023336300253868104,0.018404200673103333,1.1349691721622397,1.1259149773926798,1.0080416327621176,0.0
bf16,32,64,64,32,contiguous,0,1,graph_lds_chunked(chunk=4),chunk4,0.020700299739837648,0.060864698886871335,0.019644199311733244,0.018656200170516966,0.023248200118541718,0.01828020066022873,1.132389087220153,1.1095667687223383,1.0205686752173504,0.0
bf16,32,64,64,32,contiguous,1,1,graph_lds_chunked(chunk=4),chunk4,0.020848199725151062,0.06069660186767578,0.019396199285984038,0.018432199954986572,0.02320819944143295,0.018504199385643006,1.1266739668470451,1.1310749544853367,0.9961090221113648,0.0
bf16,32,64,64,32,contiguous,2,1,graph_lds_chunked(chunk=4),chunk4,0.020884199440479277,0.061216598749160765,0.019784200191497802,0.018212200701236726,0.023152300715446474,0.01841620057821274,1.134012379577702,1.1467147646281486,0.9889228032617459,0.0
bf16,32,64,64,32,page-cross,0,1,graph_lds_chunked(chunk=4),chunk4,0.020680199563503265,0.06058059930801392,0.019396300613880157,0.018132199347019196,0.02300029993057251,0.018320199847221375,1.1288195399593215,1.14052350560016,0.9897380759069234,0.0
bf16,32,64,64,32,page-cross,1,1,graph_lds_chunked(chunk=4),chunk4,0.020436200499534606,0.05992860198020935,0.019480200111866,0.018156200647354126,0.02308429926633835,0.018372200429439545,1.1123436508338824,1.1255769252865544,0.9882431185684595,0.0
bf16,32,64,64,32,page-cross,2,1,graph_lds_chunked(chunk=4),chunk4,0.020276199281215667,0.059788697957992555,0.019564199447631835,0.018188199400901793,0.023048199713230133,0.01827619969844818,1.1094319177819723,1.1147997025043803,0.9951849783325655,0.0
bf16,32,64,64,32,tail-negative,0,1,graph_lds_chunked(chunk=4),chunk4,0.02026419937610626,0.059936702251434326,0.019124199450016022,0.018288199603557587,0.022832199931144714,0.018020200729370116,1.1245268396527224,1.1080478021556743,1.0148721358997226,0.0
bf16,32,64,64,32,tail-negative,1,1,graph_lds_chunked(chunk=4),chunk4,0.020300200581550597,0.05974069833755493,0.0193121999502182,0.01807219982147217,0.022984200716018678,0.018096199631690978,1.1217935806808774,1.1232833181399018,0.9986737651712916,0.0
bf16,32,64,64,32,tail-negative,2,1,graph_lds_chunked(chunk=4),chunk4,0.020364199578762055,0.06000869870185852,0.019044199585914613,0.01827619969844818,0.02275629937648773,0.018112200498580932,1.124336028654142,1.1142469394494068,1.009054625907001,0.0
bf16,32,64,128,8,random,0,1,graph_global,global,0.01530819982290268,0.030928298830986023,0.01676419973373413,0.021552200615406036,0.030844399333000184,0.015056100487709046,1.0167439992446539,1.0,1.0167439992446539,0.0
bf16,32,64,128,8,random,1,1,graph_global,global,0.015288199484348296,0.030940398573875427,0.01677220016717911,0.021412199735641478,0.03107230067253113,0.015032200515270234,1.0170300395353302,1.0,1.0170300395353302,0.0
bf16,32,64,128,8,random,2,1,graph_global,global,0.015424199402332306,0.030988401174545287,0.01679220050573349,0.021616199612617494,0.030772298574447632,0.01506820023059845,1.0236258588474914,1.0,1.0236258588474914,0.0
bf16,32,64,128,8,contiguous,0,1,graph_global,global,0.015336200594902039,0.030996298789978026,0.01690009981393814,0.021588200330734254,0.030896300077438356,0.01518010050058365,1.0102832055896065,1.0,1.0102832055896065,0.0
bf16,32,64,128,8,contiguous,1,1,graph_global,global,0.015372200310230255,0.030952298641204835,0.01688009947538376,0.02162420004606247,0.030808299779891968,0.015164099633693695,1.013723246454684,1.0,1.013723246454684,0.0
bf16,32,64,128,8,contiguous,2,1,graph_global,global,0.015356099605560303,0.030788299441337586,0.01707620024681091,0.02143229991197586,0.031100401282310487,0.015140099823474884,1.0142667343415073,1.0,1.0142667343415073,0.0
bf16,32,64,128,8,page-cross,0,1,graph_global,global,0.015168100595474243,0.030932301282882692,0.01702820062637329,0.021460199356079103,0.031028398871421815,0.015148100256919862,1.0013203199223113,1.0,1.0013203199223113,0.0
bf16,32,64,128,8,page-cross,1,1,graph_global,global,0.015100200474262238,0.030920401215553284,0.016864199936389924,0.021564200520515442,0.030784299969673155,0.01514420062303543,0.9970945875673184,1.0,0.9970945875673184,0.0
bf16,32,64,128,8,page-cross,2,1,graph_global,global,0.015292100608348846,0.03093630075454712,0.01690019965171814,0.0216962993144989,0.030872398614883424,0.01528010070323944,1.000785328928288,1.0,1.000785328928288,0.0
bf16,32,64,128,8,tail-negative,0,1,graph_global,global,0.015196199715137481,0.030972298979759217,0.016804200410842896,0.021508300304412843,0.030860400199890135,0.015020200610160827,1.0117174936303843,1.0,1.0117174936303843,0.0
bf16,32,64,128,8,tail-negative,1,1,graph_global,global,0.015368199348449707,0.03090429902076721,0.016816200315952302,0.021416200697422026,0.031068301200866698,0.015128099918365478,1.0158710896530203,1.0,1.0158710896530203,0.0
bf16,32,64,128,8,tail-negative,2,1,graph_global,global,0.015224200487136842,0.030656298995018004,0.01709219962358475,0.02128030061721802,0.030916398763656615,0.014996199309825898,1.0152039308494354,1.0,1.0152039308494354,0.0
bf16,32,64,128,16,random,0,1,graph_lds_chunked(chunk=2),chunk2,0.021016299724578857,0.05183259844779968,0.01968020051717758,0.02278819978237152,0.03220430016517639,0.01968020051717758,1.0678905281597655,1.0678905281597655,1.0,0.0
bf16,32,64,128,16,random,1,1,graph_lds_chunked(chunk=2),chunk2,0.02088019996881485,0.051796501874923705,0.0196602001786232,0.022852300107479094,0.03240840137004852,0.01970829963684082,1.0594622749586875,1.0620542913656685,0.9975594313510583,0.0
bf16,32,64,128,16,random,2,1,graph_lds_chunked(chunk=2),chunk2,0.021060200035572053,0.0520766019821167,0.020016199350357054,0.02321619987487793,0.0328482985496521,0.01979220062494278,1.06406561021978,1.0521577881465483,1.0113175250018425,0.0
bf16,32,64,128,16,contiguous,0,1,graph_lds_chunked(chunk=2),chunk2,0.021296200156211854,0.052240502834320066,0.019936199486255645,0.023040300607681273,0.03209640085697174,0.02008430063724518,1.0603406382355818,1.0682176495522036,0.9926260239943386,0.0
bf16,32,64,128,16,contiguous,1,1,graph_lds_chunked(chunk=2),chunk2,0.020856200158596037,0.051492500305175784,0.019660300016403197,0.022848199307918548,0.03219630122184754,0.019672299921512603,1.0601810790709216,1.060828173588148,0.9993900100569185,0.0
bf16,32,64,128,16,contiguous,2,1,graph_lds_chunked(chunk=2),chunk2,0.021128199994564056,0.05174049735069275,0.019824199378490448,0.02283630073070526,0.032244399189949036,0.01973630040884018,1.070524847964942,1.065778223431735,1.004453670030828,0.0
bf16,32,64,128,16,page-cross,0,1,graph_lds_chunked(chunk=2),chunk2,0.02103630006313324,0.05192859768867493,0.019800199568271636,0.022584299743175506,0.032132399082183835,0.019832199811935423,1.060714407005579,1.0624286886907122,0.9983864501181291,0.0
bf16,32,64,128,16,page-cross,1,1,graph_lds_chunked(chunk=2),chunk2,0.021212199330329896,0.05194860100746155,0.019756199419498445,0.022860300540924073,0.03222439885139465,0.019836199283599854,1.0693681298043667,1.0736983809443859,0.9959669761854252,0.0
bf16,32,64,128,16,page-cross,2,1,graph_lds_chunked(chunk=2),chunk2,0.021068300306797027,0.051740598678588864,0.019784200191497802,0.02281630039215088,0.03230040073394776,0.019856199622154236,1.0610439413235153,1.0649053336940586,0.9963739571505867,0.0
bf16,32,64,128,16,tail-negative,0,1,graph_lds_chunked(chunk=2),chunk2,0.020792199671268462,0.051748597621917726,0.019676199555397032,0.022756199538707732,0.03218030035495758,0.01963219940662384,1.059086617888225,1.056718275941927,1.002241223607292,0.0
bf16,32,64,128,16,tail-negative,1,1,graph_lds_chunked(chunk=2),chunk2,0.020804199576377868,0.05154460072517395,0.019836199283599854,0.02260030061006546,0.032356399297714236,0.02154020071029663,0.9658312778131664,1.04879968581372,0.920892035797873,0.0
bf16,32,64,128,16,tail-negative,2,1,graph_lds_chunked(chunk=2),chunk2,0.020844300091266633,0.051556599140167234,0.019620199501514436,0.02276030033826828,0.03214040100574493,0.01962819993495941,1.0619567846433666,1.062389813602951,0.9995924010621715,0.0
bf16,32,64,128,32,random,0,1,graph_lds_chunked(chunk=4),chunk4,0.03189640045166016,0.09680110216140747,0.029860401153564455,0.02735230028629303,0.03426840007305145,0.027208301424980163,1.1723039947791747,1.1661322856872955,1.0052924605275309,0.0
bf16,32,64,128,32,random,1,1,graph_lds_chunked(chunk=4),chunk4,0.03185240030288696,0.09677709937095642,0.029772299528121948,0.02737630009651184,0.0343284010887146,0.027260300517082215,1.1684537477100512,1.1635027447315807,1.004255256810428,0.0
bf16,32,64,128,32,random,2,1,graph_lds_chunked(chunk=4),chunk4,0.03190830051898956,0.09681710004806518,0.029892298579216003,0.02756829857826233,0.034448400139808655,0.02719630002975464,1.1732588802182526,1.1574272684404736,1.0136782778576754,0.0
bf16,32,64,128,32,contiguous,0,1,graph_lds_chunked(chunk=4),chunk4,0.03262839913368225,0.09779710173606873,0.030228400230407716,0.027680298686027525,0.03462029993534088,0.027472299337387086,1.1876835911320396,1.178758925392392,1.0075712391629839,0.0
bf16,32,64,128,32,contiguous,1,1,graph_lds_chunked(chunk=4),chunk4,0.032988300919532774,0.0973571002483368,0.029988300800323487,0.027468299865722655,0.034404399991035464,0.027752301096916197,1.1886690334012842,1.2009589629061266,0.989766569979125,0.0
bf16,32,64,128,32,contiguous,2,1,graph_lds_chunked(chunk=4),chunk4,0.03199630081653595,0.09684500098228455,0.030072298645973206,0.027472299337387086,0.03448440134525299,0.027436301112174988,1.166203151281841,1.16467502132201,1.001312065539189,0.0
bf16,32,64,128,32,page-cross,0,1,graph_lds_chunked(chunk=4),chunk4,0.0323403000831604,0.09690499901771546,0.030064299702644348,0.027324199676513672,0.03421239852905274,0.02745630145072937,1.177882612528691,1.1835772123623545,0.9951886537065906,0.0
bf16,32,64,128,32,page-cross,1,1,graph_lds_chunked(chunk=4),chunk4,0.032060301303863524,0.09681310057640076,0.029984301328659056,0.027548301219940185,0.034344398975372316,0.027292299270629882,1.1747013685418817,1.1637850569405506,1.0093800066741094,0.0
bf16,32,64,128,32,page-cross,2,1,graph_lds_chunked(chunk=4),chunk4,0.032184299826622007,0.09685699939727783,0.030044299364089967,0.02748830020427704,0.03438040018081665,0.02735230028629303,1.1766578857994778,1.1708363044439647,1.0049721565119027,0.0
bf16,32,64,128,32,tail-negative,0,1,graph_lds_chunked(chunk=4),chunk4,0.03162429928779602,0.09681299924850464,0.029600301384925844,0.02740429937839508,0.03437240123748779,0.027172300219535827,1.1638432901260003,1.1539904323453674,1.0085380757972213,0.0
bf16,32,64,128,32,tail-negative,1,1,graph_lds_chunked(chunk=4),chunk4,0.032444301247596743,0.09688900113105774,0.02958430051803589,0.027420300245285033,0.03443639874458313,0.027392300963401794,1.184431395191839,1.1832219544414213,1.0010221588146482,0.0
bf16,32,64,128,32,tail-negative,2,1,graph_lds_chunked(chunk=4),chunk4,0.03172029852867127,0.09678099751472473,0.029696300625801086,0.02738029956817627,0.03422839939594269,0.02730030119419098,1.1619028780320118,1.1585080889888917,1.002930311040023,0.0
bf16,32,128,32,8,random,0,1,graph_global,global,0.011472199857234956,0.02134830057621002,0.012224099785089492,0.015400199592113495,0.021160200238227844,0.011128100007772446,1.0309217071397787,1.0,1.0309217071397787,0.0
bf16,32,128,32,8,random,1,1,graph_global,global,0.011396100372076034,0.021088199317455293,0.012132100015878677,0.015224100649356842,0.020988300442695618,0.011108099669218063,1.02592709027054,1.0,1.02592709027054,0.0
bf16,32,128,32,8,random,2,1,graph_global,global,0.011344099789857865,0.02112019956111908,0.012144199758768081,0.015208199620246887,0.020996199548244478,0.011128100007772446,1.0194103020223177,1.0,1.0194103020223177,0.0
bf16,32,128,32,8,contiguous,0,1,graph_global,global,0.011268100142478943,0.021132199466228484,0.012140200287103654,0.015232199430465698,0.021020199358463287,0.011064100265502929,1.0184379996638382,1.0,1.0184379996638382,0.0
bf16,32,128,32,8,contiguous,1,1,graph_global,global,0.011124199628829956,0.021112200617790223,0.012224099785089492,0.015324200689792632,0.02101220041513443,0.011128100007772446,0.999649501807158,1.0,0.999649501807158,0.0
bf16,32,128,32,8,contiguous,2,1,graph_global,global,0.01111219972372055,0.02111620008945465,0.012192100286483765,0.015232199430465698,0.021028199791908266,0.011148100346326828,0.9967796645624825,1.0,0.9967796645624825,0.0
bf16,32,128,32,8,page-cross,0,1,graph_global,global,0.011292099952697754,0.021152299642562867,0.012208099663257598,0.015292200446128845,0.02111629992723465,0.011128100007772446,1.0147374614544047,1.0,1.0147374614544047,0.0
bf16,32,128,32,8,page-cross,1,1,graph_global,global,0.011296100169420242,0.021104200184345244,0.01222819983959198,0.015252099931240081,0.02109619975090027,0.01111610010266304,1.0161927353203737,1.0,1.0161927353203737,0.0
bf16,32,128,32,8,page-cross,2,1,graph_global,global,0.01108819991350174,0.021100200712680817,0.01217610016465187,0.01533219963312149,0.021020199358463287,0.011236099898815155,0.9868370709903521,1.0,0.9868370709903521,0.0
bf16,32,128,32,8,tail-negative,0,1,graph_global,global,0.011212100088596345,0.021056200563907623,0.01212420016527176,0.01518010050058365,0.02098419964313507,0.01106019988656044,1.0137339472698395,1.0,1.0137339472698395,0.0
bf16,32,128,32,8,tail-negative,1,1,graph_global,global,0.01124809980392456,0.021044300496578218,0.012272100150585174,0.015268200635910034,0.020996299386024476,0.011072099953889847,1.0158957967113438,1.0,1.0158957967113438,0.0
bf16,32,128,32,8,tail-negative,2,1,graph_global,global,0.011264199763536454,0.02106419950723648,0.012172099947929383,0.015264199674129486,0.02101619988679886,0.011160100251436234,1.0093278294777703,1.0,1.0093278294777703,0.0
bf16,32,128,32,16,random,0,1,graph_lds_chunked(chunk=2),chunk2,0.014548100531101227,0.0339042991399765,0.013720199465751648,0.01586019992828369,0.02159219980239868,0.01371610015630722,1.0606586686676693,1.0603417659791452,1.0002988684391125,0.0
bf16,32,128,32,16,random,1,1,graph_lds_chunked(chunk=2),chunk2,0.014556099474430085,0.03388029932975769,0.013764099776744842,0.015868200361728667,0.02161229997873306,0.013684099912643433,1.0637235599968813,1.0575409732951346,1.00584619117166,0.0
bf16,32,128,32,16,random,2,1,graph_lds_chunked(chunk=2),chunk2,0.015536199510097503,0.03390440046787262,0.013736100494861602,0.01594820022583008,0.021680299937725068,0.013696099817752837,1.134352094160378,1.1310487656893076,1.0029205889005655,0.0
bf16,32,128,32,16,contiguous,0,1,graph_lds_chunked(chunk=2),chunk2,0.014676199853420257,0.03382430076599121,0.013756099343299865,0.0159401997923851,0.021652300655841828,0.013728100061416625,1.069062709898823,1.066886730544625,1.0020395598631986,0.0
bf16,32,128,32,16,contiguous,1,1,graph_lds_chunked(chunk=2),chunk2,0.014420099556446075,0.033764401078224184,0.013776099681854248,0.015960200130939482,0.0216402992606163,0.013908100128173829,1.0368130387007413,1.0467476201148644,0.9905090957713063,0.0
bf16,32,128,32,16,contiguous,2,1,graph_lds_chunked(chunk=2),chunk2,0.014444099366664886,0.033712300658226016,0.014016099274158478,0.015748199820518494,0.02185630053281784,0.013964100182056427,1.0343737998403397,1.0305363199942164,1.0037237696252614,0.0
bf16,32,128,32,16,page-cross,0,1,graph_lds_chunked(chunk=2),chunk2,0.014676199853420257,0.03393630087375641,0.013792100548744201,0.015900200605392455,0.02162030041217804,0.013776099681854248,1.065337809129794,1.0641018604491363,1.0011614947089145,0.0
bf16,32,128,32,16,page-cross,1,1,graph_lds_chunked(chunk=2),chunk2,0.014364199340343475,0.03369239866733551,0.013972100615501405,0.015668199956417085,0.0218082994222641,0.013960100710391998,1.028946684435497,1.028062976042919,1.0008595858553135,0.0
bf16,32,128,32,16,page-cross,2,1,graph_lds_chunked(chunk=2),chunk2,0.014368200302124023,0.0337444007396698,0.01400810033082962,0.01576409935951233,0.02181220054626465,0.013948200643062592,1.0301113863937945,1.025706552836567,1.0042944383508579,0.0
bf16,32,128,32,16,tail-negative,0,1,graph_lds_chunked(chunk=2),chunk2,0.014456099271774292,0.033916398882865906,0.013612200319766999,0.01586419939994812,0.02165219932794571,0.013620199263095855,1.061372083662779,1.061995778212419,0.9994127146619265,0.0
bf16,32,128,32,16,tail-negative,1,1,graph_lds_chunked(chunk=2),chunk2,0.014420199394226074,0.03386839926242828,0.013672100007534027,0.015884199738502504,0.02159229964017868,0.013724100589752198,1.0507209051639896,1.054717226050117,0.9962110025441667,0.0
bf16,32,128,32,16,tail-negative,2,1,graph_lds_chunked(chunk=2),chunk2,0.014444200694561005,0.033660399913787845,0.013900099694728852,0.01573610007762909,0.021796199679374694,0.013728199899196625,1.0521554756356863,1.0391436760729482,1.0125216559195271,0.0
bf16,32,128,32,32,random,0,1,graph_lds_chunked(chunk=4),chunk4,0.02040019929409027,0.05915669798851013,0.019296200573444368,0.018056200444698335,0.022940300405025482,0.018008199334144593,1.132828380870391,1.1298168380757083,1.0026655141729095,0.0
bf16,32,128,32,32,random,1,1,graph_lds_chunked(chunk=4),chunk4,0.02032420039176941,0.059724700450897214,0.019184200465679167,0.01817619949579239,0.022828200459480287,0.018080200254917144,1.1241136771282154,1.1181765691157968,1.0053096337165368,0.0
bf16,32,128,32,32,random,2,1,graph_lds_chunked(chunk=4),chunk4,0.0204802006483078,0.05942469835281372,0.019004200398921967,0.017996199429035187,0.022688299417495728,0.018000200390815735,1.1377762582441826,1.138029211615921,0.9997777268200531,0.0
bf16,32,128,32,32,contiguous,0,1,graph_lds_chunked(chunk=4),chunk4,0.020568199455738068,0.05932469964027405,0.019172200560569765,0.018232199549674987,0.02278819978237152,0.018068200349807738,1.1383645884775089,1.1281249637323503,1.0090766759661813,0.0
bf16,32,128,32,32,contiguous,1,1,graph_lds_chunked(chunk=4),chunk4,0.020576199889183043,0.05954859852790832,0.01929219961166382,0.0182561993598938,0.022784200310707093,0.018124200403690338,1.135288698584101,1.1270801486965543,1.0072830223272407,0.0
bf16,32,128,32,32,contiguous,2,1,graph_lds_chunked(chunk=4),chunk4,0.020600199699401855,0.059464699029922484,0.019300200045108795,0.018264199793338775,0.022824299335479737,0.018056200444698335,1.140893387980221,1.127900479215906,1.0115195524815694,0.0
bf16,32,128,32,32,page-cross,0,1,graph_lds_chunked(chunk=4),chunk4,0.020588299632072447,0.05940459966659546,0.02032420039176941,0.018288199603557587,0.022804300487041473,0.018128199875354765,1.1357056836107693,1.1257696262275825,1.0088260130240698,0.0
bf16,32,128,32,32,page-cross,1,1,graph_lds_chunked(chunk=4),chunk4,0.02061219960451126,0.05959659814834595,0.019484199583530426,0.018188199400901793,0.02302830070257187,0.019845299422740936,1.0386439209323053,1.1332732366838514,0.916499117169265,0.0
bf16,32,128,32,32,page-cross,2,1,graph_lds_chunked(chunk=4),chunk4,0.020628200471401216,0.0593487024307251,0.020312200486660003,0.018028199672698975,0.022964200377464293,0.01799219995737076,1.1465079601313892,1.1442185490456684,1.0020008512251704,0.0
bf16,32,128,32,32,tail-negative,0,1,graph_lds_chunked(chunk=4),chunk4,0.020340199768543243,0.05950869917869568,0.019040200114250182,0.018216200172901154,0.02278819978237152,0.017952199280261993,1.1330199409554682,1.116599487021547,1.0147057688318681,0.0
bf16,32,128,32,32,tail-negative,1,1,graph_lds_chunked(chunk=4),chunk4,0.020220200717449188,0.0593205988407135,0.019164200127124786,0.01799609959125519,0.022960199415683745,0.01796009987592697,1.1258401042942734,1.1235879538738913,1.0020044273460011,0.0
bf16,32,128,32,32,tail-negative,2,1,graph_lds_chunked(chunk=4),chunk4,0.020068199932575227,0.059224700927734374,0.01894419938325882,0.018128199875354765,0.022808200120925902,0.017944200336933135,1.1183669127495435,1.1070155928641259,1.0102539837366238,0.0
bf16,32,128,64,8,random,0,1,graph_global,global,0.015272200107574463,0.030992400646209717,0.016800199449062348,0.021444199979305266,0.030920299887657165,0.01504019945859909,1.0154253704955176,1.0,1.0154253704955176,0.0
bf16,32,128,64,8,random,1,1,graph_global,global,0.015284200012683869,0.03103240132331848,0.016888199746608733,0.02154420018196106,0.03104430139064789,0.015072199702262878,1.014065651637376,1.0,1.014065651637376,0.0
bf16,32,128,64,8,random,2,1,graph_global,global,0.01530809998512268,0.031004300713539122,0.016844199597835542,0.021684299409389495,0.030964401364326478,0.015032100677490234,1.0183606611979217,1.0,1.0183606611979217,0.0
bf16,32,128,64,8,contiguous,0,1,graph_global,global,0.015276099741458892,0.031132298707962035,0.016844199597835542,0.021420300006866455,0.030916300415992738,0.015116199851036072,1.010578048186619,1.0,1.010578048186619,0.0
bf16,32,128,64,8,contiguous,1,1,graph_global,global,0.015240199863910675,0.030900400876998902,0.016880199313163757,0.021628199517726897,0.031056299805641174,0.015076200664043426,1.01087801917219,1.0,1.01087801917219,0.0
bf16,32,128,64,8,contiguous,2,1,graph_global,global,0.015316200256347657,0.031080299615859987,0.016896100342273714,0.021620200574398042,0.030916300415992738,0.015236100554466248,1.0052572311133723,1.0,1.0052572311133723,0.0
bf16,32,128,64,8,page-cross,0,1,graph_global,global,0.015236200392246246,0.031104400753974915,0.016860200464725493,0.02159619927406311,0.030996298789978026,0.015064199268817902,1.0114178736193684,1.0,1.0114178736193684,0.0
bf16,32,128,64,8,page-cross,1,1,graph_global,global,0.015352199971675872,0.031112399697303773,0.016812199354171754,0.02154020071029663,0.0309563010931015,0.015196199715137481,1.0102657414000025,1.0,1.0102657414000025,0.0
bf16,32,128,64,8,page-cross,2,1,graph_global,global,0.015268099308013917,0.03104029893875122,0.01679220050573349,0.02162030041217804,0.030968400835990905,0.015072199702262878,1.0129974130930357,1.0,1.0129974130930357,0.0
bf16,32,128,64,8,tail-negative,0,1,graph_global,global,0.015240199863910675,0.03082830011844635,0.016960200667381287,0.021348200738430023,0.031232398748397828,0.015316100418567657,0.9950443942921027,1.0,0.9950443942921027,0.0
bf16,32,128,64,8,tail-negative,1,1,graph_global,global,0.015196199715137481,0.030992400646209717,0.016744199395179748,0.021432200074195863,0.030944299697875977,0.014956200122833252,1.0160468294308143,1.0,1.0160468294308143,0.0
bf16,32,128,64,8,tail-negative,2,1,graph_global,global,0.015192100405693054,0.03082830011844635,0.016984200477600096,0.02135629951953888,0.030952298641204835,0.016092200577259064,0.9440660606208202,1.0,0.9440660606208202,0.0
bf16,32,128,64,16,random,0,1,graph_lds_chunked(chunk=2),chunk2,0.02088019996881485,0.051908600330352786,0.019732199609279633,0.022772300243377685,0.03205240070819855,0.019648200273513793,1.0627029284184273,1.0581790364108894,1.0042751669158765,0.0
bf16,32,128,64,16,random,1,1,graph_lds_chunked(chunk=2),chunk2,0.020864200592041016,0.05192859768867493,0.01958020031452179,0.022756199538707732,0.03207629919052124,0.019572199881076814,1.0660120333337368,1.0655764627988478,1.0004087651614835,0.0
bf16,32,128,64,16,random,2,1,graph_lds_chunked(chunk=2),chunk2,0.020888200402259825,0.051844602823257445,0.019564199447631835,0.022776199877262114,0.03226430118083954,0.019572199881076814,1.067238252683868,1.0676746808972168,0.9995912348385163,0.0
bf16,32,128,64,16,contiguous,0,1,graph_lds_chunked(chunk=2),chunk2,0.021048299968242645,0.051640599966049194,0.019908200204372405,0.02404620051383972,0.03220430016517639,0.019928200542926787,1.0562067519795921,1.0572678470261636,0.9989963801040992,0.0
bf16,32,128,64,16,contiguous,1,1,graph_lds_chunked(chunk=2),chunk2,0.020860199630260468,0.05168859958648682,0.01989219933748245,0.022540199756622314,0.0325203001499176,0.019916200637817384,1.0473985480268055,1.0486623060806572,0.9987948855923173,0.0
bf16,32,128,64,16,contiguous,2,1,graph_lds_chunked(chunk=2),chunk2,0.02098419964313507,0.05160059928894043,0.019876299798488616,0.022596199810504914,0.03233630061149597,0.019912199676036836,1.0538363407629106,1.055739743105037,0.9981970913242988,0.0
bf16,32,128,64,16,page-cross,0,1,graph_lds_chunked(chunk=2),chunk2,0.02114419937133789,0.05187259912490845,0.01968419998884201,0.02284429967403412,0.03212040066719055,0.019652199745178223,1.0759202351648058,1.0741711313298727,1.0016283288425072,0.0
bf16,32,128,64,16,page-cross,1,1,graph_lds_chunked(chunk=2),chunk2,0.021100200712680817,0.051916497945785525,0.01976419985294342,0.022808299958705903,0.03210040032863617,0.019696199893951417,1.0712828274636144,1.067597012258426,1.0034524405397045,0.0
bf16,32,128,64,16,page-cross,2,1,graph_lds_chunked(chunk=2),chunk2,0.02103630006313324,0.051852601766586306,0.019760200381278993,0.022752299904823303,0.03207240104675293,0.019648200273513793,1.0706476812276102,1.0645792885310634,1.005700273114387,0.0
bf16,32,128,64,16,tail-negative,0,1,graph_lds_chunked(chunk=2),chunk2,0.020708200335502625,0.05173649787902832,0.019532200694084168,0.02275629937648773,0.032032400369644165,0.019536200165748595,1.0599912040115567,1.0602082509716706,0.9997952789370248,0.0
bf16,32,128,64,16,tail-negative,1,1,graph_lds_chunked(chunk=2),chunk2,0.020676200091838837,0.051696598529815674,0.019480200111866,0.022700199484825136,0.03200429975986481,0.019540199637413026,1.0581365838376977,1.0613956721750675,0.9969294312923933,0.0
bf16,32,128,64,16,tail-negative,2,1,graph_lds_chunked(chunk=2),chunk2,0.020704199373722077,0.051720499992370605,0.019588199257850648,0.02294429987668991,0.032304400205612184,0.01958020031452179,1.0574048804989327,1.056973083701104,1.0004085220375873,0.0
bf16,32,128,64,32,random,0,1,graph_lds_chunked(chunk=4),chunk4,0.03181230127811432,0.09686110019683838,0.029636299610137938,0.027204298973083497,0.034316399693489076,0.02701219916343689,1.1777012706605072,1.1693850780565995,1.0071115945978448,0.0
bf16,32,128,64,32,random,1,1,graph_lds_chunked(chunk=4),chunk4,0.0316644012928009,0.09688910245895385,0.029692399501800536,0.027372300624847412,0.034484300017356875,0.026972299814224242,1.1739600075223178,1.156804527568914,1.0148300594824406,0.0
bf16,32,128,64,32,random,2,1,graph_lds_chunked(chunk=4),chunk4,0.031852298974990846,0.09786509871482849,0.029812300205230714,0.027444300055503846,0.03440839946269989,0.02710829973220825,1.1750017260265901,1.160616190268004,1.0123947398625073,0.0
bf16,32,128,64,32,contiguous,0,1,graph_lds_chunked(chunk=4),chunk4,0.032188400626182556,0.09812110066413879,0.030656400322914123,0.028108298778533936,0.03499239981174469,0.027340298891067503,1.177324386775413,1.1451564849155709,1.0280903983722485,0.0
bf16,32,128,64,32,contiguous,1,1,graph_lds_chunked(chunk=4),chunk4,0.032644298672676084,0.09790109992027282,0.03051230013370514,0.027916300296783447,0.03490040004253388,0.02770029902458191,1.1784818150774021,1.1693633585263232,1.0077977956847994,0.0
bf16,32,128,64,32,contiguous,2,1,graph_lds_chunked(chunk=4),chunk4,0.033156299591064455,0.09688500165939332,0.029992300271987914,0.027296298742294313,0.03445239961147308,0.02721630036830902,1.2182515309711983,1.2146811516130702,1.0029393551990058,0.0
bf16,32,128,64,32,page-cross,0,1,graph_lds_chunked(chunk=4),chunk4,0.03214829862117767,0.09683300256729126,0.029840299487113954,0.027144300937652587,0.0343964010477066,0.027124300599098206,1.1852212927564478,1.1843480034729466,1.000737358682533,0.0
bf16,32,128,64,32,page-cross,1,1,graph_lds_chunked(chunk=4),chunk4,0.03215639889240265,0.0968650996685028,0.029916399717330934,0.02738829851150513,0.03433240056037903,0.02716430127620697,1.1837741956045902,1.1740926103494367,1.008246014981963,0.0
bf16,32,128,64,32,page-cross,2,1,graph_lds_chunked(chunk=4),chunk4,0.031956300139427185,0.0966251015663147,0.030120399594306946,0.027160298824310303,0.03442429900169373,0.02736029922962189,1.167980652230199,1.1765813162123289,0.9926901236118407,0.0
bf16,32,128,64,32,tail-negative,0,1,graph_lds_chunked(chunk=4),chunk4,0.03158830106258392,0.09676100015640259,0.029436299204826356,0.027292299270629882,0.03414439857006073,0.026944300532341002,1.1723555794172043,1.1574071040829128,1.01291548607362,0.0
bf16,32,128,64,32,tail-negative,1,1,graph_lds_chunked(chunk=4),chunk4,0.03151240050792694,0.0968330979347229,0.02942030131816864,0.027256301045417784,0.034280401468276975,0.02719630002975464,1.1587017525711287,1.1561510292763908,1.0022062198018664,0.0
bf16,32,128,64,32,tail-negative,2,1,graph_lds_chunked(chunk=4),chunk4,0.0315322995185852,0.09678099751472473,0.0293163001537323,0.027268299460411073,0.03415639996528626,0.027020299434661867,1.1669855693062863,1.1563720562906656,1.0091782856199984,0.0
bf16,32,128,128,8,random,0,1,graph_global,global,0.023016299307346343,0.05069249868392944,0.025932300090789794,0.03410840034484863,0.05045250058174133,0.022720299661159515,1.0130279816112127,1.0,1.0130279816112127,0.0
bf16,32,128,128,8,random,1,1,graph_global,global,0.022968299686908722,0.05043259859085083,0.025980299711227416,0.03416840136051178,0.050364500284194945,0.022640199959278108,1.0144919094451794,1.0,1.0144919094451794,0.0
bf16,32,128,128,8,random,2,1,graph_global,global,0.022988200187683105,0.0505046010017395,0.02599630057811737,0.034188300371170044,0.05037260055541992,0.022812199592590333,1.0077151961773094,1.0,1.0077151961773094,0.0
bf16,32,128,128,8,contiguous,0,1,graph_global,global,0.022968299686908722,0.05055660009384155,0.026356300711631774,0.03428030014038086,0.05080059766769409,0.023060299456119537,0.9960104694483314,1.0,0.9960104694483314,0.0
bf16,32,128,128,8,contiguous,1,1,graph_global,global,0.02297230064868927,0.05054050087928772,0.026336300373077392,0.03428440093994141,0.05064859986305237,0.02307630032300949,0.9954932258263027,1.0,0.9954932258263027,0.0
bf16,32,128,128,8,contiguous,2,1,graph_global,global,0.02300020009279251,0.050628602504730225,0.02634429931640625,0.03424440026283264,0.05071250200271606,0.023184199631214143,0.9920635803112262,1.0,0.9920635803112262,0.0
bf16,32,128,128,8,page-cross,0,1,graph_global,global,0.02308019995689392,0.050824600458145144,0.02618829905986786,0.03448030054569244,0.050840598344802854,0.0230322003364563,1.0020840223572407,1.0,1.0020840223572407,0.0
bf16,32,128,128,8,page-cross,1,1,graph_global,global,0.023172299563884734,0.05079249739646911,0.026156300306320192,0.03448840081691742,0.050728601217269895,0.02305629998445511,1.005031144611574,1.0,1.005031144611574,0.0
bf16,32,128,128,8,page-cross,2,1,graph_global,global,0.022964300215244295,0.05061650276184082,0.026356300711631774,0.03430440127849579,0.050840598344802854,0.023200300335884095,0.989827712692375,1.0,0.989827712692375,0.0
bf16,32,128,128,8,tail-negative,0,1,graph_global,global,0.022892199456691742,0.05056859850883484,0.025884300470352173,0.034084299206733705,0.05039659738540649,0.02262420058250427,1.011845672655268,1.0,1.011845672655268,0.0
bf16,32,128,128,8,tail-negative,1,1,graph_global,global,0.02289620041847229,0.050288498401641846,0.026108300685882567,0.03389239907264709,0.050628602504730225,0.022620299458503725,1.012197051611748,1.0,1.012197051611748,0.0
bf16,32,128,128,8,tail-negative,2,1,graph_global,global,0.02278829962015152,0.05046049952507019,0.025932198762893675,0.034048399329185484,0.05036849975585937,0.02265630066394806,1.0058261477970896,1.0,1.0058261477970896,0.0
bf16,32,128,128,16,random,0,1,graph_global,global,0.03362439870834351,0.08699700236320496,0.04451650083065033,0.036420398950576784,0.05298060178756714,0.03340429961681366,1.006588944957824,1.0,1.006588944957824,0.0
bf16,32,128,128,16,random,1,1,graph_global,global,0.03410040140151978,0.08641690015792847,0.045588499307632445,0.03655239939689636,0.053648602962493894,0.03422439992427826,0.9963768970958489,1.0,0.9963768970958489,0.0
bf16,32,128,128,16,random,2,1,graph_global,global,0.03413639962673187,0.08677690029144287,0.04454450011253357,0.03631240129470825,0.05315650105476379,0.03335640132427216,1.0233837665783252,1.0,1.0233837665783252,0.0
bf16,32,128,128,16,contiguous,0,1,graph_global,global,0.0348004013299942,0.0871969997882843,0.04548450112342835,0.03639639914035797,0.053268599510192874,0.03501240015029907,0.9939450360616577,1.0,0.9939450360616577,0.0
bf16,32,128,128,16,contiguous,1,1,graph_global,global,0.03462840020656586,0.0868848979473114,0.04535250067710876,0.0364683985710144,0.05343660116195679,0.034576401114463806,1.0015038896595951,1.0,1.0015038896595951,0.0
bf16,32,128,128,16,contiguous,2,1,graph_global,global,0.03442429900169373,0.0868848979473114,0.04549649953842163,0.036420398950576784,0.05354459881782532,0.03487240076065064,0.9871502463500437,1.0,0.9871502463500437,0.0
bf16,32,128,128,16,page-cross,0,1,graph_global,global,0.03406830132007599,0.08699690103530884,0.04567649960517883,0.0364683985710144,0.05352060198783874,0.0348004013299942,0.978962886003064,1.0,0.978962886003064,0.0
bf16,32,128,128,16,page-cross,1,1,graph_global,global,0.03422040045261383,0.0871969997882843,0.04558050036430359,0.036420398950576784,0.05332059860229492,0.03441640138626099,0.9943050137215858,1.0,0.9943050137215858,0.0
bf16,32,128,128,16,page-cross,2,1,graph_global,global,0.03490839898586273,0.08725699782371521,0.04527649879455566,0.03668839931488037,0.0533765971660614,0.03433629870414734,1.016661675932074,1.0,1.016661675932074,0.0
bf16,32,128,128,16,tail-negative,0,1,graph_global,global,0.03370830118656158,0.08657699823379517,0.04448849856853485,0.03625639975070953,0.05329260230064392,0.03402439951896667,0.9907096572790687,1.0,0.9907096572790687,0.0
bf16,32,128,128,16,tail-negative,1,1,graph_global,global,0.033460301160812375,0.08668500185012817,0.04464850127696991,0.036204400658607486,0.05329260230064392,0.0341403990983963,0.980079379399643,1.0,0.980079379399643,0.0
bf16,32,128,128,16,tail-negative,2,1,graph_global,global,0.033616301417350766,0.08659690022468566,0.0445805013179779,0.03631640076637268,0.053340601921081546,0.03445639908313751,0.9756185298481211,1.0,0.9756185298481211,0.0
bf16,32,128,128,32,random,0,1,graph_global,global,0.054156601428985596,0.1631497025489807,0.07968090176582336,0.06540470123291016,0.05783259868621826,0.054084599018096924,1.0013312923123379,1.0,1.0013312923123379,0.0
bf16,32,128,128,32,random,1,1,graph_global,global,0.05555260181427002,0.16484179496765136,0.0811847984790802,0.06590870022773743,0.05690860152244568,0.05540059804916382,1.0027437206539054,1.0,1.0027437206539054,0.0
bf16,32,128,128,32,random,2,1,graph_global,global,0.05475659966468811,0.16284580230712892,0.08077690005302429,0.06523270010948182,0.057384598255157473,0.054080599546432497,1.0124998636095965,1.0,1.0124998636095965,0.0
bf16,32,128,128,32,contiguous,0,1,graph_global,global,0.055376702547073366,0.16265380382537842,0.0816448986530304,0.06570879817008972,0.057340598106384276,0.0556086003780365,0.9958298207581803,1.0,0.9958298207581803,0.0
bf16,32,128,128,32,contiguous,1,1,graph_global,global,0.055280601978302,0.1625018000602722,0.08144490122795105,0.06574869751930237,0.056900697946548465,0.055372601747512816,0.9983385326622304,1.0,0.9983385326622304,0.0
bf16,32,128,128,32,contiguous,2,1,graph_global,global,0.05500860214233398,0.1625777006149292,0.08114889860153199,0.06546069979667664,0.05719659924507141,0.05522059798240662,0.9961609282076196,1.0,0.9961609282076196,0.0
bf16,32,128,128,32,page-cross,0,1,graph_global,global,0.05518460273742676,0.16256179809570312,0.08090890049934388,0.0660086989402771,0.05707259774208069,0.05533660054206848,0.9972532139099117,1.0,0.9972532139099117,0.0
bf16,32,128,128,32,page-cross,1,1,graph_global,global,0.05528860092163086,0.16255780458450317,0.08102890253067016,0.06563270092010498,0.05699669718742371,0.05504459738731384,1.0044328334822785,1.0,1.0044328334822785,0.0
bf16,32,128,128,32,page-cross,2,1,graph_global,global,0.055308598279953006,0.16319379806518555,0.0810329020023346,0.06572870016098023,0.0570127010345459,0.05512869954109192,1.0032632501829106,1.0,1.0032632501829106,0.0
bf16,32,128,128,32,tail-negative,0,1,graph_global,global,0.05401260256767273,0.16241379976272582,0.07904080152511597,0.06482070088386535,0.05686860084533692,0.05376049876213074,1.004689387400542,1.0,1.004689387400542,0.0
bf16,32,128,128,32,tail-negative,1,1,graph_global,global,0.05384860038757324,0.16292580366134643,0.07879279851913452,0.06490870118141175,0.05671659708023071,0.05368859767913818,1.0029801990618434,1.0,1.0029801990618434,0.0
bf16,32,128,128,32,tail-negative,2,1,graph_global,global,0.054256600141525266,0.16314979791641235,0.07939289808273316,0.0650967001914978,0.05686860084533692,0.053788602352142334,1.0087006869284139,1.0,1.0087006869284139,0.0
bf16,32,256,32,8,random,0,1,graph_global,global,0.015020200610160827,0.030760300159454346,0.016628199815750123,0.021432200074195863,0.030820399522781372,0.014788100123405456,1.0156950848870723,1.0,1.0156950848870723,0.0
bf16,32,256,32,8,random,1,1,graph_global,global,0.015088200569152832,0.030884400010108948,0.016648200154304505,0.02115219980478287,0.03104029893875122,0.01490820050239563,1.012073896291392,1.0,1.012073896291392,0.0
bf16,32,256,32,8,random,2,1,graph_global,global,0.015104100108146667,0.030736300349235534,0.0168722003698349,0.021220199763774872,0.03106839954853058,0.01502009928226471,1.0055925612942613,1.0,1.0055925612942613,0.0
bf16,32,256,32,8,contiguous,0,1,graph_global,global,0.014992199838161469,0.03093630075454712,0.016788099706172944,0.021372200548648836,0.03130829930305481,0.015168100595474243,0.9884032442819335,1.0,0.9884032442819335,0.0
bf16,32,256,32,8,contiguous,1,1,graph_global,global,0.014984199404716491,0.03102029860019684,0.016864100098609926,0.02143619954586029,0.031272301077842714,0.015184099972248077,0.9868348754356898,1.0,0.9868348754356898,0.0
bf16,32,256,32,8,contiguous,2,1,graph_global,global,0.015000200271606446,0.030940398573875427,0.01674019992351532,0.021344199776649475,0.03134030103683472,0.015132200717926026,0.9912768506854915,1.0,0.9912768506854915,0.0
bf16,32,256,32,8,page-cross,0,1,graph_global,global,0.015100200474262238,0.03087629973888397,0.01676409989595413,0.021500200033187866,0.030836299061775208,0.014848099648952484,1.0169786593079297,1.0,1.0169786593079297,0.0
bf16,32,256,32,8,page-cross,1,1,graph_global,global,0.0151201993227005,0.030872300267219543,0.016680100560188295,0.021444199979305266,0.030788299441337586,0.014868199825286865,1.0169488909467743,1.0,1.0169488909467743,0.0
bf16,32,256,32,8,page-cross,2,1,graph_global,global,0.01509619951248169,0.030936399102211,0.01672019958496094,0.021424199640750884,0.030840298533439635,0.014896200597286224,1.0134261695718505,1.0,1.0134261695718505,0.0
bf16,32,256,32,8,tail-negative,0,1,graph_global,global,0.01501619964838028,0.030940300226211546,0.0166361004114151,0.021420200169086457,0.030812299251556395,0.014836199581623077,1.0121324915971177,1.0,1.0121324915971177,0.0
bf16,32,256,32,8,tail-negative,1,1,graph_global,global,0.015080200135707855,0.030948299169540405,0.016708199679851533,0.02138019949197769,0.03085240125656128,0.014820100367069244,1.0175504728170777,1.0,1.0175504728170777,0.0
bf16,32,256,32,8,tail-negative,2,1,graph_global,global,0.014840200543403625,0.030684301257133485,0.016860200464725493,0.021188199520111084,0.03109239935874939,0.014804099500179291,1.0024385842059422,1.0,1.0024385842059422,0.0
bf16,32,256,32,16,random,0,1,graph_lds_chunked(chunk=2),chunk2,0.0205362007021904,0.051548498868942264,0.019432200491428374,0.0226282998919487,0.031920400261878965,0.019400200247764586,1.0585561200357565,1.0568129281729572,1.0016494800700562,0.0
bf16,32,256,32,16,random,1,1,graph_lds_chunked(chunk=2),chunk2,0.020588299632072447,0.05146849751472473,0.01944819986820221,0.022628200054168702,0.03205229938030243,0.01934420019388199,1.0643138214928074,1.058622380045276,1.0053762716099843,0.0
bf16,32,256,32,16,random,2,1,graph_lds_chunked(chunk=2),chunk2,0.020540200173854828,0.05153660178184509,0.019416199624538423,0.02260420024394989,0.03179239928722381,0.01944819986820221,1.0561491712884974,1.0578898327711814,0.9983545909708534,0.0
bf16,32,256,32,16,contiguous,0,1,graph_lds_chunked(chunk=2),chunk2,0.020764200389385222,0.05208050012588501,0.019540199637413026,0.022420300543308257,0.03212040066719055,0.01968419998884201,1.05486635988028,1.0626401354481885,0.9926844702090707,0.0
bf16,32,256,32,16,contiguous,1,1,graph_lds_chunked(chunk=2),chunk2,0.020584200322628022,0.051452499628067014,0.019752199947834014,0.02231229990720749,0.03245640099048615,0.019704200327396393,1.0446605282432138,1.0421219093058667,1.0024360095634475,0.0
bf16,32,256,32,16,contiguous,2,1,graph_lds_chunked(chunk=2),chunk2,0.020544199645519255,0.05151249766349793,0.019740200042724608,0.022272300720214844,0.03257240056991577,0.019804200530052184,1.0373657656285669,1.040729050417651,0.9967683377458001,0.0
bf16,32,256,32,16,page-cross,0,1,graph_lds_chunked(chunk=2),chunk2,0.021060200035572053,0.05154860019683838,0.019460199773311614,0.02263219952583313,0.03190830051898956,0.01944029927253723,1.0833269457596886,1.0822191077634638,1.0010236725523303,0.0
bf16,32,256,32,16,page-cross,1,1,graph_lds_chunked(chunk=2),chunk2,0.02104029953479767,0.05112460255622864,0.01936420053243637,0.022532300651073457,0.03191640079021454,0.01944420039653778,1.0820861288049721,1.0865565815409584,0.9958856696356795,0.0
bf16,32,256,32,16,page-cross,2,1,graph_lds_chunked(chunk=2),chunk2,0.021084199845790862,0.05138850212097168,0.019388200342655183,0.02265219986438751,0.03196440041065216,0.019368200004100798,1.0885988290768753,1.0874758602222807,1.0010326379606855,0.0
bf16,32,256,32,16,tail-negative,0,1,graph_lds_chunked(chunk=2),chunk2,0.020404300093650816,0.05149649977684021,0.019376200437545777,0.022620299458503725,0.0319564014673233,0.019408200681209565,1.0513236352407282,1.0530599205669273,0.99835119987734,0.0
bf16,32,256,32,16,tail-negative,1,1,graph_lds_chunked(chunk=2),chunk2,0.020440199971199037,0.051268601417541505,0.01937219947576523,0.022508199512958526,0.03186430037021637,0.0193121999502182,1.0584086755464692,1.0551305749649071,1.003106819818648,0.0
bf16,32,256,32,16,tail-negative,2,1,graph_lds_chunked(chunk=2),chunk2,0.0205363005399704,0.051484602689743045,0.019408200681209565,0.022592300176620485,0.031848400831222534,0.019404199719429017,1.0583430822662494,1.0581249069550804,1.0002061905071273,0.0
bf16,32,256,32,32,random,0,1,graph_lds_chunked(chunk=4),chunk4,0.03142029941082001,0.09643309712409973,0.02918429970741272,0.02690429985523224,0.03393230140209198,0.02687230110168457,1.169244840325577,1.1678541935633948,1.0011907708769183,0.0
bf16,32,256,32,32,random,1,1,graph_lds_chunked(chunk=4),chunk4,0.03152430057525635,0.0964451014995575,0.02920829951763153,0.0269802987575531,0.033952298760414126,0.02690429985523224,1.1717197899548994,1.1684192550473949,1.002824786473902,0.0
bf16,32,256,32,32,random,2,1,graph_lds_chunked(chunk=4),chunk4,0.03164040148258209,0.09651309847831727,0.02934429943561554,0.02698430120944977,0.034364399313926694,0.027052301168441772,1.1696011102927033,1.1725484842832166,0.9974863521380825,0.0
bf16,32,256,32,32,contiguous,0,1,graph_lds_chunked(chunk=4),chunk4,0.03150840103626251,0.09638500213623047,0.029508298635482787,0.027044299244880676,0.03413630127906799,0.02722029983997345,1.1575332094612683,1.16506627703533,0.9935342154154263,0.0
bf16,32,256,32,32,contiguous,1,1,graph_lds_chunked(chunk=4),chunk4,0.03230040073394776,0.09655709862709046,0.029348298907279968,0.027172300219535827,0.033964401483535765,0.02692829966545105,1.1994964827054826,1.188725300139479,1.0090611199784674,0.0
bf16,32,256,32,32,contiguous,2,1,graph_lds_chunked(chunk=4),chunk4,0.03153629899024964,0.09655309915542602,0.02934029996395111,0.02730030119419098,0.033844301104545595,0.026988300681114196,1.1685174017761715,1.155163042558666,1.0115605838531032,0.0
bf16,32,256,32,32,page-cross,0,1,graph_lds_chunked(chunk=4),chunk4,0.03230830132961273,0.09618099927902221,0.02955229878425598,0.026868298649787903,0.034236401319503784,0.02674030065536499,1.208225058723512,1.2024691905777878,1.004786707377474,0.0
bf16,32,256,32,32,page-cross,1,1,graph_lds_chunked(chunk=4),chunk4,0.032084301114082336,0.09636110067367554,0.02976439893245697,0.02681629955768585,0.034056299924850465,0.026832300424575805,1.1957342682663243,1.1964477442185575,0.9994036714468469,0.0
bf16,32,256,32,32,page-cross,2,1,graph_lds_chunked(chunk=4),chunk4,0.031396299600601196,0.0964330017566681,0.029352301359176637,0.026880300045013426,0.03427639901638031,0.02682029902935028,1.1706170600947907,1.1680040605211002,1.002237149391865,0.0
bf16,32,256,32,32,tail-negative,0,1,graph_lds_chunked(chunk=4),chunk4,0.0312483012676239,0.09637309908866883,0.028980299830436707,0.026992300152778627,0.034048399329185484,0.02676030099391937,1.1677111283137032,1.1576746364984074,1.0086695272565123,0.0
bf16,32,256,32,32,tail-negative,1,1,graph_lds_chunked(chunk=4),chunk4,0.031244298815727232,0.09702100157737732,0.029136300086975098,0.02706030011177063,0.03415240049362182,0.027316299080848695,1.1437969222423852,1.154617601677546,0.9906283436009988,0.0
bf16,32,256,32,32,tail-negative,2,1,graph_lds_chunked(chunk=4),chunk4,0.031232300400733947,0.09642900228500366,0.0290242999792099,0.026824301481246947,0.03419229984283447,0.026936298608779906,1.1594874579595638,1.1643285631340172,0.9958421485758087,0.0
bf16,32,256,64,8,random,0,1,graph_global,global,0.022776199877262114,0.05072460174560547,0.025772300362586976,0.03415229916572571,0.05060459971427918,0.02261220067739487,1.0072526863796674,1.0,1.0072526863796674,0.0
bf16,32,256,64,8,random,1,1,graph_global,global,0.022908300161361694,0.05057650208473206,0.02570819854736328,0.033992400765419005,0.05048450231552124,0.022536300122737885,1.016506704143884,1.0,1.016506704143884,0.0
bf16,32,256,64,8,random,2,1,graph_global,global,0.022872200608253478,0.05027250051498413,0.025912299752235413,0.033836400508880614,0.05052859783172607,0.02260819971561432,1.0116772187064866,1.0,1.0116772187064866,0.0
bf16,32,256,64,8,contiguous,0,1,graph_global,global,0.02281229943037033,0.05063260197639465,0.026008298993110655,0.034188398718833925,0.050708502531051636,0.022704200446605684,1.004761188750904,1.0,1.004761188750904,0.0
bf16,32,256,64,8,contiguous,1,1,graph_global,global,0.022768299281597137,0.05075650215148926,0.025636199116706847,0.034392398595809934,0.050680500268936154,0.02260030061006546,1.0074334706617512,1.0,1.0074334706617512,0.0
bf16,32,256,64,8,contiguous,2,1,graph_global,global,0.022616200149059296,0.05073260068893433,0.025956299901008607,0.03415639996528626,0.05071660280227661,0.022820299863815306,0.9910562211726395,1.0,0.9910562211726395,0.0
bf16,32,256,64,8,page-cross,0,1,graph_global,global,0.02266020029783249,0.050252598524093625,0.02562829852104187,0.03395240008831024,0.050236600637435916,0.022536200284957886,1.0055022590901168,1.0,1.0055022590901168,0.0
bf16,32,256,64,8,page-cross,1,1,graph_global,global,0.022632299363613127,0.05011259913444519,0.025908300280570985,0.033732399344444275,0.05026460289955139,0.022744199633598326,0.9950800524182923,1.0,0.9950800524182923,0.0
bf16,32,256,64,8,page-cross,2,1,graph_global,global,0.022624300420284273,0.05027660131454468,0.02557229995727539,0.03396430015563965,0.05013660192489624,0.022520199418067932,1.004622561296363,1.0,1.004622561296363,0.0
bf16,32,256,64,8,tail-negative,0,1,graph_global,global,0.022696200013160705,0.05046060085296631,0.025728300213813782,0.034000301361083986,0.05042060017585755,0.022484199702739717,1.0094288572964043,1.0,1.0094288572964043,0.0
bf16,32,256,64,8,tail-negative,1,1,graph_global,global,0.02268020063638687,0.05057259798049927,0.025744301080703736,0.03399229943752289,0.050392597913742065,0.0225722000002861,1.0047846747813416,1.0,1.0047846747813416,0.0
bf16,32,256,64,8,tail-negative,2,1,graph_global,global,0.02282419949769974,0.050596600770950316,0.025648298859596252,0.034000301361083986,0.05040860176086426,0.022488200664520265,1.0149411168190785,1.0,1.0149411168190785,0.0
bf16,32,256,64,16,random,0,1,graph_global,global,0.033688300848007204,0.08657690286636352,0.04427649974822998,0.03601239919662476,0.052984601259231566,0.03305639922618866,1.0191158636938873,1.0,1.0191158636938873,0.0
bf16,32,256,64,16,random,1,1,graph_global,global,0.03443639874458313,0.08762500286102295,0.04483650028705597,0.036724400520324704,0.05373259782791138,0.03328030109405518,1.0347381968468568,1.0,1.0347381968468568,0.0
bf16,32,256,64,16,random,2,1,graph_global,global,0.03408040106296539,0.08811699748039245,0.04452050030231476,0.036444398760795596,0.05307250022888184,0.03354029953479767,1.0161030621568354,1.0,1.0161030621568354,0.0
bf16,32,256,64,16,contiguous,0,1,graph_global,global,0.03323639929294586,0.08726900219917297,0.044548499584198,0.03591240048408508,0.053484600782394406,0.03403240144252777,0.9766104619174126,1.0,0.9766104619174126,0.0
bf16,32,256,64,16,contiguous,1,1,graph_global,global,0.03418039977550506,0.08726490139961243,0.04436450004577637,0.03614040017127991,0.053196501731872556,0.033260399103164674,1.0276605421807117,1.0,1.0276605421807117,0.0
bf16,32,256,64,16,contiguous,2,1,graph_global,global,0.033920401334762575,0.08698890209197999,0.04450849890708923,0.03594439923763275,0.05330460071563721,0.03463639914989471,0.9793281682650226,1.0,0.9793281682650226,0.0
bf16,32,256,64,16,page-cross,0,1,graph_global,global,0.034552401304244994,0.08656899929046631,0.04388050138950348,0.03616040050983429,0.05269259810447693,0.034176400303840636,1.011001773067426,1.0,1.011001773067426,0.0
bf16,32,256,64,16,page-cross,1,1,graph_global,global,0.034664401412010194,0.08654890060424805,0.043488499522209165,0.03608039915561676,0.05266450047492981,0.0342604011297226,1.0117920476400117,1.0,1.0117920476400117,0.0
bf16,32,256,64,16,page-cross,2,1,graph_global,global,0.03449639976024628,0.08672490119934081,0.04361250102519989,0.036036399006843564,0.05255249738693237,0.034264400601387024,1.006770851227144,1.0,1.006770851227144,0.0
bf16,32,256,64,16,tail-negative,0,1,graph_global,global,0.03281629979610443,0.08676900267601013,0.04406839907169342,0.0360044002532959,0.053116601705551145,0.03346830010414124,0.9805188699154718,1.0,0.9805188699154718,0.0
bf16,32,256,64,16,tail-negative,1,1,graph_global,global,0.03313640058040619,0.08700900077819824,0.04396849870681763,0.03627240061759949,0.05280460119247436,0.033312299847602846,0.9947196900844025,1.0,0.9947196900844025,0.0
bf16,32,256,64,16,tail-negative,2,1,graph_global,global,0.03305639922618866,0.08668090105056762,0.044020500779151914,0.03594439923763275,0.052948498725891115,0.033632400631904605,0.9828736160698105,1.0,0.9828736160698105,0.0
bf16,32,256,64,32,random,0,1,graph_global,global,0.05426459908485413,0.1625298023223877,0.07844489812850952,0.06421269774436951,0.05684859752655029,0.054268598556518555,0.9999263022858373,1.0,0.9999263022858373,0.0
bf16,32,256,64,32,random,1,1,graph_global,global,0.05422859787940979,0.1638898015022278,0.0800449013710022,0.06526470184326172,0.05660859942436218,0.053888601064682004,1.0063092529405187,1.0,1.0063092529405187,0.0
bf16,32,256,64,32,random,2,1,graph_global,global,0.05481659770011902,0.1632017970085144,0.07884889841079712,0.06504080295562745,0.05672860145568848,0.054312598705291745,1.0092795963890817,1.0,1.0092795963890817,0.0
bf16,32,256,64,32,contiguous,0,1,graph_global,global,0.054244601726531984,0.1627737045288086,0.07982890009880066,0.06486070156097412,0.056580597162246705,0.05437660217285156,0.9975724771124909,1.0,0.9975724771124909,0.0
bf16,32,256,64,32,contiguous,1,1,graph_global,global,0.054352599382400515,0.1635017991065979,0.07999690175056458,0.06497669816017151,0.05646070241928101,0.05478060245513916,0.992186959369621,1.0,0.992186959369621,0.0
bf16,32,256,64,32,contiguous,2,1,graph_global,global,0.05462859869003296,0.16427379846572876,0.08049280047416688,0.06468870043754578,0.05662059783935547,0.054928600788116455,0.9945383262311609,1.0,0.9945383262311609,0.0
bf16,32,256,64,32,page-cross,0,1,graph_global,global,0.054080599546432497,0.16232579946517944,0.07850080132484435,0.06429669857025147,0.05640860199928284,0.05368859767913818,1.0073013988861668,1.0,1.0073013988861668,0.0
bf16,32,256,64,32,page-cross,1,1,graph_global,global,0.05443660020828247,0.1626937985420227,0.07930489778518676,0.06407269835472107,0.05632060170173645,0.05412459969520569,1.0057644862933632,1.0,1.0057644862933632,0.0
bf16,32,256,64,32,page-cross,2,1,graph_global,global,0.05432059764862061,0.16260579824447632,0.07867280244827271,0.06416869759559632,0.05635660290718079,0.053824597597122194,1.00921511861939,1.0,1.00921511861939,0.0
bf16,32,256,64,32,tail-negative,0,1,graph_global,global,0.05328459739685058,0.16357380151748657,0.0787409007549286,0.06447669863700867,0.056716698408126834,0.05343660116195679,0.9971554372508553,1.0,0.9971554372508553,0.0
bf16,32,256,64,32,tail-negative,1,1,graph_global,global,0.053628599643707274,0.16296980381011963,0.07800080180168152,0.06453269720077515,0.05648859739303589,0.053420597314834596,1.0038936728402121,1.0,1.0038936728402121,0.0
bf16,32,256,64,32,tail-negative,2,1,graph_global,global,0.05356850028038025,0.1625938057899475,0.07785680294036865,0.06446070075035096,0.05651260018348694,0.05334050059318542,1.004274419712213,1.0,1.004274419712213,0.0
bf16,32,256,128,8,random,0,0,graph_global,global,0.03772839903831482,,,,,0.03758440017700195,1.0038313465329953,1.0,1.0038313465329953,0.0
bf16,32,256,128,8,random,1,0,graph_global,global,0.037868401408195494,,,,,0.037636399269104004,1.0061643022073565,1.0,1.0061643022073565,0.0
bf16,32,256,128,8,random,2,0,graph_global,global,0.037896400690078734,,,,,0.03768840134143829,1.0055189220353518,1.0,1.0055189220353518,0.0
bf16,32,256,128,8,contiguous,0,0,graph_global,global,0.038156500458717345,,,,,0.037868401408195494,1.0076079010417245,1.0,1.0076079010417245,0.0
bf16,32,256,128,8,contiguous,1,0,graph_global,global,0.037924399971961974,,,,,0.0380403995513916,0.9969506214236021,1.0,0.9969506214236021,0.0
bf16,32,256,128,8,contiguous,2,0,graph_global,global,0.03785640001296997,,,,,0.03806039988994599,0.9946401015867964,1.0,0.9946401015867964,0.0
bf16,32,256,128,8,page-cross,0,0,graph_global,global,0.037848401069641116,,,,,0.037692400813102725,1.0041387720912742,1.0,1.0041387720912742,0.0
bf16,32,256,128,8,page-cross,1,0,graph_global,global,0.037720400094985965,,,,,0.03768439888954163,1.0009553344754114,1.0,1.0009553344754114,0.0
bf16,32,256,128,8,page-cross,2,0,graph_global,global,0.03774450123310089,,,,,0.0377564013004303,0.999684819873729,1.0,0.999684819873729,0.0
bf16,32,256,128,8,tail-negative,0,0,graph_global,global,0.03778850138187408,,,,,0.03761239945888519,1.0046820177793068,1.0,1.0046820177793068,0.0
bf16,32,256,128,8,tail-negative,1,0,graph_global,global,0.0377564013004303,,,,,0.03766050040721893,1.0025464582831987,1.0,1.0025464582831987,0.0
bf16,32,256,128,8,tail-negative,2,0,graph_global,global,0.03783240020275116,,,,,0.03750039935112,1.0088532617618977,1.0,1.0088532617618977,0.0
bf16,32,256,128,16,random,0,0,graph_global,global,0.05822460055351257,,,,,0.057920700311660765,1.0052468330012685,1.0,1.0052468330012685,0.0
bf16,32,256,128,16,random,1,0,graph_global,global,0.05864059925079346,,,,,0.058532601594924925,1.001845085523721,1.0,1.001845085523721,0.0
bf16,32,256,128,16,random,2,0,graph_global,global,0.059352701902389525,,,,,0.059288698434829715,1.0010795222234499,1.0,1.0010795222234499,0.0
bf16,32,256,128,16,contiguous,0,0,graph_global,global,0.06080459952354431,,,,,0.0615805983543396,0.9873986474387577,1.0,0.9873986474387577,0.0
bf16,32,256,128,16,contiguous,1,0,graph_global,global,0.0612525999546051,,,,,0.06138460040092468,0.9978496162643816,1.0,0.9978496162643816,0.0
bf16,32,256,128,16,contiguous,2,0,graph_global,global,0.06082469820976257,,,,,0.0613726019859314,0.9910725020866082,1.0,0.9910725020866082,0.0
bf16,32,256,128,16,page-cross,0,0,graph_global,global,0.0617447018623352,,,,,0.06090070009231567,1.0138586546417392,1.0,1.0138586546417392,0.0
bf16,32,256,128,16,page-cross,1,0,graph_global,global,0.0609686017036438,,,,,0.06050860285758972,1.0076022057084462,1.0,1.0076022057084462,0.0
bf16,32,256,128,16,page-cross,2,0,graph_global,global,0.06086869835853577,,,,,0.06064069867134094,1.0037598459811707,1.0,1.0037598459811707,0.0
bf16,32,256,128,16,tail-negative,0,0,graph_global,global,0.05956869721412659,,,,,0.059136700630187986,1.00730505049039,1.0,1.00730505049039,0.0
bf16,32,256,128,16,tail-negative,1,0,graph_global,global,0.05981670022010803,,,,,0.06008059978485107,0.9956075743969257,1.0,0.9956075743969257,0.0
bf16,32,256,128,16,tail-negative,2,0,graph_global,global,0.05974869728088379,,,,,0.05938469767570496,1.006129518536351,1.0,1.006129518536351,0.0
bf16,32,256,128,32,random,0,0,graph_global,global,0.10444109439849854,,,,,0.10428910255432129,1.0014574086884875,1.0,1.0014574086884875,0.0
bf16,32,256,128,32,random,1,0,graph_global,global,0.10478919744491577,,,,,0.10477709770202637,1.0001154807983308,1.0,1.0001154807983308,0.0
bf16,32,256,128,32,random,2,0,graph_global,global,0.1062772035598755,,,,,0.1059332013130188,1.003247350619002,1.0,1.003247350619002,0.0
bf16,32,256,128,32,contiguous,0,0,graph_global,global,0.10599709749221801,,,,,0.10871709585189819,0.9749809508949214,1.0,0.9749809508949214,0.0
bf16,32,256,128,32,contiguous,1,0,graph_global,global,0.10966919660568238,,,,,0.10923320055007935,1.0039914243417516,1.0,1.0039914243417516,0.0
bf16,32,256,128,32,contiguous,2,0,graph_global,global,0.10650520324707032,,,,,0.10553719997406005,1.009172152314522,1.0,1.009172152314522,0.0
bf16,32,256,128,32,page-cross,0,0,graph_global,global,0.10400509834289551,,,,,0.10609710216522217,0.9802821775559069,1.0,0.9802821775559069,0.0
bf16,32,256,128,32,page-cross,1,0,graph_global,global,0.10594520568847657,,,,,0.10893319845199585,0.9725704119039889,1.0,0.9725704119039889,0.0
bf16,32,256,128,32,page-cross,2,0,graph_global,global,0.1077610969543457,,,,,0.1074450969696045,1.0029410368053424,1.0,1.0029410368053424,0.0
bf16,32,256,128,32,tail-negative,0,0,graph_global,global,0.10658110380172729,,,,,0.10494509935379029,1.0155891457343968,1.0,1.0155891457343968,0.0
bf16,32,256,128,32,tail-negative,1,0,graph_global,global,0.10679709911346436,,,,,0.10687309503555298,0.9992889143702319,1.0,0.9992889143702319,0.0
bf16,32,256,128,32,tail-negative,2,0,graph_global,global,0.1078611969947815,,,,,0.10726920366287232,1.005518763183604,1.0,1.005518763183604,0.0
bf16,128,64,32,8,random,0,1,graph_lds_chunked(chunk=4),chunk4,0.01530819982290268,0.017632199823856352,0.014780099689960479,0.01411609947681427,0.017488199472427367,0.013976199924945832,1.095304868641682,1.0844496985903533,1.010009841918384,0.0
bf16,128,64,32,8,random,1,1,graph_lds_chunked(chunk=4),chunk4,0.01528020054101944,0.017356100678443908,0.01454010009765625,0.01400420069694519,0.01726820021867752,0.013840100169181824,1.1040527419768487,1.0911155068173644,1.0118568887332748,0.0
bf16,128,64,32,8,random,2,1,graph_lds_chunked(chunk=4),chunk4,0.015136200189590453,0.01721220016479492,0.014288200438022614,0.013700099289417266,0.01682019978761673,0.013720199465751648,1.1032055494071662,1.1048241235216822,0.9985349938691084,0.0
bf16,128,64,32,8,contiguous,0,1,graph_lds_chunked(chunk=4),chunk4,0.014856100082397461,0.01692419946193695,0.014124199748039246,0.013676099479198456,0.016904200613498687,0.013456200063228608,1.104033829208167,1.0862819552456315,1.0163418658266505,0.0
bf16,128,64,32,8,contiguous,1,1,graph_lds_chunked(chunk=4),chunk4,0.014592200517654419,0.016756199300289154,0.014312100410461426,0.013624100387096405,0.017040200531482697,0.013716199994087219,1.063866123557897,1.0710579123062625,0.993285340908523,0.0
bf16,128,64,32,8,contiguous,2,1,graph_lds_chunked(chunk=4),chunk4,0.014620199799537659,0.018440200388431548,0.014136099815368652,0.013648200035095214,0.01684820055961609,0.013676099479198456,1.0690328643613036,1.0712181651751167,0.9979599852907126,0.0
bf16,128,64,32,8,page-cross,0,1,graph_lds_chunked(chunk=4),chunk4,0.014464199542999268,0.016708199679851533,0.014372099936008454,0.013572099804878234,0.017012199759483336,0.013724200427532196,1.0539192880032964,1.0657304139334713,0.9889173417819787,0.0
bf16,128,64,32,8,page-cross,1,1,graph_lds_chunked(chunk=4),chunk4,0.014476099610328674,0.016852200031280518,0.014224199950695038,0.013676099479198456,0.016712099313735962,0.013464100658893585,1.0751627588855421,1.0584962205303514,1.0157454868821734,0.0
bf16,128,64,32,8,page-cross,2,1,graph_lds_chunked(chunk=4),chunk4,0.014456099271774292,0.01665620058774948,0.014360199868679046,0.013484099507331848,0.016896100342273714,0.013640099763870239,1.0598235732897985,1.072084885157806,0.9885631146957148,0.0
bf16,128,64,32,8,tail-negative,0,1,graph_lds_chunked(chunk=4),chunk4,0.014784200489521027,0.016756099462509156,0.014416100084781646,0.013488200306892396,0.017072199285030364,0.013464100658893585,1.098045897314015,1.0960839958735178,1.001789918882023,0.0
bf16,128,64,32,8,tail-negative,1,1,graph_lds_chunked(chunk=4),chunk4,0.01477220058441162,0.01692019999027252,0.01416810005903244,0.013676099479198456,0.016836200654506684,0.013488200306892396,1.0951943364055106,1.080147201830489,1.0139306332965743,0.0
bf16,128,64,32,8,tail-negative,2,1,graph_lds_chunked(chunk=4),chunk4,0.014868199825286865,0.01701609939336777,0.014176100492477417,0.013676199316978454,0.01684820055961609,0.013488100469112396,1.1023197713669826,1.0871587551980608,1.0139455402409556,0.0
bf16,128,64,32,16,random,0,1,graph_lds_chunked(chunk=8),chunk8,0.021484200656414033,0.026464301347732543,0.019876199960708617,0.019568200409412383,0.018956199288368225,0.019060200452804564,1.127176007913012,1.133360138790956,0.9945435429866617,0.0
bf16,128,64,32,16,random,1,1,graph_lds_chunked(chunk=8),chunk8,0.021832199394702913,0.026440298557281493,0.019840200245380402,0.01952819973230362,0.019040200114250182,0.019040200114250182,1.1466370764855105,1.1466370764855105,1.0,0.0
bf16,128,64,32,16,random,2,1,graph_lds_chunked(chunk=8),chunk8,0.02180030047893524,0.02645229995250702,0.019876199960708617,0.019620199501514436,0.01910019963979721,0.01904820054769516,1.1444808355702178,1.141365058484106,1.0027298689958586,0.0
bf16,128,64,32,16,contiguous,0,1,graph_lds_chunked(chunk=8),chunk8,0.02170020043849945,0.02642030119895935,0.0197162002325058,0.019588199257850648,0.019056199491024016,0.01907220035791397,1.137792180832192,1.138747547679737,0.9991610371855539,0.0
bf16,128,64,32,16,contiguous,1,1,graph_lds_chunked(chunk=8),chunk8,0.02189619988203049,0.027064299583435057,0.02016430050134659,0.019860200583934784,0.01950819939374924,0.019436199963092805,1.1265679465949594,1.1224100922941358,1.0037043985343408,0.0
bf16,128,64,32,16,contiguous,2,1,graph_lds_chunked(chunk=8),chunk8,0.021748200058937073,0.02636429965496063,0.020072199404239655,0.019360199570655823,0.01923619955778122,0.019280199706554414,1.1280069911072368,1.1305871512514916,0.9977178582461345,0.0
bf16,128,64,32,16,page-cross,0,1,graph_lds_chunked(chunk=8),chunk8,0.021416200697422026,0.026312300562858583,0.019676199555397032,0.019476200640201568,0.01902420073747635,0.01893620043992996,1.1309660966760045,1.125734583699677,1.0046471993061938,0.0
bf16,128,64,32,16,page-cross,1,1,graph_lds_chunked(chunk=8),chunk8,0.02140830010175705,0.026360198855400085,0.019696199893951417,0.01957619935274124,0.019004300236701965,0.0189641997218132,1.1288797004775566,1.1264976786891827,1.0021145376803136,0.0
bf16,128,64,32,16,page-cross,2,1,graph_lds_chunked(chunk=8),chunk8,0.02138420045375824,0.026340299844741823,0.019648200273513793,0.01926420032978058,0.019176200032234192,0.019012199342250825,1.124762057708711,1.115142750795909,1.0086260767116462,0.0
bf16,128,64,32,16,tail-negative,0,1,graph_lds_chunked(chunk=8),chunk8,0.021736200153827667,0.02645229995250702,0.019772200286388396,0.019512200355529787,0.019116200506687164,0.018988199532032013,1.1447214949031863,1.1370565058796063,1.006741080134492,0.0
bf16,128,64,32,16,tail-negative,1,1,graph_lds_chunked(chunk=8),chunk8,0.021764199435710906,0.02637630105018616,0.01973620057106018,0.019260199368000032,0.019188199937343598,0.018960200250148773,1.1478886904446133,1.1342491482671058,1.012025172951063,0.0
bf16,128,64,32,16,tail-negative,2,1,graph_lds_chunked(chunk=8),chunk8,0.021768300235271452,0.02639229893684387,0.019796200096607208,0.019452199339866638,0.01905220001935959,0.01899619996547699,1.145929200304923,1.1425609752759232,1.0029479608545062,0.0
bf16,128,64,32,32,random,0,1,graph_lds_chunked(chunk=4),chunk4,0.035480400919914244,0.045460501313209535,0.0341962993144989,0.02825230062007904,0.029800298810005187,0.02824830114841461,1.2560189277756098,1.255841122357949,1.000141582732477,0.0
bf16,128,64,32,32,random,1,1,graph_lds_chunked(chunk=4),chunk4,0.035792401432991026,0.04616050124168396,0.03474040031433105,0.028620299696922303,0.030228298902511597,0.028424298763275145,1.2592184500690529,1.250594920808603,1.006895541567428,0.0
bf16,128,64,32,32,random,2,1,graph_lds_chunked(chunk=4),chunk4,0.03554440140724182,0.045620501041412354,0.03347240090370178,0.028396299481391905,0.03006030023097992,0.02862829864025116,1.2415827379020936,1.2517265297379352,0.9918961597482755,0.0
bf16,128,64,32,32,contiguous,0,1,graph_lds_chunked(chunk=4),chunk4,0.03549239933490753,0.04615249931812286,0.03470839858055115,0.028376299142837524,0.02990429997444153,0.028876298666000368,1.2291187227778995,1.2507761902371328,0.9826847779576559,0.0
bf16,128,64,32,32,contiguous,1,1,graph_lds_chunked(chunk=4),chunk4,0.03584440052509308,0.04595650136470795,0.03464039862155914,0.028824299573898315,0.03045229911804199,0.028396299481391905,1.2622912555413044,1.243548015215321,1.0150723897241216,0.0
bf16,128,64,32,32,contiguous,2,1,graph_lds_chunked(chunk=4),chunk4,0.0372404009103775,0.0458965003490448,0.034460398554801944,0.028416401147842406,0.030256301164627075,0.02857629954814911,1.303191858261073,1.3105248872517794,0.9944045099318306,0.0
bf16,128,64,32,32,page-cross,0,1,graph_lds_chunked(chunk=4),chunk4,0.03495239913463592,0.045432499051094054,0.03268029987812042,0.0279682993888855,0.029880300164222717,0.028036299347877502,1.2466837616813364,1.2497148521130992,0.9975745743705954,0.0
bf16,128,64,32,32,page-cross,1,1,graph_lds_chunked(chunk=4),chunk4,0.03512440025806427,0.0464044988155365,0.03222030103206634,0.028660398721694947,0.03045229911804199,0.02870430052280426,1.2236633402775146,1.2255377393433224,0.9984705496977906,0.0
bf16,128,64,32,32,page-cross,2,1,graph_lds_chunked(chunk=4),chunk4,0.035516399145126346,0.046472498774528505,0.034448400139808655,0.0282602995634079,0.02964029908180237,0.02862429916858673,1.2407779465952213,1.2567594715490495,0.987283545248217,0.0
bf16,128,64,32,32,tail-negative,0,1,graph_lds_chunked(chunk=4),chunk4,0.03542439937591553,0.04546450078487396,0.03157230019569397,0.02840839922428131,0.029512301087379456,0.02824839949607849,1.2540320870509223,1.2469692183724834,1.0056640280885658,0.0
bf16,128,64,32,32,tail-negative,1,1,graph_lds_chunked(chunk=4),chunk4,0.03532440066337585,0.04548450112342835,0.031688401103019716,0.028472301363945008,0.029700300097465514,0.028140300512313844,1.2552957864795486,1.240658428408874,1.0117980563670912,0.0
bf16,128,64,32,32,tail-negative,2,1,graph_lds_chunked(chunk=4),chunk4,0.03554039895534515,0.04646449983119964,0.03501240015029907,0.02884030044078827,0.03052839934825897,0.0287322998046875,1.236949328697557,1.2323172231965054,1.0037588580390335,0.0
bf16,128,64,64,8,random,0,1,graph_lds_chunked(chunk=4),chunk4,0.021104300022125246,0.02326429933309555,0.01930820047855377,0.018376199901103972,0.022908200323581696,0.01846420019865036,1.1429847919255047,1.1484583393576047,0.9952340043652246,0.0
bf16,128,64,64,8,random,1,1,graph_lds_chunked(chunk=4),chunk4,0.020512199401855467,0.022692200541496278,0.019388200342655183,0.018168200552463532,0.022960300743579864,0.01825219988822937,1.1238206642194153,1.1290165662044114,0.9953978514217343,0.0
bf16,128,64,64,8,random,2,1,graph_lds_chunked(chunk=4),chunk4,0.02072020024061203,0.022908200323581696,0.01922830045223236,0.01824820041656494,0.02276429980993271,0.01804420053958893,1.1483024806309354,1.135465403032461,1.0113055647175078,0.0
bf16,128,64,64,8,contiguous,0,1,graph_lds_chunked(chunk=4),chunk4,0.02046020030975342,0.022676199674606323,0.019300200045108795,0.018132199347019196,0.022916199266910554,0.01830819994211197,1.1175429793450902,1.1283904350586642,0.9903867886712368,0.0
bf16,128,64,64,8,contiguous,1,1,graph_lds_chunked(chunk=4),chunk4,0.020628200471401216,0.022848199307918548,0.02026830017566681,0.01814019978046417,0.023012299835681916,0.018060199916362762,1.1421911477686253,1.1371539851295607,1.0044296222894482,0.0
bf16,128,64,64,8,contiguous,2,1,graph_lds_chunked(chunk=4),chunk4,0.02045219987630844,0.022620199620723723,0.019276200234889983,0.01809220016002655,0.022928300499916076,0.018320199847221375,1.1163742779481975,1.130442936481332,0.9875547379888759,0.0
bf16,128,64,64,8,page-cross,0,1,graph_lds_chunked(chunk=4),chunk4,0.020068199932575227,0.02246820032596588,0.01937219947576523,0.01793619990348816,0.022720199823379517,0.018208199739456178,1.1021517898383182,1.118865759779609,0.9850616843037695,0.0
bf16,128,64,64,8,page-cross,1,1,graph_lds_chunked(chunk=4),chunk4,0.020024199783802033,0.022520199418067932,0.019504199922084808,0.01796420067548752,0.022752299904823303,0.018204200267791747,1.0999769003437283,1.1146724613873535,0.986816251811465,0.0
bf16,128,64,64,8,page-cross,2,1,graph_lds_chunked(chunk=4),chunk4,0.02003220021724701,0.022532300651073457,0.0194242000579834,0.018032200634479523,0.022772200405597687,0.01812019944190979,1.1055176451819286,1.1109126735725905,0.9951436071268213,0.0
bf16,128,64,64,8,tail-negative,0,1,graph_lds_chunked(chunk=4),chunk4,0.020532199740409852,0.022872200608253478,0.01912820041179657,0.018268199265003206,0.02275629937648773,0.01801619976758957,1.1396520911888681,1.1239312338651704,1.0139873836138837,0.0
bf16,128,64,64,8,tail-negative,1,1,graph_lds_chunked(chunk=4),chunk4,0.02056419998407364,0.022912199795246124,0.019436299800872803,0.01803620010614395,0.02286829948425293,0.01812019944190979,1.1348771325613105,1.1401625543657912,0.9953643260917118,0.0
bf16,128,64,64,8,tail-negative,2,1,graph_lds_chunked(chunk=4),chunk4,0.020464199781417846,0.022860300540924073,0.019212199747562407,0.0182561993598938,0.02276030033826828,0.01803620010614395,1.1346181380215896,1.120945240463067,1.0121976498627838,0.0
bf16,128,64,64,16,random,0,1,graph_lds_chunked(chunk=8),chunk8,0.03364039957523346,0.03722440004348755,0.028788301348686218,0.02719630002975464,0.02660430073738098,0.026652300357818605,1.2621949746774805,1.2644722335425358,0.9981990439927058,0.0
bf16,128,64,64,16,random,1,1,graph_lds_chunked(chunk=8),chunk8,0.03388040065765381,0.03781639933586121,0.02920440137386322,0.02759230136871338,0.026624301075935365,0.02671230137348175,1.2683445048013755,1.2725367160258318,0.9967056265083267,0.0
bf16,128,64,64,16,random,2,1,graph_lds_chunked(chunk=8),chunk8,0.03238039910793304,0.03722839951515198,0.028980299830436707,0.02722429931163788,0.026696300506591795,0.026680299639701845,1.213644507190958,1.2129170893898853,1.0005997259066064,0.0
bf16,128,64,64,16,contiguous,0,1,graph_lds_chunked(chunk=8),chunk8,0.03373630046844482,0.03782840073108673,0.02918039858341217,0.027980300784111022,0.02658030092716217,0.0268002986907959,1.2588031520719942,1.2692219159178142,0.9917912197109473,0.0
bf16,128,64,64,16,contiguous,1,1,graph_lds_chunked(chunk=8),chunk8,0.032544299960136414,0.03724049925804138,0.02875230014324188,0.027004298567771912,0.02663629949092865,0.026708298921585084,1.218508900760984,1.2218025995397677,0.9973042300122587,0.0
bf16,128,64,64,16,contiguous,2,1,graph_lds_chunked(chunk=8),chunk8,0.03263239860534668,0.037508401274681094,0.029056298732757568,0.027296298742294313,0.026836299896240236,0.026808300614356996,1.217249801648025,1.2159798009232443,1.001044425839818,0.0
bf16,128,64,64,16,page-cross,0,1,graph_lds_chunked(chunk=8),chunk8,0.03227240145206452,0.037764400243759155,0.028872299194335937,0.02785229980945587,0.026864299178123476,0.027008301019668578,1.1949067595389433,1.2013118688889917,0.9946682376858791,0.0
bf16,128,64,64,16,page-cross,1,1,graph_lds_chunked(chunk=8),chunk8,0.0313603013753891,0.03677240014076233,0.02846029996871948,0.027148300409317018,0.026784199476242065,0.02677220106124878,1.1713755362752498,1.1708507996741175,1.0004481669238117,0.0
bf16,128,64,64,16,page-cross,2,1,graph_lds_chunked(chunk=8),chunk8,0.031400299072265624,0.03671639859676361,0.02936829924583435,0.027712300419807434,0.026484298706054687,0.026700198650360107,1.1760324139701532,1.1856194276002132,0.9919139199249924,0.0
bf16,128,64,64,16,tail-negative,0,1,graph_lds_chunked(chunk=8),chunk8,0.03229239881038666,0.03704040050506592,0.02888840138912201,0.02751230001449585,0.026652300357818605,0.0265843003988266,1.214716894028628,1.2116176981666613,1.0025578991348971,0.0
bf16,128,64,64,16,tail-negative,1,1,graph_lds_chunked(chunk=8),chunk8,0.03222430050373078,0.037420400977134706,0.028952300548553467,0.027336299419403076,0.0268002986907959,0.026644301414489747,1.20942561046868,1.2023858717215588,1.0058548082713596,0.0
bf16,128,64,64,16,tail-negative,2,1,graph_lds_chunked(chunk=8),chunk8,0.03238030076026917,0.03730039894580841,0.02867229878902435,0.028392401337623597,0.02666029930114746,0.02658030092716217,1.218206703114487,1.2145512844589679,1.0030096865420939,0.0
bf16,128,64,64,32,random,0,1,graph_lds_chunked(chunk=4),chunk4,0.05570459961891174,0.0653207004070282,0.052880597114562986,0.043312498927116395,0.044060501456260684,0.04286850094795227,1.2994296135184225,1.2861091139684184,1.0103572079579641,0.0
bf16,128,64,64,32,random,1,1,graph_lds_chunked(chunk=4),chunk4,0.057448601722717284,0.06857270002365112,0.05379260182380676,0.043544501066207886,0.04436039924621582,0.0431443989276886,1.3315425211741387,1.3193078417724595,1.0092735592212068,0.0
bf16,128,64,64,32,random,2,1,graph_lds_chunked(chunk=4),chunk4,0.05848060250282287,0.06810879707336426,0.05213260054588318,0.043144500255584715,0.0440324991941452,0.04423649907112122,1.3219988862319485,1.3554590308472287,0.9753145289870059,0.0
bf16,128,64,64,32,contiguous,0,1,graph_lds_chunked(chunk=4),chunk4,0.057588601112365724,0.06803680062294007,0.056124597787857056,0.04327239990234375,0.04407649934291839,0.045004498958587644,1.2796187591235657,1.3308390854755103,0.9615127576947865,0.0
bf16,128,64,64,32,contiguous,1,1,graph_lds_chunked(chunk=4),chunk8,0.05843660235404968,0.06684079766273499,0.0529604971408844,0.044048500061035153,0.043528500199317935,0.04411650002002716,1.3245974256235593,1.3424906001003303,0.9866716575330704,0.0
bf16,128,64,64,32,contiguous,2,1,graph_lds_chunked(chunk=4),chunk8,0.05722860097885132,0.06673269867897033,0.051508599519729616,0.04340850114822388,0.043276500701904294,0.04370050132274628,1.3095639465596614,1.3223943722495357,0.99029757993597,0.0
bf16,128,64,64,32,page-cross,0,1,graph_lds_chunked(chunk=4),chunk4,0.055056601762771606,0.06602479815483094,0.052836501598358156,0.04223249852657318,0.04368839859962463,0.04190439879894257,1.3138621085326472,1.3036548554694047,1.0078297204359103,0.0
bf16,128,64,64,32,page-cross,1,1,graph_lds_chunked(chunk=4),chunk4,0.05738059878349304,0.0671446979045868,0.05078859925270081,0.041624400019645694,0.042988499999046324,0.04315249919891358,1.3297166988867628,1.378532753779293,0.9645883967873092,0.0
bf16,128,64,64,32,page-cross,2,1,graph_lds_chunked(chunk=4),chunk4,0.05705260038375855,0.06701679825782776,0.05051249861717224,0.04224849939346313,0.04335240125656128,0.04266450107097626,1.3372381945553842,1.350405368304891,0.9902494657837186,0.0
bf16,128,64,64,32,tail-negative,0,1,graph_lds_chunked(chunk=4),chunk4,0.05599259734153748,0.0653967022895813,0.05114459991455078,0.04190439879894257,0.04291250109672547,0.04240849912166596,1.32031546744675,1.3361985602082047,0.9881132241611009,0.0
bf16,128,64,64,32,tail-negative,1,1,graph_lds_chunked(chunk=4),chunk4,0.05579670071601868,0.0663927972316742,0.05375249981880188,0.04272449910640717,0.04409250020980835,0.04222050011157989,1.3215547084605759,1.3059650056295486,1.0119373051833898,0.0
bf16,128,64,64,32,tail-negative,2,1,graph_lds_chunked(chunk=4),chunk4,0.057272601127624514,0.06767269968986511,0.05187259912490845,0.042540401220321655,0.043100500106811525,0.04311639964580536,1.3283252219134758,1.3463107889134165,0.9866408505762205,0.0
bf16,128,64,128,8,random,0,1,graph_lds_chunked(chunk=4),chunk4,0.032672300934791565,0.03492839932441712,0.029916301369667053,0.027260300517082215,0.03415639996528626,0.027520298957824707,1.1872073404748393,1.1985304752718338,0.9905524848715872,0.0
bf16,128,64,128,8,random,1,1,graph_lds_chunked(chunk=4),chunk4,0.03229640126228332,0.034348401427268985,0.029888299107551575,0.02725229859352112,0.03432439863681793,0.027144300937652587,1.189804126341825,1.18508907244842,1.0039786493716154,0.0
bf16,128,64,128,8,random,2,1,graph_lds_chunked(chunk=4),chunk4,0.03229239881038666,0.03448039889335632,0.02992829978466034,0.027328300476074218,0.034232398867607115,0.027132299542427064,1.1901828947410336,1.1816468001242333,1.0072238968665619,0.0
bf16,128,64,128,8,contiguous,0,1,graph_lds_chunked(chunk=4),chunk4,0.03228040039539337,0.034476399421691895,0.029732400178909303,0.027480301260948182,0.03606039881706238,0.02719230055809021,1.1871154603647303,1.1746741816570452,1.0105912591780428,0.0
bf16,128,64,128,8,contiguous,1,1,graph_lds_chunked(chunk=4),chunk4,0.03234040141105652,0.03447239995002747,0.029656299948692323,0.027392300963401794,0.03413639962673187,0.02724429965019226,1.1870520375379991,1.1806383645633043,1.0054323772352316,0.0
bf16,128,64,128,8,contiguous,2,1,graph_lds_chunked(chunk=4),chunk4,0.03224030137062073,0.034520399570465085,0.029832300543785096,0.02740429937839508,0.03433240056037903,0.027260300517082215,1.1826832705097245,1.1764687330790964,1.0052823651457043,0.0
bf16,128,64,128,8,page-cross,0,1,graph_lds_chunked(chunk=4),chunk4,0.03175640106201172,0.03402029871940613,0.029964300990104675,0.027132299542427064,0.0343203991651535,0.02730430066585541,1.163054913972719,1.170427925298182,0.9937005849176194,0.0
bf16,128,64,128,8,page-cross,1,1,graph_lds_chunked(chunk=4),chunk4,0.03202440142631531,0.034204301238059995,0.029752299189567566,0.027268299460411073,0.03501240015029907,0.027120301127433778,1.180827649215176,1.174418722840025,1.0054571050771846,0.0
bf16,128,64,128,8,page-cross,2,1,graph_lds_chunked(chunk=4),chunk4,0.03230839967727661,0.03433240056037903,0.029800298810005187,0.027400299906730652,0.0341403990983963,0.026972299814224242,1.1978362950065644,1.1791257682307457,1.015868134918206,0.0
bf16,128,64,128,8,tail-negative,0,1,graph_lds_chunked(chunk=4),chunk4,0.032288399338722226,0.03458029925823212,0.029824298620224,0.02727630138397217,0.0342523992061615,0.027280300855636597,1.1835792981018707,1.1837528440602734,0.9998533934179982,0.0
bf16,128,64,128,8,tail-negative,1,1,graph_lds_chunked(chunk=4),chunk4,0.03209240138530731,0.03440839946269989,0.029784300923347475,0.027284300327301024,0.0341962993144989,0.02710829973220825,1.183858880945502,1.176222259699848,1.0064924984905512,0.0
bf16,128,64,128,8,tail-negative,2,1,graph_lds_chunked(chunk=4),chunk4,0.03205240070819855,0.034388399124145506,0.029868298768997194,0.027152299880981445,0.03436839878559113,0.027096301317214966,1.1829068599792567,1.1804672476621154,1.0020666497287178,0.0
bf16,128,64,128,16,random,0,1,graph_lds_chunked(chunk=8),chunk8,0.054896599054336546,0.057900601625442506,0.05004860162734985,0.04346849918365479,0.04222050011157989,0.04194050133228302,1.3089161385889487,1.3002356416730354,1.006676095192056,0.0
bf16,128,64,128,16,random,1,1,graph_lds_chunked(chunk=8),chunk8,0.058764702081680296,0.059808701276779175,0.050920498371124265,0.0435685008764267,0.04299249947071075,0.04313249886035919,1.3624228513152026,1.3668594011779795,0.996754201742364,0.0
bf16,128,64,128,16,random,2,1,graph_lds_chunked(chunk=8),chunk8,0.05634859800338745,0.05925660133361817,0.05076050162315369,0.043672499060630796,0.04245240092277527,0.04318050146102905,1.3049546924378073,1.3273359522324923,0.983138210219469,0.0
bf16,128,64,128,16,contiguous,0,1,graph_lds_chunked(chunk=8),chunk8,0.055776602029800414,0.058216601610183716,0.050584602355957034,0.04334439933300018,0.04249249994754791,0.04248450100421906,1.3128694161727672,1.3126222768406235,1.0001882790933112,0.0
bf16,128,64,128,16,contiguous,1,1,graph_lds_chunked(chunk=8),chunk8,0.05568060278892517,0.05833659768104553,0.0502485990524292,0.04314840137958527,0.042028498649597165,0.042012399435043334,1.3253373655797658,1.3248296888534907,1.0003832015017071,0.0
bf16,128,64,128,16,contiguous,2,1,graph_lds_chunked(chunk=8),chunk8,0.05636460185050964,0.058000600337982176,0.05021650195121765,0.04325250089168549,0.04214439988136291,0.04208840131759643,1.3391955998800216,1.3374161693885025,1.001330498712553,0.0
bf16,128,64,128,16,page-cross,0,1,graph_lds_chunked(chunk=8),chunk8,0.056700599193572995,0.05959669947624206,0.05072450041770935,0.04429650008678436,0.0431205004453659,0.04317649900913238,1.313228272203823,1.3149336999326622,0.9987030313931976,0.0
bf16,128,64,128,16,page-cross,1,1,graph_lds_chunked(chunk=8),chunk8,0.05522860288619995,0.05763660073280334,0.04940460026264191,0.043256500363349916,0.041992399096488955,0.04318050146102905,1.279017172508857,1.3152047531101334,0.9724852115112101,0.0
bf16,128,64,128,16,page-cross,2,1,graph_lds_chunked(chunk=8),chunk8,0.05975260138511658,0.05824059844017029,0.049568599462509154,0.043228399753570554,0.04216850101947785,0.04238849878311157,1.4096418391897194,1.4169960975733178,0.9948099656758456,0.0
bf16,128,64,128,16,tail-negative,0,1,graph_lds_chunked(chunk=8),chunk8,0.0561926007270813,0.058000600337982176,0.04961259961128235,0.04319640100002289,0.04195249974727631,0.04205250144004822,1.3362487082294447,1.3394339089586553,0.9976219799215873,0.0
bf16,128,64,128,16,tail-negative,1,1,graph_lds_chunked(chunk=8),chunk8,0.05358459949493408,0.05808460116386414,0.04986059963703156,0.04330849945545197,0.042144501209259035,0.042088499665260314,1.2731411174336207,1.2714493696074802,1.0013305664123007,0.0
bf16,128,64,128,16,tail-negative,2,1,graph_lds_chunked(chunk=8),chunk8,0.05626059770584106,0.05913259983062744,0.05080059766769409,0.04412049949169159,0.04212850034236908,0.04285250008106232,1.3128895070162814,1.3354521819818777,0.9831048424870502,0.0
bf16,128,64,128,32,random,0,1,graph_lds_chunked(chunk=8),chunk8,0.09982110261917114,0.10718109607696533,0.08742499947547913,0.07650079727172851,0.07174879908561707,0.06988469958305359,1.4283684871613422,1.3912581658691694,1.0266739288239783,0.0
bf16,128,64,128,32,random,1,1,graph_lds_chunked(chunk=8),chunk8,0.10423710346221923,0.11094919443130494,0.09026899933815002,0.07816479802131653,0.07284079790115357,0.0733128011226654,1.4218131331227128,1.4310263817218352,0.993561789833646,0.0
bf16,128,64,128,32,random,2,1,graph_lds_chunked(chunk=8),chunk8,0.1034930944442749,0.108269202709198,0.08869689702987671,0.07704079747200013,0.07134079933166504,0.0718447983264923,1.4405092206391856,1.4506859386749102,0.992984892343397,0.0
bf16,128,64,128,32,contiguous,0,1,graph_lds_chunked(chunk=8),chunk8,0.10455310344696045,0.11053719520568847,0.09017699956893921,0.07798479795455933,0.0702888011932373,0.07246080040931702,1.4428919202708255,1.4874788255318803,0.9700251832189195,0.0
bf16,128,64,128,32,contiguous,1,1,graph_lds_chunked(chunk=8),chunk8,0.10050510168075562,0.10722119808197021,0.08738890290260315,0.07628880143165588,0.07160869836807252,0.07104880213737488,1.4145924865337791,1.4035320285275128,1.0078804457479107,0.0
bf16,128,64,128,32,contiguous,2,1,graph_lds_chunked(chunk=8),chunk8,0.10520119667053222,0.11087720394134522,0.0901009976863861,0.07798089981079101,0.07160080075263978,0.07205680012702942,1.459975970138451,1.4692740243781934,0.9936716677178871,0.0
bf16,128,64,128,32,page-cross,0,1,graph_lds_chunked(chunk=8),chunk8,0.10066109895706177,0.10786919593811035,0.08840100169181823,0.07656890153884888,0.07117270231246949,0.070380699634552,1.43023725935859,1.4143217228865272,1.0112531231151427,0.0
bf16,128,64,128,32,page-cross,1,1,graph_lds_chunked(chunk=8),chunk8,0.10196119546890259,0.10712120532989503,0.08687689900398254,0.07512879967689515,0.0698848009109497,0.07112879753112793,1.4334727846942943,1.458989567686199,0.9825106473979991,0.0
bf16,128,64,128,32,page-cross,2,1,graph_lds_chunked(chunk=8),chunk8,0.09966509938240051,0.10906920433044434,0.09363300204277039,0.07733280062675477,0.07237280011177064,0.07208880186080932,1.38253233248121,1.3771071345654773,1.0039395612582058,0.0
bf16,128,64,128,32,tail-negative,0,1,graph_lds_chunked(chunk=8),chunk8,0.10163719654083252,0.10726920366287232,0.08689290285110474,0.07522079944610596,0.06990479826927185,0.0702127993106842,1.447559384309671,1.453937341315658,0.9956133205849051,0.0
bf16,128,64,128,32,tail-negative,1,1,graph_lds_chunked(chunk=8),chunk8,0.09990509748458862,0.10826120376586915,0.08728500008583069,0.07536489963531494,0.06990479826927185,0.07056480050086975,1.415792247345151,1.429159370430571,0.990646863210649,0.0
bf16,128,64,128,32,tail-negative,2,1,graph_lds_chunked(chunk=8),chunk8,0.0992130994796753,0.10741720199584961,0.08750889897346496,0.07558479905128479,0.06990069746971131,0.06988080143928528,1.4197475907009292,1.4193434839854833,1.0002847138272064,0.0
bf16,128,128,32,8,random,0,1,graph_lds_chunked(chunk=4),chunk4,0.020020200312137602,0.0225042000412941,0.019068199396133422,0.017896200716495513,0.022820299863815306,0.01804410070180893,1.1095149956755987,1.1186843861046065,0.9918034160993908,0.0
bf16,128,128,32,8,random,1,1,graph_lds_chunked(chunk=4),chunk4,0.020420299470424653,0.022808299958705903,0.019004200398921967,0.018080200254917144,0.02268030047416687,0.017996199429035187,1.1347006656015608,1.129428832784697,1.0046676980999905,0.0
bf16,128,128,32,8,random,2,1,graph_lds_chunked(chunk=4),chunk4,0.020384299755096435,0.022792300581932066,0.019012199342250825,0.018080200254917144,0.0226842001080513,0.017900200188159944,1.1387749601023789,1.1274377201409957,1.0100557571907078,0.0
bf16,128,128,32,8,contiguous,0,1,graph_lds_chunked(chunk=4),chunk4,0.020100300014019013,0.022712300717830657,0.0194242000579834,0.01806419938802719,0.02268819957971573,0.0182561993598938,1.1010122982210873,1.1127146895500575,0.9894830261172319,0.0
bf16,128,128,32,8,contiguous,1,1,graph_lds_chunked(chunk=4),chunk4,0.020180299878120422,0.022584299743175506,0.019328199326992035,0.017944200336933135,0.02287230044603348,0.018188199400901793,1.109527085848853,1.1246140535215103,0.9865847597890003,0.0
bf16,128,128,32,8,contiguous,2,1,graph_lds_chunked(chunk=4),chunk4,0.02156819999217987,0.02265219986438751,0.019412200152873992,0.01798820048570633,0.02295230031013489,0.017976200580596922,1.1998197224979823,1.199019324324201,1.000667544014966,0.0
bf16,128,128,32,8,page-cross,0,1,graph_lds_chunked(chunk=4),chunk4,0.02008820027112961,0.02254830002784729,0.019460199773311614,0.017888200283050538,0.0227962002158165,0.018108199536800384,1.1093427720577835,1.1229860999579493,0.9878508488211237,0.0
bf16,128,128,32,8,page-cross,1,1,graph_lds_chunked(chunk=4),chunk4,0.020120200514793397,0.02247229963541031,0.019388200342655183,0.01801220029592514,0.022712300717830657,0.01812019944190979,1.1103741202901911,1.1170317997932293,0.994039847832201,0.0
bf16,128,128,32,8,page-cross,2,1,graph_lds_chunked(chunk=4),chunk4,0.020360200107097624,0.022772200405597687,0.01936430037021637,0.018152199685573578,0.02260030061006546,0.018004199862480162,1.130858369858871,1.1216381738726051,1.008220294388191,0.0
bf16,128,128,32,8,tail-negative,0,1,graph_lds_chunked(chunk=4),chunk4,0.020312200486660003,0.022796300053596497,0.018928200006484985,0.018164199590682984,0.022772200405597687,0.01793619990348816,1.1324695641193077,1.1182546406877625,1.012711705289953,0.0
bf16,128,128,32,8,tail-negative,1,1,graph_lds_chunked(chunk=4),chunk4,0.020232200622558594,0.022748200595378874,0.018860200047492982,0.01804019957780838,0.022644199430942535,0.01790419965982437,1.1300254134206331,1.1215064742103318,1.0075959786289237,0.0
bf16,128,128,32,8,tail-negative,2,1,graph_lds_chunked(chunk=4),chunk4,0.020212200284004212,0.022588199377059935,0.019140200316905977,0.01785620003938675,0.022892199456691742,0.017812199890613556,1.1347391343084678,1.1319429799969005,1.0024702254097417,0.0
bf16,128,128,32,16,random,0,1,graph_lds_chunked(chunk=8),chunk8,0.03190839886665344,0.037152400612831114,0.028348401188850403,0.026876300573349,0.0264043003320694,0.026416298747062684,1.2079057392626378,1.208454625396721,0.9995457949992097,0.0
bf16,128,128,32,16,random,1,1,graph_lds_chunked(chunk=8),chunk8,0.03184440135955811,0.03717640042304993,0.02838830053806305,0.026948300004005433,0.026416298747062684,0.026384299993515013,1.206945091110438,1.205483086955889,1.0012127952439722,0.0
bf16,128,128,32,16,random,2,1,graph_lds_chunked(chunk=8),chunk8,0.03188830018043518,0.03707239925861359,0.02828029990196228,0.026868298649787903,0.026348298788070677,0.026488301157951356,1.203863546789328,1.2102603070097553,0.9947145583612239,0.0
bf16,128,128,32,16,contiguous,0,1,graph_lds_chunked(chunk=8),chunk8,0.0342604011297226,0.03698840141296387,0.028296300768852235,0.027760300040245055,0.02639229893684387,0.026436299085617065,1.2959605661430238,1.2981211379769115,0.9983356161681068,0.0
bf16,128,128,32,16,contiguous,1,1,graph_lds_chunked(chunk=8),chunk8,0.03175230026245117,0.037136399745941163,0.028640300035476685,0.027048298716545106,0.026624301075935365,0.026808300614356996,1.184420479284183,1.1926059644491775,0.9931364713836769,0.0
bf16,128,128,32,16,contiguous,2,1,graph_lds_chunked(chunk=8),chunk8,0.03322840034961701,0.037504398822784425,0.028620299696922303,0.02737630009651184,0.026728299260139466,0.02676030099391937,1.2417050300430983,1.2431917207381502,0.9988041340122752,0.0
bf16,128,128,32,16,page-cross,0,1,graph_lds_chunked(chunk=8),chunk8,0.03327229917049408,0.0371643990278244,0.028980299830436707,0.027144300937652587,0.026708298921585084,0.027096301317214966,1.2279277079545667,1.2457663166112054,0.9856806140776353,0.0
bf16,128,128,32,16,page-cross,1,1,graph_lds_chunked(chunk=8),chunk8,0.031760400533676146,0.03682439923286438,0.028724300861358642,0.027068299055099488,0.0266882985830307,0.026624301075935365,1.1929102079747398,1.1900496554647533,1.002403725337721,0.0
bf16,128,128,32,16,page-cross,2,1,graph_lds_chunked(chunk=8),chunk8,0.03165229856967926,0.036828500032424924,0.028592300415039063,0.027028301358222963,0.026416298747062684,0.026648300886154174,1.187779239843582,1.1982109557720981,0.9912939237633709,0.0
bf16,128,128,32,16,tail-negative,0,1,graph_lds_chunked(chunk=8),chunk8,0.03196839988231659,0.0373524010181427,0.02846829891204834,0.027072298526763915,0.02658829987049103,0.0266882985830307,1.197843308851586,1.2023484027948945,0.9962530877632172,0.0
bf16,128,128,32,16,tail-negative,1,1,graph_lds_chunked(chunk=8),chunk4,0.03162829875946045,0.036976400017738345,0.028216299414634705,0.026784300804138184,0.02740429937839508,0.026360300183296204,1.1998459251045417,1.1808521338953104,1.0160848176194388,0.0
bf16,128,128,32,16,tail-negative,2,1,graph_lds_chunked(chunk=8),chunk8,0.03184030055999756,0.03722839951515198,0.028296300768852235,0.02684429883956909,0.026484298706054687,0.026460298895835878,1.2033235408768699,1.2022331009549598,1.0009070120603432,0.0
bf16,128,128,32,32,random,0,1,graph_lds_chunked(chunk=4),chunk4,0.05492460131645203,0.06510069966316223,0.05038049817085266,0.041428500413894655,0.04337239861488342,0.04191640019416809,1.310336790898704,1.3257685112355873,0.9883601698138831,0.0
bf16,128,128,32,32,random,1,1,graph_lds_chunked(chunk=4),chunk4,0.055544602870941165,0.06681270003318787,0.051220500469207765,0.042888501286506654,0.04395250082015991,0.041824400424957275,1.3280430157176104,1.2950931183136563,1.0254421067782817,0.0
bf16,128,128,32,32,random,2,1,graph_lds_chunked(chunk=4),chunk4,0.05668860077857971,0.06734870076179504,0.05164459943771362,0.04292440116405487,0.04431250095367432,0.04270449876785278,1.3274620336078953,1.3206614243008021,1.0051493964932712,0.0
bf16,128,128,32,32,contiguous,0,1,graph_lds_chunked(chunk=4),chunk4,0.05820069909095764,0.06747679710388184,0.05300059914588928,0.04215649962425232,0.04352050125598907,0.043276500701904294,1.3448568656660504,1.3805866143942183,0.9741198789299825,0.0
bf16,128,128,32,32,contiguous,1,1,graph_lds_chunked(chunk=4),chunk4,0.056144601106643675,0.06540870070457458,0.05234060287475586,0.04337640106678009,0.04359250068664551,0.042008399963378906,1.3365089162069512,1.2943582161232399,1.032564941882903,0.0
bf16,128,128,32,32,contiguous,2,1,graph_lds_chunked(chunk=4),chunk4,0.056836700439453124,0.06749680042266845,0.05142449736595154,0.04197649955749512,0.04353640079498291,0.042668399214744565,1.3320560762873086,1.3540123888035023,0.9837842602492022,0.0
bf16,128,128,32,32,page-cross,0,1,graph_lds_chunked(chunk=4),chunk4,0.05590860247611999,0.06526870131492615,0.051276499032974245,0.041972500085830686,0.04386849999427796,0.04136439859867096,1.3516116363387993,1.3320293611719816,1.0147010837280557,0.0
bf16,128,128,32,32,page-cross,1,1,graph_lds_chunked(chunk=4),chunk8,0.055644601583480835,0.06670870184898377,0.050980597734451294,0.04270850121974945,0.04262050092220306,0.042308399081230165,1.315214066045037,1.3055830030025033,1.0073768293707752,0.0
bf16,128,128,32,32,page-cross,2,1,graph_lds_chunked(chunk=4),chunk4,0.056668597459793094,0.06496480107307434,0.05150049924850464,0.042644500732421875,0.042864400148391726,0.042929500341415405,1.320038598379007,1.328860614768763,0.9933612176538988,0.0
bf16,128,128,32,32,tail-negative,0,1,graph_lds_chunked(chunk=4),chunk4,0.05595260262489319,0.06510869860649109,0.050468599796295165,0.04119249880313873,0.042308399081230165,0.04166449904441834,1.342932326277159,1.3583201857283247,0.9886714048625327,0.0
bf16,128,128,32,32,tail-negative,1,1,graph_lds_chunked(chunk=4),chunk4,0.05482059717178345,0.06518070101737976,0.05241659879684448,0.041984501481056216,0.04279240071773529,0.042512500286102296,1.289517125618339,1.305734145647031,0.9875801516849695,0.0
bf16,128,128,32,32,tail-negative,2,1,graph_lds_chunked(chunk=4),chunk4,0.055772602558135986,0.06718469858169555,0.05161259770393371,0.042152398824691774,0.043488499522209165,0.04289250075817108,1.3002879657817858,1.3231181169567472,0.9827451904086446,0.0
bf16,128,128,64,8,random,0,1,graph_lds_chunked(chunk=4),chunk4,0.032616400718688966,0.03514040112495422,0.0302962988615036,0.027156299352645873,0.03412840068340302,0.027632299065589904,1.1803723114485862,1.2010620554420686,0.9827737926614732,0.0
bf16,128,128,64,8,random,1,1,graph_lds_chunked(chunk=4),chunk4,0.03200429975986481,0.034204399585723876,0.029548299312591553,0.027100300788879393,0.0341403990983963,0.026944300532341002,1.1877947887884615,1.180957363137378,1.0057897311660084,0.0
bf16,128,128,64,8,random,2,1,graph_lds_chunked(chunk=4),chunk4,0.03193640112876892,0.034204399585723876,0.029600301384925844,0.027104300260543824,0.03406839966773987,0.026920300722122193,1.1863315145853726,1.1782780157309305,1.0068349733653021,0.0
bf16,128,128,64,8,contiguous,0,1,graph_lds_chunked(chunk=4),chunk4,0.03179630041122437,0.03406839966773987,0.029708299040794372,0.02700029909610748,0.03426840007305145,0.027176299691200258,1.1700010955325193,1.177627710642965,0.993523746901063,0.0
bf16,128,128,64,8,contiguous,1,1,graph_lds_chunked(chunk=4),chunk4,0.03187240064144135,0.03411230146884918,0.02981629967689514,0.027084299921989442,0.034280401468276975,0.02725229859352112,1.169530729015959,1.176785101820723,0.9938354311305097,0.0
bf16,128,128,64,8,contiguous,2,1,graph_lds_chunked(chunk=4),chunk4,0.03270829916000366,0.03429639935493469,0.02952440083026886,0.02730030119419098,0.034128299355506896,0.027100300788879393,1.2069349124503264,1.1980929780717366,1.0073800068445609,0.0
bf16,128,128,64,8,page-cross,0,1,graph_lds_chunked(chunk=4),chunk4,0.032000300288200376,0.03415240049362182,0.029748401045799254,0.027200299501419067,0.03396430015563965,0.026988300681114196,1.1857100847625233,1.1764686740501107,1.0078552118864312,0.0
bf16,128,128,64,8,page-cross,1,1,graph_lds_chunked(chunk=4),chunk4,0.032000300288200376,0.03421239852905274,0.02971639931201935,0.027180299162864685,0.03384830057621002,0.027004298567771912,1.1850076463897088,1.1773343662059856,1.0065175029320266,0.0
bf16,128,128,64,8,page-cross,2,1,graph_lds_chunked(chunk=4),chunk4,0.032012298703193665,0.03387640118598938,0.029672300815582274,0.02713629901409149,0.03390829861164093,0.026996299624443054,1.1858032081629815,1.1796855085717524,1.0051858733084174,0.0
bf16,128,128,64,8,tail-negative,0,1,graph_lds_chunked(chunk=4),chunk4,0.031740298867225646,0.034104400873184205,0.029408401250839232,0.027100300788879393,0.0340723991394043,0.0268002986907959,1.1843263104424393,1.1712157409061037,1.0111939833784958,0.0
bf16,128,128,64,8,tail-negative,1,1,graph_lds_chunked(chunk=4),chunk4,0.03184030055999756,0.034344398975372316,0.029408299922943117,0.027160298824310303,0.0340923011302948,0.026852300763130187,1.1857568869374573,1.172310391942313,1.0114700808655852,0.0
bf16,128,128,64,8,tail-negative,2,1,graph_lds_chunked(chunk=4),chunk4,0.031804400682449344,0.03419229984283447,0.02946830093860626,0.027124300599098206,0.033844399452209475,0.02689630091190338,1.1824823341552446,1.1725427008247629,1.008476990495519,0.0
bf16,128,128,64,16,random,0,1,graph_lds_chunked(chunk=8),chunk8,0.055068600177764895,0.05760859847068787,0.04925650060176849,0.04300850033760071,0.04191640019416809,0.04175249934196472,1.3189294304692412,1.3137721732465637,1.0039255339150113,0.0
bf16,128,128,64,16,random,1,1,graph_lds_chunked(chunk=8),chunk8,0.05621659755706787,0.05890859961509705,0.04955660104751587,0.043356499075889586,0.04252449870109558,0.042996498942375186,1.307469187954362,1.3219814289220424,0.9890223564036645,0.0
bf16,128,128,64,16,random,2,1,graph_lds_chunked(chunk=8),chunk8,0.055144602060317995,0.058348602056503295,0.04976060092449188,0.043356400728225705,0.04186849892139435,0.04236449897289276,1.3016701105234993,1.31709049717423,0.9882920826747937,0.0
bf16,128,128,64,16,contiguous,0,1,graph_lds_chunked(chunk=8),chunk8,0.05369660258293152,0.05772070288658142,0.04993250072002411,0.0427605003118515,0.042144501209259035,0.04242039918899536,1.2658203036632767,1.274106966323154,0.9934961012859139,0.0
bf16,128,128,64,16,contiguous,1,1,graph_lds_chunked(chunk=8),chunk8,0.05480859875679016,0.05862870216369629,0.049864500761032104,0.042884400486946105,0.04234049916267395,0.04264050126075745,1.2853647855033814,1.2944721918892184,0.9929643862240523,0.0
bf16,128,128,64,16,contiguous,2,1,graph_lds_chunked(chunk=8),chunk8,0.05660459995269775,0.059628599882125856,0.051292598247528076,0.044056499004364015,0.042896398901939393,0.043328499794006346,1.3064057196027796,1.3195653108806435,0.9900273285684651,0.0
bf16,128,128,64,16,page-cross,0,1,graph_lds_chunked(chunk=8),chunk8,0.05742459893226624,0.0579567015171051,0.049604499340057374,0.04292449951171875,0.04172840118408203,0.04277639985084534,1.3424364633886183,1.3761514293092967,0.9755005407089536,0.0
bf16,128,128,64,16,page-cross,1,1,graph_lds_chunked(chunk=8),chunk8,0.05707259774208069,0.05729259848594666,0.04960460066795349,0.04304850101470947,0.041868400573730466,0.041656500101089476,1.370076641186378,1.3631425361371414,1.0050868525230578,0.0
bf16,128,128,64,16,page-cross,2,1,graph_lds_chunked(chunk=8),chunk8,0.057680702209472655,0.05756059885025024,0.04956459999084473,0.0431443989276886,0.041856500506401065,0.041912499070167544,1.376217202245728,1.3780584021985214,0.9986639173275559,0.0
bf16,128,128,64,16,tail-negative,0,1,graph_lds_chunked(chunk=8),chunk8,0.05485659837722778,0.05764470100402832,0.049092501401901245,0.043100500106811525,0.0426485002040863,0.04179239869117737,1.3125975080441685,1.286249179097083,1.0204846225562465,0.0
bf16,128,128,64,16,tail-negative,1,1,graph_lds_chunked(chunk=8),chunk8,0.05522059798240662,0.059328597784042356,0.05016059875488281,0.043636399507522586,0.042488500475883484,0.042724400758743286,1.292483850018799,1.2996598459328985,0.9944785584193003,0.0
bf16,128,128,64,16,tail-negative,2,1,graph_lds_chunked(chunk=8),chunk8,0.05582069754600525,0.05790470242500305,0.049088498950004576,0.04292449951171875,0.04181239902973175,0.042168399691581725,1.3237566033872752,1.335027380426379,0.9915576435327461,0.0
bf16,128,128,64,32,random,0,1,graph_lds_chunked(chunk=8),chunk8,0.09951310157775879,0.10853719711303711,0.08820090293884278,0.07665280103683472,0.07015669941902161,0.06908079981803894,1.440531983414777,1.4184404682922949,1.0155745099045845,0.0
bf16,128,128,64,32,random,1,1,graph_lds_chunked(chunk=8),chunk8,0.10014109611511231,0.1102012038230896,0.08960090279579162,0.07739289999008178,0.07183679938316345,0.07185279726982116,1.393697948029262,1.3940083212919783,0.9997773519297011,0.0
bf16,128,128,64,32,random,2,1,graph_lds_chunked(chunk=8),chunk8,0.10168110132217408,0.11010520458221436,0.08867700099945068,0.07643280029296876,0.07080479860305786,0.07152479887008667,1.4216202342192041,1.4360764147104397,0.9899335576135407,0.0
bf16,128,128,64,32,contiguous,0,1,graph_lds_chunked(chunk=8),chunk8,0.10167310237884522,0.1105012059211731,0.08954899907112121,0.07692090272903443,0.07152479887008667,0.07155280113220215,1.4209520909040625,1.4215083996743298,0.9996086489742905,0.0
bf16,128,128,64,32,contiguous,1,1,graph_lds_chunked(chunk=8),chunk8,0.10220110416412354,0.10730509757995606,0.08895300030708313,0.07625280022621155,0.07070080041885377,0.07148870229721069,1.429611964967941,1.445543806557381,0.988978651828351,0.0
bf16,128,128,64,32,contiguous,2,1,graph_lds_chunked(chunk=8),chunk8,0.10217310190200805,0.10806920528411865,0.08866090178489686,0.0762008011341095,0.07058470249176026,0.07064480185508729,1.4462932759241698,1.4475247227107784,0.9991492740902536,0.0
bf16,128,128,64,32,page-cross,0,1,graph_lds_chunked(chunk=8),chunk8,0.10413719415664673,0.10816919803619385,0.08893300294876098,0.0758288025856018,0.06977270245552063,0.07129279971122741,1.46069721736916,1.4925205774139694,0.9786781096847934,0.0
bf16,128,128,64,32,page-cross,1,1,graph_lds_chunked(chunk=8),chunk8,0.1022691011428833,0.10714110136032104,0.08748900294303893,0.07528489828109741,0.07001280188560485,0.07101269960403442,1.4401522785802263,1.4607200167475454,0.9859194520979349,0.0
bf16,128,128,64,32,page-cross,2,1,graph_lds_chunked(chunk=8),chunk8,0.10109310150146485,0.10664520263671876,0.0867048978805542,0.07478079795837403,0.06954879760742187,0.07155280113220215,1.4128461765554579,1.4535564233920952,0.971992661460204,0.0
bf16,128,128,64,32,tail-negative,0,1,graph_lds_chunked(chunk=8),chunk8,0.1019212007522583,0.10659719705581665,0.08546090126037598,0.0742368996143341,0.06916080117225647,0.06922079920768738,1.4724071654598774,1.473684500825932,0.9991332368866344,0.0
bf16,128,128,64,32,tail-negative,1,1,graph_lds_chunked(chunk=8),chunk8,0.10224909782409668,0.10980520248413086,0.08868499994277954,0.07648890018463135,0.06970080137252807,0.07151280045509338,1.4298013386890676,1.4669716245815965,0.9746618917028266,0.0
bf16,128,128,64,32,tail-negative,2,1,graph_lds_chunked(chunk=8),chunk8,0.10040110349655151,0.10652920007705688,0.08587290048599243,0.07418479919433593,0.0692848026752472,0.07056879997253418,1.4227406946926724,1.4491071579889334,0.9818050285992291,0.0
bf16,128,128,128,8,random,0,1,graph_global,global,0.054844599962234494,0.05660459995269775,0.079584801197052,0.06462870240211487,0.05651260018348694,0.055084598064422605,0.9956430996935399,1.0,0.9956430996935399,0.0
bf16,128,128,128,8,random,1,1,graph_global,global,0.055004602670669554,0.056500601768493655,0.07968080043792725,0.06465669870376586,0.05695260167121887,0.055012601613998416,0.9998545979812955,1.0,0.9998545979812955,0.0
bf16,128,128,128,8,random,2,1,graph_global,global,0.05477259755134582,0.05675259828567505,0.07937690019607543,0.06521270275115967,0.056672698259353636,0.05482460260391235,0.9990514285540336,1.0,0.9990514285540336,0.0
bf16,128,128,128,8,contiguous,0,1,graph_global,global,0.055280601978302,0.057176601886749265,0.07983289957046509,0.06515269875526428,0.05709660053253174,0.05516059994697571,1.0021755026493846,1.0,1.0021755026493846,0.0
bf16,128,128,128,8,contiguous,1,1,graph_global,global,0.055180597305297854,0.05714060068130493,0.08051289916038513,0.06616479754447938,0.05812860131263733,0.05498859882354736,1.0034916052756062,1.0,1.0034916052756062,0.0
bf16,128,128,128,8,contiguous,2,1,graph_global,global,0.0551006019115448,0.05691270232200622,0.07997289896011353,0.0648527979850769,0.05707659721374512,0.05516059994697571,0.9989123027035858,1.0,0.9989123027035858,0.0
bf16,128,128,128,8,page-cross,0,1,graph_global,global,0.05509260296821594,0.056916600465774535,0.07961279749870301,0.06576870083808899,0.05656059980392456,0.0550246000289917,1.0012358643077535,1.0,1.0012358643077535,0.0
bf16,128,128,128,8,page-cross,1,1,graph_global,global,0.05536059737205505,0.05690469741821289,0.07970489859580994,0.06524069905281067,0.056896597146987915,0.05504860281944275,1.0056676198238061,1.0,1.0056676198238061,0.0
bf16,128,128,128,8,page-cross,2,1,graph_global,global,0.05510860085487366,0.05690860152244568,0.07980080246925354,0.06469669938087463,0.0568526029586792,0.05496870279312134,1.0025450493579744,1.0,1.0025450493579744,0.0
bf16,128,128,128,8,tail-negative,0,1,graph_global,global,0.054960602521896364,0.056732600927352904,0.07919690012931824,0.06445270180702209,0.05666469931602478,0.05468459725379944,1.005047221374164,1.0,1.005047221374164,0.0
bf16,128,128,128,8,tail-negative,1,1,graph_global,global,0.05527660250663757,0.05676460266113281,0.07926890254020691,0.06464470028877259,0.05653660297393799,0.05488860011100769,1.0070689067464862,1.0,1.0070689067464862,0.0
bf16,128,128,128,8,tail-negative,2,1,graph_global,global,0.05485659837722778,0.056632602214813234,0.0787889003753662,0.06438469886779785,0.05639259815216065,0.0545166015625,1.0062365739056203,1.0,1.0062365739056203,0.0
bf16,128,128,128,16,random,0,1,graph_global,global,0.09817699790000915,0.10165319442749024,0.15407769680023192,0.12532529830932618,0.11059720516204834,0.09775699973106385,1.0042963488046968,1.0,1.0042963488046968,0.0
bf16,128,128,128,16,random,1,1,graph_global,lds,0.10098910331726074,0.0999330997467041,0.15061370134353638,0.12196929454803467,0.10986920595169067,0.09966909885406494,1.0132438687454026,1.0105671051256615,1.0026487737490806,0.0
bf16,128,128,128,16,random,2,1,graph_global,global,0.09964110255241394,0.09988909959793091,0.14934569597244263,0.12144540548324585,0.10732120275497437,0.09899709820747375,1.0065052850699776,1.0,1.0065052850699776,0.0
bf16,128,128,128,16,contiguous,0,1,graph_global,global,0.09881709814071656,0.10036109685897827,0.15124560594558717,0.1220093011856079,0.10772910118103027,0.09852510094642639,1.0029636832795426,1.0,1.0029636832795426,0.0
bf16,128,128,128,16,contiguous,1,1,graph_global,global,0.09814509749412537,0.1015010952949524,0.15744580030441285,0.12178540229797363,0.10798519849777222,0.09834110140800476,0.9980068973087235,1.0,0.9980068973087235,0.0
bf16,128,128,128,16,contiguous,2,1,graph_global,global,0.098329097032547,0.10058109760284424,0.1552256941795349,0.12287739515304566,0.10790519714355469,0.09806910157203674,1.0026511455325129,1.0,1.0026511455325129,0.0
bf16,128,128,128,16,page-cross,0,1,graph_global,global,0.09812510013580322,0.10094510316848755,0.1514575958251953,0.1223052978515625,0.1083171010017395,0.09840909838676452,0.9971141057522431,1.0,0.9971141057522431,0.0
bf16,128,128,128,16,page-cross,1,1,graph_global,global,0.09852110147476197,0.10040110349655151,0.1571418046951294,0.12548940181732177,0.10953719615936279,0.09822109937667847,1.003054354919537,1.0,1.003054354919537,0.0
bf16,128,128,128,16,page-cross,2,1,graph_global,global,0.09851310253143311,0.10125709772109985,0.15474170446395874,0.12364139556884765,0.10856519937515259,0.09813709855079651,1.0038314152974674,1.0,1.0038314152974674,0.0
bf16,128,128,128,16,tail-negative,0,1,graph_global,global,0.09794099926948548,0.10197720527648926,0.15343769788742065,0.12214139699935914,0.1071571946144104,0.09785310029983521,1.0008982747545139,1.0,1.0008982747545139,0.0
bf16,128,128,128,16,tail-negative,1,1,graph_global,global,0.09763699769973755,0.09992110133171081,0.1514296054840088,0.12401330471038818,0.10980520248413086,0.09793300032615662,0.9969774986426101,1.0,0.9969774986426101,0.0
bf16,128,128,128,16,tail-negative,2,1,graph_global,global,0.09948710203170777,0.10150519609451295,0.15410170555114747,0.1253653049468994,0.10952919721603394,0.09777299761772155,1.0175314704033942,1.0,1.0175314704033942,0.0
bf16,128,128,128,32,random,0,1,graph_global,global,0.1808419942855835,0.19629420042037965,0.28499910831451414,0.23131461143493653,0.20073020458221436,0.19111809730529786,0.9462316590390758,1.0,0.9462316590390758,0.0
bf16,128,128,128,32,random,1,1,graph_global,global,0.18118200302124024,0.19367419481277465,0.2815830945968628,0.22834250926971436,0.20143818855285645,0.1893900990486145,0.9566603741768606,1.0,0.9566603741768606,0.0
bf16,128,128,128,32,random,2,1,graph_global,global,0.18157399892807008,0.19757820367813111,0.28305509090423586,0.2288425922393799,0.20104620456695557,0.1870980978012085,0.9704748528282325,1.0,0.9704748528282325,0.0
bf16,128,128,128,32,contiguous,0,1,graph_global,global,0.18290599584579467,0.19399410486221313,0.2869710922241211,0.23263449668884278,0.20083420276641845,0.18682210445404052,0.9790383015987852,1.0,0.9790383015987852,0.0
bf16,128,128,128,32,contiguous,1,1,graph_global,global,0.18280999660491942,0.19960219860076905,0.28692309856414794,0.22977859973907472,0.20162620544433593,0.18780210018157958,0.9734182760904513,1.0,0.9734182760904513,0.0
bf16,128,128,128,32,contiguous,2,1,graph_global,global,0.18191800117492676,0.19587010145187378,0.2835270881652832,0.23093049526214598,0.2015821933746338,0.18813010454177856,0.9669797484991444,1.0,0.9669797484991444,0.0
bf16,128,128,128,32,page-cross,0,1,graph_global,global,0.18284599781036376,0.19900619983673096,0.2876950979232788,0.2321225881576538,0.20115020275115966,0.18927010297775268,0.966058531874186,1.0,0.966058531874186,0.0
bf16,128,128,128,32,page-cross,1,1,graph_global,global,0.182614004611969,0.19497809410095215,0.28547909259796145,0.22989060878753662,0.2012861967086792,0.19046610593795776,0.9587742853915096,1.0,0.9587742853915096,0.0
bf16,128,128,128,32,page-cross,2,1,graph_global,global,0.18206199407577514,0.19773019552230836,0.2858191967010498,0.23045449256896972,0.2013901948928833,0.1906941056251526,0.9547332020511132,1.0,0.9547332020511132,0.0
bf16,128,128,128,32,tail-negative,0,1,graph_global,global,0.18082599639892577,0.19343010187149048,0.28457911014556886,0.23113861083984374,0.20135419368743895,0.18761810064315795,0.9637982464327869,1.0,0.9637982464327869,0.0
bf16,128,128,128,32,tail-negative,1,1,graph_global,global,0.18032599687576295,0.1986981987953186,0.2837151050567627,0.22836649417877197,0.19960620403289794,0.18604999780654907,0.9692340714954599,1.0,0.9692340714954599,0.0
bf16,128,128,128,32,tail-negative,2,1,graph_global,global,0.18028999567031861,0.19622210264205933,0.2883152008056641,0.2285904884338379,0.20051419734954834,0.1864261031150818,0.9670855779194434,1.0,0.9670855779194434,0.0
bf16,128,256,32,8,random,0,1,graph_lds_chunked(chunk=4),chunk4,0.03153640031814575,0.034156298637390135,0.02907629907131195,0.02695629894733429,0.034020400047302245,0.02676829993724823,1.1781248862301743,1.1699083906050978,1.0070231957399902,0.0
bf16,128,256,32,8,random,1,1,graph_lds_chunked(chunk=4),chunk4,0.03145230114459992,0.03406839966773987,0.029064300656318664,0.02692430019378662,0.03402029871940613,0.026752200722694398,1.1756902346324851,1.1681752512868742,1.0064330958367185,0.0
bf16,128,256,32,8,random,2,1,graph_lds_chunked(chunk=4),chunk4,0.03269540071487427,0.034160399436950685,0.02910430133342743,0.02695629894733429,0.03392840027809143,0.026752299070358275,1.2221529308148693,1.2129039219646849,1.007625508239105,0.0
bf16,128,256,32,8,contiguous,0,1,graph_lds_chunked(chunk=4),chunk4,0.03128829896450043,0.03369239866733551,0.029428398609161376,0.026972299814224242,0.03395630121231079,0.027120301127433778,1.1536855294298511,1.160015986030234,0.9945427850334662,0.0
bf16,128,256,32,8,contiguous,1,1,graph_lds_chunked(chunk=4),chunk4,0.031200298666954042,0.03371640145778656,0.029484400153160097,0.026936298608779906,0.033972299098968504,0.027072298526763915,1.1524805932569466,1.158299405575504,0.9949764177633621,0.0
bf16,128,256,32,8,contiguous,2,1,graph_lds_chunked(chunk=4),chunk4,0.03140830099582672,0.03393639922142029,0.029296299815177916,0.02711629867553711,0.03378440141677856,0.02695629894733429,1.165156279695165,1.158281274728753,1.0059355228444162,0.0
bf16,128,256,32,8,page-cross,0,1,graph_lds_chunked(chunk=4),chunk4,0.03121640086174011,0.03387640118598938,0.02947629988193512,0.02676829993724823,0.03480840027332306,0.027104300260543824,1.1517139554118039,1.1661704678638305,0.9876034311874594,0.0
bf16,128,256,32,8,page-cross,1,1,graph_lds_chunked(chunk=4),chunk4,0.03150430023670196,0.03405239880084991,0.02926029860973358,0.027068299055099488,0.033832401037216187,0.026892301440238953,1.1714988509522684,1.1638817855740649,1.0065445352548812,0.0
bf16,128,256,32,8,page-cross,2,1,graph_lds_chunked(chunk=4),chunk4,0.031344398856163025,0.03370839953422546,0.029412299394607544,0.02676829993724823,0.03403240144252777,0.02692829966545105,1.163994728429802,1.1709521684097364,0.9940583055673544,0.0
bf16,128,256,32,8,tail-negative,0,1,graph_lds_chunked(chunk=4),chunk4,0.031456398963928225,0.03429639935493469,0.029108300805091858,0.027024298906326294,0.034124401211738584,0.026852300763130187,1.1714601009951349,1.1640042567973665,1.0064053410064686,0.0
bf16,128,256,32,8,tail-negative,1,1,graph_lds_chunked(chunk=4),chunk4,0.03154039978981018,0.03419640064239502,0.029364299774169923,0.0266882985830307,0.03411639928817749,0.026940301060676575,1.1707515709929515,1.181806314542082,0.9906458922979999,0.0
bf16,128,256,32,8,tail-negative,2,1,graph_lds_chunked(chunk=4),chunk4,0.03133229911327362,0.03409639894962311,0.028984299302101134,0.02690429985523224,0.03393239974975586,0.026720300316810608,1.1726028054243631,1.164583329871721,1.0068861328742578,0.0
bf16,128,256,32,16,random,0,1,graph_lds_chunked(chunk=8),chunk8,0.05364059805870056,0.057528597116470334,0.04822849929332733,0.0425603985786438,0.041640499234199525,0.04148440062999725,1.2930305667695534,1.2881833562323217,1.0037628265524319,0.0
bf16,128,256,32,16,random,1,1,graph_lds_chunked(chunk=8),chunk8,0.05548059940338135,0.05801270008087158,0.048504498600959775,0.0426485002040863,0.04219650030136109,0.04193240106105804,1.3230961738297715,1.3148151862630126,1.0062982141165369,0.0
bf16,128,256,32,16,random,2,1,graph_lds_chunked(chunk=8),chunk8,0.053516602516174315,0.05940070152282715,0.0498885989189148,0.04388050138950348,0.042888501286506654,0.04230450093746185,1.2650333021369795,1.247807708613297,1.0138046859342016,0.0
bf16,128,256,32,16,contiguous,0,1,graph_lds_chunked(chunk=8),chunk8,0.054640597105026244,0.058784598112106325,0.04846450090408325,0.04236850142478943,0.04198839962482452,0.042968499660491946,1.2716431231427516,1.3013260232171708,0.9771902662785177,0.0
bf16,128,256,32,16,contiguous,1,1,graph_lds_chunked(chunk=8),chunk8,0.052568602561950686,0.05743259787559509,0.048368600010871884,0.04284850060939789,0.04180850088596344,0.04172050058841705,1.2600184997910935,1.2573663596629887,1.0021092819190867,0.0
bf16,128,256,32,16,contiguous,2,1,graph_lds_chunked(chunk=8),chunk8,0.053268599510192874,0.05722460150718689,0.048424598574638364,0.04247249960899353,0.042012399435043334,0.04211649894714355,1.2647917287010317,1.26792566543487,0.9975282961617759,0.0
bf16,128,256,32,16,page-cross,0,1,graph_lds_chunked(chunk=8),chunk8,0.05506460070610046,0.05733270049095154,0.048248499631881714,0.04265640079975128,0.04170849919319153,0.04186440110206604,1.3153084543560563,1.3202249366740382,0.996276026772856,0.0
bf16,128,256,32,16,page-cross,1,1,graph_lds_chunked(chunk=8),chunk8,0.056668597459793094,0.05805259943008423,0.04863260090351105,0.042624399065971375,0.041640499234199525,0.04235250055789948,1.3380224712428086,1.3609010098815273,0.9831886827384233,0.0
bf16,128,256,32,16,page-cross,2,1,graph_lds_chunked(chunk=8),chunk8,0.05374860167503357,0.05736070275306702,0.04824450016021729,0.042536398768424986,0.041632500290870664,0.04160040020942688,1.2920212643255735,1.2910250717471268,1.0007716291497721,0.0
bf16,128,256,32,16,tail-negative,0,1,graph_lds_chunked(chunk=8),chunk8,0.05232449769973755,0.057568597793579104,0.048192501068115234,0.042644500732421875,0.04178450107574463,0.04150849878787995,1.2605731170170809,1.2522465591939604,1.0066492958291537,0.0
bf16,128,256,32,16,tail-negative,1,1,graph_lds_chunked(chunk=8),chunk8,0.05416849851608276,0.0595566987991333,0.04846850037574768,0.04265640079975128,0.041660499572753903,0.04294849932193756,1.2612431021172879,1.3002364127075694,0.9700105994500776,0.0
bf16,128,256,32,16,tail-negative,2,1,graph_lds_chunked(chunk=8),chunk8,0.0558925986289978,0.05762060284614563,0.04850060045719147,0.042188501358032225,0.04186440110206604,0.04159649908542633,1.3436851624030117,1.3350865450751537,1.0064404943331775,0.0
bf16,128,256,32,32,random,0,1,graph_lds_chunked(chunk=8),chunk8,0.09765300154685974,0.1068452000617981,0.08626090288162232,0.07537279725074768,0.07093269824981689,0.06881269812583923,1.4191131027630923,1.3766993778093282,1.0308082691380707,0.0
bf16,128,256,32,32,random,1,1,graph_lds_chunked(chunk=8),chunk8,0.10168110132217408,0.11033719778060913,0.08931699991226197,0.07584879994392395,0.07141280174255371,0.0714286983013153,1.4235328900051045,1.423849769803724,0.9997774485726376,0.0
bf16,128,256,32,32,random,2,1,graph_lds_chunked(chunk=8),chunk8,0.10169709920883178,0.10937319993972779,0.08552089929580689,0.07403680086135864,0.06930080056190491,0.07143679857254029,1.4235954191811069,1.4674736566425082,0.9700994717944087,0.0
bf16,128,256,32,32,contiguous,0,1,graph_lds_chunked(chunk=8),chunk8,0.10015710592269897,0.10784510374069214,0.08735700249671936,0.07564079761505127,0.07078480124473571,0.07155680060386657,1.3996867534249007,1.4149521388978639,0.9892113767997455,0.0
bf16,128,256,32,32,contiguous,1,1,graph_lds_chunked(chunk=8),chunk8,0.10040110349655151,0.10886520147323608,0.08661289811134339,0.07531279921531678,0.07109670042991638,0.072188800573349,1.390812739637318,1.412176695816172,0.9848716125665092,0.0
bf16,128,256,32,32,contiguous,2,1,graph_lds_chunked(chunk=8),chunk8,0.10136510133743286,0.1059770941734314,0.08394889831542969,0.07352480292320251,0.0692887008190155,0.06874079704284668,1.4745988655652509,1.4629384032210682,1.007970576422431,0.0
bf16,128,256,32,32,page-cross,0,1,graph_lds_chunked(chunk=8),chunk8,0.10054910182952881,0.10848920345306397,0.08808900117874145,0.07509289979934693,0.06891679763793945,0.06988080143928528,1.438865893902049,1.4589926589127442,0.9862050265381775,0.0
bf16,128,256,32,32,page-cross,1,1,graph_lds_chunked(chunk=8),chunk8,0.10001310110092163,0.10863319635391236,0.08720499873161316,0.07386879920959473,0.06872479915618897,0.0711287021636963,1.4060864047645703,1.4552694562791604,0.9662034743446469,0.0
bf16,128,256,32,32,page-cross,2,1,graph_lds_chunked(chunk=8),chunk8,0.10384119749069214,0.1080132007598877,0.08677290081977844,0.07340480089187622,0.06878479719161987,0.07004079818725586,1.482581583566053,1.5096533206518377,0.9820675802083516,0.0
bf16,128,256,32,32,tail-negative,0,1,graph_lds_chunked(chunk=8),chunk8,0.09739699959754944,0.10703320503234863,0.08496490120887756,0.07354080080986022,0.0684328019618988,0.06876069903373719,1.4164631972365778,1.4232502075799407,0.9952313301573984,0.0
bf16,128,256,32,32,tail-negative,1,1,graph_lds_chunked(chunk=8),chunk8,0.09830899834632874,0.10647720098495483,0.08428900241851807,0.0731927990913391,0.06853669881820679,0.07070879936218262,1.3903361283618063,1.4343993807914912,0.969281043327437,0.0
bf16,128,256,32,32,tail-negative,2,1,graph_lds_chunked(chunk=8),chunk8,0.09908509850502015,0.10608509778976441,0.08408889770507813,0.07318879961967469,0.06899679899215698,0.06854069828987122,1.4456388828425855,1.436082542268133,1.0066544507667083,0.0
bf16,128,256,64,8,random,0,1,graph_global,global,0.05461660027503967,0.0575967013835907,0.07937290072441101,0.06510869860649109,0.05690460205078125,0.05583660006523132,0.9781505358713393,1.0,0.9781505358713393,0.0
bf16,128,256,64,8,random,1,1,graph_global,global,0.054312598705291745,0.056204700469970705,0.0790569007396698,0.06460469961166382,0.05628470182418823,0.05471659898757934,0.9926164949985414,1.0,0.9926164949985414,0.0
bf16,128,256,64,8,random,2,1,graph_global,global,0.05470860004425049,0.05640869736671448,0.07855690121650696,0.06428470015525818,0.05622460246086121,0.05435659885406494,1.006475776586585,1.0,1.006475776586585,0.0
bf16,128,256,64,8,contiguous,0,1,graph_global,global,0.05572059750556946,0.05627260208129883,0.07897289991378784,0.0639726996421814,0.056032699346542356,0.05485659837722778,1.0157501404370772,1.0,1.0157501404370772,0.0
bf16,128,256,64,8,contiguous,1,1,graph_global,global,0.054528599977493285,0.056088602542877196,0.07917289733886719,0.06404070258140564,0.05603259801864624,0.054844599962234494,0.9942382662110982,1.0,0.9942382662110982,0.0
bf16,128,256,64,8,contiguous,2,1,graph_global,global,0.05510460138320923,0.05640860199928284,0.07891290187835694,0.06394870281219482,0.05620459914207458,0.054656600952148436,1.008196639074812,1.0,1.008196639074812,0.0
bf16,128,256,64,8,page-cross,0,1,graph_global,global,0.05509660243988037,0.05615260004997254,0.0785169005393982,0.06423270106315612,0.05621269941329956,0.054604601860046384,1.0090102402192218,1.0,1.0090102402192218,0.0
bf16,128,256,64,8,page-cross,1,1,graph_global,global,0.05482059717178345,0.05618460178375244,0.07879279851913452,0.06430469751358033,0.05590860247611999,0.05517659783363342,0.9935479772978506,1.0,0.9935479772978506,0.0
bf16,128,256,64,8,page-cross,2,1,graph_global,global,0.05472059845924378,0.05572069883346557,0.0782168984413147,0.06386070251464844,0.05602059960365295,0.054844599962234494,0.9977390389741907,1.0,0.9977390389741907,0.0
bf16,128,256,64,8,tail-negative,0,1,graph_global,global,0.05436059832572937,0.05630459785461426,0.07802090048789978,0.06407269835472107,0.05632060170173645,0.053984600305557254,1.0069649125499482,1.0,1.0069649125499482,0.0
bf16,128,256,64,8,tail-negative,1,1,graph_global,global,0.05434859991073608,0.05634859800338745,0.07839679718017578,0.06423670053482056,0.05623660087585449,0.05404059886932373,1.0056994379754587,1.0,1.0056994379754587,0.0
bf16,128,256,64,8,tail-negative,2,1,graph_global,global,0.0543366014957428,0.056228601932525636,0.07857689857482911,0.06424469947814941,0.056256598234176634,0.05449259877204895,0.997137275890278,1.0,0.997137275890278,0.0
bf16,128,256,64,16,random,0,1,graph_global,global,0.09739310145378113,0.10114909410476684,0.14833370447158814,0.12212940454483032,0.10870519876480103,0.09740509986877441,0.999876819437489,1.0,0.999876819437489,0.0
bf16,128,256,64,16,random,1,1,graph_global,global,0.09764509797096252,0.10178509950637818,0.15265359878540039,0.12174530029296875,0.10716910362243652,0.09699710011482239,1.0066805899905569,1.0,1.0066805899905569,0.0
bf16,128,256,64,16,random,2,1,graph_global,global,0.0975530982017517,0.09994509816169739,0.1524777054786682,0.12386139631271362,0.10848519802093506,0.09698110222816467,1.0058980147724175,1.0,1.0058980147724175,0.0
bf16,128,256,64,16,contiguous,0,1,graph_global,global,0.0988731026649475,0.10062509775161743,0.1487017035484314,0.12082140445709229,0.10676920413970947,0.09802510142326355,1.0086508580901372,1.0,1.0086508580901372,0.0
bf16,128,256,64,16,contiguous,1,1,graph_global,global,0.09770510196685792,0.10094109773635865,0.15086959600448607,0.12337340116500854,0.11028120517730713,0.09772099852561951,0.9998373270944686,1.0,0.9998373270944686,0.0
bf16,128,256,64,16,contiguous,2,1,graph_global,lds,0.09954910278320313,0.0994970977306366,0.15080169439315796,0.12171740531921386,0.10913319587707519,0.0985850989818573,1.009778392589769,1.0005226790906738,1.009250878258459,0.0
bf16,128,256,64,16,page-cross,0,1,graph_global,global,0.09875310063362122,0.09954109787940979,0.14833359718322753,0.12120929956436158,0.10794119834899903,0.09756109714508057,1.0122180205371005,1.0,1.0122180205371005,0.0
bf16,128,256,64,16,page-cross,1,1,graph_global,lds,0.09994109869003295,0.09926509857177734,0.1483016014099121,0.1215852975845337,0.10902919769287109,0.09938910007476806,1.005553915015325,1.006810048324959,0.9987523631575551,0.0
bf16,128,256,64,16,page-cross,2,1,graph_global,global,0.09766510128974915,0.0994090974330902,0.14762959480285645,0.12020529508590698,0.10681719779968261,0.09758909940719604,1.0007787947938322,1.0,1.0007787947938322,0.0
bf16,128,256,64,16,tail-negative,0,1,graph_global,global,0.09737300276756286,0.100429105758667,0.15172959566116334,0.12409340143203736,0.1069532036781311,0.09696900248527526,1.0041662827494688,1.0,1.0041662827494688,0.0
bf16,128,256,64,16,tail-negative,1,1,graph_global,global,0.09693310260772706,0.10107710361480712,0.15034569501876832,0.12136130332946778,0.1070971965789795,0.09720110297203063,0.9972428258928225,1.0,0.9972428258928225,0.0
bf16,128,256,64,16,tail-negative,2,1,graph_global,global,0.09709299802780151,0.102321195602417,0.15304169654846192,0.12439329624176025,0.10907319784164429,0.09756500124931336,0.9951621666020819,1.0,0.9951621666020819,0.0
bf16,128,256,64,32,random,0,1,graph_global,global,0.17964199781417847,0.19659019708633424,0.2825470924377441,0.23173050880432128,0.2010183095932007,0.18571000099182128,0.967325382880645,1.0,0.967325382880645,0.0
bf16,128,256,64,32,random,1,1,graph_global,global,0.1797819972038269,0.19890220165252687,0.27772300243377684,0.22773048877716065,0.20194621086120607,0.18516600131988525,0.9709233656412055,1.0,0.9709233656412055,0.0
bf16,128,256,64,32,random,2,1,graph_global,global,0.18014999628067016,0.19532209634780884,0.281679105758667,0.22701449394226075,0.1996261954307556,0.1844061017036438,0.9769199316961129,1.0,0.9769199316961129,0.0
bf16,128,256,64,32,contiguous,0,1,graph_global,global,0.1808060050010681,0.20167019367218017,0.2830751895904541,0.22801449298858642,0.1985901951789856,0.18827409744262696,0.9603339357723671,1.0,0.9603339357723671,0.0
bf16,128,256,64,32,contiguous,1,1,graph_global,global,0.18380700349807738,0.1951982021331787,0.2845391035079956,0.22977058887481688,0.19998619556427003,0.18929009437561034,0.9710333977294512,1.0,0.9710333977294512,0.0
bf16,128,256,64,32,contiguous,2,1,graph_global,global,0.18128600120544433,0.1876541018486023,0.28547110557556155,0.23229060173034669,0.19947420358657836,0.18183000087738038,0.9970081962860303,1.0,0.9970081962860303,0.0
bf16,128,256,64,32,page-cross,0,1,graph_global,global,0.179121994972229,0.19635009765625,0.28147110939025877,0.2262665033340454,0.19927020072937013,0.18901799917221068,0.9476451753625557,1.0,0.9476451753625557,0.0
bf16,128,256,64,32,page-cross,1,1,graph_global,global,0.17979400157928466,0.19153809547424316,0.28597910404205323,0.2300945997238159,0.1994621992111206,0.18083399534225464,0.9942489034708234,1.0,0.9942489034708234,0.0
bf16,128,256,64,32,page-cross,2,1,graph_global,global,0.178921902179718,0.19483410120010375,0.27638700008392336,0.2266585111618042,0.19924620389938355,0.19117809534072877,0.9358912267685947,1.0,0.9358912267685947,0.0
bf16,128,256,64,32,tail-negative,0,1,graph_global,global,0.17903000116348267,0.19147809743881225,0.2858272075653076,0.225746488571167,0.19921820163726806,0.1792739987373352,0.9986389684194525,1.0,0.9986389684194525,0.0
bf16,128,256,64,32,tail-negative,1,1,graph_global,global,0.17959400415420532,0.19615010023117066,0.2777829885482788,0.22674250602722168,0.1987341046333313,0.1884260058403015,0.9531274802185127,1.0,0.9531274802185127,0.0
bf16,128,256,64,32,tail-negative,2,1,graph_global,global,0.1785539984703064,0.18837809562683105,0.28371520042419435,0.23100249767303466,0.19900209903717042,0.17899789810180664,0.9975200846702247,1.0,0.9975200846702247,0.0
bf16,128,256,128,8,random,0,0,graph_global,global,0.10221710205078124,,,,,0.10157320499420167,1.0063392413049912,1.0,1.0063392413049912,0.0
bf16,128,256,128,8,random,1,0,graph_global,global,0.10272109508514404,,,,,0.10176910161972046,1.009354445015943,1.0,1.009354445015943,0.0
bf16,128,256,128,8,random,2,0,graph_global,global,0.10442119836807251,,,,,0.105069100856781,0.9938335582637978,1.0,0.9938335582637978,0.0
bf16,128,256,128,8,contiguous,0,0,graph_global,global,0.1049172043800354,,,,,0.10371710062026977,1.0115709343260517,1.0,1.0115709343260517,0.0
bf16,128,256,128,8,contiguous,1,0,graph_global,global,0.10608119964599609,,,,,0.10336920022964477,1.0262360491357807,1.0,1.0262360491357807,0.0
bf16,128,256,128,8,contiguous,2,0,graph_global,global,0.10292119979858398,,,,,0.10145310163497925,1.0144707075480732,1.0,1.0144707075480732,0.0
bf16,128,256,128,8,page-cross,0,0,graph_global,global,0.10381319522857665,,,,,0.10540109872817993,0.9849346589479268,1.0,0.9849346589479268,0.0
bf16,128,256,128,8,page-cross,1,0,graph_global,global,0.10501719713211059,,,,,0.10426119565963746,1.0072510339795173,1.0,1.0072510339795173,0.0
bf16,128,256,128,8,page-cross,2,0,graph_global,global,0.10482510328292846,,,,,0.10374109745025635,1.0104491456068496,1.0,1.0104491456068496,0.0
bf16,128,256,128,8,tail-negative,0,0,graph_global,global,0.10170520544052124,,,,,0.1015010952949524,1.0020109156948083,1.0,1.0020109156948083,0.0
bf16,128,256,128,8,tail-negative,1,0,graph_global,global,0.10218909978866578,,,,,0.105069100856781,0.972589457370146,1.0,0.972589457370146,0.0
bf16,128,256,128,8,tail-negative,2,0,graph_global,global,0.10480109453201295,,,,,0.10492910146713257,0.9987800626010344,1.0,0.9987800626010344,0.0
bf16,128,256,128,16,random,0,0,graph_global,global,0.18394999504089354,,,,,0.1847460985183716,0.9956908238719916,1.0,0.9956908238719916,0.0
bf16,128,256,128,16,random,1,0,graph_global,global,0.18819810152053834,,,,,0.19195419549942017,0.9804323423663164,1.0,0.9804323423663164,0.0
bf16,128,256,128,16,random,2,0,graph_global,global,0.18965810537338257,,,,,0.18803009986877442,1.0086582175180694,1.0,1.0086582175180694,0.0
bf16,128,256,128,16,contiguous,0,0,graph_global,global,0.1907500982284546,,,,,0.1903301000595093,1.0022066828568577,1.0,1.0022066828568577,0.0
bf16,128,256,128,16,contiguous,1,0,graph_global,global,0.18781009912490845,,,,,0.18683409690856934,1.0052238977386272,1.0,1.0052238977386272,0.0
bf16,128,256,128,16,contiguous,2,0,graph_global,global,0.1908980965614319,,,,,0.19094610214233398,0.9997485909355389,1.0,0.9997485909355389,0.0
bf16,128,256,128,16,page-cross,0,0,graph_global,global,0.18975809812545777,,,,,0.18625400066375733,1.018813541986818,1.0,1.018813541986818,0.0
bf16,128,256,128,16,page-cross,1,0,graph_global,global,0.18817410469055176,,,,,0.18782199621200563,1.0018746924516162,1.0,1.0018746924516162,0.0
bf16,128,256,128,16,page-cross,2,0,graph_global,global,0.18821409940719605,,,,,0.1872339963912964,1.0052346423982286,1.0,1.0052346423982286,0.0
bf16,128,256,128,16,tail-negative,0,0,graph_global,global,0.18833409547805785,,,,,0.18533799648284913,1.0161655950321336,1.0,1.0161655950321336,0.0
bf16,128,256,128,16,tail-negative,1,0,graph_global,global,0.18927810192108155,,,,,0.18757009506225586,1.0091059657364827,1.0,1.0091059657364827,0.0
bf16,128,256,128,16,tail-negative,2,0,graph_global,global,0.1891860008239746,,,,,0.18851410150527953,1.0035641859857165,1.0,1.0035641859857165,0.0
bf16,128,256,128,32,random,0,0,graph_global,global,0.3635839939117432,,,,,0.3672360897064209,0.990055182763771,1.0,0.990055182763771,0.0
bf16,128,256,128,32,random,1,0,graph_global,global,0.371920108795166,,,,,0.37490019798278806,0.9920509799577143,1.0,0.9920509799577143,0.0
bf16,128,256,128,32,random,2,0,graph_global,global,0.37500810623168945,,,,,0.37358009815216064,1.0038224950595391,1.0,1.0038224950595391,0.0
bf16,128,256,128,32,contiguous,0,0,graph_global,global,0.3758121967315674,,,,,0.37924420833587646,0.9909503915185186,1.0,0.9909503915185186,0.0
bf16,128,256,128,32,contiguous,1,0,graph_global,global,0.37696409225463867,,,,,0.3802881956100464,0.9912589888569239,1.0,0.9912589888569239,0.0
bf16,128,256,128,32,contiguous,2,0,graph_global,global,0.3762840986251831,,,,,0.37916409969329834,0.9924043413644782,1.0,0.9924043413644782,0.0
bf16,128,256,128,32,page-cross,0,0,graph_global,global,0.3748842000961304,,,,,0.37849619388580324,0.9904569878164676,1.0,0.9904569878164676,0.0
bf16,128,256,128,32,page-cross,1,0,graph_global,global,0.37336010932922364,,,,,0.3764441967010498,0.9918073185910332,1.0,0.9918073185910332,0.0
bf16,128,256,128,32,page-cross,2,0,graph_global,global,0.3747560977935791,,,,,0.3778081893920898,0.9919215843271644,1.0,0.9919215843271644,0.0
bf16,128,256,128,32,tail-negative,0,0,graph_global,global,0.37923219203948977,,,,,0.3786041021347046,1.0016589622279415,1.0,1.0016589622279415,0.0
bf16,128,256,128,32,tail-negative,1,0,graph_global,global,0.37830810546875,,,,,0.378420090675354,0.99970407171986,1.0,0.99970407171986,0.0
bf16,128,256,128,32,tail-negative,2,0,graph_global,global,0.3782160997390747,,,,,0.3783241033554077,0.9997145209216777,1.0,0.9997145209216777,0.0
bf16,256,64,32,8,random,0,1,graph_lds,lds,0.023184199631214143,0.020200200378894806,0.021512199938297272,0.02074829936027527,0.020624199509620668,0.02045219987630844,1.1335797504145466,1.14772126990567,0.9876786116438483,0.0
bf16,256,64,32,8,random,1,1,graph_lds,lds,0.022776199877262114,0.019768199324607848,0.020896300673484802,0.020104199647903442,0.020064300298690795,0.020140300691127776,1.1308768536556908,1.152163608999523,0.9815245376806193,0.0
bf16,256,64,32,8,random,2,1,graph_lds,lds,0.022216199338436125,0.019396199285984038,0.020380300283432008,0.019620199501514436,0.019676199555397032,0.01963219940662384,1.1316205015185639,1.1453893111157019,0.9879789260616323,0.0
bf16,256,64,32,8,contiguous,0,1,graph_lds,chunk8,0.02196819931268692,0.019304199516773222,0.01976429969072342,0.019504199922084808,0.019028200209140776,0.019140200316905977,1.1477517972099307,1.1545074716070007,0.9941484359666668,0.0
bf16,256,64,32,8,contiguous,1,1,graph_lds,chunk8,0.021688300371170043,0.019060200452804564,0.01979220062494278,0.019484199583530426,0.019040200114250182,0.018860200047492982,1.1499507065967198,1.139079434093655,1.0095439107911863,0.0
bf16,256,64,32,8,contiguous,2,1,graph_lds,lds,0.021620200574398042,0.01899220049381256,0.0197162002325058,0.01959629952907562,0.01899220049381256,0.018748199939727782,1.1531880737299178,1.1383725957106263,1.0130146123291408,0.0
bf16,256,64,32,8,page-cross,0,1,graph_lds,lds,0.021292200684547423,0.018852199614048003,0.01982019990682602,0.019264300167560578,0.019280199706554414,0.018772199749946594,1.1342411101612104,1.1294279246163517,1.0042616137249252,0.0
bf16,256,64,32,8,page-cross,1,1,graph_lds,chunk8,0.021296299993991852,0.019056199491024016,0.019532200694084168,0.019404199719429017,0.0190201997756958,0.018800200521945955,1.1327698323819544,1.119667524270932,1.0117019631515651,0.0
bf16,256,64,32,8,page-cross,2,1,graph_lds,lds,0.02140430063009262,0.018804199993610382,0.019828200340270996,0.019096200168132783,0.01922429949045181,0.018748199939727782,1.1416723044827632,1.138272334763816,1.0029869562978115,0.0
bf16,256,64,32,8,tail-negative,0,1,graph_lds,chunk8,0.02156819999217987,0.01900019943714142,0.019700199365615845,0.019400200247764586,0.018928200006484985,0.018796199560165407,1.147476644049318,1.1394744341665026,1.0070227199864021,0.0
bf16,256,64,32,8,tail-negative,1,1,graph_lds,lds,0.021684299409389495,0.01902420073747635,0.019772200286388396,0.019396199285984038,0.019088199734687804,0.018796199560165407,1.1536533936011624,1.1398270922716316,1.012130174324928,0.0
bf16,256,64,32,8,tail-negative,2,1,graph_lds,lds,0.02162420004606247,0.018960200250148773,0.019704200327396393,0.01944819986820221,0.019044199585914613,0.01883230060338974,1.1482505776362872,1.1405048343776218,1.0067915040999298,0.0
bf16,256,64,32,16,random,0,1,graph_lds_chunked(chunk=4),chunk4,0.03532840013504028,0.029988300800323487,0.03157230019569397,0.02832440137863159,0.02958030104637146,0.028136301040649413,1.2556163684771573,1.2472779093468371,1.006685325754456,0.0
bf16,256,64,32,16,random,1,1,graph_lds_chunked(chunk=4),chunk4,0.03528839945793152,0.029984399676322937,0.03222439885139465,0.028724300861358642,0.030044299364089967,0.028012299537658693,1.2597466127509849,1.2285207437512684,1.025417453599008,0.0
bf16,256,64,32,16,random,2,1,graph_lds_chunked(chunk=4),chunk4,0.03614040017127991,0.030584299564361574,0.03215230107307434,0.02868430018424988,0.02994840145111084,0.02868430018424988,1.2599366182593523,1.2599366182593523,1.0,0.0
bf16,256,64,32,16,contiguous,0,1,graph_lds_chunked(chunk=4),chunk4,0.03541240096092224,0.030068299174308775,0.03272030055522919,0.02825630009174347,0.02952440083026886,0.028212299942970274,1.2552114160315395,1.2532568257678505,1.0015596087118788,0.0
bf16,256,64,32,16,contiguous,1,1,graph_lds_chunked(chunk=4),chunk4,0.035320401191711426,0.030152300000190736,0.03334429860115051,0.029036301374435424,0.030240398645401,0.028340300917625426,1.2462959124666502,1.216422186016045,1.0245586826630038,0.0
bf16,256,64,32,16,contiguous,2,1,graph_lds_chunked(chunk=4),chunk4,0.03597640097141266,0.03032039999961853,0.032216399908065796,0.028920298814773558,0.030088400840759276,0.028980299830436707,1.2414088598775732,1.2439844139174172,0.9979295929988918,0.0
bf16,256,64,32,16,page-cross,0,1,graph_lds_chunked(chunk=4),chunk4,0.03482440114021301,0.02997629940509796,0.03258439898490906,0.028000301122665404,0.029716300964355468,0.02796030044555664,1.245494525640807,1.2437152367630684,1.0014306240087316,0.0
bf16,256,64,32,16,page-cross,1,1,graph_lds_chunked(chunk=4),chunk8,0.03478839993476868,0.03008430004119873,0.031912299990653994,0.030333301424980162,0.02995229959487915,0.028216299414634705,1.2329185845230037,1.1614600683520253,1.0615247291905348,0.0
bf16,256,64,32,16,page-cross,2,1,graph_lds_chunked(chunk=4),chunk4,0.03544040024280548,0.030624300241470337,0.03158029913902283,0.028372299671173096,0.02969230115413666,0.02859239876270294,1.2395042660441398,1.2491197630629052,0.9923021816617587,0.0
bf16,256,64,32,16,tail-negative,0,1,graph_lds_chunked(chunk=4),chunk4,0.035332399606704715,0.02968829870223999,0.03300839960575104,0.028024300932884216,0.029440298676490784,0.029200300574302673,1.2100012298434528,1.2607771980226292,0.959726454238852,0.0
bf16,256,64,32,16,tail-negative,1,1,graph_lds_chunked(chunk=4),chunk4,0.035348400473594666,0.030044400691986085,0.03150840103626251,0.02833229899406433,0.029424300789833067,0.0281482994556427,1.25579168749779,1.24763615127033,1.0065367905692344,0.0
bf16,256,64,32,16,tail-negative,2,1,graph_lds_chunked(chunk=4),chunk4,0.035304400324821475,0.029972299933433533,0.03276030123233795,0.028032299876213074,0.030228400230407716,0.028100401163101196,1.2563664169741424,1.2594186164075383,0.9975765012573007,0.0
bf16,256,64,32,32,random,0,1,graph_lds_chunked(chunk=8),chunk8,0.0625527024269104,0.051540601253509524,0.054472601413726805,0.0476404994726181,0.04616050124168396,0.045700499415397645,1.3687531477136292,1.3551131539798775,1.0100655754788388,0.0
bf16,256,64,32,32,random,1,1,graph_lds_chunked(chunk=8),chunk8,0.06319270133972169,0.05295649766921997,0.0575406014919281,0.05409659743309021,0.04695650041103363,0.04626860022544861,1.3657794061590067,1.3457711027560508,1.014867538292344,0.0
bf16,256,64,32,32,random,2,1,graph_lds_chunked(chunk=8),chunk8,0.06470869779586792,0.053496599197387695,0.05610859990119934,0.050480598211288454,0.046988499164581296,0.04762049913406372,1.3588412337656648,1.3771177829966454,0.9867284051831715,0.0
bf16,256,64,32,32,contiguous,0,1,graph_lds_chunked(chunk=8),chunk8,0.06484869718551636,0.05386059880256653,0.0584646999835968,0.05096449851989746,0.04663650095462799,0.04773649871349335,1.358472006393423,1.3905137790806126,0.9769568822911089,0.0
bf16,256,64,32,32,contiguous,1,1,graph_lds_chunked(chunk=8),chunk8,0.06474069952964782,0.053224599361419676,0.0607246994972229,0.05085650086402893,0.04584450125694275,0.04616450071334839,1.4023914161152868,1.4121802561837973,0.9930682786240312,0.0
bf16,256,64,32,32,contiguous,2,1,graph_lds_chunked(chunk=8),chunk8,0.06425269842147827,0.05290060043334961,0.055744600296020505,0.04962849915027619,0.04563249945640564,0.04587250053882599,1.400680095193317,1.4080468785818134,0.9947680837189764,0.0
bf16,256,64,32,32,page-cross,0,1,graph_lds_chunked(chunk=8),chunk8,0.06268069744110108,0.053508597612380984,0.056860601902008055,0.049780499935150144,0.04656049907207489,0.04591250121593475,1.3652207085452062,1.3462204806712312,1.0141137563621831,0.0
bf16,256,64,32,32,page-cross,1,1,graph_lds_chunked(chunk=8),chunk8,0.06263669729232788,0.05180050134658813,0.05360450148582459,0.05000060200691223,0.04465250074863434,0.045560500025749205,1.3748026746178774,1.4027589998807304,0.9800704716453573,0.0
bf16,256,64,32,32,page-cross,2,1,graph_lds_chunked(chunk=8),chunk8,0.06176869869232178,0.05194060206413269,0.055068600177764895,0.048392501473426816,0.0446925014257431,0.04559249877929687,1.3547995908566075,1.3820819314611623,0.980259968686725,0.0
bf16,256,64,32,32,tail-negative,0,1,graph_lds_chunked(chunk=8),chunk8,0.06266469955444336,0.052040600776672365,0.05726860165596008,0.04900059998035431,0.04648459851741791,0.045644500851631166,1.3728860735740513,1.348074449453677,1.0184052328344548,0.0
bf16,256,64,32,32,tail-negative,1,1,graph_lds_chunked(chunk=8),chunk8,0.06383270025253296,0.05296059846878052,0.05648459792137146,0.050124502182006835,0.04646449983119964,0.04710850119590759,1.35501445879323,1.373795058258026,0.9863294023719885,0.0
bf16,256,64,32,32,tail-negative,2,1,graph_lds_chunked(chunk=8),chunk8,0.06308469772338868,0.052196598052978514,0.05771260261535645,0.048616498708724976,0.0463685005903244,0.04611650109291077,1.367941977998117,1.3605076058153238,1.0054644106001436,0.0
bf16,256,64,64,8,random,0,1,graph_lds,lds,0.03377229869365692,0.02660430073738098,0.028988298773765565,0.02684830129146576,0.02671630084514618,0.026388299465179444,1.2798209577021438,1.2694300454288725,1.008185494199297,0.0
bf16,256,64,64,8,random,1,1,graph_lds,chunk8,0.03408840000629425,0.026864299178123476,0.028696298599243164,0.028184300661087035,0.02650029957294464,0.026660200953483582,1.278625021085599,1.2863401756067936,0.9940022439884104,0.0
bf16,256,64,64,8,random,2,1,graph_lds,lds,0.03241240084171295,0.026416298747062684,0.02878029942512512,0.02761630117893219,0.02656030058860779,0.02647629976272583,1.2242043311257622,1.2269849441083034,0.9977337839425879,0.0
bf16,256,64,64,8,contiguous,0,1,graph_lds,chunk8,0.0324523001909256,0.026692301034927368,0.028636300563812257,0.02733229994773865,0.0265843003988266,0.0264723002910614,1.2258964968708592,1.220731774169916,1.0042308415413002,0.0
bf16,256,64,64,8,contiguous,1,1,graph_lds,chunk8,0.03492439985275268,0.026672300696372987,0.028644299507141112,0.02724429965019226,0.02655630111694336,0.02639620006084442,1.323084374730089,1.315107841975415,1.0060653069657715,0.0
bf16,256,64,64,8,contiguous,2,1,graph_lds,lds,0.032256299257278444,0.026492300629615783,0.028840398788452147,0.02708030045032501,0.026752299070358275,0.026628300547599792,1.2113540328876131,1.217572596213825,0.9948926549878427,0.0
bf16,256,64,64,8,page-cross,0,1,graph_lds,lds,0.031528300046920775,0.026748299598693848,0.028344300389289857,0.027176299691200258,0.026752299070358275,0.026488301157951356,1.1902726361692884,1.17870296504606,1.0098155951637708,0.0
bf16,256,64,64,8,page-cross,1,1,graph_lds,lds,0.0324523001909256,0.026468300819396974,0.028444400429725646,0.02706030011177063,0.026680299639701845,0.026780301332473756,1.211797424832333,1.2260817349915913,0.9883496264958583,0.0
bf16,256,64,64,8,page-cross,2,1,graph_lds,lds,0.0314164012670517,0.0266882985830307,0.029296299815177916,0.026776298880577087,0.02687230110168457,0.026464301347732543,1.1871237730499713,1.1771601389017463,1.0084641280476254,0.0
bf16,256,64,64,8,tail-negative,0,1,graph_lds,chunk8,0.03369640111923218,0.026624301075935365,0.028948399424552917,0.02751230001449585,0.02653230130672455,0.02642430067062378,1.2752050296147623,1.2700142641110406,1.0040871710266617,0.0
bf16,256,64,64,8,tail-negative,1,1,graph_lds,chunk8,0.032404398918151854,0.026624301075935365,0.02868039906024933,0.02701230049133301,0.026520299911499023,0.026428300142288207,1.2261249775312346,1.2218715107404017,1.0034811080816963,0.0
bf16,256,64,64,8,tail-negative,2,1,graph_lds,chunk8,0.03234040141105652,0.026728299260139466,0.028772300481796263,0.027212300896644594,0.02661629915237427,0.026436299085617065,1.2233331642344614,1.2150600361798098,1.006808822451821,0.0
bf16,256,64,64,16,random,0,1,graph_lds_chunked(chunk=4),chunk4,0.0561165988445282,0.04393649995326996,0.05220460295677185,0.04194439947605133,0.043088498711586,0.04212839901447296,1.3320372992396334,1.337880612084306,0.9956324108504949,0.0
bf16,256,64,64,16,random,1,1,graph_lds_chunked(chunk=4),chunk4,0.05693659782409668,0.045028498768806456,0.052324599027633666,0.04240449965000152,0.0435604989528656,0.042668399214744565,1.3343973261697049,1.3427017956594292,0.9938151050988608,0.0
bf16,256,64,64,16,random,2,1,graph_lds_chunked(chunk=4),chunk8,0.05696460008621216,0.045404499769210814,0.05120450258255005,0.04388450086116791,0.043628400564193724,0.0430525004863739,1.323142661696071,1.3056770211503832,1.0133766929054933,0.0
bf16,256,64,64,16,contiguous,0,1,graph_lds_chunked(chunk=4),chunk4,0.060896700620651244,0.04419650137424469,0.05250459909439087,0.04272840023040771,0.04309250116348266,0.042504501342773435,1.4327117998528132,1.425204320598786,1.005267651203073,0.0
bf16,256,64,64,16,contiguous,1,1,graph_lds_chunked(chunk=4),chunk8,0.056684601306915286,0.044484400749206544,0.05239650011062622,0.04311249852180481,0.04300450086593628,0.04327250123023987,1.30994510821812,1.318108573882204,0.9938066819184397,0.0
bf16,256,64,64,16,contiguous,2,1,graph_lds_chunked(chunk=4),chunk8,0.058000600337982176,0.04511249959468842,0.050980597734451294,0.04426450133323669,0.04397639930248261,0.042328500747680665,1.3702493429597844,1.3189028946876025,1.0389311817261149,0.0
bf16,256,64,64,16,page-cross,0,1,graph_lds_chunked(chunk=4),chunk4,0.05719259977340698,0.044556400179862975,0.049936598539352416,0.04204440116882324,0.042960500717163085,0.042032501101493834,1.3606756265896907,1.3602905067849183,1.0002831158512475,0.0
bf16,256,64,64,16,page-cross,1,1,graph_lds_chunked(chunk=4),chunk4,0.05720869898796081,0.04382449984550476,0.04899649918079376,0.04107640087604523,0.04264050126075745,0.041272500157356264,1.3861214796740182,1.3927388419593392,0.9952486696816674,0.0
bf16,256,64,64,16,page-cross,2,1,graph_lds_chunked(chunk=4),chunk4,0.05565260052680969,0.04511249959468842,0.0502964973449707,0.042096498608589175,0.04306049942970276,0.042372500896453856,1.3134131653642196,1.322024452538544,0.9934862875207874,0.0
bf16,256,64,64,16,tail-negative,0,1,graph_lds_chunked(chunk=4),chunk4,0.05533260107040405,0.04378049969673157,0.04934059977531433,0.04170840084552765,0.04266450107097626,0.04233250021934509,1.3070950400684858,1.3266536225000656,0.985257204970562,0.0
bf16,256,64,64,16,tail-negative,1,1,graph_lds_chunked(chunk=4),chunk4,0.05583260059356689,0.04395250082015991,0.052984601259231566,0.04172050058841705,0.04288040101528168,0.04172849953174591,1.3379968419686636,1.3382533719901677,0.9998083098261711,0.0
bf16,256,64,64,16,tail-negative,2,1,graph_lds_chunked(chunk=4),chunk4,0.055928599834442136,0.04416449964046478,0.05161659717559815,0.041956499218940735,0.04289650022983551,0.04187650084495544,1.3355604863336963,1.3330139757988644,1.001910340462339,0.0
bf16,256,64,64,32,random,0,1,graph_lds_chunked(chunk=8),chunk8,0.10759320259094238,0.08066089749336243,0.09196500182151794,0.08008990287780762,0.07012879848480225,0.07044069766998291,1.5274295421521835,1.5342228145297416,0.9955721735374922,0.0
bf16,256,64,64,32,random,1,1,graph_lds_chunked(chunk=8),chunk8,0.10856120586395264,0.07987689971923828,0.089096999168396,0.07778890132904052,0.07004070281982422,0.07012879848480225,1.5480260350885544,1.549973108396988,0.9987438018776678,0.0
bf16,256,64,64,32,random,2,1,graph_lds_chunked(chunk=8),chunk8,0.10970120429992676,0.08120489716529847,0.09482499957084656,0.07984489798545838,0.06989279985427857,0.07002480030059814,1.5666050289184432,1.5695637394502129,0.9981149471936667,0.0
bf16,256,64,64,32,contiguous,0,1,graph_lds_chunked(chunk=8),chunk8,0.10977720022201538,0.08012089729309083,0.08896899819374085,0.07806079983711242,0.07065669894218445,0.0699567973613739,1.5692142059468834,1.553670095907561,1.0100047687602833,0.0
bf16,256,64,64,32,contiguous,1,1,graph_lds_chunked(chunk=8),chunk8,0.11160119771957397,0.08172889947891235,0.09268900156021118,0.07744879722595215,0.06973270177841187,0.07314079999923706,1.5258405393533854,1.6004140793828228,0.9534035966128243,0.0
bf16,256,64,64,32,contiguous,2,1,graph_lds_chunked(chunk=8),chunk8,0.1094812035560608,0.08027690052986144,0.09246100187301635,0.07893279790878296,0.06853269934654235,0.0697966992855072,1.5685727932236733,1.5975031568865876,0.98189026197651,0.0
bf16,256,64,64,32,page-cross,0,1,graph_lds_chunked(chunk=8),chunk8,0.10608509778976441,0.07899289727210998,0.08802899718284607,0.07494080066680908,0.06749669909477234,0.06937680244445801,1.529114834525481,1.571707938499481,0.9729001152627226,0.0
bf16,256,64,64,32,page-cross,1,1,graph_lds_chunked(chunk=8),chunk8,0.10568519830703735,0.08100889921188355,0.08990100026130676,0.07602490186691284,0.06978080272674561,0.07002469897270203,1.5092560176265375,1.514531134313396,0.9965169968663272,0.0
bf16,256,64,64,32,page-cross,2,1,graph_lds_chunked(chunk=8),chunk8,0.1066051959991455,0.07894489765167237,0.0872289001941681,0.07412480115890503,0.0680288016796112,0.06944869756698609,1.5350208100925213,1.5670597359808554,0.979554751390329,0.0
bf16,256,64,64,32,tail-negative,0,1,graph_lds_chunked(chunk=8),chunk8,0.10876920223236083,0.07885680198669434,0.08874899744987488,0.07747679948806763,0.06930069923400879,0.06876879930496216,1.5816649895254513,1.5695253213113782,1.0077346112542676,0.0
bf16,256,64,64,32,tail-negative,1,1,graph_lds_chunked(chunk=8),chunk8,0.10862920284271241,0.08041290044784546,0.08870490193367005,0.07541279792785645,0.06889269948005676,0.06960070133209229,1.560748681603075,1.5767883050388913,0.9898276620998778,0.0
bf16,256,64,64,32,tail-negative,2,1,graph_lds_chunked(chunk=8),chunk8,0.10805720090866089,0.07920879721641541,0.09040899872779846,0.07933290004730224,0.06831679940223694,0.06791269779205322,1.591119251947979,1.581707601265681,1.0059503100792884,0.0
bf16,256,64,128,8,random,0,1,graph_lds_chunked(chunk=8),chunk8,0.056732600927352904,0.042428499460220336,0.05024049878120422,0.04313249886035919,0.04195240139961243,0.041984400153160094,1.3512781109267018,1.3523087841135364,0.9992378418309912,0.0
bf16,256,64,128,8,random,1,1,graph_lds_chunked(chunk=8),chunk8,0.055744600296020505,0.04258449971675873,0.04987249970436096,0.04319640100002289,0.04193649888038635,0.042384499311447145,1.3152119572394025,1.3292621411963454,0.9894300879250967,0.0
bf16,256,64,128,8,random,2,1,graph_lds_chunked(chunk=8),chunk8,0.057544600963592527,0.041984400153160094,0.04978860020637512,0.04320439994335175,0.041900500655174255,0.04185250103473663,1.3749381647665884,1.3733630878820153,1.0011468757959718,0.0
bf16,256,64,128,8,contiguous,0,1,graph_lds_chunked(chunk=8),lds,0.05629259943962097,0.042144501209259035,0.05004860162734985,0.043040499091148376,0.04229649901390076,0.04212850034236908,1.3362118039366075,1.33570448870928,1.000379810977365,0.0
bf16,256,64,128,8,contiguous,1,1,graph_lds_chunked(chunk=8),lds,0.05736860036849976,0.04188849925994873,0.049836501479148865,0.04293650090694427,0.04232040047645569,0.04212450087070465,1.3618820207409643,1.3695549227601995,0.9943975214927699,0.0
bf16,256,64,128,8,contiguous,2,1,graph_lds_chunked(chunk=8),chunk8,0.058556598424911496,0.042560499906539914,0.05009260177612305,0.04327250123023987,0.04209249913692474,0.04240840077400208,1.380778274025576,1.3911409307019258,0.9925509655796548,0.0
bf16,256,64,128,8,page-cross,0,1,graph_lds_chunked(chunk=8),lds,0.05437660217285156,0.04215250015258789,0.04951249957084656,0.0430525004863739,0.04224849939346313,0.04208439886569977,1.2920845643151233,1.289997081454567,1.0016182074289677,0.0
bf16,256,64,128,8,page-cross,1,1,graph_lds_chunked(chunk=8),lds,0.056472599506378174,0.042056500911712646,0.049676498770713805,0.04271250069141388,0.04230439960956574,0.04225650131702423,1.3364239287748745,1.3427793154958043,0.9952669908989601,0.0
bf16,256,64,128,8,page-cross,2,1,graph_lds_chunked(chunk=8),chunk8,0.05527660250663757,0.04218049943447113,0.04943250119686127,0.04290449917316437,0.042068499326705935,0.04212040007114411,1.3123475183823463,1.313966587620749,0.9987678002974685,0.0
bf16,256,64,128,8,tail-negative,0,1,graph_lds_chunked(chunk=8),chunk8,0.056440597772598265,0.04205250144004822,0.04973649978637695,0.04308049976825714,0.041924399137496945,0.041856500506401065,1.348430879068996,1.3462470287884964,1.0016221764904951,0.0
bf16,256,64,128,8,tail-negative,1,1,graph_lds_chunked(chunk=8),lds,0.054732602834701535,0.04170039892196655,0.04988459944725036,0.04290040135383606,0.04207249879837036,0.04169250130653381,1.312768510392159,1.312519885891787,1.000189425320747,0.0
bf16,256,64,128,8,tail-negative,2,1,graph_lds_chunked(chunk=8),chunk8,0.057444602251052856,0.042040500044822696,0.04971649944782257,0.04310849905014038,0.04189240038394928,0.04210439920425415,1.364337298161679,1.3712416028818026,0.994964924703558,0.0
bf16,256,64,128,16,random,0,1,graph_lds_chunked(chunk=8),chunk8,0.10241320133209228,0.07274479866027832,0.08991299867630005,0.07790480256080627,0.07184079885482789,0.07085679769515991,1.4453546401108093,1.4255576631190237,1.0138871807882335,0.0
bf16,256,64,128,16,random,1,1,graph_lds_chunked(chunk=8),chunk8,0.10530920028686523,0.07466880083084107,0.0903249979019165,0.0776968002319336,0.07185680270195008,0.07388880252838134,1.4252389629188407,1.4655425280146415,0.972499218326745,0.0
bf16,256,64,128,16,random,2,1,graph_lds_chunked(chunk=8),chunk8,0.10503319501876832,0.07426480054855347,0.0902970016002655,0.07740079760551452,0.0711687982082367,0.07360079884529114,1.4270659648619857,1.4758320733679655,0.9669568717295243,0.0
bf16,256,64,128,16,contiguous,0,1,graph_lds_chunked(chunk=8),chunk8,0.10552910566329957,0.07343680262565613,0.08901299834251404,0.07687680125236511,0.07192080020904541,0.07126880288124085,1.4807194929196237,1.4672960444901622,1.009148425418216,0.0
bf16,256,64,128,16,contiguous,1,1,graph_lds_chunked(chunk=8),chunk8,0.10404109954833984,0.07235280275344849,0.08815699815750122,0.07680090069770813,0.07159680128097534,0.0717848002910614,1.4493472033980843,1.453152901901856,0.9973810749723646,0.0
bf16,256,64,128,16,contiguous,2,1,graph_lds_chunked(chunk=8),chunk8,0.10513319969177246,0.0738647997379303,0.08972100019454957,0.07721689939498902,0.07082080245018005,0.07122079730033874,1.4761587019087248,1.4844960245364345,0.9943837352947354,0.0
bf16,256,64,128,16,page-cross,0,1,graph_lds_chunked(chunk=8),chunk8,0.10673710107803344,0.0741008996963501,0.08746899962425232,0.07493280172348023,0.06958079934120179,0.07255679965019227,1.4710833663092884,1.5340022260254462,0.9589838537071887,0.0
bf16,256,64,128,16,page-cross,1,1,graph_lds_chunked(chunk=8),chunk8,0.10133310556411743,0.07238079905509949,0.0866129994392395,0.07448490262031555,0.06938080191612243,0.0708847999572754,1.4295463290464843,1.4605352311526114,0.9787825028488552,0.0
bf16,256,64,128,16,page-cross,2,1,graph_lds_chunked(chunk=8),chunk8,0.1019091010093689,0.07273679971694946,0.08838899731636048,0.07568889856338501,0.07002879977226258,0.0706928014755249,1.4415767784312754,1.4552455752602182,0.9906072232334404,0.0
bf16,256,64,128,16,tail-negative,0,1,graph_lds_chunked(chunk=8),chunk8,0.1040492057800293,0.07395679950714111,0.08868499994277954,0.07662889957427979,0.0697368025779724,0.07134479880332947,1.4583993160714275,1.492027192724994,0.9774616194547033,0.0
bf16,256,64,128,16,tail-negative,1,1,graph_lds_chunked(chunk=8),chunk8,0.10542110204696656,0.07190880179405212,0.08740890026092529,0.07633280158042907,0.07168880105018616,0.06990470290184021,1.5080688089755316,1.4705379432021175,1.0255218615384314,0.0
bf16,256,64,128,16,tail-negative,2,1,graph_lds_chunked(chunk=8),chunk8,0.10184910297393798,0.07190880179405212,0.08707699775695801,0.07557680010795594,0.06996080279350281,0.07150480151176453,1.4243673266777892,1.4558023765758819,0.9784070623843675,0.0
bf16,256,64,128,32,random,0,1,graph_lds_chunked(chunk=8),chunk8,0.18812600374221802,0.1389454960823059,0.1692657947540283,0.13904160261154175,0.13198939561843873,0.13134950399398804,1.4322551514989252,1.4253115021911433,1.0048716714185688,0.0
bf16,256,64,128,32,random,1,1,graph_lds_chunked(chunk=8),chunk8,0.19877820014953612,0.1362375020980835,0.1655377984046936,0.1390815019607544,0.1321055054664612,0.1311053991317749,1.5161709698144683,1.5046927790606102,1.007628262003772,0.0
bf16,256,64,128,32,random,2,1,graph_lds_chunked(chunk=8),chunk8,0.1942981004714966,0.13928159475326538,0.16949390172958373,0.1405776023864746,0.13227349519729614,0.1326254963874817,1.4650131819588506,1.4689118192702624,0.9973459010539185,0.0
bf16,256,64,128,32,contiguous,0,1,graph_lds_chunked(chunk=8),chunk8,0.19365819692611694,0.14019759893417358,0.17128989696502686,0.14324959516525268,0.1340494990348816,0.13250939846038817,1.4614676330600682,1.444676767316559,1.0116225761522404,0.0
bf16,256,64,128,32,contiguous,1,1,graph_lds_chunked(chunk=8),chunk8,0.19601019620895385,0.13906949758529663,0.1707779049873352,0.14121750593185425,0.13301349878311158,0.1327054023742676,1.4770325299654978,1.4736113101465218,1.002321656868008,0.0
bf16,256,64,128,32,contiguous,2,1,graph_lds_chunked(chunk=8),chunk8,0.19768619537353516,0.14158550500869752,0.17265390157699584,0.14346959590911865,0.1359974980354309,0.13388949632644653,1.476487706634887,1.4536017075993026,1.015744339674299,0.0
bf16,256,64,128,32,page-cross,0,1,graph_lds_chunked(chunk=8),chunk8,0.19521420001983641,0.1428094983100891,0.1723618984222412,0.14267760515213013,0.13525350093841554,0.13359750509262086,1.4612114192139873,1.4433208653779879,1.0123954099640304,0.0
bf16,256,64,128,32,page-cross,1,1,graph_lds_chunked(chunk=8),chunk8,0.1978302001953125,0.14162559509277345,0.17178189754486084,0.14198559522628784,0.13451750278472902,0.13349740505218505,1.4819029637166306,1.4706651260981556,1.0076413300479152,0.0
bf16,256,64,128,32,page-cross,2,1,graph_lds_chunked(chunk=8),chunk8,0.19496209621429444,0.1415135979652405,0.1715659022331238,0.14130159616470336,0.13402940034866334,0.13390949964523316,1.4559243125454737,1.4546218643605144,1.0008953860909633,0.0
bf16,256,64,128,32,tail-negative,0,1,graph_lds_chunked(chunk=8),chunk8,0.19403419494628907,0.14144159555435182,0.17150989770889283,0.14244550466537476,0.13420950174331664,0.1334334969520569,1.454164054592725,1.4457560189545342,1.0058156670475222,0.0
bf16,256,64,128,32,tail-negative,1,1,graph_lds_chunked(chunk=8),chunk8,0.19686620235443114,0.14142160415649413,0.17190589904785156,0.1438815951347351,0.13600150346755982,0.13368140459060668,1.4726521086259161,1.4475296032399323,1.0173554346175397,0.0
bf16,256,64,128,32,tail-negative,2,1,graph_lds_chunked(chunk=8),chunk8,0.196710205078125,0.14236960411071778,0.17212189435958863,0.14366949796676637,0.1359174966812134,0.13368550539016724,1.4714400376018126,1.4472765455612928,1.0166958361307157,0.0
bf16,256,128,32,8,random,0,1,graph_lds,chunk8,0.03370839953422546,0.0277442991733551,0.030040299892425536,0.027720299363136292,0.02754029929637909,0.027652299404144286,1.2190089164582654,1.2239663473322286,0.9959497000184943,0.0
bf16,256,128,32,8,random,1,1,graph_lds,chunk8,0.03270840048789978,0.02710829973220825,0.029144400358200075,0.027172300219535827,0.02708030045032501,0.026944199204444887,1.2139310669327295,1.2078300441274175,1.0050512262341673,0.0
bf16,256,128,32,8,random,2,1,graph_lds,chunk8,0.03222030103206634,0.026524299383163454,0.028356298804283142,0.026976299285888673,0.02637630105018616,0.026528200507164,1.2145679094729844,1.2215625295889978,0.9942740384167098,0.0
bf16,256,128,32,8,contiguous,0,1,graph_lds,chunk8,0.03176830112934113,0.02658030092716217,0.028292399644851685,0.026888298988342284,0.026440298557281493,0.026308301091194152,1.2075390584599373,1.201510681148959,1.0050173314358,0.0
bf16,256,128,32,8,contiguous,1,1,graph_lds,lds,0.031844300031661985,0.02648029923439026,0.028768301010131836,0.027612298727035522,0.026812300086021423,0.026320299506187438,1.209876051151164,1.2025657168671808,1.0060789478541157,0.0
bf16,256,128,32,8,contiguous,2,1,graph_lds,chunk8,0.03186439871788025,0.02661629915237427,0.02841629981994629,0.02830429971218109,0.026428300142288207,0.026460298895835878,1.2042342697381558,1.2056923277821294,0.9987906881296528,0.0
bf16,256,128,32,8,page-cross,0,1,graph_lds,chunk8,0.03182030022144318,0.026624301075935365,0.028416401147842406,0.02700029909610748,0.02652829885482788,0.0264043003320694,1.2051180989937373,1.1994851383262446,1.004696148778761,0.0
bf16,256,128,32,8,page-cross,1,1,graph_lds,chunk8,0.03182039856910705,0.026628300547599792,0.028372299671173096,0.027016299962997436,0.026516300439834595,0.026432299613952638,1.2038452587874813,1.2000316047597757,1.0031779613241678,0.0
bf16,256,128,32,8,page-cross,2,1,graph_lds,lds,0.03164040148258209,0.026356300711631774,0.028536298871040346,0.02679229974746704,0.0266882985830307,0.026552298665046693,1.1916256999712551,1.2004871938882642,0.9926184186202707,0.0
bf16,256,128,32,8,tail-negative,0,1,graph_lds,lds,0.03175640106201172,0.02634429931640625,0.02849229872226715,0.0266882985830307,0.026644301414489747,0.026264300942420958,1.2091089396070756,1.2054373008977701,1.0030458977058125,0.0
bf16,256,128,32,8,tail-negative,1,1,graph_lds,chunk8,0.0331963986158371,0.026576200127601625,0.028508299589157106,0.026936298608779906,0.02644430100917816,0.026436299085617065,1.2557127799290912,1.2553328070314829,1.0003026869810778,0.0
bf16,256,128,32,8,tail-negative,2,1,graph_lds,chunk8,0.03180040121078491,0.02653230130672455,0.0282602995634079,0.026804301142692565,0.02642030119895935,0.026332300901412965,1.2076575203148514,1.203635074835463,1.003341914475148,0.0
bf16,256,128,32,16,random,0,1,graph_lds_chunked(chunk=4),chunk4,0.054688602685928345,0.04338450133800507,0.05056449770927429,0.04123649895191193,0.04250850081443787,0.042012399435043334,1.301725286376087,1.3262183763394566,0.9815316312906371,0.0
bf16,256,128,32,16,random,1,1,graph_lds_chunked(chunk=4),chunk4,0.05547659993171692,0.04445250034332275,0.050480598211288454,0.04240440130233765,0.043556499481201175,0.04239239990711212,1.308644947048862,1.3082745712214225,1.0002831025195984,0.0
bf16,256,128,32,16,random,2,1,graph_lds_chunked(chunk=4),chunk4,0.05808060169219971,0.045356500148773196,0.05240449905395508,0.04259249866008759,0.04338839948177338,0.0439644992351532,1.3210795688026291,1.3636345253119806,0.9687929898228299,0.0
bf16,256,128,32,16,contiguous,0,1,graph_lds_chunked(chunk=4),chunk4,0.05557659864425659,0.044288501143455505,0.04998849928379059,0.043416500091552734,0.043656501173973086,0.042496401071548465,1.3077954189740877,1.280080119932785,1.0216512221459686,0.0
bf16,256,128,32,16,contiguous,1,1,graph_lds_chunked(chunk=4),chunk4,0.056384599208831786,0.04476439952850342,0.05078859925270081,0.04228450059890747,0.04368050098419189,0.04268049895763397,1.3210857554594417,1.3334578488622053,0.9907217964082476,0.0
bf16,256,128,32,16,contiguous,2,1,graph_lds_chunked(chunk=4),chunk4,0.05743770003318786,0.04459249973297119,0.050180500745773314,0.04211649894714355,0.04282039999961853,0.04199250042438507,1.3678085242057592,1.3637814507153718,1.0029528730488855,0.0
bf16,256,128,32,16,page-cross,0,1,graph_lds_chunked(chunk=4),chunk4,0.05760859847068787,0.0449084997177124,0.05150049924850464,0.04248049855232239,0.04300839900970459,0.04208050072193146,1.3690093388233733,1.356118699966115,1.0095055387537835,0.0
bf16,256,128,32,16,page-cross,1,1,graph_lds_chunked(chunk=4),chunk4,0.05658460259437561,0.04376850128173828,0.05027260184288025,0.04120840132236481,0.042644500732421875,0.041368401050567626,1.3678218436629472,1.3731326811667834,0.9961323202217258,0.0
bf16,256,128,32,16,page-cross,2,1,graph_lds_chunked(chunk=4),chunk4,0.054816699028015135,0.04370050132274628,0.0503246009349823,0.0416923999786377,0.042512500286102296,0.041372498869895934,1.3249549948722499,1.3147887638059228,1.0077322162663598,0.0
bf16,256,128,32,16,tail-negative,0,1,graph_lds_chunked(chunk=4),chunk4,0.057024598121643066,0.04452050030231476,0.05153660178184509,0.043040499091148376,0.04306040108203888,0.04237650036811828,1.345665584139298,1.3249055964913434,1.015669031592086,0.0
bf16,256,128,32,16,tail-negative,1,1,graph_lds_chunked(chunk=4),chunk4,0.054896599054336546,0.04384439885616302,0.048552599549293515,0.04131239950656891,0.04276849925518036,0.042036399245262146,1.3059300996272618,1.328816522642498,0.9827768374149022,0.0
bf16,256,128,32,16,tail-negative,2,1,graph_lds_chunked(chunk=4),chunk4,0.055968600511550906,0.0442205011844635,0.052416497468948366,0.041256499290466306,0.042532500624656674,0.042944499850273134,1.3032775025133967,1.356600813789461,0.9606934400053074,0.0
bf16,256,128,32,32,random,0,1,graph_lds_chunked(chunk=8),chunk8,0.10585720539093017,0.07817289829254151,0.08998500108718872,0.07652090191841125,0.07004079818725586,0.06769269704818726,1.5637906304069313,1.511364920598395,1.0346876582180957,0.0
bf16,256,128,32,32,random,1,1,graph_lds_chunked(chunk=8),chunk8,0.10908520221710205,0.08152490258216857,0.08992499709129334,0.07749279737472534,0.0695127010345459,0.07130079865455627,1.5299295979222707,1.5692844702278177,0.9749217729148661,0.0
bf16,256,128,32,32,random,2,1,graph_lds_chunked(chunk=8),chunk8,0.1081212043762207,0.08048480153083801,0.09235699772834778,0.07866889834403992,0.06957280039787292,0.07098879814147949,1.5230741639087473,1.554072910072574,0.9800532227523487,0.0
bf16,256,128,32,32,contiguous,0,1,graph_lds_chunked(chunk=8),chunk8,0.1062891960144043,0.07763680219650268,0.08960899710655212,0.07678880095481873,0.06959670186042785,0.06887670159339905,1.5431806918087199,1.5272159911767245,1.010453466126749,0.0
bf16,256,128,32,32,contiguous,1,1,graph_lds_chunked(chunk=8),chunk8,0.10697720050811768,0.08028879761695862,0.09094899892807007,0.07754089832305908,0.0695688009262085,0.06912080049514771,1.5476846295440039,1.5377180443513494,1.006481412655113,0.0
bf16,256,128,32,32,contiguous,2,1,graph_lds_chunked(chunk=8),chunk8,0.10868920087814331,0.07861289978027344,0.08773689866065978,0.07590479850769043,0.06874470114707946,0.06836069822311401,1.5899369623669743,1.5810556895956605,1.0056173054685917,0.0
bf16,256,128,32,32,page-cross,0,1,graph_lds_chunked(chunk=8),chunk8,0.10647720098495483,0.07962489724159241,0.08914089798927308,0.07620880007743835,0.06783270239830017,0.06964470148086548,1.528862910184329,1.5697030668149095,0.9739822406581332,0.0
bf16,256,128,32,32,page-cross,1,1,graph_lds_chunked(chunk=8),chunk8,0.10828520059585571,0.08076090216636658,0.08961700201034546,0.07664089798927307,0.06759679913520814,0.07019680142402648,1.542594511418758,1.6019279312214476,0.9629612427336548,0.0
bf16,256,128,32,32,page-cross,2,1,graph_lds_chunked(chunk=8),chunk8,0.10598920583724976,0.07789279818534851,0.08908100128173828,0.07603690028190613,0.06874880194664001,0.06935679912567139,1.5281732602048446,1.5416880416260084,0.9912337768366486,0.0
bf16,256,128,32,32,tail-negative,0,1,graph_lds_chunked(chunk=8),chunk8,0.10698909759521484,0.07828490138053894,0.08637300133705139,0.07711679935455322,0.06939669847488403,0.06773669719696045,1.5794850062458576,1.5417029908697488,1.0245066757993342,0.0
bf16,256,128,32,32,tail-negative,1,1,graph_lds_chunked(chunk=8),chunk8,0.10491709709167481,0.0779528021812439,0.08907700181007386,0.07827280163764953,0.06945670247077942,0.06755669713020325,1.5530228911201236,1.510539564353975,1.028124603796338,0.0
bf16,256,128,32,32,tail-negative,2,1,graph_lds_chunked(chunk=8),chunk8,0.10570119619369507,0.07956089973449706,0.08507300019264222,0.07349280118942261,0.06778069734573364,0.0694208025932312,1.5226155884864596,1.5594586708740654,0.976374441288043,0.0
bf16,256,128,64,8,random,0,1,graph_lds_chunked(chunk=8),chunk8,0.05555660128593445,0.042656499147415164,0.05027649998664856,0.04247240126132965,0.04177649915218353,0.0420644998550415,1.3207479341817467,1.3298529655046663,0.9931533548752404,0.0
bf16,256,128,64,8,random,1,1,graph_lds_chunked(chunk=8),chunk8,0.056332600116729734,0.041844499111175534,0.049296599626541135,0.042756500840187076,0.04167650043964386,0.04170849919319153,1.3506264000485886,1.3516633959780504,0.999232800168631,0.0
bf16,256,128,64,8,random,2,1,graph_lds_chunked(chunk=8),lds,0.053496599197387695,0.04172849953174591,0.04924449920654297,0.042784500122070315,0.04173249900341034,0.041608399152755736,1.2857163526283997,1.2820158835735018,1.0028864455599278,0.0
bf16,256,128,64,8,contiguous,0,1,graph_lds_chunked(chunk=8),chunk8,0.05476059913635254,0.04187650084495544,0.049496600031852724,0.04272049963474274,0.04186039865016937,0.04186449944972992,1.3080438045630525,1.3081719453747003,0.999902045895342,0.0
bf16,256,128,64,8,contiguous,1,1,graph_lds_chunked(chunk=8),chunk8,0.057156598567962645,0.04216449856758118,0.04951249957084656,0.042776501178741454,0.04182049930095673,0.04196040034294128,1.3621557015858576,1.3667124860619508,0.9966658792375396,0.0
bf16,256,128,64,8,contiguous,2,1,graph_lds_chunked(chunk=8),chunk8,0.05590059757232666,0.042124399542808534,0.04970459938049317,0.042504501342773435,0.0416483998298645,0.04224849939346313,1.3231380611112507,1.3422027689102822,0.9857959555436546,0.0
bf16,256,128,64,8,page-cross,0,1,graph_lds_chunked(chunk=8),chunk8,0.05792459845542908,0.04239250123500824,0.049596598744392394,0.042900499701499936,0.04188849925994873,0.04224849939346313,1.3710451089865554,1.3828282101004534,0.9914789841371241,0.0
bf16,256,128,64,8,page-cross,1,1,graph_lds_chunked(chunk=8),chunk8,0.05644459724426269,0.04209249913692474,0.04951249957084656,0.04280450046062469,0.04188840091228485,0.04197239875793457,1.3448027492970547,1.3474994512790976,0.997998736118606,0.0
bf16,256,128,64,8,page-cross,2,1,graph_lds_chunked(chunk=8),chunk8,0.057532602548599245,0.04291639924049377,0.04981260001659393,0.04258840084075928,0.04250049889087677,0.04294849932193756,1.3395718932422,1.353692404795495,0.9895688920885775,0.0
bf16,256,128,64,8,tail-negative,0,1,graph_lds_chunked(chunk=8),chunk8,0.05529659986495972,0.04244450032711029,0.05009649991989136,0.042744499444961545,0.041624400019645694,0.0428164005279541,1.291481749589331,1.3284659920349862,0.9721601887685498,0.0
bf16,256,128,64,8,tail-negative,1,1,graph_lds_chunked(chunk=8),chunk8,0.055268597602844236,0.04220440089702606,0.049408599734306335,0.04294849932193756,0.041868400573730466,0.04202449917793274,1.3151518443761976,1.3200551453002356,0.9962855332661706,0.0
bf16,256,128,64,8,tail-negative,2,1,graph_lds_chunked(chunk=8),lds,0.05745260119438171,0.04156450033187866,0.04928449988365173,0.042572501301765445,0.0421085000038147,0.04162450134754181,1.3802592063430126,1.3822516988209137,0.9985585168897959,0.0
bf16,256,128,64,16,random,0,1,graph_lds_chunked(chunk=8),chunk8,0.10367319583892823,0.07222880125045776,0.08737300038337707,0.07460079789161682,0.06954479813575745,0.07049279808998107,1.4706920231282887,1.4907397622543845,0.9865518183430094,0.0
bf16,256,128,64,16,random,1,1,graph_lds_chunked(chunk=8),chunk8,0.10115309953689575,0.0720848023891449,0.08783289790153503,0.0754647970199585,0.06969670057296753,0.07082080245018005,1.428296433213298,1.4513326844072851,0.9841275184928429,0.0
bf16,256,128,64,16,random,2,1,graph_lds_chunked(chunk=8),chunk8,0.10168110132217408,0.07354879975318909,0.08853300213813782,0.07632480263710022,0.07074480056762696,0.0712007999420166,1.4280893108641974,1.4372943383305496,0.9935955863591281,0.0
bf16,256,128,64,16,contiguous,0,1,graph_lds_chunked(chunk=8),chunk8,0.10392520427703858,0.07388079762458802,0.0886368989944458,0.07600079774856568,0.07025279998779296,0.070796799659729,1.4679364713734913,1.4793033771621416,0.9923160414799728,0.0
bf16,256,128,64,16,contiguous,1,1,graph_lds_chunked(chunk=8),chunk8,0.10096909999847412,0.07179679870605468,0.08665300011634827,0.07645289897918701,0.07087280154228211,0.06952880024909973,1.4521910292818763,1.4246523038635184,1.0193301378474422,0.0
bf16,256,128,64,16,contiguous,2,1,graph_lds_chunked(chunk=8),chunk8,0.10474920272827148,0.07296879887580872,0.08684099912643432,0.0750769019126892,0.07020080089569092,0.07076879739761352,1.4801608417865224,1.4921368615710655,0.99197391332325,0.0
bf16,256,128,64,16,page-cross,0,1,graph_lds_chunked(chunk=8),chunk8,0.10371710062026977,0.07206079959869385,0.08700090050697326,0.07446079850196838,0.06912479996681213,0.07048069834709167,1.471567436938564,1.5004325606738238,0.9807621318732934,0.0
bf16,256,128,64,16,page-cross,1,1,graph_lds_chunked(chunk=8),chunk8,0.10214509963989257,0.07397289872169495,0.08752899765968322,0.07468479871749878,0.06939679980278016,0.071288800239563,1.4328351619979336,1.4718992796523804,0.9734600606206747,0.0
bf16,256,128,64,16,page-cross,2,1,graph_lds_chunked(chunk=8),chunk8,0.10340909957885742,0.07239680290222168,0.08699300289154052,0.07494080066680908,0.06984480023384095,0.07072079777717591,1.462216247965336,1.480555449119232,0.9876132966416044,0.0
bf16,256,128,64,16,tail-negative,0,1,graph_lds_chunked(chunk=8),chunk8,0.10056920051574707,0.07167279720306396,0.08735299706459046,0.07572489976882935,0.07068079710006714,0.07029680013656617,1.4306369610049172,1.4228645493819925,1.0054625098547156,0.0
bf16,256,128,64,16,tail-negative,1,1,graph_lds_chunked(chunk=8),chunk8,0.10147709846496582,0.07232080101966858,0.0860768973827362,0.07577679753303528,0.06950470209121704,0.06955270171165466,1.4589957825888697,1.460003358215803,0.999309881294955,0.0
bf16,256,128,64,16,tail-negative,2,1,graph_lds_chunked(chunk=8),chunk8,0.09846109747886658,0.0717087984085083,0.0863328993320465,0.07547680139541627,0.06948869824409484,0.06889269948005676,1.4291949396955967,1.4169368540046556,1.0086511164250518,0.0
bf16,256,128,64,32,random,0,1,graph_lds_chunked(chunk=8),chunk8,0.19015010595321655,0.13530950546264647,0.16529380083084105,0.13811759948730468,0.1341694951057434,0.12687740325927735,1.4986916587868664,1.4172379929085444,1.0574735268782611,0.0
bf16,256,128,64,32,random,1,1,graph_lds_chunked(chunk=8),chunk8,0.19059009552001954,0.13763350248336792,0.16551380157470702,0.13860150575637817,0.13119750022888182,0.12965739965438844,1.469951549453034,1.4526960893883176,1.0118782312355379,0.0
bf16,256,128,64,32,random,2,1,graph_lds_chunked(chunk=8),chunk8,0.19547419548034667,0.14018549919128417,0.16896189451217652,0.14028149843215942,0.1328374981880188,0.13179750442504884,1.4831403396678862,1.471528733578463,1.0078908456385938,0.0
bf16,256,128,64,32,contiguous,0,1,graph_lds_chunked(chunk=8),chunk8,0.20020620822906493,0.14238159656524657,0.17239389419555665,0.14197349548339844,0.13426549434661866,0.13413749933242797,1.4925446592149547,1.4911218195213602,1.0009542075469402,0.0
bf16,256,128,64,32,contiguous,1,1,graph_lds_chunked(chunk=8),chunk8,0.199166202545166,0.142685604095459,0.1725139021873474,0.14306960105895997,0.13520150184631347,0.13459750413894653,1.4797169072285656,1.4731064361368014,1.0044874361618432,0.0
bf16,256,128,64,32,contiguous,2,1,graph_lds_chunked(chunk=8),chunk8,0.19775420427322388,0.14299349784851073,0.17296990156173705,0.14164550304412843,0.13344550132751465,0.13443750143051147,1.4709750045112209,1.481909860624501,0.9926211057744957,0.0
bf16,256,128,64,32,page-cross,0,1,graph_lds_chunked(chunk=8),chunk8,0.19657020568847655,0.1409214973449707,0.17242590188980103,0.14233360290527344,0.13310149908065796,0.13319350481033326,1.475824260112318,1.4768444160749632,0.9993092326100562,0.0
bf16,256,128,64,32,page-cross,1,1,graph_lds_chunked(chunk=8),chunk8,0.19760210514068605,0.14077359437942505,0.17272599935531616,0.14300949573516847,0.1348175048828125,0.13239749670028686,1.4924912484410886,1.4657006544695206,1.0182783530114916,0.0
bf16,256,128,64,32,page-cross,2,1,graph_lds_chunked(chunk=8),chunk8,0.20109820365905762,0.14108560085296631,0.1722100019454956,0.14208149909973145,0.13469350337982178,0.13275350332260133,1.5148240809161424,1.4930059625220486,1.014613550743788,0.0
bf16,256,128,64,32,tail-negative,0,1,graph_lds_chunked(chunk=8),chunk8,0.1961701989173889,0.1389296054840088,0.16656579971313476,0.13889349699020387,0.1316135048866272,0.13278549909591675,1.477346549533143,1.4905020505788618,0.9911737786334414,0.0
bf16,256,128,64,32,tail-negative,1,1,graph_lds_chunked(chunk=8),chunk8,0.19548619985580445,0.13856559991836548,0.1670138955116272,0.13930150270462036,0.1328655004501343,0.13128139972686767,1.48906242820777,1.471308949226984,1.0120664521140266,0.0
bf16,256,128,64,32,tail-negative,2,1,graph_lds_chunked(chunk=8),chunk8,0.19568209648132323,0.13980549573898315,0.16856590509414673,0.14032549858093263,0.1328374981880188,0.1312695026397705,1.4906897074053342,1.4730938112396088,1.0119448578437231,0.0
bf16,256,128,128,8,random,0,1,graph_global,global,0.1040971040725708,0.11402920484542847,0.1578456997871399,0.1255694031715393,0.1104051947593689,0.10370520353317261,1.0037789862615025,1.0,1.0037789862615025,0.0
bf16,256,128,128,8,random,1,1,graph_global,global,0.10038909912109376,0.10851320028305053,0.15112169981002807,0.12142139673233032,0.10713319778442383,0.09914910197257995,1.0125063880947376,1.0,1.0125063880947376,0.0
bf16,256,128,128,8,random,2,1,graph_global,global,0.0984691023826599,0.1094931960105896,0.15382970571517945,0.12092540264129639,0.10723719596862794,0.09868109822273255,0.9978517077344017,1.0,0.9978517077344017,0.0
bf16,256,128,128,8,contiguous,0,1,graph_global,global,0.09879310131072998,0.10798519849777222,0.1558097004890442,0.12157729864120484,0.10764909982681274,0.09830909967422485,1.0049232638495216,1.0,1.0049232638495216,0.0
bf16,256,128,128,8,contiguous,1,1,graph_global,global,0.09815300107002259,0.10932120084762573,0.15134559869766234,0.121841299533844,0.10831719636917114,0.09836909770965577,0.9978032060406714,1.0,0.9978032060406714,0.0
bf16,256,128,128,8,contiguous,2,1,graph_global,global,0.09888910055160523,0.10887720584869384,0.15325770378112794,0.121493399143219,0.10762120485305786,0.09854109883308411,1.003531538846655,1.0,1.003531538846655,0.0
bf16,256,128,128,8,page-cross,0,1,graph_global,global,0.09880509972572327,0.10877319574356079,0.15301769971847534,0.12396939992904663,0.10942529439926148,0.09850109815597534,1.0030862759445234,1.0,1.0030862759445234,0.0
bf16,256,128,128,8,page-cross,1,1,graph_global,global,0.09912109971046448,0.10952520370483398,0.15402569770812988,0.12208540439605713,0.10689320564270019,0.09860510230064393,1.0052329686576187,1.0,1.0052329686576187,0.0
bf16,256,128,128,8,page-cross,2,1,graph_global,global,0.09868109822273255,0.10853719711303711,0.15316170454025269,0.12201329469680786,0.10733319520950317,0.09870910048484802,0.9997163152943556,1.0,0.9997163152943556,0.0
bf16,256,128,128,8,tail-negative,0,1,graph_global,global,0.0980171024799347,0.10696519613265991,0.1526095986366272,0.12339340448379517,0.10834519863128662,0.09821709990501404,0.9979637209276923,1.0,0.9979637209276923,0.0
bf16,256,128,128,8,tail-negative,1,1,graph_global,global,0.09901310205459594,0.10889320373535157,0.15403369665145875,0.12247339487075806,0.10696120262145996,0.09769700169563293,1.0134712461602784,1.0,1.0134712461602784,0.0
bf16,256,128,128,8,tail-negative,2,1,graph_global,global,0.09795309901237488,0.10818920135498047,0.1495975971221924,0.12068129777908325,0.107253098487854,0.09780099987983704,1.0015551899543431,1.0,1.0015551899543431,0.0
bf16,256,128,128,16,random,0,1,graph_global,global,0.1825700044631958,0.20309820175170898,0.28082320690155027,0.22741448879241943,0.19998220205307007,0.19105809926986694,0.9555732269968737,1.0,0.9555732269968737,0.0
bf16,256,128,128,16,random,1,1,graph_global,global,0.182778000831604,0.20337419509887694,0.2818591117858887,0.22819058895111083,0.20134220123291016,0.1837020993232727,0.9949695812128826,1.0,0.9949695812128826,0.0
bf16,256,128,128,16,random,2,1,graph_global,global,0.18270210027694703,0.20170629024505615,0.28474318981170654,0.23019850254058838,0.20013821125030518,0.19048210382461547,0.959156249372215,1.0,0.959156249372215,0.0
bf16,256,128,128,16,contiguous,0,1,graph_global,global,0.18374600410461425,0.2040342092514038,0.2843190908432007,0.22921459674835204,0.20020620822906493,0.18605799674987794,0.98757380663207,1.0,0.98757380663207,0.0
bf16,256,128,128,16,contiguous,1,1,graph_global,global,0.18421000242233276,0.20212221145629883,0.28701510429382326,0.23035449981689454,0.2006542921066284,0.1903020977973938,0.9679872400484675,1.0,0.9679872400484675,0.0
bf16,256,128,128,16,contiguous,2,1,graph_global,global,0.18370599746704103,0.20351819992065429,0.28541109561920164,0.23038249015808104,0.20040230751037597,0.1901980996131897,0.9658666297962397,1.0,0.9658666297962397,0.0
bf16,256,128,128,16,page-cross,0,1,graph_global,global,0.1827739953994751,0.20407419204711913,0.2902312040328979,0.22959859371185304,0.20065019130706788,0.19374209642410278,0.9433881369765998,1.0,0.9433881369765998,0.0
bf16,256,128,128,16,page-cross,1,1,graph_global,global,0.1827739953994751,0.2010941982269287,0.28688321113586424,0.23003048896789552,0.20041821002960206,0.19273409843444825,0.9483220503487568,1.0,0.9483220503487568,0.0
bf16,256,128,128,16,page-cross,2,1,graph_global,global,0.1826820969581604,0.21347029209136964,0.2866111993789673,0.23027849197387695,0.2003741979598999,0.18824609518051147,0.9704429554460842,1.0,0.9704429554460842,0.0
bf16,256,128,128,16,tail-negative,0,1,graph_global,global,0.18236600160598754,0.20347020626068116,0.2823030948638916,0.2271785020828247,0.1997743010520935,0.19025410413742067,0.9585391202613135,1.0,0.9585391202613135,0.0
bf16,256,128,128,16,tail-negative,1,1,graph_global,global,0.18044999837875367,0.21455440521240235,0.2808151006698608,0.2270824909210205,0.19945019483566284,0.1908581018447876,0.9454667977652939,1.0,0.9454667977652939,0.0
bf16,256,128,128,16,tail-negative,2,1,graph_global,global,0.18174599409103392,0.20546228885650636,0.2846231937408447,0.2267585039138794,0.1998021960258484,0.1909661054611206,0.9517185976651557,1.0,0.9517185976651557,0.0
bf16,256,128,128,32,random,0,1,graph_global,global,0.35545599460601807,0.369408106803894,0.5338819026947021,0.42450871467590334,0.3838002920150757,0.3737761974334717,0.9509861704590903,1.0,0.9509861704590903,0.0
bf16,256,128,128,32,random,1,1,graph_global,global,0.3499558925628662,0.3657599925994873,0.5322218894958496,0.42578468322753904,0.38368821144104004,0.39236040115356446,0.8919245967074497,1.0,0.8919245967074497,0.0
bf16,256,128,128,32,random,2,1,graph_global,global,0.3519798994064331,0.3689681053161621,0.5425820827484131,0.42450871467590334,0.3837522029876709,0.3705920934677124,0.9497771420671152,1.0,0.9497771420671152,0.0
bf16,256,128,128,32,contiguous,0,1,graph_global,global,0.3540118932723999,0.36836800575256345,0.5379459857940674,0.4280248165130615,0.3848681926727295,0.37562010288238523,0.9424732344084594,1.0,0.9424732344084594,0.0
bf16,256,128,128,32,contiguous,1,1,graph_global,global,0.35631599426269533,0.3722040891647339,0.5427820205688476,0.42788472175598147,0.3847121953964233,0.37034409046173095,0.9621214525617354,1.0,0.9621214525617354,0.0
bf16,256,128,128,32,contiguous,2,1,graph_global,global,0.3477718114852905,0.3679440975189209,0.5401500225067138,0.4283607959747314,0.38540029525756836,0.38167219161987304,0.9111793290710956,1.0,0.9111793290710956,0.0
bf16,256,128,128,32,page-cross,0,1,graph_global,global,0.35515990257263186,0.363080096244812,0.5384059906005859,0.42790069580078127,0.3842681884765625,0.382088303565979,0.9295230952059302,1.0,0.9295230952059302,0.0
bf16,256,128,128,32,page-cross,1,1,graph_global,global,0.35403990745544434,0.3628761053085327,0.5361938953399659,0.42768468856811526,0.38448030948638917,0.3843203067779541,0.9212105142807231,1.0,0.9212105142807231,0.0
bf16,256,128,128,32,page-cross,2,1,graph_global,global,0.35507190227508545,0.3655481100082397,0.5443739891052246,0.4280247211456299,0.3854362010955811,0.3733441114425659,0.9510579955396152,1.0,0.9510579955396152,0.0
bf16,256,128,128,32,tail-negative,0,1,graph_global,global,0.3535160064697266,0.36899609565734864,0.5348499774932861,0.4249927043914795,0.3838641881942749,0.3718882083892822,0.9505975142392142,1.0,0.9505975142392142,0.0
bf16,256,128,128,32,tail-negative,1,1,graph_global,global,0.3479557991027832,0.36722400188446047,0.5339778900146485,0.42732868194580076,0.38326420783996584,0.38083629608154296,0.9136623863926049,1.0,0.9136623863926049,0.0
bf16,256,128,128,32,tail-negative,2,1,graph_global,global,0.3525238990783691,0.3661160945892334,0.5365220069885254,0.4247568130493164,0.38296029567718504,0.3778601884841919,0.9329479787022265,1.0,0.9329479787022265,0.0
bf16,256,256,32,8,random,0,1,graph_lds_chunked(chunk=8),lds,0.05529659986495972,0.04167650043964386,0.048320499062538144,0.042412498593330385,0.04202049970626831,0.041628500819206236,1.3283351256177691,1.3268052567187247,1.001153047058939,0.0
bf16,256,256,32,8,random,1,1,graph_lds_chunked(chunk=8),chunk8,0.05559260249137878,0.04300439953804016,0.04842059910297394,0.04232450127601624,0.04181250035762787,0.042348501086235044,1.3127407361638261,1.329568957031698,0.9873431003492731,0.0
bf16,256,256,32,8,random,2,1,graph_lds_chunked(chunk=8),chunk8,0.05488860011100769,0.04181250035762787,0.048360499739646914,0.04240840077400208,0.0414885014295578,0.04183239936828613,1.3121073842257227,1.3229834344390952,0.9917791486043939,0.0
bf16,256,256,32,8,contiguous,0,1,graph_lds_chunked(chunk=8),chunk8,0.054268598556518555,0.04199639856815338,0.04827660024166107,0.042584401369094846,0.04188849925994873,0.04188050031661987,1.2957963287507,1.295548886097405,1.0001909944548988,0.0
bf16,256,256,32,8,contiguous,1,1,graph_lds_chunked(chunk=8),lds,0.05268459916114807,0.04161649942398071,0.048376500606536865,0.04236850142478943,0.04185250103473663,0.042068400979042055,1.2523556383185297,1.2659546067151812,0.9892579336379703,0.0
bf16,256,256,32,8,contiguous,2,1,graph_lds_chunked(chunk=8),chunk8,0.05282859802246094,0.04223249852657318,0.04868449866771698,0.04274849891662598,0.041872501373291016,0.04202049970626831,1.2572101329528063,1.2616537414733582,0.9964779492387803,0.0
bf16,256,256,32,8,page-cross,0,1,graph_lds_chunked(chunk=8),chunk8,0.054584598541259764,0.04188050031661987,0.048388499021530154,0.042460501194000244,0.04172050058841705,0.04192839860916138,1.3018526905850631,1.3083399712709631,0.9950415940593805,0.0
bf16,256,256,32,8,page-cross,1,1,graph_lds_chunked(chunk=8),chunk8,0.05605660080909729,0.04178049862384796,0.0484605997800827,0.04220440089702606,0.041668498516082765,0.04178839921951294,1.3414392955000263,1.3452992741617784,0.9971307658185148,0.0
bf16,256,256,32,8,page-cross,2,1,graph_lds_chunked(chunk=8),chunk8,0.05330860018730164,0.04216449856758118,0.048332500457763675,0.04260439872741699,0.04176450073719025,0.04188050031661987,1.2728740054269752,1.2764093727051704,0.9972302246020784,0.0
bf16,256,256,32,8,tail-negative,0,1,graph_lds_chunked(chunk=8),lds,0.053596597909927365,0.04151639938354492,0.04852060079574585,0.042272499203681944,0.041796401143074036,0.04160850048065186,1.288116545676767,1.2909741380696527,0.9977864836261099,0.0
bf16,256,256,32,8,tail-negative,1,1,graph_lds_chunked(chunk=8),chunk8,0.052640599012374875,0.04183650016784668,0.048476499319076535,0.042384499311447145,0.041528499126434325,0.041564399003982545,1.2664828621082924,1.2675776904941722,0.9991362830112188,0.0
bf16,256,256,32,8,tail-negative,2,1,graph_lds_chunked(chunk=8),chunk8,0.0526606023311615,0.041800498962402344,0.04824450016021729,0.04248049855232239,0.04151650071144104,0.041608399152755736,1.2656243307470236,1.2684258410210711,0.9977913487856789,0.0
bf16,256,256,32,16,random,0,1,graph_lds_chunked(chunk=8),lds,0.09852110147476197,0.07174479961395264,0.08547289967536927,0.07574880123138428,0.07196879982948304,0.06873679757118226,1.4333094493198606,1.373215926518554,1.043761160674606,0.0
bf16,256,256,32,16,random,1,1,graph_lds_chunked(chunk=8),chunk8,0.10126910209655762,0.07192080020904541,0.08556900024414063,0.07444890141487122,0.07001280188560485,0.07055670022964478,1.4352868227532112,1.4464369282352532,0.992291329636028,0.0
bf16,256,256,32,16,random,2,1,graph_lds_chunked(chunk=8),chunk8,0.10064109563827514,0.07282879948616028,0.08652499914169312,0.07499679923057556,0.07055280208587647,0.07030479907989502,1.4314968103942047,1.426464898102493,1.0035275402138568,0.0
bf16,256,256,32,16,contiguous,0,1,graph_lds_chunked(chunk=8),chunk8,0.10040910243988037,0.07291290163993835,0.08504899740219116,0.07392889857292176,0.06932880282402039,0.07058079838752747,1.422612165543652,1.4483028460011367,0.9822615273259884,0.0
bf16,256,256,32,16,contiguous,1,1,graph_lds_chunked(chunk=8),chunk8,0.10190509557723999,0.07255280017852783,0.08427299857139588,0.0739408016204834,0.07019280195236206,0.07092880010604859,1.4367238050675812,1.4517883991352873,0.9896234230300512,0.0
bf16,256,256,32,16,contiguous,2,1,graph_lds_chunked(chunk=8),chunk8,0.10116510391235352,0.07401279807090759,0.0863008975982666,0.07347279787063599,0.06894879937171935,0.07117279767990112,1.421401254554338,1.4672496814186482,0.9687521302986547,0.0
bf16,256,256,32,16,page-cross,0,1,graph_lds_chunked(chunk=8),chunk8,0.10297720432281494,0.07183279991149902,0.08460100293159485,0.07365679740905762,0.07072479724884033,0.06869680285453797,1.4990101437597323,1.4560268580268494,1.0295209428973942,0.0
bf16,256,256,32,16,page-cross,1,1,graph_lds_chunked(chunk=8),chunk8,0.1024770975112915,0.0731447994709015,0.08528890013694763,0.07354480028152466,0.06879680156707764,0.07237679958343506,1.4158832402247519,1.4895619444077672,0.9505366631715949,0.0
bf16,256,256,32,16,page-cross,2,1,graph_lds_chunked(chunk=8),chunk8,0.09770900011062622,0.07182480096817016,0.08503289818763733,0.0733568012714386,0.06891279816627502,0.06865670084953308,1.423153150407907,1.4178643548165146,1.0037301139375048,0.0
bf16,256,256,32,16,tail-negative,0,1,graph_lds_chunked(chunk=8),chunk8,0.09894909858703613,0.07136480212211609,0.08538089990615845,0.07336879968643188,0.06922079920768738,0.06838070154190064,1.4470325158393489,1.429470617496818,1.0122855958895358,0.0
bf16,256,256,32,16,tail-negative,1,1,graph_lds_chunked(chunk=8),chunk8,0.10046509504318238,0.07334489822387695,0.08690099716186524,0.07518479824066163,0.07024080157279969,0.06854879856109619,1.4655996480177522,1.430295395177934,1.0246831898912925,0.0
bf16,256,256,32,16,tail-negative,2,1,graph_lds_chunked(chunk=8),chunk8,0.09872909784317016,0.07210479974746704,0.08614889979362488,0.07460479736328125,0.06990870237350463,0.0691087007522583,1.4286059029975893,1.412257623030755,1.0115759898903929,0.0
bf16,256,256,32,32,random,0,1,graph_lds_chunked(chunk=8),chunk8,0.19164220094680787,0.1381095051765442,0.16488180160522461,0.13716549873352052,0.13018540143966675,0.12804540395736694,1.4966737971369566,1.472071359979811,1.0167128019918024,0.0
bf16,256,256,32,32,random,1,1,graph_lds_chunked(chunk=8),chunk8,0.19579010009765624,0.1406095027923584,0.16640989780426024,0.13868149518966674,0.13199349641799926,0.13019750118255616,1.5037930706759843,1.4833314171603182,1.0137943909762512,0.0
bf16,256,256,32,32,random,2,1,graph_lds_chunked(chunk=8),chunk8,0.19531420469284058,0.13836159706115722,0.16544189453125,0.13714950084686278,0.13113340139389038,0.13097740411758424,1.491205341934387,1.4894313928925544,1.001191024340092,0.0
bf16,256,256,32,32,contiguous,0,1,graph_lds_chunked(chunk=8),chunk8,0.19239410161972045,0.1387855052947998,0.16428979635238647,0.13701750040054322,0.131569504737854,0.13039350509643555,1.4754883801722403,1.462300112803925,1.0090188513649412,0.0
bf16,256,256,32,32,contiguous,1,1,graph_lds_chunked(chunk=8),chunk8,0.19540209770202638,0.1429095983505249,0.16744979619979858,0.13994959592819214,0.13361350297927857,0.13256549835205078,1.4740041725117803,1.4624427422753095,1.007905560951045,0.0
bf16,256,256,32,32,contiguous,2,1,graph_lds_chunked(chunk=8),chunk8,0.20203819274902343,0.14298160076141359,0.16930179595947265,0.14059760570526122,0.13365349769592286,0.13366949558258057,1.5114756876164384,1.5116566063140648,0.9998803175953647,0.0
bf16,256,256,32,32,page-cross,0,1,graph_lds_chunked(chunk=8),chunk8,0.19712220430374144,0.14319759607315063,0.17178590297698976,0.14095760583877565,0.13365750312805175,0.13385750055313111,1.4726272602520254,1.4748308152583607,0.998505893026144,0.0
bf16,256,256,32,32,page-cross,1,1,graph_lds_chunked(chunk=8),chunk8,0.1973621964454651,0.14100159406661988,0.1692937970161438,0.1404096007347107,0.13087739944458007,0.1321774959564209,1.4931603524289467,1.5079929558734697,0.9901640101256762,0.0
bf16,256,256,32,32,page-cross,2,1,graph_lds_chunked(chunk=8),chunk8,0.19643419981002808,0.14126549959182738,0.16911790370941163,0.1380774974822998,0.13113750219345094,0.1307374954223633,1.5025085127676925,1.497925433414562,1.0030596178226865,0.0
bf16,256,256,32,32,tail-negative,0,1,graph_lds_chunked(chunk=8),chunk8,0.19469809532165527,0.14060549736022948,0.16744589805603027,0.14058560132980347,0.1339295029640198,0.1320574998855591,1.474343339002938,1.4537356669946053,1.0141756665095354,0.0
bf16,256,256,32,32,tail-negative,1,1,graph_lds_chunked(chunk=8),chunk8,0.19983420372009278,0.14306950569152832,0.16936589479446412,0.13999760150909424,0.13365750312805175,0.1329174041748047,1.503446482127226,1.495121478729405,1.0055681116994561,0.0
bf16,256,256,32,32,tail-negative,2,1,graph_lds_chunked(chunk=8),chunk8,0.1949581027030945,0.14366559982299804,0.1695618987083435,0.14116549491882324,0.1337975025177002,0.1322695016860962,1.4739459982677772,1.457113167544389,1.0115521780314125,0.0
bf16,256,256,64,8,random,0,1,graph_global,global,0.10347310304641724,0.11068520545959473,0.15318169593811035,0.12270530462265014,0.10761719942092896,0.1021731972694397,1.0127225711998575,1.0,1.0127225711998575,0.0
bf16,256,256,64,8,random,1,1,graph_global,global,0.09778509736061096,0.1078611969947815,0.15454180240631105,0.12298539876937867,0.10830119848251343,0.09770110249519348,1.0008597125648773,1.0,1.0008597125648773,0.0
bf16,256,256,64,8,random,2,1,graph_global,global,0.09760500192642212,0.10854920148849487,0.14872169494628906,0.12140539884567261,0.10738519430160523,0.09728500247001648,1.0032892989492832,1.0,1.0032892989492832,0.0
bf16,256,256,64,8,contiguous,0,1,graph_global,global,0.09840109944343567,0.10886119604110718,0.14978159666061402,0.1198533058166504,0.10668920278549195,0.09814109802246093,1.0026492613819669,1.0,1.0026492613819669,0.0
bf16,256,256,64,8,contiguous,1,1,graph_global,global,0.09792100191116333,0.10767719745635987,0.1511976957321167,0.12252130508422851,0.10682510137557984,0.0980650007724762,0.9985315978159531,1.0,0.9985315978159531,0.0
bf16,256,256,64,8,contiguous,2,1,graph_global,global,0.09808509945869445,0.10899720191955567,0.15293370485305785,0.12189340591430664,0.10687320232391358,0.09806910157203674,1.0001631287163977,1.0,1.0001631287163977,0.0
bf16,256,256,64,8,page-cross,0,1,graph_global,global,0.09860910177230835,0.10813319683074951,0.15213769674301147,0.1239374041557312,0.10795320272445678,0.0983610987663269,1.0025213525376595,1.0,1.0025213525376595,0.0
bf16,256,256,64,8,page-cross,1,1,graph_global,global,0.09776510000228882,0.10614110231399536,0.15041359663009643,0.12241339683532715,0.10703320503234863,0.09818509817123414,0.9957223837754601,1.0,0.9957223837754601,0.0
bf16,256,256,64,8,page-cross,2,1,graph_global,global,0.0983610987663269,0.10848519802093506,0.15366970300674437,0.1241494059562683,0.10733319520950317,0.09830510020256042,1.0005696404728859,1.0,1.0005696404728859,0.0
bf16,256,256,64,8,tail-negative,0,1,graph_global,global,0.09770900011062622,0.10791720151901245,0.14934170246124268,0.12098540067672729,0.10651320219039917,0.09735299944877625,1.0036568021926977,1.0,1.0036568021926977,0.0
bf16,256,256,64,8,tail-negative,1,1,graph_global,global,0.09762910008430481,0.10836919546127319,0.15076570510864257,0.12089730501174926,0.10675710439682007,0.09742910265922547,1.0020527483023103,1.0,1.0020527483023103,0.0
bf16,256,256,64,8,tail-negative,2,1,graph_global,global,0.09765710234642029,0.10754920244216919,0.1528296947479248,0.12396539449691772,0.11008529663085938,0.09774109721183777,0.9991406392212333,1.0,0.9991406392212333,0.0
bf16,256,256,64,16,random,0,1,graph_global,global,0.18405810594558716,0.2053023099899292,0.28562710285186765,0.23169050216674805,0.20009019374847412,0.18655799627304076,0.9865999293656926,1.0,0.9865999293656926,0.0
bf16,256,256,64,16,random,1,1,graph_global,global,0.1807420015335083,0.2067183017730713,0.28316709995269773,0.22770259380340577,0.199222195148468,0.1935621976852417,0.9337670459157488,1.0,0.9337670459157488,0.0
bf16,256,256,64,16,random,2,1,graph_global,global,0.18041000366210938,0.20320630073547363,0.2817591905593872,0.226670503616333,0.1989501953125,0.18895410299301146,0.9547821444701939,1.0,0.9547821444701939,0.0
bf16,256,256,64,16,contiguous,0,1,graph_global,global,0.1829100012779236,0.2046823024749756,0.2779630899429321,0.22598249912261964,0.1997462034225464,0.19251819849014282,0.9500920053918374,1.0,0.9500920053918374,0.0
bf16,256,256,64,16,contiguous,1,1,graph_global,global,0.1840499997138977,0.20264220237731934,0.28073511123657224,0.22568650245666505,0.1984462022781372,0.188326096534729,0.9772941886466449,1.0,0.9772941886466449,0.0
bf16,256,256,64,16,contiguous,2,1,graph_global,global,0.18269799947738646,0.193926203250885,0.2841631889343262,0.22770249843597412,0.1983543038368225,0.18492610454559327,0.9879513761797893,1.0,0.9879513761797893,0.0
bf16,256,256,64,16,page-cross,0,1,graph_global,global,0.1834900975227356,0.20007820129394532,0.283135199546814,0.22547049522399903,0.19863020181655883,0.19063409566879272,0.962525076529494,1.0,0.962525076529494,0.0
bf16,256,256,64,16,page-cross,1,1,graph_global,global,0.18303799629211426,0.1939702033996582,0.28355519771575927,0.22745850086212158,0.1982982039451599,0.18277009725570678,1.001465770607063,1.0,1.001465770607063,0.0
bf16,256,256,64,16,page-cross,2,1,graph_global,global,0.18223810195922852,0.20247418880462648,0.28277909755706787,0.22625460624694824,0.19866620302200316,0.18835010528564453,0.967549774834759,1.0,0.967549774834759,0.0
bf16,256,256,64,16,tail-negative,0,1,graph_global,global,0.17962599992752076,0.19616219997406006,0.2843031883239746,0.23205060958862306,0.199038302898407,0.18131799697875978,0.9906683446793358,1.0,0.9906683446793358,0.0
bf16,256,256,64,16,tail-negative,1,1,graph_global,global,0.18185399770736693,0.20335021018981933,0.28143908977508547,0.22577450275421143,0.19897019863128662,0.18655810356140137,0.9747847680468825,1.0,0.9747847680468825,0.0
bf16,256,256,64,16,tail-negative,2,1,graph_global,global,0.1805500030517578,0.20087020397186278,0.28326709270477296,0.22883059978485107,0.1985542058944702,0.1811581015586853,0.9966432718068062,1.0,0.9966432718068062,0.0
bf16,256,256,64,32,random,0,1,graph_global,global,0.35292189121246337,0.37161209583282473,0.542549991607666,0.42516069412231444,0.3820122003555298,0.37093210220336914,0.9514460709010529,1.0,0.9514460709010529,0.0
bf16,256,256,64,32,random,1,1,graph_global,global,0.35212390422821044,0.3699481964111328,0.5312660217285157,0.42382469177246096,0.3826482057571411,0.372904109954834,0.9442746669401406,1.0,0.9442746669401406,0.0
bf16,256,256,64,32,random,2,1,graph_global,global,0.3467237949371338,0.37010409832000735,0.5312540054321289,0.4236446857452393,0.382744288444519,0.37489609718322753,0.92485303939474,1.0,0.92485303939474,0.0
bf16,256,256,64,32,contiguous,0,1,graph_global,global,0.35612800121307375,0.37599620819091795,0.5373740196228027,0.425128698348999,0.3816361904144287,0.3732882022857666,0.9540296184888372,1.0,0.9540296184888372,0.0
bf16,256,256,64,32,contiguous,1,1,graph_global,global,0.35463991165161135,0.35750789642333985,0.5320219039916992,0.4214046001434326,0.38146419525146485,0.38983640670776365,0.9097147048081198,1.0,0.9097147048081198,0.0
bf16,256,256,64,32,contiguous,2,1,graph_global,global,0.35452799797058104,0.3699521064758301,0.5388299942016601,0.42284069061279295,0.38302030563354494,0.37619218826293943,0.942411908146226,1.0,0.942411908146226,0.0
bf16,256,256,64,32,page-cross,0,1,graph_global,global,0.35524399280548097,0.3712922096252441,0.5310179233551026,0.42313671112060547,0.38159220218658446,0.37228410243988036,0.9542282103299021,1.0,0.9542282103299021,0.0
bf16,256,256,64,32,page-cross,1,1,graph_global,global,0.34969589710235593,0.37487618923187255,0.5305018901824952,0.42377281188964844,0.3824043035507202,0.37382409572601316,0.9354557426888247,1.0,0.9354557426888247,0.0
bf16,256,256,64,32,page-cross,2,1,graph_global,global,0.34431579113006594,0.3724561929702759,0.5286299228668213,0.42221269607543943,0.38126420974731445,0.37896430492401123,0.9085705082411577,1.0,0.9085705082411577,0.0
bf16,256,256,64,32,tail-negative,0,1,graph_global,global,0.3507719039916992,0.36167609691619873,0.5264779090881347,0.4234488010406494,0.3814642906188965,0.3897362947463989,0.9000237050540705,1.0,0.9000237050540705,0.0
bf16,256,256,64,32,tail-negative,1,1,graph_global,global,0.35016789436340334,0.36462810039520266,0.5339619159698487,0.42219271659851076,0.38175220489501954,0.37085609436035155,0.9442150194871922,1.0,0.9442150194871922,0.0
bf16,256,256,64,32,tail-negative,2,1,graph_global,global,0.35415589809417725,0.3656440019607544,0.528269910812378,0.4255368232727051,0.38163630962371825,0.37240009307861327,0.9510091556808911,1.0,0.9510091556808911,0.0
bf16,256,256,128,8,random,0,0,graph_global,global,0.1820741057395935,,,,,0.19026609659194946,0.9569445581788292,1.0,0.9569445581788292,0.0
bf16,256,256,128,8,random,1,0,graph_global,global,0.19250619411468506,,,,,0.18592610359191894,1.0353908913038294,1.0,1.0353908913038294,0.0
bf16,256,256,128,8,random,2,0,graph_global,global,0.18765809535980224,,,,,0.1888821005821228,0.9935197394642041,1.0,0.9935197394642041,0.0
bf16,256,256,128,8,contiguous,0,0,graph_global,global,0.19191809892654418,,,,,0.19063010215759277,1.0067565235205436,1.0,1.0067565235205436,0.0
bf16,256,256,128,8,contiguous,1,0,graph_global,global,0.18949010372161865,,,,,0.18959809541702272,0.9994304178258409,1.0,0.9994304178258409,0.0
bf16,256,256,128,8,contiguous,2,0,graph_global,global,0.19658219814300537,,,,,0.19134609699249266,1.0273645568569822,1.0,1.0273645568569822,0.0
bf16,256,256,128,8,page-cross,0,0,graph_global,global,0.1940621018409729,,,,,0.19125809669494628,1.0146608441393148,1.0,1.0146608441393148,0.0
bf16,256,256,128,8,page-cross,1,0,graph_global,global,0.18997809886932374,,,,,0.19123009443283082,0.9934529365410796,1.0,0.9934529365410796,0.0
bf16,256,256,128,8,page-cross,2,0,graph_global,global,0.19133009910583496,,,,,0.19276609420776367,0.9925505825709111,1.0,0.9925505825709111,0.0
bf16,256,256,128,8,tail-negative,0,0,graph_global,global,0.19474220275878906,,,,,0.1929581046104431,1.0092460389365236,1.0,1.0092460389365236,0.0
bf16,256,256,128,8,tail-negative,1,0,graph_global,global,0.19279420375823975,,,,,0.19312210083007814,0.9983021255960399,1.0,0.9983021255960399,0.0
bf16,256,256,128,8,tail-negative,2,0,graph_global,global,0.19453020095825196,,,,,0.19445019960403442,1.0004114233586823,1.0,1.0004114233586823,0.0
bf16,256,256,128,16,random,0,0,graph_global,global,0.3702722072601318,,,,,0.37617220878601076,0.9843156900268643,1.0,0.9843156900268643,0.0
bf16,256,256,128,16,random,1,0,graph_global,global,0.3765562057495117,,,,,0.3808321952819824,0.9887719851802325,1.0,0.9887719851802325,0.0
bf16,256,256,128,16,random,2,0,graph_global,global,0.38118031024932864,,,,,0.3809483051300049,1.00060901995415,1.0,1.00060901995415,0.0
bf16,256,256,128,16,contiguous,0,0,graph_global,global,0.38488430976867677,,,,,0.3855483055114746,0.9982777884552833,1.0,0.9982777884552833,0.0
bf16,256,256,128,16,contiguous,1,0,graph_global,global,0.3827642917633057,,,,,0.3851162910461426,0.9938927556753108,1.0,0.9938927556753108,0.0
bf16,256,256,128,16,contiguous,2,0,graph_global,global,0.3859523057937622,,,,,0.3841681957244873,1.0046440858174381,1.0,1.0046440858174381,0.0
bf16,256,256,128,16,page-cross,0,0,graph_global,global,0.3870243072509766,,,,,0.3861603021621704,1.0022374259704285,1.0,1.0022374259704285,0.0
bf16,256,256,128,16,page-cross,1,0,graph_global,global,0.38609230518341064,,,,,0.3851162910461426,1.002534336147185,1.0,1.002534336147185,0.0
bf16,256,256,128,16,page-cross,2,0,graph_global,global,0.3793761968612671,,,,,0.3751281023025513,1.011324383677578,1.0,1.011324383677578,0.0
bf16,256,256,128,16,tail-negative,0,0,graph_global,global,0.374052095413208,,,,,0.37976019382476806,0.9849692029223212,1.0,0.9849692029223212,0.0
bf16,256,256,128,16,tail-negative,1,0,graph_global,global,0.3774041891098022,,,,,0.3818763017654419,0.9882891066165541,1.0,0.9882891066165541,0.0
bf16,256,256,128,16,tail-negative,2,0,graph_global,global,0.37894420623779296,,,,,0.3797722101211548,0.9978197354590592,1.0,0.9978197354590592,0.0
bf16,256,256,128,32,random,0,0,graph_global,global,0.7451403141021729,,,,,0.7495604038238526,0.994103090692717,1.0,0.994103090692717,0.0
bf16,256,256,128,32,random,1,0,graph_global,global,0.7474643230438233,,,,,0.7497602939605713,0.9969377267171355,1.0,0.9969377267171355,0.0
bf16,256,256,128,32,random,2,0,graph_global,global,0.750480318069458,,,,,0.7650764942169189,0.9809219388416833,1.0,0.9809219388416833,0.0
bf16,256,256,128,32,contiguous,0,0,graph_global,global,0.7714206218719483,,,,,0.7712806224822998,1.0001815155023575,1.0,1.0001815155023575,0.0
bf16,256,256,128,32,contiguous,1,0,graph_global,global,0.7648166179656982,,,,,0.76979660987854,0.9935307692331516,1.0,0.9935307692331516,0.0
bf16,256,256,128,32,contiguous,2,0,graph_global,global,0.768656587600708,,,,,0.7682806015014648,1.0004893864279645,1.0,1.0004893864279645,0.0
bf16,256,256,128,32,page-cross,0,0,graph_global,global,0.7521324157714844,,,,,0.7572964191436767,0.9931810012015749,1.0,0.9931810012015749,0.0
bf16,256,256,128,32,page-cross,1,0,graph_global,global,0.7564643859863281,,,,,0.7582923889160156,0.9975893165269658,1.0,0.9975893165269658,0.0
bf16,256,256,128,32,page-cross,2,0,graph_global,global,0.7557844161987305,,,,,0.7612124919891358,0.9928691714238411,1.0,0.9928691714238411,0.0
bf16,256,256,128,32,tail-negative,0,0,graph_global,global,0.7584485054016114,,,,,0.7635525226593017,0.9933154339665933,1.0,0.9933154339665933,0.0
bf16,256,256,128,32,tail-negative,1,0,graph_global,global,0.7545804977416992,,,,,0.7586005210876465,0.9947007374313643,1.0,0.9947007374313643,0.0
bf16,256,256,128,32,tail-negative,2,0,graph_global,global,0.7589603900909424,,,,,0.7636005878448486,0.9939232658699196,1.0,0.9939232658699196,0.0
