dtype,tasks,tile_tokens,dim,num_transforms,pattern,seed,lds_fits,policy,best_variant,global_ms,lds_ms,chunk2_ms,chunk4_ms,chunk8_ms,auto_ms,auto_speedup_vs_global,best_speedup_vs_global,auto_vs_best,max_abs_diff_auto
fp16,32,64,32,8,random,0,1,graph_global,global,0.009984099864959716,0.019412200152873992,0.01084420010447502,0.013852100074291229,0.0193122997879982,0.009748099744319916,1.024209859031994,1.0,1.024209859031994,0.0
fp16,32,64,32,8,random,1,1,graph_global,global,0.009556099772453308,0.019068199396133422,0.010856100171804429,0.013408200442790985,0.019360199570655823,0.009784100204706192,0.9766968420720779,1.0,0.9766968420720779,0.0
fp16,32,64,32,8,random,2,1,graph_global,global,0.009780099987983704,0.019172200560569765,0.010608100146055222,0.01358409970998764,0.019068199396133422,0.009512100368738174,1.0281745996001386,1.0,1.0281745996001386,0.0
fp16,32,64,32,8,contiguous,0,1,graph_global,global,0.009720099717378616,0.019140200316905977,0.010648100078105927,0.01355219930410385,0.01908019930124283,0.00958010032773018,1.0146135619522898,1.0,1.0146135619522898,0.0
fp16,32,64,32,8,contiguous,1,1,graph_global,global,0.009776099771261215,0.018980200588703155,0.01077210009098053,0.01339610069990158,0.019276200234889983,0.009548100084066391,1.0238790633934916,1.0,1.0238790633934916,0.0
fp16,32,64,32,8,contiguous,2,1,graph_global,global,0.009776099771261215,0.019212199747562407,0.010632099956274033,0.013548199832439423,0.019068199396133422,0.009588100016117096,1.0196076130649556,1.0,1.0196076130649556,0.0
fp16,32,64,32,8,page-cross,0,1,graph_global,global,0.009620100259780884,0.019096200168132783,0.01093209981918335,0.013548199832439423,0.01952019929885864,0.00986810028553009,0.9748685138402113,1.0,0.9748685138402113,0.0
fp16,32,64,32,8,page-cross,1,1,graph_global,global,0.009756100177764893,0.01942020058631897,0.010776100307703018,0.013776199519634246,0.019404199719429017,0.00973609983921051,1.0020542454252406,1.0,1.0020542454252406,0.0
fp16,32,64,32,8,page-cross,2,1,graph_global,global,0.009784100204706192,0.01937219947576523,0.010760200023651124,0.013536100089550019,0.01934420019388199,0.00976009964942932,1.0024590481797258,1.0,1.0024590481797258,0.0
fp16,32,64,32,8,tail-negative,0,1,graph_global,global,0.009968099743127823,0.019240200519561768,0.010912100225687027,0.013588100671768188,0.01950819939374924,0.00973210036754608,1.0242495829953353,1.0,1.0242495829953353,0.0
fp16,32,64,32,8,tail-negative,1,1,graph_global,global,0.009940099716186524,0.0194922000169754,0.010848099738359452,0.01376820057630539,0.01936420053243637,0.009708099812269212,1.0238975606353067,1.0,1.0238975606353067,0.0
fp16,32,64,32,8,tail-negative,2,1,graph_global,global,0.009892100095748901,0.0194242000579834,0.010760100185871124,0.013624100387096405,0.019512200355529787,0.009716100245714187,1.0181142480608254,1.0,1.0181142480608254,0.0
fp16,32,64,32,16,random,0,1,graph_global,chunk2,0.012332099676132201,0.031556299328804015,0.012052100151777267,0.014172199368476867,0.01982019990682602,0.012092100083827972,1.0198476352858843,1.023232425953052,0.996692060785686,0.0
fp16,32,64,32,16,random,1,1,graph_global,chunk2,0.012356200069189072,0.03144040107727051,0.01223210021853447,0.01419209986925125,0.020040200650691987,0.012116099894046783,1.0198166222829066,1.0101454246153545,1.0095740647157163,0.0
fp16,32,64,32,16,random,2,1,graph_global,chunk2,0.012340100109577179,0.031424298882484436,0.012216100096702575,0.01557610034942627,0.019856199622154236,0.013180099427700043,0.9362676038423903,1.0101505400162916,0.9268594796051787,0.0
fp16,32,64,32,16,contiguous,0,1,graph_global,global,0.012340100109577179,0.03138830065727234,0.012368100136518479,0.014092199504375458,0.01986420005559921,0.012112099677324295,1.018824187244738,1.0,1.018824187244738,0.0
fp16,32,64,32,16,contiguous,1,1,graph_global,chunk2,0.012304099649190903,0.0316644012928009,0.012060099840164184,0.014320099353790283,0.01981620043516159,0.012132100015878677,1.0141772350283225,1.020231989142753,0.9940653163409255,0.0
fp16,32,64,32,16,contiguous,2,1,graph_global,chunk2,0.012352100014686585,0.0315403014421463,0.012064100056886674,0.014160199463367463,0.02013619989156723,0.012104099988937378,1.0204889273862465,1.0238724775525638,0.9966953402493979,0.0
fp16,32,64,32,16,page-cross,0,1,graph_global,chunk2,0.012292099744081497,0.03138040006160736,0.012212099879980088,0.01509609967470169,0.019784200191497802,0.012140099704265595,1.0125204935312428,1.0065508688012417,1.0059307730140958,0.0
fp16,32,64,32,16,page-cross,1,1,graph_global,chunk2,0.012268099933862686,0.03138830065727234,0.012084200233221053,0.014308099448680878,0.01989219933748245,0.012144099920988083,1.0102107207352848,1.0152181937647862,0.9950675893514753,0.0
fp16,32,64,32,16,page-cross,2,1,graph_global,chunk2,0.012288100272417068,0.031380298733711245,0.012236099690198898,0.014152200520038604,0.020064200460910796,0.012064100056886674,1.0185675031269759,1.0042497677801547,1.0142571457880143,0.0
fp16,32,64,32,16,tail-negative,0,1,graph_global,chunk2,0.012288100272417068,0.032376301288604734,0.01204409971833229,0.014320200681686402,0.019860200583934784,0.012064100056886674,1.0185675031269759,1.0202589284206427,0.9983421607529717,0.0
fp16,32,64,32,16,tail-negative,1,1,graph_global,chunk2,0.01228410005569458,0.03164440095424652,0.012036199867725372,0.01432809978723526,0.019860200583934784,0.012048199772834778,1.0195797120987062,1.0205962173022687,0.999004008454735,0.0
fp16,32,64,32,16,tail-negative,2,1,graph_global,chunk2,0.012376099824905396,0.031428301334381105,0.012060199677944184,0.014360100030899048,0.01984419971704483,0.012076099961996078,1.0248424461418362,1.0261936083478729,0.9986833262309908,0.0
fp16,32,64,32,32,random,0,1,graph_global,chunk2,0.016776099801063538,0.055860602855682374,0.016256199777126314,0.016396200656890868,0.020756199955940247,0.01658809930086136,1.0113334564010246,1.0319816458375937,0.9799917086511647,0.0
fp16,32,64,32,32,random,1,1,graph_global,chunk2,0.01801619976758957,0.05553650259971619,0.0161081001162529,0.016280199587345123,0.020624199509620668,0.01660420000553131,1.0850387107832886,1.118455909608571,0.97012202399916,0.0
fp16,32,64,32,32,random,2,1,graph_global,chunk2,0.016640199720859526,0.05560460090637207,0.016168199479579926,0.016376200318336486,0.020652200281620025,0.01645209938287735,1.0114332118719112,1.0291931233206102,0.9827438494814288,0.0
fp16,32,64,32,32,contiguous,0,1,graph_global,chunk2,0.01676409989595413,0.0556846022605896,0.016300199925899504,0.01660809963941574,0.020972199738025665,0.016516099870204925,1.01501565307174,1.0284597717919726,0.98692790997862,0.0
fp16,32,64,32,32,contiguous,1,1,graph_global,chunk2,0.016748100519180298,0.055728602409362796,0.01634020060300827,0.01652020066976547,0.020896300673484802,0.016524200141429902,1.0135498466391137,1.0249629686980055,0.9888648444798062,0.0
fp16,32,64,32,32,contiguous,2,1,graph_global,chunk4,0.01655219942331314,0.05581269860267639,0.016492199897766114,0.016256199777126314,0.02100819945335388,0.016752199828624727,0.988061245247932,1.018208415881018,0.9703919451431752,0.0
fp16,32,64,32,32,page-cross,0,1,graph_global,chunk2,0.016904200613498687,0.05555260181427002,0.016192199289798738,0.01639219969511032,0.020728200674057007,0.016668200492858887,1.0141587042189053,1.0439718725638782,0.9714425559457315,0.0
fp16,32,64,32,32,page-cross,1,1,graph_global,chunk2,0.01677220016717911,0.05557259917259216,0.016196200251579286,0.016380199790000917,0.020700199902057646,0.016592200100421905,1.0108484749260362,1.0355638919408678,0.9761333731243664,0.0
fp16,32,64,32,32,page-cross,2,1,graph_global,chunk4,0.016612200438976286,0.05564060211181641,0.016420100629329682,0.016172100603580476,0.021024200320243835,0.01677220016717911,0.9904604210176361,1.0272135232264368,0.964220581818899,0.0
fp16,32,64,32,32,tail-negative,0,1,graph_global,chunk2,0.01652819961309433,0.05559260249137878,0.016456200182437895,0.017736199498176574,0.020652200281620025,0.0166922003030777,0.9901750106633257,1.0043752160193866,0.9858616529663684,0.0
fp16,32,64,32,32,tail-negative,1,1,graph_global,chunk2,0.016704200208187102,0.055964702367782594,0.016384199261665344,0.016452200710773468,0.02074420005083084,0.01652819961309433,1.0106485037216841,1.019531070234874,0.9912875960600753,0.0
fp16,32,64,32,32,tail-negative,2,1,graph_global,chunk4,0.016728200018405914,0.055612599849700926,0.017452199757099152,0.01612820029258728,0.020912200212478638,0.017868199944496156,0.9361995092045413,1.037201901944038,0.9026203166903313,0.0
fp16,32,64,64,8,random,0,1,graph_global,global,0.012800200283527375,0.027928298711776732,0.014128200709819794,0.018896199762821198,0.027792298793792726,0.01242009997367859,1.0306036433405783,1.0,1.0306036433405783,0.0
fp16,32,64,64,8,random,1,1,graph_global,global,0.012820099294185639,0.027872300148010253,0.014220200479030609,0.018852199614048003,0.02783229947090149,0.012464199960231782,1.0285537246746193,1.0,1.0285537246746193,0.0
fp16,32,64,64,8,random,2,1,graph_global,global,0.012580099701881408,0.027924299240112305,0.014264099299907684,0.018896299600601196,0.027840301394462585,0.01259620040655136,0.998721780842612,1.0,0.998721780842612,0.0
fp16,32,64,64,8,contiguous,0,1,graph_global,global,0.0126800999045372,0.027976399660110472,0.014176100492477417,0.018908199667930604,0.02780430018901825,0.012464100122451782,1.0173297534489742,1.0,1.0173297534489742,0.0
fp16,32,64,64,8,contiguous,1,1,graph_global,global,0.012552100419998168,0.027624401450157165,0.014332099258899689,0.018752199411392213,0.028072300553321838,0.012636099755764008,0.9933524317321472,1.0,0.9933524317321472,0.0
fp16,32,64,64,8,contiguous,2,1,graph_global,global,0.012472099810838699,0.027944400906562805,0.014204099774360657,0.018900200724601746,0.0278562992811203,0.012500099837779999,0.9977600157355004,1.0,0.9977600157355004,0.0
fp16,32,64,64,8,page-cross,0,1,graph_global,global,0.012464199960231782,0.027916300296783447,0.01419219970703125,0.018840199708938597,0.02790830135345459,0.01249610036611557,0.9974471711214573,1.0,0.9974471711214573,0.0
fp16,32,64,64,8,page-cross,1,1,graph_global,global,0.012636099755764008,0.027920299768447877,0.014172199368476867,0.018820199370384216,0.027836298942565917,0.012508200109004974,1.0102252638784501,1.0,1.0102252638784501,0.0
fp16,32,64,64,8,page-cross,2,1,graph_global,global,0.012592099606990814,0.02783229947090149,0.014180099964141846,0.018820199370384216,0.027784299850463868,0.012488199770450592,1.0083198410059124,1.0,1.0083198410059124,0.0
fp16,32,64,64,8,tail-negative,0,1,graph_global,global,0.012668099999427796,0.02788029909133911,0.01416810005903244,0.018820199370384216,0.027864301204681398,0.012440100312232971,1.0183278013418124,1.0,1.0183278013418124,0.0
fp16,32,64,64,8,tail-negative,1,1,graph_global,global,0.012732100486755372,0.027888301014900207,0.014188200235366821,0.018840199708938597,0.027788299322128295,0.012504200637340545,1.0182258631338867,1.0,1.0182258631338867,0.0
fp16,32,64,64,8,tail-negative,2,1,graph_global,global,0.012772099673748016,0.02793639898300171,0.014200100302696228,0.01880829930305481,0.02771629989147186,0.012536099553108216,1.018825641870504,1.0,1.018825641870504,0.0
fp16,32,64,64,16,random,0,1,graph_global,chunk2,0.016652099788188934,0.04714060127735138,0.016644200682640074,0.019572199881076814,0.02883630096912384,0.01642020046710968,1.0141228069379395,1.0004745860554962,1.0136417466996872,0.0
fp16,32,64,64,16,random,1,1,graph_global,global,0.01666810065507889,0.04820449948310852,0.016776199638843536,0.019676299393177034,0.029124298691749574,0.016908200085163118,0.9857998232292676,1.0,0.9857998232292676,0.0
fp16,32,64,64,16,random,2,1,graph_global,chunk2,0.016932199895381927,0.04796850085258484,0.01668809950351715,0.020012199878692627,0.029136401414871217,0.01671220064163208,1.013163990695624,1.0146272133512466,0.9985578716632391,0.0
fp16,32,64,64,16,contiguous,0,1,graph_global,global,0.016756199300289154,0.04741249978542328,0.016812199354171754,0.019620299339294434,0.029112300276756285,0.016532200574874877,1.0135492383122124,1.0,1.0135492383122124,0.0
fp16,32,64,64,16,contiguous,1,1,graph_global,chunk2,0.01682019978761673,0.047764599323272705,0.01650020033121109,0.019800199568271636,0.029064300656318664,0.016536200046539308,1.017174425822023,1.01939367098473,0.9978229753373266,0.0
fp16,32,64,64,16,contiguous,2,1,graph_global,chunk2,0.016836200654506684,0.04841249883174896,0.016776199638843536,0.019992199540138245,0.029116299748420716,0.01672019958496094,1.0069377801955237,1.0035765558919687,1.0033492455396864,0.0
fp16,32,64,64,16,page-cross,0,1,graph_global,chunk2,0.016804200410842896,0.04785659909248352,0.016768200695514678,0.019588199257850648,0.02900429964065552,0.016752199828624727,1.0031041046996894,1.0021469038915933,1.0009551501924308,0.0
fp16,32,64,64,16,page-cross,1,1,graph_global,global,0.01663219928741455,0.0472445011138916,0.01672019958496094,0.01960819959640503,0.028844299912452697,0.016508199274539948,1.0075114196777262,1.0,1.0075114196777262,0.0
fp16,32,64,64,16,page-cross,2,1,graph_global,global,0.01647620052099228,0.047632598876953126,0.016728200018405914,0.019696199893951417,0.029108300805091858,0.01679220050573349,0.9811817406162274,1.0,0.9811817406162274,0.0
fp16,32,64,64,16,tail-negative,0,1,graph_global,chunk2,0.01665620058774948,0.04751250147819519,0.016452200710773468,0.019884200394153596,0.028756299614906312,0.016384199261665344,1.0166014415315705,1.0123995494926357,1.0041504285941656,0.0
fp16,32,64,64,16,tail-negative,1,1,graph_global,chunk2,0.01668419986963272,0.047316500544548036,0.01650020033121109,0.019484199583530426,0.028788301348686218,0.016396200656890868,1.0175649968409488,1.0111513517853226,1.0063429130014039,0.0
fp16,32,64,64,16,tail-negative,2,1,graph_global,global,0.01658809930086136,0.047064599394798276,0.017795200645923614,0.01950020045042038,0.028872400522232056,0.016460199654102326,1.0077702366585302,1.0,1.0077702366585302,0.0
fp16,32,64,64,32,random,0,1,graph_global,chunk2,0.024524299800395964,0.08700100183486939,0.02361219972372055,0.02388020008802414,0.03090429902076721,0.02425229996442795,1.0112154243666363,1.038628339898342,0.9736066170364763,0.0
fp16,32,64,64,32,random,1,1,graph_global,chunk2,0.024756300449371337,0.08784490227699279,0.02364020049571991,0.024100199341773987,0.030700299143791198,0.024524299800395964,1.0094600315141975,1.0472119495709649,0.9639500694465585,0.0
fp16,32,64,64,32,random,2,1,graph_global,chunk2,0.024672199785709382,0.087813001871109,0.02347629964351654,0.02369229942560196,0.0305404007434845,0.02446019947528839,1.0086671537832377,1.0509407428066762,0.9597754780059802,0.0
fp16,32,64,64,32,contiguous,0,1,graph_global,chunk2,0.024928300082683562,0.08870090246200561,0.023872199654579162,0.024404199421405794,0.0310602992773056,0.024676300585269928,1.0102122073178206,1.0442397618730463,0.9674140405320415,0.0
fp16,32,64,64,32,contiguous,1,1,graph_global,chunk4,0.02454819977283478,0.08709700107574463,0.023780299723148345,0.02369229942560196,0.030456399917602538,0.02438029944896698,1.00688672115038,1.0361256766115294,0.9717804933116123,0.0
fp16,32,64,64,32,contiguous,2,1,graph_global,chunk2,0.02552030086517334,0.08655300140380859,0.023332299292087556,0.02358829975128174,0.030312299728393555,0.024364200234413148,1.0474507933622734,1.0937756517561805,0.9576468370643217,0.0
fp16,32,64,64,32,page-cross,0,1,graph_global,chunk2,0.024324299395084382,0.08686100244522095,0.023832300305366518,0.023912300169467927,0.030916398763656615,0.024520300328731537,0.9920065851143963,1.0206442132489861,0.9719416151457632,0.0
fp16,32,64,64,32,page-cross,1,1,graph_global,chunk4,0.024844199419021606,0.08676499724388123,0.023696300387382508,0.02363629937171936,0.030468401312828065,0.024572199583053587,1.0110694134258784,1.0511036024847227,0.9619122330432446,0.0
fp16,32,64,64,32,page-cross,2,1,graph_global,chunk2,0.024448299407958986,0.08689690232276917,0.023692199587821962,0.02374819964170456,0.030732300877571107,0.024648299813270567,0.9918858336345008,1.03191344971303,0.9612102971526724,0.0
fp16,32,64,64,32,tail-negative,0,1,graph_global,chunk4,0.024640299379825592,0.08828099966049194,0.024464300274848937,0.02406429946422577,0.03102029860019684,0.024480299651622774,1.0065358566063227,1.023935868835746,0.9830067363015539,0.0
fp16,32,64,64,32,tail-negative,1,1,graph_global,chunk2,0.02486030012369156,0.08712890148162841,0.023380200564861297,0.02371619939804077,0.030524298548698425,0.02461629956960678,1.0099121540747757,1.0633056827174845,0.94978534441173,0.0
fp16,32,64,64,32,tail-negative,2,1,graph_global,chunk2,0.024448299407958986,0.0868569016456604,0.023572200536727907,0.023664200305938722,0.03069230020046234,0.02432830035686493,1.0049324880626194,1.0371666136925157,0.9689209764329604,0.0
fp16,32,64,128,8,random,0,1,graph_global,global,0.01894019991159439,0.04546850025653839,0.021372300386428834,0.02928430140018463,0.045332500338554384,0.018684199452400206,1.01370144114798,1.0,1.01370144114798,0.0
fp16,32,64,128,8,random,1,1,graph_global,global,0.01818020045757294,0.04446850121021271,0.02080020010471344,0.02868430018424988,0.044560500979423524,0.01790820062160492,1.0151885631457507,1.0,1.0151885631457507,0.0
fp16,32,64,128,8,random,2,1,graph_global,global,0.018028199672698975,0.04442049860954285,0.02082819938659668,0.028744301199913024,0.044340398907661435,0.017780199646949768,1.0139481012965876,1.0,1.0139481012965876,0.0
fp16,32,64,128,8,contiguous,0,1,graph_global,global,0.017864200472831725,0.04438450038433075,0.021084199845790862,0.028852298855781555,0.04432049989700317,0.018020200729370116,0.9913430344710792,1.0,0.9913430344710792,0.0
fp16,32,64,128,8,contiguous,1,1,graph_global,global,0.018132199347019196,0.0444364994764328,0.02109619975090027,0.028768301010131836,0.044344499707221985,0.017912200093269347,1.0122820900059348,1.0,1.0122820900059348,0.0
fp16,32,64,128,8,contiguous,2,1,graph_global,global,0.018088200688362123,0.0444364994764328,0.02090030014514923,0.028952300548553467,0.04440850019454956,0.01790820062160492,1.0100512648121691,1.0,1.0100512648121691,0.0
fp16,32,64,128,8,page-cross,0,1,graph_global,global,0.01788419932126999,0.04429250061511993,0.021076199412345887,0.028776401281356813,0.044388499855995175,0.018116199970245363,0.9871937465165753,1.0,0.9871937465165753,0.0
fp16,32,64,128,8,page-cross,1,1,graph_global,global,0.017860199511051177,0.044272500276565555,0.02109220027923584,0.02875230014324188,0.04440850019454956,0.018060199916362762,0.9889259030222372,1.0,0.9889259030222372,0.0
fp16,32,64,128,8,page-cross,2,1,graph_global,global,0.018048200011253356,0.04450849890708923,0.02090020030736923,0.02899230122566223,0.044376501441001893,0.01787620037794113,1.0096217109718948,1.0,1.0096217109718948,0.0
fp16,32,64,128,8,tail-negative,0,1,graph_global,global,0.018536199629306794,0.04454050064086914,0.02130820006132126,0.028956300020217894,0.04468050003051758,0.018300199508666994,1.0128960408616328,1.0,1.0128960408616328,0.0
fp16,32,64,128,8,tail-negative,1,1,graph_global,global,0.018004199862480162,0.044448500871658324,0.020840199291706087,0.028880301117897033,0.04436450004577637,0.017812199890613556,1.0107791273983953,1.0,1.0107791273983953,0.0
fp16,32,64,128,8,tail-negative,2,1,graph_global,global,0.01801619976758957,0.04426450133323669,0.021032199263572693,0.028744301199913024,0.04455240070819855,0.017788200080394743,1.0128174681060684,1.0,1.0128174681060684,0.0
fp16,32,64,128,16,random,0,1,graph_global,global,0.02575629949569702,0.07901690006256104,0.026124298572540283,0.030760300159454346,0.047104498744010924,0.02557229995727539,1.0071952674858753,1.0,1.0071952674858753,0.0
fp16,32,64,128,16,random,1,1,graph_global,global,0.025780299305915834,0.0786529004573822,0.02626830041408539,0.030764299631118774,0.047000500559806827,0.025452300906181335,1.0128867877581489,1.0,1.0128867877581489,0.0
fp16,32,64,128,16,random,2,1,graph_global,chunk2,0.02648029923439026,0.07942879796028138,0.02566030025482178,0.030764299631118774,0.046840500831604,0.025556299090385436,1.0361554754362865,1.0319559386065404,1.0040694923810571,0.0
fp16,32,64,128,16,contiguous,0,1,graph_global,global,0.025320300459861757,0.07834889888763427,0.025472301244735717,0.030736300349235534,0.0467644989490509,0.02552430033683777,0.9920076211969034,1.0,0.9920076211969034,0.0
fp16,32,64,128,16,contiguous,1,1,graph_global,chunk2,0.025484299659729003,0.07852489948272705,0.02543630003929138,0.03062030076980591,0.04705249965190887,0.0251801997423172,1.0120769461927952,1.001887051983326,1.0101707015669055,0.0
fp16,32,64,128,16,contiguous,2,1,graph_global,global,0.025636300444602966,0.0797648012638092,0.025672298669815064,0.031008300185203553,0.04716460108757019,0.026116299629211425,0.9816207046395051,1.0,0.9816207046395051,0.0
fp16,32,64,128,16,page-cross,0,1,graph_global,chunk2,0.025932198762893675,0.07846890091896057,0.025368300080299378,0.03063639998435974,0.04655649960041046,0.025588300824165345,1.0134396551412885,1.0222284773047214,0.9914022917982034,0.0
fp16,32,64,128,16,page-cross,1,1,graph_global,chunk2,0.026012301445007324,0.0787409007549286,0.025728300213813782,0.03056429922580719,0.04702860116958618,0.026388299465179444,0.9857513357134564,1.0110384762628453,0.9749889434051421,0.0
fp16,32,64,128,16,page-cross,2,1,graph_global,global,0.025540301203727724,0.0785489022731781,0.025612300634384154,0.030812299251556395,0.04683260023593903,0.025332298874855042,1.0082109535301254,1.0,1.0082109535301254,0.0
fp16,32,64,128,16,tail-negative,0,1,graph_global,chunk2,0.026224300265312195,0.07928889989852905,0.025904300808906554,0.030996400117874145,0.0469525009393692,0.025448301434516908,1.0304931483459543,1.0123531400737755,1.0179186565972984,0.0
fp16,32,64,128,16,tail-negative,1,1,graph_global,global,0.0257082998752594,0.0788008987903595,0.02605229914188385,0.030976301431655882,0.046992599964141846,0.02676829993724823,0.960400919577495,1.0,0.960400919577495,0.0
fp16,32,64,128,16,tail-negative,2,1,graph_global,global,0.025344300270080566,0.07878490090370179,0.02566030025482178,0.030548301339149476,0.047096601128578185,0.02507230043411255,1.0108486190440644,1.0,1.0108486190440644,0.0
fp16,32,64,128,32,random,0,1,graph_global,chunk2,0.040284499526023865,0.15139780044555665,0.03906039893627167,0.039724498987197876,0.05022450089454651,0.04000450074672699,1.0069991819437911,1.0313386607174535,0.97640011016679,0.0
fp16,32,64,128,32,random,1,1,graph_global,chunk2,0.04047650098800659,0.15371379852294922,0.0393204003572464,0.040140500664711,0.05072450041770935,0.04040449857711792,1.0017820394615526,1.029402056445418,0.973168873317352,0.0
fp16,32,64,128,32,random,2,1,graph_global,chunk2,0.040768399834632874,0.15062979459762574,0.03903250098228454,0.03937239944934845,0.049752599000930785,0.04030449986457825,1.0115098803263485,1.0444731648924108,0.9684402762329869,0.0
fp16,32,64,128,32,contiguous,0,1,graph_global,chunk2,0.04057640135288239,0.15108180046081543,0.03976840078830719,0.03982050120830536,0.050824600458145144,0.04032450020313263,1.0062468511322105,1.0203176529243982,0.9862093910147897,0.0
fp16,32,64,128,32,contiguous,1,1,graph_global,chunk4,0.040928500890731814,0.15194979906082154,0.03954850137233734,0.039036399126052855,0.04998860061168671,0.04189249873161316,0.9769887719742559,1.0484701921037634,0.931823126047981,0.0
fp16,32,64,128,32,contiguous,2,1,graph_global,chunk2,0.040684500336647035,0.1523056983947754,0.039224499464035036,0.03932450115680695,0.05058860182762146,0.040652400255203246,1.0007896232754345,1.0372216571928643,0.9648753632699597,0.0
fp16,32,64,128,32,page-cross,0,1,graph_global,chunk2,0.04065639972686767,0.1505777955055237,0.03882040083408356,0.03899640142917633,0.05001659989356995,0.04082449972629547,0.9958823745409053,1.0472946917944275,0.950909407202826,0.0
fp16,32,64,128,32,page-cross,1,1,graph_global,chunk4,0.0407043993473053,0.15026580095291137,0.03936049938201904,0.03923240005970001,0.04994049966335297,0.0404325008392334,1.0067247511884811,1.0375199907567558,0.9703184132907039,0.0
fp16,32,64,128,32,page-cross,2,1,graph_global,chunk4,0.04054040014743805,0.15078970193862914,0.03936049938201904,0.03878050148487091,0.05009649991989136,0.04034850001335144,1.0047560661244683,1.0453810186867676,0.9611386166037975,0.0
fp16,32,64,128,32,tail-negative,0,1,graph_global,chunk2,0.04058850109577179,0.15076969861984252,0.038804399967193606,0.03963240087032318,0.050264501571655275,0.040100499987602234,1.0121694519599613,1.0459767740278556,0.9676787067291096,0.0
fp16,32,64,128,32,tail-negative,1,1,graph_global,chunk2,0.04024839997291565,0.15084569454193114,0.039096400141716,0.039880400896072386,0.05061259865760803,0.03998839855194092,1.0065019213169293,1.0294656241245714,0.9776935700721724,0.0
fp16,32,64,128,32,tail-negative,2,1,graph_global,chunk2,0.04057640135288239,0.15082570314407348,0.03870849907398224,0.03907240033149719,0.050020599365234376,0.04070450067520141,0.996852944509965,1.048255611134136,0.9509636141431601,0.0
fp16,32,128,32,8,random,0,1,graph_global,global,0.012720200419425964,0.027760300040245055,0.014120100438594818,0.018800200521945955,0.027680298686027525,0.012472099810838699,1.0198924489340324,1.0,1.0198924489340324,0.0
fp16,32,128,32,8,random,1,1,graph_global,global,0.012740099430084228,0.027604299783706664,0.014424200356006622,0.018724200129508973,0.02798439860343933,0.012416200339794159,1.0260868125051081,1.0,1.0260868125051081,0.0
fp16,32,128,32,8,random,2,1,graph_global,global,0.012712199985980988,0.027872300148010253,0.014264099299907684,0.018876299262046814,0.027720299363136292,0.012468100339174271,1.0195779341011368,1.0,1.0195779341011368,0.0
fp16,32,128,32,8,contiguous,0,1,graph_global,global,0.01265610009431839,0.02788429856300354,0.014204199612140655,0.018876199424266816,0.027764299511909486,0.01254819929599762,1.008598906964698,1.0,1.008598906964698,0.0
fp16,32,128,32,8,contiguous,1,1,graph_global,global,0.012752200663089752,0.02788429856300354,0.01419609934091568,0.018860200047492982,0.027736300230026247,0.01254809945821762,1.0162655074221991,1.0,1.0162655074221991,0.0
fp16,32,128,32,8,contiguous,2,1,graph_global,global,0.012492100149393082,0.027944299578666686,0.014200200140476228,0.018876199424266816,0.027652299404144286,0.01254809945821762,0.9955372278478504,1.0,0.9955372278478504,0.0
fp16,32,128,32,8,page-cross,0,1,graph_global,global,0.0127921000123024,0.02754029929637909,0.014172199368476867,0.01873620003461838,0.027712300419807434,0.012428099662065506,1.029288496241138,1.0,1.029288496241138,0.0
fp16,32,128,32,8,page-cross,1,1,graph_global,global,0.012648099660873413,0.027704301476478576,0.014248199760913849,0.018768200278282167,0.027584299445152283,0.012412200123071671,1.019005457168166,1.0,1.019005457168166,0.0
fp16,32,128,32,8,page-cross,2,1,graph_global,global,0.013156099617481232,0.02770029902458191,0.014120200276374817,0.01886419951915741,0.027612298727035522,0.012484099715948105,1.0538284631509844,1.0,1.0538284631509844,0.0
fp16,32,128,32,8,tail-negative,0,1,graph_global,global,0.012580199539661408,0.027676299214363098,0.014172099530696869,0.01883620023727417,0.027584299445152283,0.012408100068569183,1.013869929331741,1.0,1.013869929331741,0.0
fp16,32,128,32,8,tail-negative,1,1,graph_global,global,0.012620100378990173,0.02753629982471466,0.014284199476242066,0.01862819939851761,0.028012299537658693,0.012376099824905396,1.0197154642849402,1.0,1.0197154642849402,0.0
fp16,32,128,32,8,tail-negative,2,1,graph_global,global,0.012628200650215148,0.027996399998664857,0.014208100736141205,0.0187282994389534,0.02780430018901825,0.012480100244283676,1.011866924386229,1.0,1.011866924386229,0.0
fp16,32,128,32,16,random,0,1,graph_global,global,0.01677220016717911,0.04715250134468078,0.016788199543952942,0.019596199691295623,0.028772300481796263,0.016440199315547945,1.0201944541704662,1.0,1.0201944541704662,0.0
fp16,32,128,32,16,random,1,1,graph_global,chunk2,0.016744199395179748,0.047176501154899596,0.0163441002368927,0.019752199947834014,0.02859629988670349,0.016464200615882874,1.0170065213507398,1.0244797298406139,0.9927053622710165,0.0
fp16,32,128,32,16,random,2,1,graph_global,chunk2,0.016776199638843536,0.04732050001621246,0.016440199315547945,0.019696199893951417,0.02886829972267151,0.016464200615882874,1.0189501470639077,1.0204377280862906,0.998542212835297,0.0
fp16,32,128,32,16,contiguous,0,1,graph_global,global,0.016768200695514678,0.047176501154899596,0.016784100234508513,0.019648200273513793,0.02904829978942871,0.01658419966697693,1.0110949597950234,1.0,1.0110949597950234,0.0
fp16,32,128,32,16,contiguous,1,1,graph_global,chunk2,0.01674019992351532,0.04738459885120392,0.016480199992656708,0.01990019977092743,0.02884030044078827,0.01666419953107834,1.004560698657937,1.015776503378264,0.9889583932262407,0.0
fp16,32,128,32,16,contiguous,2,1,graph_global,chunk2,0.016824199259281157,0.04747250080108643,0.01650809943675995,0.01981620043516159,0.02891640067100525,0.01666419953107834,1.009601404970243,1.0191481656463326,0.9906326077032823,0.0
fp16,32,128,32,16,page-cross,0,1,graph_global,chunk2,0.017000199854373933,0.0473565012216568,0.016524200141429902,0.01982019990682602,0.028852400183677674,0.01660819947719574,1.0236028220708957,1.0288062180843836,0.9949422972742366,0.0
fp16,32,128,32,16,page-cross,1,1,graph_global,chunk2,0.016756199300289154,0.04738050103187561,0.01652819961309433,0.019832199811935423,0.029988399147987364,0.0166922003030777,1.003834065973894,1.0137945869805562,0.9901750106633257,0.0
fp16,32,128,32,16,page-cross,2,1,graph_global,global,0.01672019958496094,0.0471684992313385,0.016816200315952302,0.01963219940662384,0.02907240092754364,0.016796199977397917,0.9954751436313423,1.0,0.9954751436313423,0.0
fp16,32,128,32,16,tail-negative,0,1,graph_global,chunk2,0.01657620072364807,0.047388499975204466,0.01654819995164871,0.019756199419498445,0.028788301348686218,0.016444200277328493,1.0080271733555548,1.0016920735839048,1.0063243984241423,0.0
fp16,32,128,32,16,tail-negative,1,1,graph_global,chunk2,0.016596199572086336,0.04777660071849823,0.016532200574874877,0.019912199676036836,0.028988298773765565,0.016352200508117677,1.0149214819037677,1.003871172317418,1.0110076968948518,0.0
fp16,32,128,32,16,tail-negative,2,1,graph_global,chunk2,0.01658419966697693,0.04730460047721863,0.016412200033664705,0.019560299813747406,0.029016301035881042,0.016408200562000274,1.010726289230292,1.0104799864100742,1.0002437483409177,0.0
fp16,32,128,32,32,random,0,1,graph_global,chunk4,0.02462020069360733,0.0861050009727478,0.024396300315856934,0.023768299818038942,0.030628401041030883,0.025488299131393433,0.9659412959134301,1.0358418937025458,0.9325180819446676,0.0
fp16,32,128,32,32,random,1,1,graph_global,chunk2,0.02458830028772354,0.0881089985370636,0.023788300156593323,0.024124300479888915,0.031072399020195006,0.024364300072193146,1.0091937882420865,1.033629983053181,0.9763588564459847,0.0
fp16,32,128,32,32,random,2,1,graph_global,chunk2,0.024528299272060395,0.08666499853134155,0.023720300197601317,0.024000200629234313,0.031156399846076967,0.024384300410747527,1.0059053923584946,1.0340636108197647,0.9727693556115496,0.0
fp16,32,128,32,32,contiguous,0,1,graph_global,chunk4,0.025348299741744997,0.08821300268173218,0.024160300195217133,0.02392829954624176,0.030856400728225708,0.025112301111221313,1.0093977301991743,1.0593439660331512,0.952851729527467,0.0
fp16,32,128,32,32,contiguous,1,1,graph_global,chunk4,0.025164198875427247,0.08806899785995484,0.024240300059318542,0.02400819957256317,0.030928298830986023,0.024892300367355347,1.0109229964309958,1.0481501871629375,0.9644829613276072,0.0
fp16,32,128,32,32,contiguous,2,1,graph_global,chunk2,0.024968299269676208,0.08638100028038025,0.023464299738407135,0.0238523006439209,0.03061639964580536,0.024600300192832946,1.0149591295211298,1.0640973541949466,0.9538216832509722,0.0
fp16,32,128,32,32,page-cross,0,1,graph_global,chunk2,0.024720300734043122,0.08693699836730957,0.02345229983329773,0.0238523006439209,0.03046039938926697,0.02472430020570755,0.9998382372147583,1.0540672304958798,0.9485526238628917,0.0
fp16,32,128,32,32,page-cross,1,1,graph_global,chunk2,0.02462430000305176,0.08637300133705139,0.023484300076961517,0.023908300697803496,0.03043229877948761,0.02451229989528656,1.0045691390952154,1.0485430658931412,0.9580618782114886,0.0
fp16,32,128,32,32,page-cross,2,1,graph_global,chunk2,0.024720300734043122,0.08616099953651428,0.023628200590610503,0.024128299951553345,0.030704399943351744,0.024532200396060945,1.0076674874224645,1.0462201994284153,0.9631504801503418,0.0
fp16,32,128,32,32,tail-negative,0,1,graph_global,chunk2,0.02435230016708374,0.08558899760246277,0.02340030074119568,0.023592300713062286,0.030408298969268797,0.02416830062866211,1.0076132592542903,1.0406832132807629,0.9682228428358911,0.0
fp16,32,128,32,32,tail-negative,1,1,graph_global,chunk2,0.024560299515724183,0.08668900132179261,0.023356300592422486,0.023748299479484557,0.031004300713539122,0.024264299869537355,1.0121989774186084,1.0515492133926514,0.9625787975751644,0.0
fp16,32,128,32,32,tail-negative,2,1,graph_global,chunk2,0.024584199488162994,0.08619700074195862,0.023364299535751344,0.023856300115585326,0.030408298969268797,0.024212299287319182,1.0153599704196037,1.052212134609257,0.9649764881267611,0.0
fp16,32,128,64,8,random,0,1,graph_global,global,0.018076199293136596,0.04505249857902527,0.020992200076580047,0.028904399275779723,0.044600498676300046,0.018008300662040712,1.003770407456546,1.0,1.003770407456546,0.0
fp16,32,128,64,8,random,1,1,graph_global,global,0.018056200444698335,0.044604501128196715,0.020808300375938414,0.028904399275779723,0.0443244993686676,0.01782819926738739,1.0127887945322678,1.0,1.0127887945322678,0.0
fp16,32,128,64,8,random,2,1,graph_global,global,0.017744199931621553,0.044088500738143924,0.02085220068693161,0.02854030132293701,0.04440850019454956,0.017896200716495513,0.991506533298218,1.0,0.991506533298218,0.0
fp16,32,128,64,8,contiguous,0,1,graph_global,global,0.01801220029592514,0.04443260133266449,0.02077219933271408,0.028900301456451415,0.04432049989700317,0.017820300161838533,1.0107686252388473,1.0,1.0107686252388473,0.0
fp16,32,128,64,8,contiguous,1,1,graph_global,global,0.018068200349807738,0.04439660012722015,0.02082419991493225,0.02888830006122589,0.044332501292228696,0.017836299538612366,1.013001621255202,1.0,1.013001621255202,0.0
fp16,32,128,64,8,contiguous,2,1,graph_global,global,0.018024200201034547,0.044316500425338745,0.02098820060491562,0.02886430025100708,0.04477649927139282,0.01790419965982437,1.0067023683543614,1.0,1.0067023683543614,0.0
fp16,32,128,64,8,page-cross,0,1,graph_global,global,0.018088200688362123,0.04454450011253357,0.020752300322055817,0.02884030044078827,0.04435249865055084,0.01784819960594177,1.0134467950672432,1.0,1.0134467950672432,0.0
fp16,32,128,64,8,page-cross,1,1,graph_global,global,0.018108199536800384,0.04445250034332275,0.02074829936027527,0.028844299912452697,0.044284498691558837,0.017816199362277983,1.0163895884068657,1.0,1.0163895884068657,0.0
fp16,32,128,64,8,page-cross,2,1,graph_global,global,0.01812019944190979,0.04443250000476837,0.022271199524402617,0.02867630124092102,0.044572499394416806,0.017796200513839722,1.018206073134437,1.0,1.018206073134437,0.0
fp16,32,128,64,8,tail-negative,0,1,graph_global,global,0.017824199795722962,0.044132500886917114,0.020624199509620668,0.028708299994468688,0.0443244993686676,0.018020200729370116,0.9891232657953858,1.0,0.9891232657953858,0.0
fp16,32,128,64,8,tail-negative,1,1,graph_global,global,0.017900200188159944,0.04430449903011322,0.02063630074262619,0.028708299994468688,0.044188499450683594,0.01770019978284836,1.011299330389784,1.0,1.011299330389784,0.0
fp16,32,128,64,8,tail-negative,2,1,graph_global,global,0.017896200716495513,0.04433650076389313,0.02064419984817505,0.0287322998046875,0.04435249865055084,0.017684200406074525,1.0119881196521707,1.0,1.0119881196521707,0.0
fp16,32,128,64,16,random,0,1,graph_global,global,0.025364300608634947,0.07901690006256104,0.025460299849510194,0.03066839873790741,0.04678449928760529,0.025192299485206605,1.0068275277343914,1.0,1.0068275277343914,0.0
fp16,32,128,64,16,random,1,1,graph_global,chunk2,0.0257082998752594,0.07990890145301818,0.025392299890518187,0.03072429895401001,0.046732500195503235,0.025292301177978517,1.0164476412942245,1.0124447169458333,1.003953721404628,0.0
fp16,32,128,64,16,random,2,1,graph_global,chunk2,0.026136299967765807,0.07973690032958984,0.025752300024032594,0.03098039925098419,0.04706850051879883,0.02525219917297363,1.035010843560049,1.014911287278218,1.0198042494292616,0.0
fp16,32,128,64,16,contiguous,0,1,graph_global,chunk2,0.02566030025482178,0.07906090021133423,0.025536298751831055,0.030808401107788087,0.046864500641822814,0.025488299131393433,1.0067482385757351,1.0048558917717796,1.0018832021779946,0.0
fp16,32,128,64,16,contiguous,1,1,graph_global,chunk2,0.025560298562049867,0.0791929006576538,0.02549229860305786,0.030728399753570557,0.046716499328613284,0.025448301434516908,1.0044009667136782,1.0026674706761771,1.0017288842893568,0.0
fp16,32,128,64,16,contiguous,2,1,graph_global,global,0.025460299849510194,0.0783528983592987,0.02568829953670502,0.030392301082611085,0.04670050144195557,0.026164299249649046,0.9730931299393277,1.0,0.9730931299393277,0.0
fp16,32,128,64,16,page-cross,0,1,graph_global,chunk2,0.026232299208641053,0.07976890206336976,0.025584301352500914,0.03076840043067932,0.04681249856948853,0.02552030086517334,1.0278992926936592,1.0253279480730004,1.0025078265207648,0.0
fp16,32,128,64,16,page-cross,1,1,graph_global,chunk2,0.026176300644874573,0.07881680130958557,0.02565230131149292,0.03103640079498291,0.047064599394798276,0.02534030079841614,1.032990920396284,1.0204269912090456,1.0123124234222305,0.0
fp16,32,128,64,16,page-cross,2,1,graph_global,chunk2,0.025636300444602966,0.07908089756965637,0.025484201312065125,0.030824300646781922,0.046836501359939574,0.025440299510955812,1.0077043485106276,1.0059683696057538,1.0017256794123202,0.0
fp16,32,128,64,16,tail-negative,0,1,graph_global,global,0.025424298644065858,0.07983279824256898,0.02563230097293854,0.03090440034866333,0.047208601236343385,0.025276300311088563,1.0058552213399825,1.0,1.0058552213399825,0.0
fp16,32,128,64,16,tail-negative,1,1,graph_global,global,0.025596299767494203,0.07878490090370179,0.02642030119895935,0.030532398819923402,0.04693650007247925,0.025188198685646056,1.0162020749058451,1.0,1.0162020749058451,0.0
fp16,32,128,64,16,tail-negative,2,1,graph_global,global,0.025336301326751708,0.07899289727210998,0.025472301244735717,0.030676400661468504,0.04686850011348724,0.025172200798988343,1.0065191172227563,1.0,1.0065191172227563,0.0
fp16,32,128,64,32,random,0,1,graph_global,chunk2,0.040252399444580075,0.15062570571899414,0.03863239884376526,0.038692399859428406,0.049856600165367124,0.03998839855194092,1.0066019371167427,1.041933730477528,0.9660901722179659,0.0
fp16,32,128,64,32,random,1,1,graph_global,chunk4,0.04004440009593964,0.15426969528198242,0.03982039988040924,0.039780399203300475,0.05060060024261474,0.040984499454498294,0.9770620753926159,1.0066364565948664,0.970620593950778,0.0
fp16,32,128,64,32,random,2,1,graph_global,chunk2,0.04043650031089783,0.15201369524002076,0.039196398854255673,0.039568400382995604,0.049892500042915344,0.04050849974155426,0.9982226093013618,1.031638147709774,0.9676092450801723,0.0
fp16,32,128,64,32,contiguous,0,1,graph_global,chunk4,0.040980398654937744,0.15207769870758056,0.03961640000343323,0.03960039913654327,0.0504006028175354,0.04082449972629547,1.0038187590708394,1.0348481214453469,0.97001553973817,0.0
fp16,32,128,64,32,contiguous,1,1,graph_global,chunk2,0.04044849872589111,0.15032570362091063,0.03896839916706085,0.03907240033149719,0.050004500150680545,0.04069240093231201,0.994006197697044,1.0379820467472873,0.9576333240174529,0.0
fp16,32,128,64,32,contiguous,2,1,graph_global,chunk2,0.04067640006542206,0.15101360082626342,0.03894839882850647,0.03902040123939514,0.049996599555015564,0.04061639904975891,1.0014772608371718,1.0443664255499732,0.9589328384525426,0.0
fp16,32,128,64,32,page-cross,0,1,graph_global,chunk2,0.04074450135231018,0.1518736958503723,0.03880040049552917,0.0389724999666214,0.0499646008014679,0.040764400362968446,0.9995118532228837,1.05010517499697,0.9518207099834239,0.0
fp16,32,128,64,32,page-cross,1,1,graph_global,chunk2,0.04070850014686585,0.15161770582199097,0.03924039900302887,0.03934440016746521,0.050288498401641846,0.04054050147533417,1.0041439712242803,1.037413002444844,0.9679307747809605,0.0
fp16,32,128,64,32,page-cross,2,1,graph_global,chunk4,0.04067249894142151,0.15158170461654663,0.03921239972114563,0.03886440098285675,0.05008460283279419,0.040484499931335446,1.00464372810347,1.0465232426806816,0.9599822413213328,0.0
fp16,32,128,64,32,tail-negative,0,1,graph_global,chunk2,0.040180400013923645,0.15355770587921141,0.039384499192237854,0.03978849947452545,0.05056849718093872,0.04053240120410919,0.9913155603978908,1.0202084789196113,0.9716793977714065,0.0
fp16,32,128,64,32,tail-negative,1,1,graph_global,chunk2,0.04037249982357025,0.14969370365142823,0.03878850042819977,0.039168500900268556,0.04982460141181946,0.03986049890518188,1.0128448196197015,1.0408368299337216,0.9731062453700812,0.0
fp16,32,128,64,32,tail-negative,2,1,graph_global,chunk2,0.04042840003967285,0.15040570497512817,0.03837240040302277,0.038620400428771975,0.05012850165367126,0.040328499674797055,1.0024771654210143,1.0535801673873946,0.9514958580768446,0.0
fp16,32,128,128,8,random,0,1,graph_global,global,0.029856300354003905,0.07902089953422546,0.03516840040683746,0.0494964987039566,0.07844089865684509,0.029988300800323487,0.9955982685648479,1.0,0.9955982685648479,0.0
fp16,32,128,128,8,random,1,1,graph_global,global,0.028728300333023073,0.07772089838981629,0.03422029912471771,0.04873259961605072,0.07795289754867554,0.02851629853248596,1.007434408091064,1.0,1.007434408091064,0.0
fp16,32,128,128,8,random,2,1,graph_global,global,0.028724300861358642,0.07777289748191833,0.03509640097618103,0.04876050055027008,0.07804480195045471,0.028580299019813536,1.0050385001726285,1.0,1.0050385001726285,0.0
fp16,32,128,128,8,contiguous,0,1,graph_global,global,0.02862429916858673,0.07814480066299438,0.03451640009880066,0.04911249876022339,0.07827680110931397,0.028804299235343934,0.9937509305369131,1.0,0.9937509305369131,0.0
fp16,32,128,128,8,contiguous,1,1,graph_global,global,0.02838830053806305,0.07810490131378174,0.03446840047836304,0.049112600088119504,0.07826079726219178,0.02867630124092102,0.9899568392576727,1.0,0.9899568392576727,0.0
fp16,32,128,128,8,contiguous,2,1,graph_global,global,0.028740298748016358,0.07800490260124207,0.034192401170730594,0.049104499816894534,0.07833290100097656,0.028636398911476135,1.0036282437907578,1.0,1.0036282437907578,0.0
fp16,32,128,128,8,page-cross,0,1,graph_global,global,0.028736400604248046,0.07811279892921448,0.03428440093994141,0.04921649992465973,0.07764480113983155,0.02844429910182953,1.0102692459171803,1.0,1.0102692459171803,0.0
fp16,32,128,128,8,page-cross,1,1,graph_global,global,0.028756299614906312,0.07777690291404724,0.034192401170730594,0.04924460053443909,0.07808489799499511,0.028500398993492125,1.0089788434706692,1.0,1.0089788434706692,0.0
fp16,32,128,128,8,page-cross,2,1,graph_global,global,0.02880829870700836,0.07808079719543456,0.034520399570465085,0.04919649958610535,0.0781449019908905,0.028544300794601442,1.009248708325581,1.0,1.009248708325581,0.0
fp16,32,128,128,8,tail-negative,0,1,graph_global,global,0.029712298512458803,0.07825689911842346,0.034504300355911253,0.0490446001291275,0.07802479863166809,0.029564398527145385,1.0050026380606938,1.0,1.0050026380606938,0.0
fp16,32,128,128,8,tail-negative,1,1,graph_global,global,0.028464299440383912,0.07718480229377747,0.03396840095520019,0.0485045999288559,0.07743290066719055,0.0282243013381958,1.0085032433331953,1.0,1.0085032433331953,0.0
fp16,32,128,128,8,tail-negative,2,1,graph_global,global,0.028804299235343934,0.07802090048789978,0.03399640023708343,0.048804500699043275,0.07752490043640137,0.028320398926734925,1.0170866346148888,1.0,1.0170866346148888,0.0
fp16,32,128,128,16,random,0,1,graph_global,global,0.043388500809669495,0.14500960111618041,0.0612326979637146,0.053340601921081546,0.08323690295219421,0.04332050085067749,1.0015696946631896,1.0,1.0015696946631896,0.0
fp16,32,128,128,16,random,1,1,graph_global,global,0.04403649866580963,0.14757369756698607,0.062120699882507326,0.05390059947967529,0.08352490067481995,0.04389249980449676,1.0032807167956772,1.0,1.0032807167956772,0.0
fp16,32,128,128,16,random,2,1,graph_global,global,0.04259249866008759,0.14512959718704224,0.060792702436447146,0.05239260196685791,0.08242890238761902,0.042512500286102296,1.0018817612101598,1.0,1.0018817612101598,0.0
fp16,32,128,128,16,contiguous,0,1,graph_global,global,0.043900498747825624,0.14576560258865356,0.06200060248374939,0.0524806022644043,0.08363689780235291,0.043480399250984195,1.0096618132325894,1.0,1.0096618132325894,0.0
fp16,32,128,128,16,contiguous,1,1,graph_global,global,0.04338450133800507,0.14493759870529174,0.06172469854354858,0.052768599987030027,0.08296099901199341,0.043204501271247864,1.0041662341066528,1.0,1.0041662341066528,0.0
fp16,32,128,128,16,contiguous,2,1,graph_global,global,0.04326449930667877,0.14431359767913818,0.06085669994354248,0.052380502223968506,0.08223289847373963,0.04318050146102905,1.0019452725838658,1.0,1.0019452725838658,0.0
fp16,32,128,128,16,page-cross,0,1,graph_global,global,0.04328050017356873,0.14487359523773194,0.0617605984210968,0.05282859802246094,0.08377689719200135,0.04306850135326386,1.004922363528881,1.0,1.004922363528881,0.0
fp16,32,128,128,16,page-cross,1,1,graph_global,global,0.04346449971199036,0.1456536054611206,0.061208701133728026,0.05279250144958496,0.08303290009498596,0.04320850074291229,1.0059247362133956,1.0,1.0059247362133956,0.0
fp16,32,128,128,16,page-cross,2,1,graph_global,global,0.0435685008764267,0.14472969770431518,0.061264699697494505,0.05267660021781921,0.08281289935111999,0.043256399035453794,1.007215160020997,1.0,1.007215160020997,0.0
fp16,32,128,128,16,tail-negative,0,1,graph_global,global,0.04306449890136719,0.14460959434509277,0.06048470139503479,0.05260059833526611,0.08232489824295045,0.04297240078449249,1.0021431922627868,1.0,1.0021431922627868,0.0
fp16,32,128,128,16,tail-negative,1,1,graph_global,global,0.0431645005941391,0.14423359632492067,0.060604602098464966,0.05295249819755554,0.08296489715576172,0.043284499645233156,0.9972276668997543,1.0,0.9972276668997543,0.0
fp16,32,128,128,16,tail-negative,2,1,graph_global,global,0.043088498711586,0.1452455997467041,0.06031270027160644,0.05193250179290772,0.0826488971710205,0.042808398604393005,1.0065431110792415,1.0,1.0065431110792415,0.0
fp16,32,128,128,32,random,0,1,graph_global,global,0.07210080027580261,0.28023109436035154,0.1149852991104126,0.10051720142364502,0.09086499810218811,0.07198479771614075,1.0016114869158805,1.0,1.0016114869158805,0.0
fp16,32,128,128,32,random,1,1,graph_global,global,0.07246080040931702,0.27523910999298096,0.11319329738616943,0.09953709840774536,0.08994100093841553,0.07224479913711548,1.0029898522077911,1.0,1.0029898522077911,0.0
fp16,32,128,128,32,random,2,1,graph_global,global,0.07257279753684998,0.27488300800323484,0.11277719736099243,0.09879710078239441,0.08888499736785889,0.07245680093765258,1.0016009069914251,1.0,1.0016009069914251,0.0
fp16,32,128,128,32,contiguous,0,1,graph_global,global,0.0728289008140564,0.2770311117172241,0.1137133002281189,0.09981709718704224,0.0889648973941803,0.07250080108642579,1.0045254634805965,1.0,1.0045254634805965,0.0
fp16,32,128,128,32,contiguous,1,1,graph_global,global,0.07253680229187012,0.27713100910186766,0.11417330503463745,0.1007411003112793,0.08872900009155274,0.07242879867553711,1.00149116951141,1.0,1.00149116951141,0.0
fp16,32,128,128,32,contiguous,2,1,graph_global,global,0.0733407974243164,0.2761190891265869,0.11362930536270141,0.09957709908485413,0.08870499730110168,0.07256879806518554,1.0106381720479565,1.0,1.0106381720479565,0.0
fp16,32,128,128,32,page-cross,0,1,graph_global,global,0.0729367971420288,0.27772300243377684,0.1131052017211914,0.0993490993976593,0.08832499980926514,0.07315279841423035,0.9970472589308418,1.0,0.9970472589308418,0.0
fp16,32,128,128,32,page-cross,1,1,graph_global,global,0.0722927987575531,0.2775070905685425,0.11476930379867553,0.09997709989547729,0.08852099776268005,0.07206869721412659,1.0031095545235218,1.0,1.0031095545235218,0.0
fp16,32,128,128,32,page-cross,2,1,graph_global,global,0.07238879799842834,0.27951109409332275,0.11478129625320435,0.09996110200881958,0.08894490003585816,0.07255679965019227,0.9976845498619856,1.0,0.9976845498619856,0.0
fp16,32,128,128,32,tail-negative,0,1,graph_global,global,0.07211679816246033,0.2776829957962036,0.11118119955062866,0.09877309799194336,0.08933699727058411,0.07278479933738709,0.9908222433666363,1.0,0.9908222433666363,0.0
fp16,32,128,128,32,tail-negative,1,1,graph_global,global,0.07141280174255371,0.27859909534454347,0.11051319837570191,0.09905710220336914,0.08918499946594238,0.0712007999420166,1.002977519925475,1.0,1.002977519925475,0.0
fp16,32,128,128,32,tail-negative,2,1,graph_global,global,0.0717087984085083,0.27424299716949463,0.111325204372406,0.09875710010528564,0.0888729989528656,0.07144880294799805,1.0036389057588477,1.0,1.0036389057588477,0.0
fp16,32,256,32,8,random,0,1,graph_global,global,0.01804019957780838,0.044388499855995175,0.020856200158596037,0.02859629988670349,0.044604501128196715,0.017816199362277983,1.0125728395251723,1.0,1.0125728395251723,0.0
fp16,32,256,32,8,random,1,1,graph_global,global,0.017944200336933135,0.04434050023555756,0.020860199630260468,0.028652301430702208,0.04463239908218384,0.017860199511051177,1.004703241183279,1.0,1.004703241183279,0.0
fp16,32,256,32,8,random,2,1,graph_global,global,0.017952199280261993,0.04430850148200989,0.020844300091266633,0.028592300415039063,0.04446049928665161,0.017760199308395386,1.010810687905729,1.0,1.010810687905729,0.0
fp16,32,256,32,8,contiguous,0,1,graph_global,global,0.01796420067548752,0.04468449950218201,0.02056429982185364,0.0290242999792099,0.04460850059986114,0.01778009980916977,1.010354321308298,1.0,1.010354321308298,0.0
fp16,32,256,32,8,contiguous,1,1,graph_global,global,0.01790820062160492,0.04467650055885315,0.020616300404071808,0.028952300548553467,0.04462850093841553,0.017756199836730956,1.0085604344550985,1.0,1.0085604344550985,0.0
fp16,32,256,32,8,contiguous,2,1,graph_global,global,0.017980200052261353,0.044660499691963194,0.02056020051240921,0.028772300481796263,0.044528499245643616,0.017756199836730956,1.0126153240890556,1.0,1.0126153240890556,0.0
fp16,32,256,32,8,page-cross,0,1,graph_global,global,0.018032200634479523,0.044528400897979735,0.020708200335502625,0.0288563996553421,0.04446449875831604,0.01780419945716858,1.012806033647255,1.0,1.012806033647255,0.0
fp16,32,256,32,8,page-cross,1,1,graph_global,global,0.018084299564361573,0.04448849856853485,0.020712199807167053,0.02849229872226715,0.04430850148200989,0.01788019984960556,1.0114148452742555,1.0,1.0114148452742555,0.0
fp16,32,256,32,8,page-cross,2,1,graph_global,global,0.01793619990348816,0.04463649988174438,0.020596300065517426,0.028724300861358642,0.044288501143455505,0.01814019978046417,0.9887542651434463,1.0,0.9887542651434463,0.0
fp16,32,256,32,8,tail-negative,0,1,graph_global,global,0.01784819960594177,0.044284498691558837,0.020812200009822847,0.028632301092147826,0.044588500261306764,0.017708200216293334,1.0079059073162966,1.0,1.0079059073162966,0.0
fp16,32,256,32,8,tail-negative,1,1,graph_global,global,0.017924199998378753,0.04452050030231476,0.020628200471401216,0.02880829870700836,0.04440450072288513,0.017716200649738313,1.0117406295374913,1.0,1.0117406295374913,0.0
fp16,32,256,32,8,tail-negative,2,1,graph_global,global,0.017912200093269347,0.04423649907112122,0.020808200538158416,0.028532299399375915,0.044400399923324584,0.017680199444293977,1.013122060625297,1.0,1.013122060625297,0.0
fp16,32,256,32,16,random,0,1,graph_global,global,0.024904300272464753,0.07828090190887452,0.025384300947189332,0.030180299282073976,0.047056499123573306,0.02504430115222931,0.9944098707760469,1.0,0.9944098707760469,0.0
fp16,32,256,32,16,random,1,1,graph_global,chunk2,0.02535629868507385,0.07871689796447753,0.025292199850082398,0.03053230047225952,0.046632501482963565,0.024928300082683562,1.0171691852621592,1.0025343321407942,1.0145978573024166,0.0
fp16,32,256,32,16,random,2,1,graph_global,global,0.02502020001411438,0.07854490280151367,0.025424298644065858,0.030244401097297667,0.046312499046325686,0.025696301460266115,0.9736887642294677,1.0,0.9736887642294677,0.0
fp16,32,256,32,16,contiguous,0,1,graph_global,chunk2,0.026036301255226137,0.07868480086326599,0.02567630112171173,0.030868300795555116,0.04708049893379211,0.024980300664901735,1.0422733338757657,1.014020716294295,1.0278619727659204,0.0
fp16,32,256,32,16,contiguous,1,1,graph_global,global,0.025348201394081116,0.07902089953422546,0.02568829953670502,0.030756300687789916,0.046816501021385196,0.025508299469947815,0.993723686831601,1.0,0.993723686831601,0.0
fp16,32,256,32,16,contiguous,2,1,graph_global,global,0.025376299023628236,0.07911289930343628,0.025440299510955812,0.030464398860931396,0.04691250026226044,0.02523620128631592,1.0055514590220156,1.0,1.0055514590220156,0.0
fp16,32,256,32,16,page-cross,0,1,graph_global,global,0.025208300352096556,0.07940890192985535,0.02544429898262024,0.030568400025367738,0.046552601456642154,0.025280201435089113,0.9971558342532525,1.0,0.9971558342532525,0.0
fp16,32,256,32,16,page-cross,1,1,graph_global,chunk2,0.02624030113220215,0.07882879972457886,0.025508299469947815,0.030816400051116945,0.04679659903049469,0.025820299983024597,1.0162663156297054,1.028696607671426,0.9879164644375974,0.0
fp16,32,256,32,16,page-cross,2,1,graph_global,global,0.025272300839424132,0.07855679988861083,0.02552030086517334,0.03038429915904999,0.046836501359939574,0.02520430088043213,1.0026979506122622,1.0,1.0026979506122622,0.0
fp16,32,256,32,16,tail-negative,0,1,graph_global,global,0.024872300028800965,0.07932890057563782,0.02570430040359497,0.030548301339149476,0.04701249897480011,0.025120198726654053,0.9901314993344359,1.0,0.9901314993344359,0.0
fp16,32,256,32,16,tail-negative,1,1,graph_global,global,0.025052300095558165,0.07854089736938477,0.025416299700737,0.03027629852294922,0.046628499031066896,0.024840299785137177,1.0085345310746947,1.0,1.0085345310746947,0.0
fp16,32,256,32,16,tail-negative,2,1,graph_global,global,0.02512030005455017,0.07876489758491516,0.02528029978275299,0.030596300959587097,0.04664050042629242,0.024928300082683562,1.0077020884388335,1.0,1.0077020884388335,0.0
fp16,32,256,32,32,random,0,1,graph_global,chunk2,0.040152400732040405,0.14986159801483154,0.03858839869499207,0.03945640027523041,0.050388497114181516,0.04000439941883087,1.0036996259251394,1.0405303689694518,0.9646038749635056,0.0
fp16,32,256,32,32,random,1,1,graph_global,chunk2,0.04018050134181976,0.15386170148849487,0.039332398772239686,0.03986839950084686,0.049968600273132324,0.040912500023841857,0.9821081898785085,1.0215624420593095,0.9613785212176874,0.0
fp16,32,256,32,32,random,2,1,graph_global,chunk2,0.040916499495506284,0.1539857029914856,0.039148399233818056,0.039508399367332456,0.049604499340057374,0.04029250144958496,1.0154867040633375,1.0451640500324946,0.9716050834620323,0.0
fp16,32,256,32,32,contiguous,0,1,graph_global,chunk2,0.04031650125980377,0.15058170557022094,0.038908401131629945,0.039164400100708006,0.050036501884460446,0.04011240005493164,1.005088232182383,1.0361901308514354,0.9699843708765148,0.0
fp16,32,256,32,32,contiguous,1,1,graph_global,chunk2,0.040236398577690125,0.15353770256042482,0.03943249881267548,0.0397805005311966,0.05046049952507019,0.04044449925422668,0.9948546605750148,1.020386731483429,0.9749780449699734,0.0
fp16,32,256,32,32,contiguous,2,1,graph_global,chunk2,0.040068399906158444,0.15150970220565796,0.038796499371528625,0.039224499464035036,0.04968850016593933,0.04030449986457825,0.9941420943266114,1.0327838994557128,0.9625848106758189,0.0
fp16,32,256,32,32,page-cross,0,1,graph_global,chunk2,0.04004850089550018,0.1512256979942322,0.038748499751091,0.03900040090084076,0.049392598867416385,0.039828500151634215,1.005523701445658,1.0335497155440858,0.9728837290776339,0.0
fp16,32,256,32,32,page-cross,1,1,graph_global,chunk2,0.04021239876747131,0.14933359622955322,0.03833639919757843,0.038676398992538455,0.049436500668525694,0.040012401342391965,1.0049983859595915,1.0489352054225107,0.9581129327762227,0.0
fp16,32,256,32,32,page-cross,2,1,graph_global,chunk4,0.03994849920272827,0.1503056049346924,0.03872439861297607,0.03851639926433563,0.0497406005859375,0.03986049890518188,1.0022077068768185,1.0371815633274604,0.9662799092393819,0.0
fp16,32,256,32,32,tail-negative,0,1,graph_global,chunk2,0.03981649875640869,0.14960559606552123,0.038264399766921996,0.038592401146888736,0.049836599826812746,0.03966050148010254,1.003933315779792,1.0405624810252068,0.9647986873317534,0.0
fp16,32,256,32,32,tail-negative,1,1,graph_global,chunk2,0.0399044007062912,0.1495576024055481,0.038424399495124814,0.038580399751663205,0.049832499027252196,0.03984450101852417,1.001503336376058,1.0385172242276464,0.964358908077701,0.0
fp16,32,256,32,32,tail-negative,2,1,graph_global,chunk2,0.03984450101852417,0.14967770576477052,0.038500499725341794,0.03860040009021759,0.04987660050392151,0.03991239964962005,0.9982988085985322,1.0349086713879128,0.964625030399752,0.0
fp16,32,256,64,8,random,0,1,graph_global,global,0.028560400009155273,0.07777680158615112,0.033976399898529054,0.048620501160621644,0.07797679901123047,0.028352299332618715,1.0073398165734355,1.0,1.0073398165734355,0.0
fp16,32,256,64,8,random,1,1,graph_global,global,0.028348299860954284,0.07784889936447144,0.03396840095520019,0.048588499426841736,0.07794889807701111,0.02859239876270294,0.9914628043706823,1.0,0.9914628043706823,0.0
fp16,32,256,64,8,random,2,1,graph_global,global,0.02947629988193512,0.07799680233001709,0.0338124006986618,0.0486845999956131,0.07733290195465088,0.028428301215171814,1.0368646251083058,1.0,1.0368646251083058,0.0
fp16,32,256,64,8,contiguous,0,1,graph_global,global,0.028232398629188537,0.07802090048789978,0.033860400319099426,0.049148499965667725,0.07803679704666137,0.028560298681259155,0.9885190258081656,1.0,0.9885190258081656,0.0
fp16,32,256,64,8,contiguous,1,1,graph_global,global,0.02862440049648285,0.07806879878044129,0.0340723991394043,0.04887250065803528,0.07823280096054078,0.02841230034828186,1.0074650818695086,1.0,1.0074650818695086,0.0
fp16,32,256,64,8,contiguous,2,1,graph_global,global,0.028696298599243164,0.07816089987754822,0.034148401021957396,0.04889650046825409,0.0782489001750946,0.02836430072784424,1.0117047789961209,1.0,1.0117047789961209,0.0
fp16,32,256,64,8,page-cross,0,1,graph_global,global,0.028504300117492675,0.07729690074920655,0.03352839946746826,0.04843649864196777,0.07746880054473877,0.028328299522399902,1.0062128895154334,1.0,1.0062128895154334,0.0
fp16,32,256,64,8,page-cross,1,1,graph_global,global,0.028612300753593445,0.07752090096473693,0.03390040099620819,0.048516499996185306,0.0776968002319336,0.02836039960384369,1.0088821438790876,1.0,1.0088821438790876,0.0
fp16,32,256,64,8,page-cross,2,1,graph_global,global,0.028556299209594727,0.07731289863586426,0.03398840129375458,0.04851250052452087,0.07770479917526245,0.028268399834632873,1.0101844949359013,1.0,1.0101844949359013,0.0
fp16,32,256,64,8,tail-negative,0,1,graph_global,global,0.028524300456047057,0.07773680090904236,0.03390040099620819,0.04863260090351105,0.07797690033912659,0.029300299286842347,0.9735156687923744,1.0,0.9735156687923744,0.0
fp16,32,256,64,8,tail-negative,1,1,graph_global,global,0.028508299589157106,0.07784090042114258,0.03377240002155304,0.04876849949359894,0.07782480120658875,0.028196299076080324,1.0110653001741445,1.0,1.0110653001741445,0.0
fp16,32,256,64,8,tail-negative,2,1,graph_global,global,0.028764298558235167,0.0781768023967743,0.033856400847435,0.04864459931850433,0.07764089703559876,0.02857230007648468,1.0067197418911509,1.0,1.0067197418911509,0.0
fp16,32,256,64,16,random,0,1,graph_global,global,0.042460501194000244,0.14407360553741455,0.05988060235977173,0.05218859910964966,0.08231289982795716,0.04224039912223816,1.0052107005694983,1.0,1.0052107005694983,0.0
fp16,32,256,64,16,random,1,1,graph_global,global,0.042580398917198184,0.14508960247039795,0.059888601303100586,0.052148598432540896,0.08227689862251282,0.04231249988079071,1.0063314395784282,1.0,1.0063314395784282,0.0
fp16,32,256,64,16,random,2,1,graph_global,global,0.04253650009632111,0.1445255994796753,0.06023669838905334,0.05233259797096253,0.08330900073051453,0.04239250123500824,1.0033968003094367,1.0,1.0033968003094367,0.0
fp16,32,256,64,16,contiguous,0,1,graph_global,global,0.04361250102519989,0.1446336030960083,0.059940701723098753,0.052020597457885745,0.08208490014076233,0.043256500363349916,1.0082299922291356,1.0,1.0082299922291356,0.0
fp16,32,256,64,16,contiguous,1,1,graph_global,global,0.042616501450538635,0.14469759464263915,0.06078060269355774,0.05267660021781921,0.08354489803314209,0.04257639944553375,1.0009418834266666,1.0,1.0009418834266666,0.0
fp16,32,256,64,16,contiguous,2,1,graph_global,global,0.043044498562812804,0.1445255994796753,0.06041669845581055,0.052096599340438844,0.08279299736022949,0.042916500568389894,1.002982489082933,1.0,1.002982489082933,0.0
fp16,32,256,64,16,page-cross,0,1,graph_global,global,0.042728498578071594,0.14633760452270508,0.06079660058021545,0.05194860100746155,0.0824688971042633,0.04315249919891358,0.9901743669842266,1.0,0.9901743669842266,0.0
fp16,32,256,64,16,page-cross,1,1,graph_global,global,0.042884498834609985,0.1442855954170227,0.05950859785079956,0.05203660130500794,0.08239690065383912,0.042644500732421875,1.0056278792825835,1.0,1.0056278792825835,0.0
fp16,32,256,64,16,page-cross,2,1,graph_global,global,0.042856499552726746,0.14367760419845582,0.06051260232925415,0.05196859836578369,0.08247290253639221,0.0429284006357193,0.9983250929005557,1.0,0.9983250929005557,0.0
fp16,32,256,64,16,tail-negative,0,1,graph_global,global,0.04332050085067749,0.14440560340881348,0.05996860265731811,0.05250459909439087,0.08326489925384521,0.04235639870166778,1.0227616647911983,1.0,1.0227616647911983,0.0
fp16,32,256,64,16,tail-negative,1,1,graph_global,global,0.04240840077400208,0.14444559812545776,0.059920698404312134,0.05205249786376953,0.08262490034103394,0.04244050085544586,0.9992436450843708,1.0,0.9992436450843708,0.0
fp16,32,256,64,16,tail-negative,2,1,graph_global,global,0.04280439913272858,0.14604560136795045,0.06031259894371033,0.052096599340438844,0.08198490142822265,0.04260849952697754,1.004597664971211,1.0,1.004597664971211,0.0
fp16,32,256,64,32,random,0,1,graph_global,global,0.0717848002910614,0.27623510360717773,0.11049330234527588,0.09841709733009338,0.08863289952278137,0.07148879766464233,1.0041405455971946,1.0,1.0041405455971946,0.0
fp16,32,256,64,32,random,1,1,graph_global,global,0.07191280126571656,0.27704710960388185,0.11120929718017578,0.09867309927940368,0.0883650004863739,0.07157679796218872,1.004694304762073,1.0,1.004694304762073,0.0
fp16,32,256,64,32,random,2,1,graph_global,global,0.07139279842376708,0.2737471103668213,0.11145730018615722,0.09847710132598878,0.08887289762496949,0.07186480164527893,0.9934320667321725,1.0,0.9934320667321725,0.0
fp16,32,256,64,32,contiguous,0,1,graph_global,global,0.0728169023990631,0.27311100959777834,0.11186519861221314,0.09828500151634216,0.08947700262069702,0.07276880145072936,1.000661010589357,1.0,1.000661010589357,0.0
fp16,32,256,64,32,contiguous,1,1,graph_global,global,0.07203680276870728,0.2741309881210327,0.11168119907379151,0.09897310137748719,0.08844900131225586,0.07276480197906494,0.9899951736202468,1.0,0.9899951736202468,0.0
fp16,32,256,64,32,contiguous,2,1,graph_global,global,0.07297279834747314,0.27815110683441163,0.11140919923782348,0.09885309934616089,0.08859699964523315,0.0729367971420288,1.0004935945483626,1.0,1.0004935945483626,0.0
fp16,32,256,64,32,page-cross,0,1,graph_global,global,0.07151280045509338,0.27480309009552,0.11192929744720459,0.09788110256195068,0.0895330011844635,0.0712768018245697,1.0033110159895295,1.0,1.0033110159895295,0.0
fp16,32,256,64,32,page-cross,1,1,graph_global,global,0.07162079811096192,0.27351510524749756,0.11076929569244384,0.09802910089492797,0.0886929988861084,0.0713487982749939,1.0038122553223627,1.0,1.0038122553223627,0.0
fp16,32,256,64,32,page-cross,2,1,graph_global,global,0.071560800075531,0.27779910564422605,0.1102571964263916,0.09752910137176514,0.08787699937820434,0.07204480171203613,0.9932819353374074,1.0,0.9932819353374074,0.0
fp16,32,256,64,32,tail-negative,0,1,graph_global,global,0.07103679776191711,0.27717909812927244,0.11059319972991943,0.0981971025466919,0.08864499926567078,0.07095680236816407,1.001127381605191,1.0,1.001127381605191,0.0
fp16,32,256,64,32,tail-negative,1,1,graph_global,global,0.07136480212211609,0.2733470916748047,0.11006920337677002,0.09814109802246093,0.0887090027332306,0.07119680047035218,1.0023596797981655,1.0,1.0023596797981655,0.0
fp16,32,256,64,32,tail-negative,2,1,graph_global,global,0.07220879793167115,0.279574990272522,0.1109652042388916,0.09820110201835633,0.08844500184059143,0.07122480273246765,1.01381534467564,1.0,1.01381534467564,0.0
fp16,32,256,128,8,random,0,0,graph_global,global,0.05256059765815735,,,,,0.05237650275230408,1.003514837688264,1.0,1.003514837688264,0.0
fp16,32,256,128,8,random,1,0,graph_global,global,0.049468600749969484,,,,,0.04954450130462647,0.9984680327249575,1.0,0.9984680327249575,0.0
fp16,32,256,128,8,random,2,0,graph_global,global,0.04929650127887726,,,,,0.04957660138607025,0.9943501551263719,1.0,0.9943501551263719,0.0
fp16,32,256,128,8,contiguous,0,0,graph_global,global,0.04980059862136841,,,,,0.04964050054550171,1.0032251503128973,1.0,1.0032251503128973,0.0
fp16,32,256,128,8,contiguous,1,0,graph_global,global,0.04964860081672669,,,,,0.04958449900150299,1.0012927793264939,1.0,1.0012927793264939,0.0
fp16,32,256,128,8,contiguous,2,0,graph_global,global,0.04986859858036041,,,,,0.04974850118160248,1.0024140907948067,1.0,1.0024140907948067,0.0
fp16,32,256,128,8,page-cross,0,0,graph_global,global,0.050448501110076906,,,,,0.04981260001659393,1.012765868339961,1.0,1.012765868339961,0.0
fp16,32,256,128,8,page-cross,1,0,graph_global,global,0.04977250099182129,,,,,0.049624601006507875,1.0029803763116205,1.0,1.0029803763116205,0.0
fp16,32,256,128,8,page-cross,2,0,graph_global,global,0.04927250146865845,,,,,0.0496286004781723,0.992824721912711,1.0,0.992824721912711,0.0
fp16,32,256,128,8,tail-negative,0,0,graph_global,global,0.05199660062789917,,,,,0.05327659845352173,0.9759744829291377,1.0,0.9759744829291377,0.0
fp16,32,256,128,8,tail-negative,1,0,graph_global,global,0.050072497129440306,,,,,0.05008860230445862,0.9996784662722186,1.0,0.9996784662722186,0.0
fp16,32,256,128,8,tail-negative,2,0,graph_global,global,0.05051649808883667,,,,,0.049924600124359134,1.0118558378635614,1.0,1.0118558378635614,0.0
fp16,32,256,128,16,random,0,0,graph_global,global,0.0787889003753662,,,,,0.07905279994010925,0.996661730325264,1.0,0.996661730325264,0.0
fp16,32,256,128,16,random,1,0,graph_global,global,0.08156489729881286,,,,,0.08158890008926392,0.9997058081378128,1.0,0.9997058081378128,0.0
fp16,32,256,128,16,random,2,0,graph_global,global,0.07930480241775513,,,,,0.07945690155029297,0.9980857656217368,1.0,0.9980857656217368,0.0
fp16,32,256,128,16,contiguous,0,0,graph_global,global,0.0803888976573944,,,,,0.0804768979549408,0.9989065147914167,1.0,0.9989065147914167,0.0
fp16,32,256,128,16,contiguous,1,0,graph_global,global,0.08058890104293823,,,,,0.08153690099716186,0.9883733629481867,1.0,0.9883733629481867,0.0
fp16,32,256,128,16,contiguous,2,0,graph_global,global,0.080792897939682,,,,,0.08089690208435059,0.9987143618360053,1.0,0.9987143618360053,0.0
fp16,32,256,128,16,page-cross,0,0,graph_global,global,0.07975289821624756,,,,,0.08053680062294007,0.9902665315653324,1.0,0.9902665315653324,0.0
fp16,32,256,128,16,page-cross,1,0,graph_global,global,0.0796849012374878,,,,,0.07935289740562439,1.0041838904780795,1.0,1.0041838904780795,0.0
fp16,32,256,128,16,page-cross,2,0,graph_global,global,0.07982890009880066,,,,,0.07982490062713624,1.0000501030584816,1.0,1.0000501030584816,0.0
fp16,32,256,128,16,tail-negative,0,0,graph_global,global,0.07985690236091614,,,,,0.08000479936599732,0.9981513983379348,1.0,0.9981513983379348,0.0
fp16,32,256,128,16,tail-negative,1,0,graph_global,global,0.08006089925765991,,,,,0.08227699995040894,0.9730653682792915,1.0,0.9730653682792915,0.0
fp16,32,256,128,16,tail-negative,2,0,graph_global,global,0.08084499835968018,,,,,0.07955710291862488,1.016188314981412,1.0,1.016188314981412,0.0
fp16,32,256,128,32,random,0,0,graph_global,global,0.13891780376434326,,,,,0.1377177953720093,1.008713531821305,1.0,1.008713531821305,0.0
fp16,32,256,128,32,random,1,0,graph_global,global,0.14370590448379517,,,,,0.14304989576339722,1.0045858734597262,1.0,1.0045858734597262,0.0
fp16,32,256,128,32,random,2,0,graph_global,global,0.14496190547943116,,,,,0.1422698974609375,1.0189218384671488,1.0,1.0189218384671488,0.0
fp16,32,256,128,32,contiguous,0,0,graph_global,global,0.14345389604568481,,,,,0.1446058988571167,0.9920335005657677,1.0,0.9920335005657677,0.0
fp16,32,256,128,32,contiguous,1,0,graph_global,global,0.14491389989852904,,,,,0.14726990461349487,0.9840021305021613,1.0,0.9840021305021613,0.0
fp16,32,256,128,32,contiguous,2,0,graph_global,global,0.14562590122222902,,,,,0.14165780544281006,1.0280118399901441,1.0,1.0280118399901441,0.0
fp16,32,256,128,32,page-cross,0,0,graph_global,global,0.14151790142059326,,,,,0.14067779779434203,1.0059718281023946,1.0,1.0059718281023946,0.0
fp16,32,256,128,32,page-cross,1,0,graph_global,global,0.1417497992515564,,,,,0.14534189701080322,0.9752851873195255,1.0,0.9752851873195255,0.0
fp16,32,256,128,32,page-cross,2,0,graph_global,global,0.14744189977645875,,,,,0.1453899025917053,1.0141137530748336,1.0,1.0141137530748336,0.0
fp16,32,256,128,32,tail-negative,0,0,graph_global,global,0.14291779994964598,,,,,0.1430338978767395,0.9991883187914408,1.0,0.9991883187914408,0.0
fp16,32,256,128,32,tail-negative,1,0,graph_global,global,0.1440379023551941,,,,,0.14007389545440674,1.0282993978851513,1.0,1.0282993978851513,0.0
fp16,32,256,128,32,tail-negative,2,0,graph_global,global,0.13938180208206177,,,,,0.14097379446029662,0.9887071750864789,1.0,0.9887071750864789,0.0
fp16,128,64,32,8,random,0,1,graph_lds_chunked(chunk=4),chunk4,0.017172299325466156,0.02098020017147064,0.0166922003030777,0.016568200290203096,0.021520300209522246,0.016376200318336486,1.0486131698229335,1.0364613551672397,1.0117243297061789,0.0
fp16,128,64,32,8,random,1,1,graph_lds_chunked(chunk=4),chunk4,0.0171082004904747,0.020936299860477448,0.01666419953107834,0.016352200508117677,0.021024300158023833,0.01642020046710968,1.041899611685199,1.0462323087331105,0.9958587619482351,0.0
fp16,128,64,32,8,random,2,1,graph_lds_chunked(chunk=4),chunk4,0.016932199895381927,0.02082819938659668,0.016524200141429902,0.01618030071258545,0.02086829990148544,0.0161761999130249,1.046735326369718,1.0464700376187466,1.000253508214698,0.0
fp16,128,64,32,8,contiguous,0,1,graph_lds_chunked(chunk=4),chunk4,0.016600200533866884,0.02056429982185364,0.016360299289226533,0.01620420068502426,0.020960299670696257,0.01642020046710968,1.0109621114016087,1.024438098277109,0.9868454844678617,0.0
fp16,128,64,32,8,contiguous,1,1,graph_lds_chunked(chunk=4),chunk2,0.016728200018405914,0.020780299603939057,0.016196200251579286,0.01639219969511032,0.020704300701618196,0.01634819954633713,1.0232441787238844,1.0328471961671846,0.9907023831996289,0.0
fp16,128,64,32,8,contiguous,2,1,graph_lds_chunked(chunk=4),chunk2,0.016780300438404082,0.020784300565719605,0.0162321999669075,0.016356100142002106,0.02069219946861267,0.01613219976425171,1.0401743521418905,1.0337662468805209,1.0061987952118834,0.0
fp16,128,64,32,8,page-cross,0,1,graph_lds_chunked(chunk=4),chunk2,0.0165801003575325,0.02069620043039322,0.01614820063114166,0.016308200359344483,0.02061219960451126,0.0161761999130249,1.0249688089093398,1.0267459970467498,0.9982691063393266,0.0
fp16,128,64,32,8,page-cross,1,1,graph_lds_chunked(chunk=4),chunk2,0.016396200656890868,0.020596200227737428,0.016300199925899504,0.01632020026445389,0.02082030028104782,0.016304199397563935,1.005642795275227,1.005889543160684,0.9997546968381025,0.0
fp16,128,64,32,8,page-cross,2,1,graph_lds_chunked(chunk=4),chunk4,0.016592200100421905,0.020724299550056457,0.016460199654102326,0.016216200590133668,0.020812200009822847,0.01610420048236847,1.0303026293411905,1.0231866588106344,1.0069547139510477,0.0
fp16,128,64,32,8,tail-negative,0,1,graph_lds_chunked(chunk=4),chunk2,0.01677220016717911,0.0208283007144928,0.016184100508689882,0.016336099803447725,0.020708200335502625,0.016248199343681335,1.0322497781085846,1.0363381120979478,0.9960550191663927,0.0
fp16,128,64,32,8,tail-negative,1,1,graph_lds_chunked(chunk=4),chunk2,0.016780200600624084,0.020864200592041016,0.01620820015668869,0.016336199641227723,0.020676299929618835,0.016244199872016907,1.0329964376719176,1.0352908057900152,0.9977838418874522,0.0
fp16,128,64,32,8,tail-negative,2,1,graph_lds_chunked(chunk=4),chunk2,0.016700099408626556,0.02074420005083084,0.01623619943857193,0.01634020060300827,0.02069620043039322,0.01612810045480728,1.0354659840706026,1.0285719556359076,1.0067025242103094,0.0
fp16,128,64,32,16,random,0,1,graph_lds_chunked(chunk=4),chunk4,0.025404301285743714,0.033924400806427,0.023784300684928893,0.02348030060529709,0.02438029944896698,0.02329619973897934,1.090491220473058,1.0819410582849427,1.0079026136614768,0.0
fp16,128,64,32,16,random,1,1,graph_lds_chunked(chunk=4),chunk4,0.025552201271057128,0.03425639867782593,0.02382829934358597,0.02345629930496216,0.024288299679756164,0.023500199615955352,1.08731847765704,1.0893534797985625,0.9981319175279095,0.0
fp16,128,64,32,16,random,2,1,graph_lds_chunked(chunk=4),chunk4,0.025864198803901672,0.034604400396347046,0.024100300669670106,0.023832300305366518,0.02474430054426193,0.02371619939804077,1.0905709793466465,1.0852581778720545,1.004895426344549,0.0
fp16,128,64,32,16,contiguous,0,1,graph_lds_chunked(chunk=4),chunk4,0.025372299551963805,0.033728298544883725,0.02390819936990738,0.02320819944143295,0.024448299407958986,0.023232200741767885,1.092117782296378,1.0932472213534734,0.9989668951038383,0.0
fp16,128,64,32,16,contiguous,1,1,graph_lds_chunked(chunk=4),chunk4,0.02534030079841614,0.0342523992061615,0.024120299518108367,0.023068299889564513,0.024336299300193785,0.023384299874305726,1.083645904928701,1.0984901756838794,0.9864866604328647,0.0
fp16,128,64,32,16,contiguous,2,1,graph_lds_chunked(chunk=4),chunk4,0.025568300485610963,0.034260299801826474,0.023844200372695922,0.023548200726509094,0.024492199718952178,0.023440200090408325,1.0907884910109387,1.0857857372018986,1.0046074963389482,0.0
fp16,128,64,32,16,page-cross,0,1,graph_lds_chunked(chunk=4),chunk4,0.02496030032634735,0.033924400806427,0.02400030046701431,0.023492300510406496,0.024640299379825592,0.023364299535751344,1.068309378937462,1.0624885508888569,1.0054784854328411,0.0
fp16,128,64,32,16,page-cross,1,1,graph_lds_chunked(chunk=4),chunk4,0.02491230070590973,0.033960399031639096,0.023952299356460573,0.023488299548625947,0.024504299461841583,0.023568299412727357,1.057025806981075,1.0606259790895372,0.9966056157595228,0.0
fp16,128,64,32,16,page-cross,2,1,graph_lds_chunked(chunk=4),chunk4,0.02496020048856735,0.03365640044212341,0.023736299574375154,0.02319619953632355,0.024232199788093566,0.02345219999551773,1.0643010247796725,1.0760469812945654,0.9890841601537123,0.0
fp16,128,64,32,16,tail-negative,0,1,graph_lds_chunked(chunk=4),chunk4,0.02530420124530792,0.03394440114498139,0.023704299330711366,0.023488299548625947,0.02435629963874817,0.02329619973897934,1.086194380578253,1.0773109050709548,1.0082459719524635,0.0
fp16,128,64,32,16,tail-negative,1,1,graph_lds_chunked(chunk=4),chunk4,0.025316300988197326,0.03395639955997467,0.02364429980516434,0.02347230017185211,0.02425229996442795,0.02321629971265793,1.0904537459255164,1.0785607206300358,1.0110267554417642,0.0
fp16,128,64,32,16,tail-negative,2,1,graph_lds_chunked(chunk=4),chunk4,0.02530420124530792,0.03379240036010742,0.023632299900054932,0.023408199846744537,0.024288199841976166,0.023200200498104097,1.0906889036314906,1.0809973176483738,1.008965411685017,0.0
fp16,128,64,32,32,random,0,1,graph_lds_chunked(chunk=8),chunk4,0.04271639883518219,0.06040470004081726,0.0398283988237381,0.03612839877605438,0.03804849982261658,0.03771640062332153,1.1325682761140512,1.1823496275039536,0.9578962514708992,0.0
fp16,128,64,32,32,random,1,1,graph_lds_chunked(chunk=8),chunk4,0.04382849931716919,0.06132469773292541,0.03921250104904175,0.037136399745941163,0.038640400767326354,0.03867250084877014,1.1333246714134604,1.1802032404059157,0.960279240568487,0.0
fp16,128,64,32,32,random,2,1,graph_lds_chunked(chunk=8),chunk4,0.043444499373435974,0.06076869964599609,0.039540401101112364,0.036792400479316714,0.03873240053653717,0.03836039900779724,1.1325351272963904,1.1808008938655365,0.9591245511246688,0.0
fp16,128,64,32,32,contiguous,0,1,graph_lds_chunked(chunk=8),chunk4,0.04369249939918518,0.061720699071884155,0.03936040103435516,0.03686839938163757,0.03834039866924286,0.03850440084934235,1.1347404046135532,1.185093471156938,0.9575113121716652,0.0
fp16,128,64,32,32,contiguous,1,1,graph_lds_chunked(chunk=8),chunk4,0.04359250068664551,0.06196470260620117,0.03942449986934662,0.03698840141296387,0.03857640027999878,0.03862450122833252,1.1286230061313718,1.1785451390545092,0.9576408817373023,0.0
fp16,128,64,32,32,contiguous,2,1,graph_lds_chunked(chunk=8),chunk4,0.04357649981975555,0.06168469786643982,0.03936040103435516,0.0370604008436203,0.03858050107955933,0.03839240074157715,1.1350293021025974,1.1758237587237796,0.9653056367346584,0.0
fp16,128,64,32,32,page-cross,0,1,graph_lds_chunked(chunk=8),chunk4,0.04382050037384033,0.06197270154953003,0.03923650085926056,0.0365123987197876,0.038736400008201596,0.03895249962806702,1.1249727435274963,1.2001539726310058,0.9373570135016133,0.0
fp16,128,64,32,32,page-cross,1,1,graph_lds_chunked(chunk=8),chunk4,0.04188050031661987,0.0606207013130188,0.038568499684333804,0.0358924001455307,0.037808400392532346,0.03812040090560913,1.0986374571537487,1.166834765766836,0.9415535852942567,0.0
fp16,128,64,32,32,page-cross,2,1,graph_lds_chunked(chunk=8),chunk4,0.04243650138378143,0.06106070280075073,0.03893240094184876,0.03673250079154968,0.03829639852046966,0.03805640041828155,1.115094988421337,1.155284842287241,0.9652121689865367,0.0
fp16,128,64,32,32,tail-negative,0,1,graph_lds_chunked(chunk=8),chunk4,0.04248450100421906,0.06033669710159302,0.0397843986749649,0.036192399263381955,0.03767249882221222,0.03763650059700012,1.1288111362724662,1.17385146795734,0.96163029743171,0.0
fp16,128,64,32,32,tail-negative,1,1,graph_lds_chunked(chunk=8),chunk4,0.04233649969100952,0.060124701261520384,0.04151250123977661,0.03654040098190307,0.03848449885845184,0.03758839964866638,1.1263182281428041,1.1586216503748006,0.972119093216024,0.0
fp16,128,64,32,32,tail-negative,2,1,graph_lds_chunked(chunk=8),chunk4,0.04496850073337555,0.061960697174072266,0.038900500535964964,0.03652440011501312,0.03782840073108673,0.03862049877643585,1.164368720188899,1.2311906723114538,0.9457257485576117,0.0
fp16,128,64,64,8,random,0,1,graph_lds_chunked(chunk=4),chunk2,0.02480430006980896,0.03055639863014221,0.023464299738407135,0.023808300495147705,0.030456298589706422,0.02366030067205429,1.0483510084512946,1.0571080469624443,0.991716042143173,0.0
fp16,128,64,64,8,random,1,1,graph_lds_chunked(chunk=4),chunk2,0.025000301003456116,0.030764400959014893,0.02345629930496216,0.023864300549030305,0.030444398522377014,0.023776300251483917,1.0514798660441633,1.0658246076424904,0.9865411799507459,0.0
fp16,128,64,64,8,random,2,1,graph_lds_chunked(chunk=4),chunk2,0.024768200516700745,0.03064030110836029,0.023420199751853943,0.023620299994945526,0.030396300554275512,0.02361219972372055,1.0489577763404605,1.0575571847861842,0.9918686113910122,0.0
fp16,128,64,64,8,contiguous,0,1,graph_lds_chunked(chunk=4),chunk2,0.024788300693035125,0.030592399835586547,0.023408299684524535,0.02387229949235916,0.030428400635719298,0.02365629971027374,1.0478519885453499,1.0589534920138999,0.9895165334905905,0.0
fp16,128,64,64,8,contiguous,1,1,graph_lds_chunked(chunk=4),chunk2,0.02480030059814453,0.030604401230812074,0.02345629930496216,0.02382429987192154,0.030440300703048706,0.023748299479484557,1.0442979557154721,1.057298096162085,0.9877043754322432,0.0
fp16,128,64,64,8,contiguous,2,1,graph_lds_chunked(chunk=4),chunk2,0.024720300734043122,0.030548399686813353,0.02337619960308075,0.023592199385166168,0.03053230047225952,0.023648299276828766,1.045331017028558,1.0574987018328348,0.9884939009540264,0.0
fp16,128,64,64,8,page-cross,0,1,graph_lds_chunked(chunk=4),chunk2,0.02442830055952072,0.030524399876594544,0.02340420037508011,0.023840199410915374,0.030308300256729127,0.023604300618171693,1.0349088903195325,1.043757110605284,0.9915227209512179,0.0
fp16,128,64,64,8,page-cross,1,1,graph_lds_chunked(chunk=4),chunk4,0.024472300708293915,0.03051230013370514,0.02432419955730438,0.02360830008983612,0.030500298738479613,0.023648299276828766,1.0348440038676494,1.036597324465126,0.9983085808190935,0.0
fp16,128,64,64,8,page-cross,2,1,graph_lds_chunked(chunk=4),chunk4,0.024364300072193146,0.03042440116405487,0.024260300397872924,0.02355629950761795,0.030416399240493774,0.023572300374507905,1.0335987445052983,1.034300827441674,0.9993212004498612,0.0
fp16,128,64,64,8,tail-negative,0,1,graph_lds_chunked(chunk=4),chunk2,0.024612300097942352,0.030604401230812074,0.02343219965696335,0.023832200467586516,0.030412301421165466,0.023544299602508544,1.0453613194473628,1.0503623414897079,0.995238764905402,0.0
fp16,128,64,64,8,tail-negative,1,1,graph_lds_chunked(chunk=4),chunk2,0.02470020055770874,0.030528301000595094,0.02337220013141632,0.02382030040025711,0.030420300364494324,0.02361219972372055,1.0460779108561917,1.0568196583473266,0.9898357800157379,0.0
fp16,128,64,64,8,tail-negative,2,1,graph_lds_chunked(chunk=4),chunk4,0.02451629936695099,0.030360400676727295,0.0236163005232811,0.02358829975128174,0.030336299538612367,0.02390030026435852,1.025773697224678,1.0393415220873994,0.9869457492321946,0.0
fp16,128,64,64,16,random,0,1,graph_lds_chunked(chunk=4),chunk4,0.040144500136375424,0.052920597791671756,0.03734439909458161,0.03576839864253998,0.03803650140762329,0.03548440039157867,1.1313281242847972,1.1223454686235483,1.0080034676597975,0.0
fp16,128,64,64,16,random,1,1,graph_lds_chunked(chunk=4),chunk4,0.04015640020370483,0.053096598386764525,0.03758440017700195,0.036348399519920346,0.038648399710655215,0.03552840054035187,1.1302619761364334,1.1047639162681029,1.0230800983747397,0.0
fp16,128,64,64,16,random,2,1,graph_lds_chunked(chunk=4),chunk4,0.04049650132656098,0.05303260087966919,0.03776040077209473,0.0361164003610611,0.03884449899196625,0.035796400904655454,1.1313009214089524,1.121277339981597,1.0089394310131337,0.0
fp16,128,64,64,16,contiguous,0,1,graph_lds_chunked(chunk=4),chunk4,0.04207650125026703,0.0524366021156311,0.03715640008449554,0.0356683999300003,0.03801249861717224,0.03634440004825592,1.157716214723599,1.1796576614830694,0.9814001574559474,0.0
fp16,128,64,64,16,contiguous,1,1,graph_lds_chunked(chunk=4),chunk4,0.040812399983406064,0.05206059813499451,0.03714840114116669,0.03568440079689026,0.03830839991569519,0.03620840013027191,1.127152810855208,1.1437042257120564,0.9855282384337228,0.0
fp16,128,64,64,16,contiguous,2,1,graph_lds_chunked(chunk=4),chunk4,0.041972500085830686,0.0528406023979187,0.0371284008026123,0.035792401432991026,0.03804439902305603,0.035980400443077085,1.1665378808730442,1.1726651022399202,0.99477496059602,0.0
fp16,128,64,64,16,page-cross,0,1,graph_lds_chunked(chunk=4),chunk4,0.03964050114154816,0.05369660258293152,0.03653639853000641,0.035636401176452635,0.03794040083885193,0.036416399478912356,1.088534333673014,1.1123598296379404,0.9785811251628159,0.0
fp16,128,64,64,16,page-cross,1,1,graph_lds_chunked(chunk=4),chunk4,0.0397163987159729,0.052224600315093996,0.03652440011501312,0.0356563001871109,0.03794040083885193,0.03546429872512817,1.1198980423608915,1.1138676337016495,1.0054139365188317,0.0
fp16,128,64,64,16,page-cross,2,1,graph_lds_chunked(chunk=4),chunk4,0.039728501439094545,0.052528601884841916,0.03732840120792389,0.03533639907836914,0.03798039853572845,0.03576039969921112,1.110963573485197,1.124293999255119,0.9881432918980676,0.0
fp16,128,64,64,16,tail-negative,0,1,graph_lds_chunked(chunk=4),chunk4,0.040264400839805606,0.05281659960746765,0.03686450123786926,0.035700398683547976,0.03803240060806275,0.035904398560523985,1.1214336530921685,1.1278417699677086,0.99431824831623,0.0
fp16,128,64,64,16,tail-negative,1,1,graph_lds_chunked(chunk=4),chunk4,0.040556499361991884,0.05333660244941711,0.03727239966392517,0.03586840033531189,0.03818849921226501,0.036224400997161864,1.1195906142152476,1.1307027629571935,0.9901723520044441,0.0
fp16,128,64,64,16,tail-negative,2,1,graph_lds_chunked(chunk=4),chunk4,0.04004440009593964,0.05272060036659241,0.037580499053001405,0.03592840135097504,0.038492399454116824,0.035508400201797484,1.1277444173312132,1.1145611435576133,1.0118282194295054,0.0
fp16,128,64,64,32,random,0,1,graph_lds_chunked(chunk=8),chunk4,0.07243679761886597,0.09834110140800476,0.06328070163726807,0.05884460210800171,0.06007270216941833,0.06060060262680054,1.1953148067677943,1.2309845767317371,0.9710233819024393,0.0
fp16,128,64,64,32,random,1,1,graph_lds_chunked(chunk=8),chunk4,0.0718288004398346,0.09889310002326965,0.06535670161247253,0.05989260077476501,0.06131659746170044,0.06129270195960999,1.1718980913448322,1.1992933936857648,0.9771571306194399,0.0
fp16,128,64,64,32,random,2,1,graph_lds_chunked(chunk=8),chunk4,0.07384080290794373,0.10046520233154296,0.06511269807815552,0.05951269865036011,0.0606486976146698,0.06266869902610779,1.1782724718312987,1.2407570918899495,0.9496399251174356,0.0
fp16,128,64,64,32,contiguous,0,1,graph_lds_chunked(chunk=8),chunk4,0.07200080156326294,0.09854909777641296,0.06487680077552796,0.05918059945106506,0.06076869964599609,0.06088070273399353,1.182653917085296,1.2166284598519246,0.9720748413441163,0.0
fp16,128,64,64,32,contiguous,1,1,graph_lds_chunked(chunk=8),chunk4,0.07361279726028443,0.0994251012802124,0.06534870266914368,0.05850459933280945,0.06107670068740845,0.061564701795578006,1.1956981048119328,1.2582394905660397,0.950294529600266,0.0
fp16,128,64,64,32,contiguous,2,1,graph_lds_chunked(chunk=8),chunk4,0.07309280037879944,0.09898110032081604,0.06549280285835266,0.0584526002407074,0.060188698768615725,0.0615327000617981,1.1878692192182592,1.2504627694542894,0.9499436914356543,0.0
fp16,128,64,64,32,page-cross,0,1,graph_lds_chunked(chunk=8),chunk4,0.07132480144500733,0.09829710125923156,0.06231669783592224,0.058768701553344724,0.06043660044670105,0.06043670177459717,1.1801570792366876,1.2136528383269682,0.9724008727763906,0.0
fp16,128,64,64,32,page-cross,1,1,graph_lds_chunked(chunk=8),chunk4,0.07244079709053039,0.09899709820747375,0.06424469947814941,0.05915660262107849,0.060420697927474974,0.061756598949432376,1.1730049634023154,1.224559793511849,0.9578992954180845,0.0
fp16,128,64,64,32,page-cross,2,1,graph_lds_chunked(chunk=8),chunk4,0.07215279936790467,0.09937710165977479,0.06450470089912415,0.05818060040473938,0.06166070103645325,0.06096060276031494,1.183597210342477,1.2401521961954025,0.9543967377339431,0.0
fp16,128,64,64,32,tail-negative,0,1,graph_lds_chunked(chunk=8),chunk4,0.0711247980594635,0.09836909770965577,0.06443269848823548,0.05849670171737671,0.060140597820281985,0.05996869802474976,1.1860320534240962,1.2158770660797027,0.9754539225319593,0.0
fp16,128,64,64,32,tail-negative,1,1,graph_lds_chunked(chunk=8),chunk4,0.07154880166053772,0.09930909872055053,0.06436870098114014,0.05881659984588623,0.06016870141029358,0.060548698902130126,1.1816736438249147,1.216472931927601,0.9713932902333108,0.0
fp16,128,64,64,32,tail-negative,2,1,graph_lds_chunked(chunk=8),chunk8,0.07168880105018616,0.09958909749984741,0.06562470197677613,0.060432600975036624,0.05968070030212402,0.06041659712791443,1.186574624492772,1.2012057614483918,0.9878196247260936,0.0
fp16,128,64,128,8,random,0,1,graph_lds_chunked(chunk=4),chunk4,0.04134039878845215,0.0501924991607666,0.03956440091133118,0.03954440057277679,0.05037260055541992,0.03982439935207367,1.0380671010999074,1.0454172573022074,0.9929691650382092,0.0
fp16,128,64,128,8,random,1,1,graph_lds_chunked(chunk=4),chunk2,0.040768399834632874,0.05003259778022766,0.03882049918174744,0.03886449933052063,0.050012600421905515,0.03881640136241913,1.0502879814640316,1.0501771150279617,1.0001055692744427,0.0
fp16,128,64,128,8,random,2,1,graph_lds_chunked(chunk=4),chunk2,0.04080039858818054,0.05020459890365601,0.03878050148487091,0.038980498909950256,0.04988850057125092,0.03889240026473999,1.049058384426079,1.0520853786302282,0.9971228625873594,0.0
fp16,128,64,128,8,contiguous,0,1,graph_lds_chunked(chunk=4),chunk2,0.04093239903450012,0.0501446008682251,0.03860450088977814,0.03867650032043457,0.050232499837875366,0.03883639872074127,1.0539699967762315,1.060301210767327,0.9940288533797732,0.0
fp16,128,64,128,8,contiguous,1,1,graph_lds_chunked(chunk=4),chunk2,0.04080440104007721,0.04998059868812561,0.03881649971008301,0.0392645001411438,0.05052850246429443,0.03886440098285675,1.0499171480367395,1.0512127921075227,0.9987674768795519,0.0
fp16,128,64,128,8,contiguous,2,1,graph_lds_chunked(chunk=4),chunk2,0.0408163994550705,0.05015659928321838,0.03873240053653717,0.03910039961338043,0.05002449750900269,0.03886440098285675,1.050225873108781,1.0538050544160682,0.9966035641105647,0.0
fp16,128,64,128,8,page-cross,0,1,graph_lds_chunked(chunk=4),chunk2,0.04056049883365631,0.05002850294113159,0.038664400577545166,0.03895640075206756,0.04969249963760376,0.03876050114631653,1.0464389683854962,1.049039897885093,0.9975206572172894,0.0
fp16,128,64,128,8,page-cross,1,1,graph_lds_chunked(chunk=4),chunk2,0.04040440022945404,0.049940600991249084,0.03872840106487274,0.03894439935684204,0.049776500463485716,0.03876039981842041,1.0424144337709422,1.0432757128747423,0.9991744472787285,0.0
fp16,128,64,128,8,page-cross,2,1,graph_lds_chunked(chunk=4),chunk2,0.04050840139389038,0.0502485990524292,0.03906449973583222,0.03936449885368347,0.050288498401641846,0.03878439962863922,1.0444509076267385,1.0369619902423513,1.0072219786789265,0.0
fp16,128,64,128,8,tail-negative,0,1,graph_lds_chunked(chunk=4),chunk4,0.04250850081443787,0.05146459937095642,0.039968499541282655,0.03974449932575226,0.05020049810409546,0.040468499064445496,1.050409622228482,1.069544252300964,0.9821095480328965,0.0
fp16,128,64,128,8,tail-negative,1,1,graph_lds_chunked(chunk=4),chunk2,0.04034850001335144,0.049832499027252196,0.03868040144443512,0.03889240026473999,0.049724599719047545,0.03900049924850464,1.0345636797174713,1.043125161751813,0.9917924690648211,0.0
fp16,128,64,128,8,tail-negative,2,1,graph_lds_chunked(chunk=4),chunk2,0.04066050052642822,0.050132501125335696,0.038832399249076846,0.038964399695396425,0.049836501479148865,0.038828501105308534,1.047181821831109,1.0470767017413902,1.0001003938771096,0.0
fp16,128,64,128,16,random,0,1,graph_lds_chunked(chunk=4),chunk4,0.07117679715156555,0.09041299819946289,0.06724879741668702,0.06285269856452942,0.06703680157661437,0.062408697605133054,1.1404948329783977,1.1324382051550257,1.0071144083506696,0.0
fp16,128,64,128,16,random,1,1,graph_lds_chunked(chunk=4),chunk4,0.07400889992713929,0.09616900086402894,0.06728469729423522,0.06286069750785828,0.06713680028915406,0.062048697471618654,1.1927550930620465,1.177347736523085,1.0130864960801318,0.0
fp16,128,64,128,16,random,2,1,graph_lds_chunked(chunk=4),chunk4,0.07142879962921142,0.08870499730110168,0.0663366973400116,0.061732697486877444,0.06570469737052917,0.0627767026424408,1.1378233743185053,1.1570659073239928,0.9833695445664019,0.0
fp16,128,64,128,16,contiguous,0,1,graph_lds_chunked(chunk=4),chunk4,0.07252479791641235,0.09346510171890259,0.06725280284881592,0.06238470077514648,0.06762470006942749,0.062172597646713255,1.1665074431749494,1.1625414086350094,1.0034115210954908,0.0
fp16,128,64,128,16,contiguous,1,1,graph_lds_chunked(chunk=4),chunk4,0.07215679883956909,0.09633709788322449,0.06777679920196533,0.062164700031280516,0.06588879823684693,0.06319270133972169,1.14185336771183,1.1607358967912766,0.9837322778319814,0.0
fp16,128,64,128,16,contiguous,2,1,graph_lds_chunked(chunk=4),chunk4,0.07129679918289185,0.08897299766540527,0.06648079752922058,0.061776697635650635,0.0661126971244812,0.061448699235916136,1.1602653932374796,1.1541050575961391,1.005337759851925,0.0
fp16,128,64,128,16,page-cross,0,1,graph_lds_chunked(chunk=4),chunk4,0.0715287983417511,0.08901699781417846,0.06683269739151002,0.062392699718475345,0.06642069816589355,0.062012702226638794,1.1534539823846683,1.1464289678840494,1.006127736386132,0.0
fp16,128,64,128,16,page-cross,1,1,graph_lds_chunked(chunk=4),chunk4,0.07035679817199707,0.08887699842453003,0.0662926971912384,0.06147670149803162,0.06569679975509643,0.0629247009754181,1.118110965668035,1.1444465375919652,0.9769883772995259,0.0
fp16,128,64,128,16,page-cross,2,1,graph_lds_chunked(chunk=4),chunk4,0.0707368016242981,0.08868899941444397,0.06711680293083191,0.06245669722557068,0.06594070196151733,0.061512702703475954,1.1499543755260961,1.1325735232015668,1.0153463346692029,0.0
fp16,128,64,128,16,tail-negative,0,1,graph_lds_chunked(chunk=4),chunk4,0.07055680155754089,0.09484500288963318,0.06709669828414917,0.06274870038032532,0.06622880101203918,0.06296070218086243,1.1206482633382602,1.1244344684414178,0.9966327916749068,0.0
fp16,128,64,128,16,tail-negative,1,1,graph_lds_chunked(chunk=4),chunk4,0.07244880199432373,0.09230499863624572,0.06707680225372314,0.0618927001953125,0.06740880012512207,0.061916697025299075,1.170101208155875,1.17055487586904,0.9996124336222785,0.0
fp16,128,64,128,16,tail-negative,2,1,graph_lds_chunked(chunk=4),chunk4,0.07232480049133301,0.0961329996585846,0.06859279870986938,0.06263269782066345,0.06662070155143737,0.06354069709777832,1.1382437366092704,1.1547450933443903,0.9857099572622313,0.0
fp16,128,64,128,32,random,0,1,graph_lds_chunked(chunk=8),chunk4,0.13158940076828002,0.17587389945983886,0.12401330471038818,0.11425329446792602,0.11460930109024048,0.11051720380783081,1.1906689296726136,1.1517339730209768,1.0338055120050955,0.0
fp16,128,64,128,32,random,1,1,graph_lds_chunked(chunk=8),chunk4,0.1353855013847351,0.17557799816131592,0.12338540554046631,0.11302529573440552,0.1136093020439148,0.11337729692459106,1.1941147395212819,1.1978336398506144,0.9968953114976832,0.0
fp16,128,64,128,32,random,2,1,graph_lds_chunked(chunk=8),chunk8,0.13564549684524535,0.17044589519500733,0.12041339874267579,0.11216130256652831,0.11192920207977294,0.11272120475769043,1.2033716028571004,1.211886570482023,0.9929737915805638,0.0
fp16,128,64,128,32,contiguous,0,1,graph_lds_chunked(chunk=8),chunk8,0.13294949531555175,0.1716858983039856,0.12131730318069459,0.1118891954421997,0.110869300365448,0.11101729869842529,1.1975565688794547,1.19915517530392,0.9986668894423443,0.0
fp16,128,64,128,32,contiguous,1,1,graph_lds_chunked(chunk=8),chunk8,0.13422540426254273,0.1702057957649231,0.12165340185165405,0.1113211989402771,0.11058529615402221,0.11035720109939576,1.2162813384660738,1.2137726165293692,1.0020668796630772,0.0
fp16,128,64,128,32,contiguous,2,1,graph_lds_chunked(chunk=8),chunk8,0.13500150442123413,0.16962980031967162,0.12079329490661621,0.11108920574188233,0.110977303981781,0.11002919673919678,1.226960737896046,1.2164785012564114,1.0086168696189932,0.0
fp16,128,64,128,32,page-cross,0,1,graph_lds_chunked(chunk=8),chunk8,0.13187750577926635,0.17126590013504028,0.1204453945159912,0.11080119609832764,0.11002919673919678,0.11180119514465332,1.1795715207573354,1.1985682863054687,0.9841504520308226,0.0
fp16,128,64,128,32,page-cross,1,1,graph_lds_chunked(chunk=8),chunk8,0.13573750257492065,0.17266989946365358,0.1211812973022461,0.11070929765701294,0.10963319540023804,0.11178120374679565,1.214314196171928,1.238105868203363,0.9807838145004841,0.0
fp16,128,64,128,32,page-cross,2,1,graph_lds_chunked(chunk=8),chunk4,0.1325255036354065,0.17177389860153197,0.11968929767608642,0.11068120002746581,0.1107651948928833,0.1119331955909729,1.1839696252368437,1.1973623668926607,0.9888147965677481,0.0
fp16,128,64,128,32,tail-negative,0,1,graph_lds_chunked(chunk=8),chunk8,0.13119349479675294,0.17232589721679686,0.121241295337677,0.11124520301818848,0.11047329902648925,0.11011730432510376,1.1913976245679343,1.1875584050884134,1.0032328679272284,0.0
fp16,128,64,128,32,tail-negative,1,1,graph_lds_chunked(chunk=8),chunk4,0.13398150205612183,0.17018990516662597,0.12143340110778808,0.11210529804229737,0.11248519420623779,0.10977720022201538,1.2204856908825807,1.195139787287935,1.0212074803836644,0.0
fp16,128,64,128,32,tail-negative,2,1,graph_lds_chunked(chunk=8),chunk8,0.13326950073242189,0.16953389644622802,0.12006529569625854,0.11130529642105103,0.11122519969940185,0.11154930591583252,1.1947138499721186,1.198195202998935,0.9970945026168498,0.0
fp16,128,128,32,8,random,0,1,graph_lds_chunked(chunk=4),chunk4,0.0251242995262146,0.03106839954853058,0.024048300087451936,0.023780299723148345,0.030620399117469787,0.024180300533771515,1.0390400024650084,1.0565173617958217,0.9834575748938891,0.0
fp16,128,128,32,8,random,1,1,graph_lds_chunked(chunk=4),chunk2,0.024532300233840943,0.030408400297164916,0.02324430048465729,0.023532299697399138,0.03051230013370514,0.023544299602508544,1.04196347515163,1.055411422255267,0.9872580997134741,0.0
fp16,128,128,32,8,random,2,1,graph_lds_chunked(chunk=4),chunk2,0.02451229989528656,0.03043630123138428,0.023260200023651124,0.023736199736595152,0.030352300405502318,0.02355629950761795,1.0405836403701458,1.053830142060786,0.9874301358805924,0.0
fp16,128,128,32,8,contiguous,0,1,graph_lds_chunked(chunk=4),chunk2,0.024480299651622774,0.030524298548698425,0.023312200605869294,0.02377219945192337,0.030440300703048706,0.02363619953393936,1.0357121759981491,1.0501067687903898,0.9862922578731477,0.0
fp16,128,128,32,8,contiguous,1,1,graph_lds_chunked(chunk=4),chunk2,0.024504199624061584,0.030496299266815186,0.023300200700759888,0.02384430021047592,0.030420300364494324,0.02358019948005676,1.0391854252457156,1.0516733284302753,0.9881256823321751,0.0
fp16,128,128,32,8,contiguous,2,1,graph_lds_chunked(chunk=4),chunk2,0.02451229989528656,0.030264300107955933,0.02358829975128174,0.02361229956150055,0.03063639998435974,0.0236283004283905,1.0374127402677635,1.039171968889136,0.9983070861473938,0.0
fp16,128,128,32,8,page-cross,0,1,graph_lds_chunked(chunk=4),chunk2,0.02454430013895035,0.030380299687385558,0.023352299630641938,0.023728300631046296,0.03058440089225769,0.023616200685501097,1.0392992702682717,1.0510442451990603,0.9888254229215973,0.0
fp16,128,128,32,8,page-cross,1,1,graph_lds_chunked(chunk=4),chunk2,0.025748199224472045,0.030744299292564392,0.023620200157165528,0.023992200195789338,0.030412301421165466,0.023872199654579162,1.0785851156172377,1.0900923384707626,0.9894438090724792,0.0
fp16,128,128,32,8,page-cross,2,1,graph_lds_chunked(chunk=4),chunk4,0.024560299515724183,0.03040440082550049,0.024368299543857573,0.023596300184726714,0.03050830066204071,0.023600299656391144,1.0406774436473336,1.0408538340100217,0.9998305330134506,0.0
fp16,128,128,32,8,tail-negative,0,1,graph_lds_chunked(chunk=4),chunk2,0.024524299800395964,0.03042440116405487,0.02324019968509674,0.0237402006983757,0.030324301123619078,0.02352830022573471,1.0423319817031174,1.0552534028407115,0.9877551485711299,0.0
fp16,128,128,32,8,tail-negative,1,1,graph_lds_chunked(chunk=4),chunk2,0.02446819990873337,0.030416300892829894,0.02321629971265793,0.023708300292491914,0.030308398604393005,0.02358420044183731,1.0374826981765253,1.0539233302278952,0.9844005426392687,0.0
fp16,128,128,32,8,tail-negative,2,1,graph_lds_chunked(chunk=4),chunk2,0.024504299461841583,0.030528301000595094,0.02325630038976669,0.02371630072593689,0.030200299620628358,0.023564200103282928,1.0398952374550445,1.053662837646526,0.9869335809335051,0.0
fp16,128,128,32,16,random,0,1,graph_lds_chunked(chunk=4),chunk4,0.04076040089130402,0.051908600330352786,0.03742440044879913,0.03533639907836914,0.03843649923801422,0.03513639867305755,1.1600619992554595,1.153496166966688,1.005692114526949,0.0
fp16,128,128,32,16,random,1,1,graph_lds_chunked(chunk=4),chunk4,0.04045250117778778,0.05367259979248047,0.03770439922809601,0.0365803986787796,0.03905250132083893,0.036252400279045104,1.11585718094287,1.105851839751938,1.0090476326314892,0.0
fp16,128,128,32,16,random,2,1,graph_lds_chunked(chunk=4),chunk4,0.04090040028095245,0.05352460145950318,0.037836399674415586,0.036332398653030396,0.03834039866924286,0.03636839985847473,1.124613687710037,1.1257280498198279,0.9990100965237835,0.0
fp16,128,128,32,16,contiguous,0,1,graph_lds_chunked(chunk=4),chunk4,0.040940499305725096,0.05381649732589722,0.03765639960765839,0.03636839985847473,0.03832840025424957,0.036408400535583495,1.1244794801054825,1.1257162664577598,0.9989013338537168,0.0
fp16,128,128,32,16,contiguous,1,1,graph_lds_chunked(chunk=4),chunk4,0.039840498566627504,0.05280460119247436,0.03689639866352081,0.036036399006843564,0.03830049932003021,0.03547239899635315,1.1231407994346092,1.105562699510057,1.0158996861348002,0.0
fp16,128,128,32,16,contiguous,2,1,graph_lds_chunked(chunk=4),chunk4,0.04077250063419342,0.05317659974098206,0.03722839951515198,0.03619639873504639,0.03854840099811554,0.036204400658607486,1.1261752685443196,1.1264242316657962,0.9997789792562359,0.0
fp16,128,128,32,16,page-cross,0,1,graph_lds_chunked(chunk=4),chunk4,0.04014840126037598,0.05191659927368164,0.03648039996623993,0.03562839925289154,0.03786050081253052,0.03578439950942993,1.1219526332919474,1.126865144162142,0.9956405512268752,0.0
fp16,128,128,32,16,page-cross,1,1,graph_lds_chunked(chunk=4),chunk4,0.03986450135707855,0.05208860039710998,0.03653239905834198,0.03564040064811706,0.03785640001296997,0.03544040024280548,1.1248321430898958,1.1185200119007264,1.00564328856168,0.0
fp16,128,128,32,16,page-cross,2,1,graph_lds_chunked(chunk=4),chunk4,0.03988850116729736,0.05216460227966309,0.036680400371551514,0.03547640144824982,0.03790850043296814,0.0354763001203537,1.1243703833820107,1.124367171949037,1.0000028562137475,0.0
fp16,128,128,32,16,tail-negative,0,1,graph_lds_chunked(chunk=4),chunk4,0.04062049984931946,0.05237659811973572,0.03728840053081513,0.03535239994525909,0.03770039975643158,0.03532840013504028,1.1497973215331152,1.1490167545122163,1.0006793347597704,0.0
fp16,128,128,32,16,tail-negative,1,1,graph_lds_chunked(chunk=4),chunk4,0.039576399326324466,0.05271660089492798,0.03719249963760376,0.03644840121269226,0.03894050121307373,0.035480400919914244,1.1154439718890337,1.0858198990781236,1.0272826762855067,0.0
fp16,128,128,32,16,tail-negative,2,1,graph_lds_chunked(chunk=4),chunk4,0.039784500002861024,0.05342069864273071,0.03676050007343292,0.035516399145126346,0.03784449994564056,0.035980498790740965,1.105723971038972,1.120172679676632,0.9871013559785878,0.0
fp16,128,128,32,32,random,0,1,graph_lds_chunked(chunk=8),chunk4,0.07085689902305603,0.09900130033493042,0.06402480006217956,0.05882869958877564,0.06010079979896545,0.06026870012283325,1.1756832133203974,1.204461419653331,0.9761069920021046,0.0
fp16,128,128,32,32,random,1,1,graph_lds_chunked(chunk=8),chunk4,0.07193289995193482,0.09884120225906372,0.06443679928779603,0.05939679741859436,0.06076080203056335,0.060544800758361814,1.188093759512458,1.2110568764338123,0.9810387791290419,0.0
fp16,128,128,32,32,random,2,1,graph_lds_chunked(chunk=8),chunk4,0.07166489958763123,0.10016520023345947,0.06378080248832703,0.059040802717208865,0.06059280037879944,0.06083670258522034,1.1779879010905085,1.2138198718416604,0.970479993298523,0.0
fp16,128,128,32,32,contiguous,0,1,graph_lds_chunked(chunk=8),chunk4,0.07094489932060241,0.09779719710350036,0.06384080052375793,0.05868470072746277,0.0604686975479126,0.06135280132293701,1.156343276767044,1.208916437183128,0.9565121634555787,0.0
fp16,128,128,32,32,contiguous,1,1,graph_lds_chunked(chunk=8),chunk4,0.07225289940834045,0.10007729530334472,0.06294080018997192,0.05830479860305786,0.06000480055809021,0.06097279787063599,1.1850021965801387,1.2392273215836316,0.9562427941516028,0.0
fp16,128,128,32,32,contiguous,2,1,graph_lds_chunked(chunk=8),chunk4,0.07050889730453491,0.09785720109939575,0.06332079768180847,0.05871679782867432,0.06013280153274536,0.059688800573349,1.1812751576049776,1.2008300846082913,0.9837154920967086,0.0
fp16,128,128,32,32,page-cross,0,1,graph_lds_chunked(chunk=8),chunk4,0.07245690226554871,0.09884920120239257,0.0636007010936737,0.058276700973510745,0.05996869802474976,0.06076480150222778,1.1924156826693866,1.2433253951434806,0.9590535891304472,0.0
fp16,128,128,32,32,page-cross,1,1,graph_lds_chunked(chunk=8),chunk4,0.07090089917182922,0.0979852020740509,0.0625927984714508,0.058572697639465335,0.059828799962997434,0.059832698106765746,1.1849858257321662,1.2104769291701079,0.9789412727961547,0.0
fp16,128,128,32,32,page-cross,2,1,graph_lds_chunked(chunk=8),chunk4,0.07230889797210693,0.09778519868850707,0.06317679882049561,0.05808069705963135,0.060176700353622437,0.060480701923370364,1.1955697548570619,1.2449729709315904,0.9603178404447117,0.0
fp16,128,128,32,32,tail-negative,0,1,graph_lds_chunked(chunk=8),chunk4,0.0701649010181427,0.09788910150527955,0.06305270195007324,0.05948060154914856,0.0598766028881073,0.059408700466156004,1.181054297898913,1.1796266209608817,1.0012102786701,0.0
fp16,128,128,32,32,tail-negative,1,1,graph_lds_chunked(chunk=8),chunk4,0.07130079865455627,0.09794110059738159,0.06264870166778565,0.058284598588943484,0.06065670251846313,0.059944599866867065,1.189444901007106,1.2233214327752433,0.972307742789003,0.0
fp16,128,128,32,32,tail-negative,2,1,graph_lds_chunked(chunk=8),chunk4,0.07273679971694946,0.10064909458160401,0.06467270255088806,0.05893660187721252,0.0596006989479065,0.06202870011329651,1.172631371995454,1.2341532663944221,0.9501505233797224,0.0
fp16,128,128,64,8,random,0,1,graph_lds_chunked(chunk=4),chunk2,0.04053249955177307,0.0499125987291336,0.03858439922332764,0.038884499669075014,0.04976449906826019,0.03865250051021576,1.0486384843604215,1.0504893264547095,0.9982381143266496,0.0
fp16,128,128,64,8,random,1,1,graph_lds_chunked(chunk=4),chunk2,0.04146040081977844,0.05146849751472473,0.03856840133666992,0.038908401131629945,0.04969260096549988,0.039840498566627504,1.0406596882928532,1.0749836493834364,0.9680702482216637,0.0
fp16,128,128,64,8,random,2,1,graph_lds_chunked(chunk=4),chunk2,0.04053640067577362,0.04988850057125092,0.03853240013122559,0.038852399587631224,0.04968459904193878,0.03865239918231964,1.0487421617625163,1.0520081940840234,0.9968954307201467,0.0
fp16,128,128,64,8,contiguous,0,1,graph_lds_chunked(chunk=4),chunk2,0.040552398562431334,0.04986059963703156,0.03894039988517761,0.0389724999666214,0.05043650269508362,0.03878839910030365,1.0454775010839228,1.0413965619769436,1.003918717668159,0.0
fp16,128,128,64,8,contiguous,1,1,graph_lds_chunked(chunk=4),chunk4,0.0408284991979599,0.049760499596595766,0.038960400223732,0.03881239891052246,0.05008860230445862,0.03924039900302887,1.040471051143197,1.0519447481740392,0.98909287103647,0.0
fp16,128,128,64,8,contiguous,2,1,graph_lds_chunked(chunk=4),chunk2,0.04050840139389038,0.04978460073471069,0.038712498545646665,0.03899250030517578,0.049924600124359134,0.03860040009021759,1.0494295732482921,1.0463907759951512,1.0029040749621008,0.0
fp16,128,128,64,8,page-cross,0,1,graph_lds_chunked(chunk=4),chunk2,0.04050849974155426,0.04984059929847717,0.038552400469779965,0.038720399141311646,0.04975650012493134,0.038748499751091,1.0454211131209978,1.0507387153053573,0.9949391774502053,0.0
fp16,128,128,64,8,page-cross,1,1,graph_lds_chunked(chunk=4),chunk4,0.04049240052700043,0.049944499135017396,0.038720399141311646,0.03865239918231964,0.04995259940624237,0.03876039981842041,1.0446847998651683,1.0476038068426665,0.9972136346217605,0.0
fp16,128,128,64,8,page-cross,2,1,graph_lds_chunked(chunk=4),chunk2,0.040552499890327456,0.04982849955558777,0.03875640034675598,0.03887639939785004,0.04980460107326508,0.038752400875091554,1.0464512901029812,1.046343301428968,1.0001032057775547,0.0
fp16,128,128,64,8,tail-negative,0,1,graph_lds_chunked(chunk=4),chunk2,0.040396401286125184,0.049836599826812746,0.03854449987411499,0.038880500197410586,0.04967660009860993,0.0386243999004364,1.0458777713118272,1.0480458020744448,0.9979313587647349,0.0
fp16,128,128,64,8,tail-negative,1,1,graph_lds_chunked(chunk=4),chunk2,0.04049650132656098,0.04974049925804138,0.038368400931358335,0.03874439895153046,0.049376499652862546,0.03856050074100494,1.0502068320782283,1.0554649227891943,0.9950182231569848,0.0
fp16,128,128,64,8,tail-negative,2,1,graph_lds_chunked(chunk=4),chunk2,0.0402525007724762,0.05009649991989136,0.03886440098285675,0.039112401008605954,0.04962449967861175,0.03840039968490601,1.048231297141894,1.0357164848682923,1.0120832413661862,0.0
fp16,128,128,64,16,random,0,1,graph_lds_chunked(chunk=4),chunk4,0.07073280215263367,0.0931249976158142,0.06692469716072083,0.06154069900512695,0.06528069972991943,0.06185669898986816,1.1434946142893816,1.1493662453645663,0.9948914185544727,0.0
fp16,128,128,64,16,random,1,1,graph_lds_chunked(chunk=4),chunk4,0.06958879828453064,0.08881700038909912,0.06719670295715333,0.062360697984695436,0.06630880236625672,0.0612047016620636,1.1369845190776209,1.1159079441607458,1.018887377786997,0.0
fp16,128,128,64,16,random,2,1,graph_lds_chunked(chunk=4),chunk4,0.07221279740333557,0.09617310166358947,0.0676846981048584,0.06258460283279418,0.06619669795036316,0.06344069838523865,1.1382724219842133,1.1538428644544538,0.9865055780558106,0.0
fp16,128,128,64,16,contiguous,0,1,graph_lds_chunked(chunk=4),chunk4,0.0729088008403778,0.09627310037612916,0.0669368028640747,0.06214069724082947,0.06549670100212097,0.06288869976997376,1.1593307081726016,1.173285850942676,0.9881059310833228,0.0
fp16,128,128,64,16,contiguous,1,1,graph_lds_chunked(chunk=4),chunk4,0.06963679790496827,0.089096999168396,0.06688879728317261,0.06304069757461547,0.06612880229949951,0.06214470267295837,1.1205588716296169,1.1046324134111238,1.0144178805774058,0.0
fp16,128,128,64,16,contiguous,2,1,graph_lds_chunked(chunk=4),chunk4,0.0709007978439331,0.08932899832725524,0.06608880162239075,0.06147270202636719,0.06736869812011718,0.062048697471618654,1.1426637581935293,1.1533704474796302,0.9907170421181698,0.0
fp16,128,128,64,16,page-cross,0,1,graph_lds_chunked(chunk=4),chunk4,0.07203279733657837,0.08903300166130065,0.06662880182266236,0.06154469847679138,0.0656046986579895,0.06168069839477539,1.167833685597176,1.170414334936454,0.9977950976314572,0.0
fp16,128,128,64,16,page-cross,1,1,graph_lds_chunked(chunk=4),chunk4,0.07114880084991455,0.08973299860954284,0.06672070026397706,0.06210870146751404,0.0663686990737915,0.06222469806671142,1.1434173738157083,1.1455528640721775,0.99813584311694,0.0
fp16,128,128,64,16,page-cross,2,1,graph_lds_chunked(chunk=4),chunk4,0.07153679728507996,0.0888729989528656,0.06815279722213745,0.06286470293998718,0.06707680225372314,0.06154069900512695,1.162430691258808,1.137948545678669,1.0215142817072962,0.0
fp16,128,128,64,16,tail-negative,0,1,graph_lds_chunked(chunk=4),chunk4,0.0717408001422882,0.09615309834480286,0.06637669801712036,0.06195669770240784,0.06598870158195495,0.06251270174980164,1.1476195738494992,1.1579183978925998,0.9911057428037724,0.0
fp16,128,128,64,16,tail-negative,1,1,graph_lds_chunked(chunk=4),chunk4,0.0718608021736145,0.08906099796295167,0.0661126971244812,0.06196470260620117,0.06555280089378357,0.06258469820022583,1.148216804428965,1.1597054314987219,0.9900934955052252,0.0
fp16,128,128,64,16,tail-negative,2,1,graph_lds_chunked(chunk=4),chunk4,0.06933670043945313,0.09614499807357788,0.0669966995716095,0.06205270290374756,0.06583279967308045,0.0625366985797882,1.1087361823392237,1.1173840492815288,0.9922606135751932,0.0
fp16,128,128,64,32,random,0,1,graph_lds_chunked(chunk=8),chunk4,0.1306095004081726,0.17317789793014526,0.11990530490875244,0.11059329509735108,0.11151720285415649,0.11119719743728637,1.1745754696905422,1.1809893203127912,0.9945690866869564,0.0
fp16,128,128,64,32,random,1,1,graph_lds_chunked(chunk=8),chunk8,0.1358934998512268,0.17611390352249146,0.1232334017753601,0.11154520511627197,0.10965720415115357,0.11306929588317871,1.2018603175138693,1.2392573830708709,0.9698230036246935,0.0
fp16,128,128,64,32,random,2,1,graph_lds_chunked(chunk=8),chunk4,0.13113750219345094,0.17290589809417725,0.1214853048324585,0.11017719507217408,0.11028920412063599,0.11202119588851929,1.1706490111385324,1.1902417928460272,0.9835388222584205,0.0
fp16,128,128,64,32,contiguous,0,1,graph_lds_chunked(chunk=8),chunk8,0.13278939723968505,0.1691897988319397,0.12149330377578735,0.11285719871520997,0.11089719533920288,0.10981719493865967,1.2091858411959704,1.1974098788839536,1.0098345291112787,0.0
fp16,128,128,64,32,contiguous,1,1,graph_lds_chunked(chunk=8),chunk8,0.1332175016403198,0.1723019003868103,0.12064529657363891,0.11072930097579955,0.11055320501327515,0.11003320217132569,1.210702760725761,1.205008046798129,1.004725872115762,0.0
fp16,128,128,64,32,contiguous,2,1,graph_lds_chunked(chunk=8),chunk8,0.13241339921951295,0.17099779844284058,0.1231693983078003,0.11400929689407349,0.11032119989395142,0.10958119630813598,1.2083587666553133,1.2002534358473087,1.0067530161263671,0.0
fp16,128,128,64,32,page-cross,0,1,graph_lds_chunked(chunk=8),chunk8,0.13244550228118895,0.17258189916610717,0.12077330350875855,0.11073319911956787,0.10969719886779786,0.10986119508743286,1.2055712863471257,1.2073736034117546,0.9985072416197139,0.0
fp16,128,128,64,32,page-cross,1,1,graph_lds_chunked(chunk=8),chunk8,0.13370950222015382,0.1720898985862732,0.1226093053817749,0.11097320318222045,0.10916520357131958,0.10923320055007935,1.2240738305461718,1.2248362834114903,0.9993775063037854,0.0
fp16,128,128,64,32,page-cross,2,1,graph_lds_chunked(chunk=8),chunk8,0.13371349573135377,0.1720458984375,0.12246140241622924,0.11303730010986328,0.10988119840621949,0.10930520296096802,1.223304034109902,1.21689149436675,1.005269606840739,0.0
fp16,128,128,64,32,tail-negative,0,1,graph_lds_chunked(chunk=8),chunk4,0.13125749826431274,0.17019790410995483,0.1192052960395813,0.11037720441818237,0.1108091950416565,0.10960119962692261,1.197591802928318,1.1891721570245783,1.0070802581897027,0.0
fp16,128,128,64,32,tail-negative,1,1,graph_lds_chunked(chunk=8),chunk4,0.13119750022888182,0.17221790552139282,0.12052539587020875,0.11130919456481933,0.11271320581436158,0.10944919586181641,1.1987068447220337,1.1786762157593442,1.0169941742226343,0.0
fp16,128,128,64,32,tail-negative,2,1,graph_lds_chunked(chunk=8),chunk8,0.13108140230178833,0.17145789861679078,0.11911729574203492,0.11044930219650269,0.10988119840621949,0.10956120491027832,1.1964216933277916,1.1929375016205581,1.0029206825189922,0.0
fp16,128,128,128,8,random,0,1,graph_lds_chunked(chunk=4),global,0.07394480109214782,0.09187309741973877,0.11168119907379151,0.09897710084915161,0.08848099708557129,0.1004372000694275,0.7362292162767706,1.0,0.7362292162767706,0.0
fp16,128,128,128,8,random,1,1,graph_lds_chunked(chunk=4),global,0.0720848023891449,0.08873299956321716,0.11128920316696167,0.09830510020256042,0.08848090171813965,0.09806100130081177,0.7351016350324394,1.0,0.7351016350324394,0.0
fp16,128,128,128,8,random,2,1,graph_lds_chunked(chunk=4),global,0.0725488007068634,0.08847299814224244,0.11159319877624511,0.09848909974098205,0.08839700222015381,0.098329097032547,0.7378161998462134,1.0,0.7378161998462134,0.0
fp16,128,128,128,8,contiguous,0,1,graph_lds_chunked(chunk=4),global,0.07260879874229431,0.08910899758338928,0.11276520490646362,0.09894909858703613,0.08878499865531922,0.09867709875106812,0.7358221883424432,1.0,0.7358221883424432,0.0
fp16,128,128,128,8,contiguous,1,1,graph_lds_chunked(chunk=4),global,0.07257680296897888,0.08906900286674499,0.11205329895019531,0.09881709814071656,0.08883299827575683,0.0987330973148346,0.7350807879302117,1.0,0.7350807879302117,0.0
fp16,128,128,128,8,contiguous,2,1,graph_lds_chunked(chunk=4),global,0.07246090173721313,0.08925690054893494,0.11241719722747803,0.10039709806442261,0.08948100209236146,0.09879310131072998,0.7334611503824013,1.0,0.7334611503824013,0.0
fp16,128,128,128,8,page-cross,0,1,graph_lds_chunked(chunk=4),global,0.07259680032730102,0.08902900218963623,0.1129052996635437,0.09996510148048401,0.08898100256919861,0.09838510155677796,0.7378840818231556,1.0,0.7378840818231556,0.0
fp16,128,128,128,8,page-cross,1,1,graph_lds_chunked(chunk=4),global,0.07244079709053039,0.08896499872207642,0.11130919456481933,0.09885309934616089,0.08845700025558471,0.09885309934616089,0.7328126034456373,1.0,0.7328126034456373,0.0
fp16,128,128,128,8,page-cross,2,1,graph_lds_chunked(chunk=4),global,0.07256479859352112,0.08894490003585816,0.111325204372406,0.09890109896659852,0.0887090027332306,0.0988090991973877,0.7343938886494734,1.0,0.7343938886494734,0.0
fp16,128,128,128,8,tail-negative,0,1,graph_lds_chunked(chunk=4),global,0.07356489896774292,0.08850499987602234,0.11274119615554809,0.09892910122871398,0.08877300024032593,0.09991710186004639,0.7362593349713552,1.0,0.7362593349713552,0.0
fp16,128,128,128,8,tail-negative,1,1,graph_lds_chunked(chunk=4),global,0.07214879989624023,0.08861299753189086,0.11108130216598511,0.09824910163879394,0.08822489976882934,0.09817309975624085,0.7349141473110484,1.0,0.7349141473110484,0.0
fp16,128,128,128,8,tail-negative,2,1,graph_lds_chunked(chunk=4),global,0.07215679883956909,0.08884890079498291,0.11164519786834717,0.09931709766387939,0.0890209972858429,0.09813309907913208,0.7352952216599585,1.0,0.7352952216599585,0.0
fp16,128,128,128,16,random,0,1,graph_lds_chunked(chunk=4),global,0.13239749670028686,0.16859389543533326,0.20871438980102539,0.18388609886169432,0.17258189916610717,0.18268200159072875,0.7247429716524747,1.0,0.7247429716524747,0.0
fp16,128,128,128,16,random,1,1,graph_lds_chunked(chunk=4),global,0.1307374954223633,0.1698418974876404,0.20948638916015624,0.18062599897384643,0.17202589511871338,0.18081799745559693,0.723033643011494,1.0,0.723033643011494,0.0
fp16,128,128,128,16,random,2,1,graph_lds_chunked(chunk=4),global,0.13055340051651002,0.1648218035697937,0.20712630748748778,0.18127399682998657,0.17134989500045777,0.17955390214920045,0.7270986536846555,1.0,0.7270986536846555,0.0
fp16,128,128,128,16,contiguous,0,1,graph_lds_chunked(chunk=4),global,0.13113739490509033,0.18029799461364746,0.20741829872131348,0.18172199726104737,0.17128989696502686,0.18510210514068604,0.7084597703814332,1.0,0.7084597703814332,0.0
fp16,128,128,128,16,contiguous,1,1,graph_lds_chunked(chunk=4),global,0.1315214991569519,0.16658179759979247,0.20691430568695068,0.18260999917984008,0.17284990549087526,0.18387800455093384,0.7152649903839952,1.0,0.7152649903839952,0.0
fp16,128,128,128,16,contiguous,2,1,graph_lds_chunked(chunk=4),global,0.13014949560165406,0.16499780416488646,0.20606620311737062,0.18040599822998046,0.17184189558029175,0.18403799533843995,0.707188183409156,1.0,0.707188183409156,0.0
fp16,128,128,128,16,page-cross,0,1,graph_lds_chunked(chunk=4),global,0.1322893977165222,0.1686779022216797,0.2085702896118164,0.18107399940490723,0.1715819001197815,0.18168599605560304,0.7281210472382058,1.0,0.7281210472382058,0.0
fp16,128,128,128,16,page-cross,1,1,graph_lds_chunked(chunk=4),global,0.13084139823913574,0.16468980312347412,0.20789430141448975,0.1809980034828186,0.1717779040336609,0.18000199794769287,0.7268885886319839,1.0,0.7268885886319839,0.0
fp16,128,128,128,16,page-cross,2,1,graph_lds_chunked(chunk=4),global,0.1316735029220581,0.16505780220031738,0.20702629089355468,0.18031400442123413,0.1717939019203186,0.1804260015487671,0.7297922793376777,1.0,0.7297922793376777,0.0
fp16,128,128,128,16,tail-negative,0,1,graph_lds_chunked(chunk=4),global,0.13108140230178833,0.1672098994255066,0.20523030757904054,0.18067799806594848,0.17190589904785156,0.1849581003189087,0.7087086322565759,1.0,0.7087086322565759,0.0
fp16,128,128,128,16,tail-negative,1,1,graph_lds_chunked(chunk=4),global,0.13011740446090697,0.16744190454483032,0.20535430908203126,0.18044600486755372,0.17204999923706055,0.1832859992980957,0.7099145868162275,1.0,0.7099145868162275,0.0
fp16,128,128,128,16,tail-negative,2,1,graph_lds_chunked(chunk=4),global,0.12974950075149536,0.16774580478668213,0.20536630153656005,0.17864199876785278,0.17144989967346191,0.1806180000305176,0.7183641759380163,1.0,0.7183641759380163,0.0
fp16,128,128,128,32,random,0,1,graph_lds_chunked(chunk=8),global,0.24618680477142335,0.32112751007080076,0.38248429298400877,0.33993570804595946,0.3179755926132202,0.33627569675445557,0.732098118143774,1.0,0.732098118143774,0.0
fp16,128,128,128,32,random,1,1,graph_lds_chunked(chunk=8),global,0.24669880867004396,0.3138235092163086,0.38014419078826905,0.3433478116989136,0.31811549663543703,0.33147170543670657,0.7442529924085791,1.0,0.7442529924085791,0.0
fp16,128,128,128,32,random,2,1,graph_lds_chunked(chunk=8),global,0.24820280075073242,0.3156514883041382,0.3809361934661865,0.34006381034851074,0.317623496055603,0.33472769260406493,0.7415066223526384,1.0,0.7415066223526384,0.0
fp16,128,128,128,32,contiguous,0,1,graph_lds_chunked(chunk=8),global,0.24849870204925537,0.31225950717926027,0.382416296005249,0.34102768898010255,0.31788361072540283,0.33917980194091796,0.7326459318250961,1.0,0.7326459318250961,0.0
fp16,128,128,128,32,contiguous,1,1,graph_lds_chunked(chunk=8),global,0.2475667953491211,0.31449949741363525,0.3829322099685669,0.34117579460144043,0.31795148849487304,0.33359971046447756,0.7421073447708599,1.0,0.7421073447708599,0.0
fp16,128,128,128,32,contiguous,2,1,graph_lds_chunked(chunk=8),global,0.24765079021453856,0.31269149780273436,0.38316030502319337,0.3407557964324951,0.31773550510406495,0.3277395963668823,0.7556328040915454,1.0,0.7556328040915454,0.0
fp16,128,128,128,32,page-cross,0,1,graph_lds_chunked(chunk=8),global,0.2458906888961792,0.3143795013427734,0.38239231109619143,0.3415518045425415,0.31754360198974607,0.3339317083358765,0.7363502259835011,1.0,0.7363502259835011,0.0
fp16,128,128,128,32,page-cross,1,1,graph_lds_chunked(chunk=8),global,0.24825069904327393,0.3156315088272095,0.383088207244873,0.3425797939300537,0.31779160499572756,0.33987979888916015,0.7304073376959722,1.0,0.7304073376959722,0.0
fp16,128,128,128,32,page-cross,2,1,graph_lds_chunked(chunk=8),global,0.24598269462585448,0.3115915060043335,0.38225231170654295,0.3411717891693115,0.3178035974502563,0.3315597057342529,0.7418956235381964,1.0,0.7418956235381964,0.0
fp16,128,128,128,32,tail-negative,0,1,graph_lds_chunked(chunk=8),global,0.24563469886779785,0.31155149936676024,0.3800441980361938,0.34069979190826416,0.3189635992050171,0.33437581062316896,0.7346066643098786,1.0,0.7346066643098786,0.0
fp16,128,128,128,32,tail-negative,1,1,graph_lds_chunked(chunk=8),global,0.24850280284881593,0.309763503074646,0.38013229370117185,0.3437557935714722,0.3182516098022461,0.32825961112976076,0.7570313082183692,1.0,0.7570313082183692,0.0
fp16,128,128,128,32,tail-negative,2,1,graph_lds_chunked(chunk=8),global,0.2460947036743164,0.3127274990081787,0.3817241907119751,0.33921170234680176,0.3169516086578369,0.34026780128479006,0.7232382927362125,1.0,0.7232382927362125,0.0
fp16,128,256,32,8,random,0,1,graph_lds_chunked(chunk=4),chunk2,0.04016839861869812,0.04966849982738495,0.03825640082359314,0.038692399859428406,0.04957660138607025,0.03854039907455444,1.0422413774438193,1.0499785069672793,0.9926311543787618,0.0
fp16,128,256,32,8,random,1,1,graph_lds_chunked(chunk=4),chunk2,0.04019649922847748,0.049548500776290895,0.03844839930534363,0.0386243999004364,0.0495606005191803,0.03954449892044067,1.0164877625418534,1.0454661300526729,0.9722818686537846,0.0
fp16,128,256,32,8,random,2,1,graph_lds_chunked(chunk=4),chunk2,0.04020040035247803,0.04977250099182129,0.038252401351928714,0.03869639933109283,0.04957660138607025,0.0385563999414444,1.0426388463012723,1.0509248813591436,0.9921154830332353,0.0
fp16,128,256,32,8,contiguous,0,1,graph_lds_chunked(chunk=4),chunk2,0.040224498510360716,0.049836501479148865,0.03859640061855316,0.0388484001159668,0.04950860142707825,0.03878850042819977,1.0370212322288426,1.0421826353161268,0.9950475061545058,0.0
fp16,128,256,32,8,contiguous,1,1,graph_lds_chunked(chunk=4),chunk2,0.040252399444580075,0.04965249896049499,0.038620400428771975,0.03889639973640442,0.04951249957084656,0.03870050013065338,1.0401002392394791,1.0422574338352089,0.9979302670091862,0.0
fp16,128,256,32,8,contiguous,2,1,graph_lds_chunked(chunk=4),chunk4,0.040200498700141904,0.04946849942207336,0.03874439895153046,0.038664400577545166,0.04964860081672669,0.038668501377105716,1.0396187405375692,1.0397290039325955,0.9998939498709671,0.0
fp16,128,256,32,8,page-cross,0,1,graph_lds_chunked(chunk=4),chunk2,0.04019240140914917,0.049676498770713805,0.03826040029525757,0.03872439861297607,0.049548599123954776,0.03858839869499207,1.0415669674928818,1.0504961029937545,0.991500077462995,0.0
fp16,128,256,32,8,page-cross,1,1,graph_lds_chunked(chunk=4),chunk2,0.04018850028514862,0.04975650012493134,0.038352400064468384,0.038780400156974794,0.05015249848365784,0.03864850103855133,1.0398462865367317,1.0478744542087026,0.992338616864142,0.0
fp16,128,256,32,8,page-cross,2,1,graph_lds_chunked(chunk=4),chunk4,0.04165250062942505,0.05110059976577759,0.03884449899196625,0.03872849941253662,0.04952459931373596,0.03956440091133118,1.0527772358482963,1.0754999873798856,0.9788723832652512,0.0
fp16,128,256,32,8,tail-negative,0,1,graph_lds_chunked(chunk=4),chunk2,0.040076398849487306,0.04976859986782074,0.0382084995508194,0.03868840038776398,0.04943259954452515,0.0385123997926712,1.0406102726715496,1.0488870099749272,0.992109028689777,0.0
fp16,128,256,32,8,tail-negative,1,1,graph_lds_chunked(chunk=4),chunk2,0.03988049924373627,0.049416500329971316,0.03845640122890472,0.03854039907455444,0.049592500925064086,0.03838450014591217,1.038974041400495,1.0370314946100874,1.0018731801305014,0.0
fp16,128,256,32,8,tail-negative,2,1,graph_lds_chunked(chunk=4),chunk2,0.040512499213218686,0.04987660050392151,0.038252401351928714,0.038512501120567325,0.04951249957084656,0.038852500915527347,1.0427256485058836,1.059083816477211,0.9845544160746984,0.0
fp16,128,256,32,16,random,0,1,graph_lds_chunked(chunk=4),chunk4,0.07058479785919189,0.08861690163612365,0.06567670106887817,0.06259269714355468,0.06597269773483276,0.061036700010299684,1.1564320785245763,1.1276842360268888,1.0254928122423466,0.0
fp16,128,256,32,16,random,1,1,graph_lds_chunked(chunk=4),chunk4,0.06974480152130128,0.09609299898147583,0.06711270213127137,0.06293269991874695,0.06652870178222656,0.062152701616287234,1.122152371619909,1.1082442293330732,1.0125497087363184,0.0
fp16,128,256,32,16,random,2,1,graph_lds_chunked(chunk=4),chunk4,0.0703927993774414,0.08866900205612183,0.06632069945335388,0.0618166983127594,0.06601279973983765,0.06144469976425171,1.1456285024993427,1.1387343759657225,1.0060542007680884,0.0
fp16,128,256,32,16,contiguous,0,1,graph_lds_chunked(chunk=4),chunk4,0.07084879875183106,0.0962211012840271,0.06668480038642884,0.06278870105743409,0.06738880276679993,0.06303269863128662,1.1240007216931194,1.1283686006981453,0.9961290317700054,0.0
fp16,128,256,32,16,contiguous,1,1,graph_lds_chunked(chunk=4),chunk4,0.0697368025779724,0.08889300227165223,0.06576470136642457,0.06185669898986816,0.06606479883193969,0.061740702390670775,1.1295110012954739,1.1273928889964686,1.0018787703201595,0.0
fp16,128,256,32,16,contiguous,2,1,graph_lds_chunked(chunk=4),chunk4,0.06986470222473144,0.09616100192070007,0.06686469912528992,0.06273270249366761,0.06590480208396912,0.062956702709198,1.1097261962311153,1.1136887053731466,0.9964419957543669,0.0
fp16,128,256,32,16,page-cross,0,1,graph_lds_chunked(chunk=4),chunk4,0.0704807996749878,0.08868100047111512,0.06518880128860474,0.061276602745056155,0.06559270024299621,0.06162469983100891,1.1437102309344245,1.1502073632937206,0.9943513382311422,0.0
fp16,128,256,32,16,page-cross,1,1,graph_lds_chunked(chunk=4),chunk4,0.07054470181465149,0.08829699754714966,0.06508479714393615,0.06102870106697082,0.06567270159721375,0.062360697984695436,1.1312365655683418,1.1559266473202194,0.9786404424457932,0.0
fp16,128,256,32,16,page-cross,2,1,graph_lds_chunked(chunk=4),chunk4,0.06971279978752136,0.0883089005947113,0.06517670154571534,0.061208701133728026,0.0655447006225586,0.060992699861526486,1.1429695676005878,1.1389361070612114,1.0035414282806292,0.0
fp16,128,256,32,16,tail-negative,0,1,graph_lds_chunked(chunk=4),chunk4,0.07068480253219604,0.09613710045814514,0.0665166974067688,0.0618166983127594,0.0653967022895813,0.06300470232963562,1.1218972539919123,1.1434580697689285,0.9811442007826546,0.0
fp16,128,256,32,16,tail-negative,1,1,graph_lds_chunked(chunk=4),chunk4,0.06963279843330383,0.09040099978446961,0.06676480174064636,0.06233270168304443,0.06690880060195922,0.060960698127746585,1.1422572341180275,1.1171150383851427,1.0225063622536399,0.0
fp16,128,256,32,16,tail-negative,2,1,graph_lds_chunked(chunk=4),chunk4,0.07074880003929138,0.09606099724769593,0.06625270247459411,0.06114869713783264,0.06544880270957946,0.06260870099067688,1.130015459829244,1.1569960334530032,0.976680496005473,0.0
fp16,128,256,32,32,random,0,1,graph_lds_chunked(chunk=8),chunk4,0.13010139465332032,0.1731099009513855,0.12054129838943481,0.11099319458007813,0.11217720508575439,0.10901319980621338,1.1934462513218054,1.1721565015362831,1.0181628901581137,0.0
fp16,128,256,32,32,random,1,1,graph_lds_chunked(chunk=8),chunk8,0.13544150590896606,0.1732578992843628,0.11930140256881713,0.11094119548797607,0.1098412036895752,0.11122519969940185,1.2177231982950931,1.2330664755981777,0.9875568125427776,0.0
fp16,128,256,32,32,random,2,1,graph_lds_chunked(chunk=8),chunk8,0.13015350103378295,0.17319389581680297,0.12346129417419434,0.11462529897689819,0.11277329921722412,0.10906519889831542,1.1933550055240696,1.1541162840601218,1.0339989323484007,0.0
fp16,128,256,32,32,contiguous,0,1,graph_lds_chunked(chunk=8),chunk4,0.13400150537490846,0.17395800352096558,0.11871329545974732,0.10991719961166382,0.11106929779052735,0.10992130041122436,1.219067686368321,1.2191131674418034,0.9999626933128958,0.0
fp16,128,256,32,32,contiguous,1,1,graph_lds_chunked(chunk=8),chunk4,0.13270950317382812,0.16861389875411986,0.11840929985046386,0.10987319946289062,0.11182529926300049,0.11135720014572144,1.191746047854698,1.2078423475658449,0.9866735093834178,0.0
fp16,128,256,32,32,contiguous,2,1,graph_lds_chunked(chunk=8),chunk8,0.13363349437713623,0.1712699055671692,0.11944129467010497,0.10994520187377929,0.10922520160675049,0.10907319784164429,1.225172609050569,1.2234675918316384,1.0013935941011547,0.0
fp16,128,256,32,32,page-cross,0,1,graph_lds_chunked(chunk=8),chunk8,0.13401349782943725,0.17270200252532958,0.12010539770126342,0.10972520112991332,0.10956130027770997,0.11213330030441285,1.195126670361305,1.2231827980294794,0.9770630132197967,0.0
fp16,128,256,32,32,page-cross,1,1,graph_lds_chunked(chunk=8),chunk4,0.131461501121521,0.17144190073013305,0.11954530477523803,0.1104572057723999,0.11230520009994507,0.10960119962692261,1.199453122493274,1.1901577647401387,1.0078101895635367,0.0
fp16,128,256,32,32,page-cross,2,1,graph_lds_chunked(chunk=8),chunk4,0.13622549772262574,0.16946580410003662,0.11917730569839477,0.10988119840621949,0.11021720170974732,0.11183719635009766,1.2180696777857556,1.239752566394608,0.982510309559665,0.0
fp16,128,256,32,32,tail-negative,0,1,graph_lds_chunked(chunk=8),chunk4,0.13243340253829955,0.17135790586471558,0.11843329668045044,0.10995719432830811,0.1115412950515747,0.11024119853973388,1.2013059028069892,1.2044087096555265,0.9974237924189168,0.0
fp16,128,256,32,32,tail-negative,1,1,graph_lds_chunked(chunk=8),chunk8,0.13607749938964844,0.17323390245437623,0.11976540088653564,0.10986920595169067,0.1096613049507141,0.1111691951751709,1.2240576103409686,1.240888930245785,0.9864360786089996,0.0
fp16,128,256,32,32,tail-negative,2,1,graph_lds_chunked(chunk=8),chunk4,0.13028550148010254,0.171445894241333,0.11839330196380615,0.1107651948928833,0.11217329502105713,0.10946520566940307,1.1902001250843035,1.1762314110140515,1.0118758213217665,0.0
fp16,128,256,64,8,random,0,1,graph_lds_chunked(chunk=4),global,0.07424489855766296,0.08810089826583863,0.11011320352554321,0.09808109998703003,0.08815289735794067,0.09880110025405883,0.7514582162217665,1.0,0.7514582162217665,0.0
fp16,128,256,64,8,random,1,1,graph_lds_chunked(chunk=4),global,0.07208080291748047,0.08837689757347107,0.11024119853973388,0.09750109910964966,0.08750489950180054,0.09796109795570374,0.735810484178874,1.0,0.735810484178874,0.0
fp16,128,256,64,8,random,2,1,graph_lds_chunked(chunk=4),global,0.07153279781341552,0.08877699971199035,0.11038520336151122,0.09813309907913208,0.08810499906539918,0.09775310158729553,0.7317701091001728,1.0,0.7317701091001728,0.0
fp16,128,256,64,8,contiguous,0,1,graph_lds_chunked(chunk=4),global,0.07298480272293091,0.08827700018882752,0.11075320243835449,0.0983331024646759,0.08817300200462341,0.09809309840202332,0.7440360628003722,1.0,0.7440360628003722,0.0
fp16,128,256,64,8,contiguous,1,1,graph_lds_chunked(chunk=4),global,0.07239279747009278,0.088305002450943,0.11084129810333251,0.09813309907913208,0.08799300193786622,0.09788110256195068,0.7395993258685873,1.0,0.7395993258685873,0.0
fp16,128,256,64,8,contiguous,2,1,graph_lds_chunked(chunk=4),global,0.07229679822921753,0.08776100277900696,0.11026120185852051,0.09742509722709655,0.08790090084075927,0.09804909825325012,0.7373530151443392,1.0,0.7373530151443392,0.0
fp16,128,256,64,8,page-cross,0,1,graph_lds_chunked(chunk=4),global,0.07230079770088196,0.08895699977874756,0.11060119867324829,0.09780110120773315,0.0878570020198822,0.09731709957122803,0.7429403262061236,1.0,0.7429403262061236,0.0
fp16,128,256,64,8,page-cross,1,1,graph_lds_chunked(chunk=4),global,0.07240480184555054,0.08766899704933166,0.10956920385360717,0.09785310029983521,0.088332998752594,0.09813309907913208,0.7378224322373139,1.0,0.7378224322373139,0.0
fp16,128,256,64,8,page-cross,2,1,graph_lds_chunked(chunk=4),global,0.07310479879379272,0.08822900056838989,0.10982120037078857,0.09802110195159912,0.08885300159454346,0.09793710112571716,0.7464464227908033,1.0,0.7464464227908033,0.0
fp16,128,256,64,8,tail-negative,0,1,graph_lds_chunked(chunk=4),global,0.072188800573349,0.0882929027080536,0.10966520309448242,0.09796910285949707,0.08807690143585205,0.09784110188484192,0.7378167169285824,1.0,0.7378167169285824,0.0
fp16,128,256,64,8,tail-negative,1,1,graph_lds_chunked(chunk=4),global,0.07194079756736756,0.08828099966049194,0.10986920595169067,0.09836509823799133,0.08886500000953675,0.09784110188484192,0.7352819641385603,1.0,0.7352819641385603,0.0
fp16,128,256,64,8,tail-negative,2,1,graph_lds_chunked(chunk=4),global,0.07163280248641968,0.08828089833259582,0.10985720157623291,0.09842910170555115,0.08887699842453003,0.09760910272598267,0.733874203182811,1.0,0.733874203182811,0.0
fp16,128,256,64,16,random,0,1,graph_lds_chunked(chunk=4),global,0.1305574059486389,0.16566580533981323,0.20343420505523682,0.17888200283050537,0.1703698992729187,0.1785979986190796,0.7310127042750157,1.0,0.7310127042750157,0.0
fp16,128,256,64,16,random,1,1,graph_lds_chunked(chunk=4),global,0.12896939516067504,0.16444180011749268,0.20355830192565919,0.17889800071716308,0.17068190574645997,0.17912600040435792,0.7199926022438973,1.0,0.7199926022438973,0.0
fp16,128,256,64,16,random,2,1,graph_lds_chunked(chunk=4),global,0.1304173946380615,0.16557379961013793,0.20323030948638915,0.17901400327682496,0.17102190256118774,0.18230199813842773,0.715392019669644,1.0,0.715392019669644,0.0
fp16,128,256,64,16,contiguous,0,1,graph_lds_chunked(chunk=4),global,0.13083750009536743,0.16544979810714722,0.2032262086868286,0.1782580018043518,0.16954189538955688,0.1795740008354187,0.728599348940726,1.0,0.728599348940726,0.0
fp16,128,256,64,16,contiguous,1,1,graph_lds_chunked(chunk=4),global,0.12960139513015748,0.1650738000869751,0.20419819355010987,0.17959799766540527,0.17112189531326294,0.18166600465774535,0.7134047747366029,1.0,0.7134047747366029,0.0
fp16,128,256,64,16,contiguous,2,1,graph_lds_chunked(chunk=4),global,0.1299373984336853,0.16590989828109742,0.20402228832244873,0.17908999919891358,0.17087390422821044,0.17862199544906615,0.7274434377861196,1.0,0.7274434377861196,0.0
fp16,128,256,64,16,page-cross,0,1,graph_lds_chunked(chunk=4),global,0.12969739437103273,0.16528990268707275,0.20535829067230224,0.17946599721908568,0.1705219030380249,0.17777800559997559,0.7295469084227961,1.0,0.7295469084227961,0.0
fp16,128,256,64,16,page-cross,1,1,graph_lds_chunked(chunk=4),global,0.13074949979782105,0.16434580087661743,0.20345029830932618,0.17898199558258057,0.17061389684677125,0.18058600425720214,0.724028976307595,1.0,0.724028976307595,0.0
fp16,128,256,64,16,page-cross,2,1,graph_lds_chunked(chunk=4),global,0.12955349683761597,0.1654297947883606,0.20273818969726562,0.17886199951171874,0.17094589471817018,0.18319400548934936,0.7071928827122459,1.0,0.7071928827122459,0.0
fp16,128,256,64,16,tail-negative,0,1,graph_lds_chunked(chunk=4),global,0.12990549802780152,0.16856189966201782,0.20587830543518065,0.17981400489807128,0.17057390213012696,0.18107800483703612,0.7174007585554741,1.0,0.7174007585554741,0.0
fp16,128,256,64,16,tail-negative,1,1,graph_lds_chunked(chunk=4),global,0.1304013967514038,0.1650338053703308,0.20495829582214356,0.18257410526275636,0.17120590209960937,0.17947800159454347,0.7265592194746628,1.0,0.7265592194746628,0.0
fp16,128,256,64,16,tail-negative,2,1,graph_lds_chunked(chunk=4),global,0.12960139513015748,0.1646657943725586,0.203186297416687,0.1790220022201538,0.1706658959388733,0.18285399675369263,0.7087698241823651,1.0,0.7087698241823651,0.0
fp16,128,256,64,32,random,0,1,graph_lds_chunked(chunk=8),global,0.24575068950653076,0.31512749195098877,0.38094029426574705,0.3375797986984253,0.31610751152038574,0.33410780429840087,0.7355430982002565,1.0,0.7355430982002565,0.0
fp16,128,256,64,32,random,1,1,graph_lds_chunked(chunk=8),global,0.2470146894454956,0.31541550159454346,0.3761002063751221,0.3380397081375122,0.31643950939178467,0.34436779022216796,0.7172990519413408,1.0,0.7172990519413408,0.0
fp16,128,256,64,32,random,2,1,graph_lds_chunked(chunk=8),global,0.2450428009033203,0.3102915048599243,0.37722818851470946,0.3405277967453003,0.31655149459838866,0.32603960037231444,0.7515737371273261,1.0,0.7515737371273261,0.0
fp16,128,256,64,32,contiguous,0,1,graph_lds_chunked(chunk=8),global,0.24627079963684081,0.31256349086761476,0.37964019775390623,0.33826379776000975,0.3164634943008423,0.329811692237854,0.7467012402314559,1.0,0.7467012402314559,0.0
fp16,128,256,64,32,contiguous,1,1,graph_lds_chunked(chunk=8),global,0.2491766929626465,0.310439395904541,0.3794761896133423,0.3396557092666626,0.3164275884628296,0.3269076108932495,0.7622235905789733,1.0,0.7622235905789733,0.0
fp16,128,256,64,32,contiguous,2,1,graph_lds_chunked(chunk=8),global,0.24835879802703859,0.3108154058456421,0.37926421165466306,0.338927698135376,0.3162834882736206,0.34726390838623045,0.7151874756613388,1.0,0.7151874756613388,0.0
fp16,128,256,64,32,page-cross,0,1,graph_lds_chunked(chunk=8),global,0.24411070346832275,0.31751151084899903,0.37749619483947755,0.3406198024749756,0.3171515941619873,0.330195689201355,0.7392910066716917,1.0,0.7392910066716917,0.0
fp16,128,256,64,32,page-cross,1,1,graph_lds_chunked(chunk=8),global,0.24506669044494628,0.31653950214385984,0.37545208930969237,0.3378997087478638,0.31641550064086915,0.3329556941986084,0.7360339369921206,1.0,0.7360339369921206,0.0
fp16,128,256,64,32,page-cross,2,1,graph_lds_chunked(chunk=8),global,0.2464827060699463,0.3118875026702881,0.3756082057952881,0.3408878087997437,0.31700360774993896,0.32935969829559325,0.7483693583200133,1.0,0.7483693583200133,0.0
fp16,128,256,64,32,tail-negative,0,1,graph_lds_chunked(chunk=8),global,0.24608280658721923,0.3137554883956909,0.3772481918334961,0.3374958038330078,0.3185034990310669,0.3334757089614868,0.7379332286407685,1.0,0.7379332286407685,0.0
fp16,128,256,64,32,tail-negative,1,1,graph_lds_chunked(chunk=8),global,0.24414269924163817,0.31381950378417967,0.37682418823242186,0.34081981182098386,0.3164834976196289,0.3218156099319458,0.758641568981899,1.0,0.758641568981899,0.0
fp16,128,256,64,32,tail-negative,2,1,graph_lds_chunked(chunk=8),global,0.24595069885253906,0.3115595102310181,0.3763401985168457,0.3382997989654541,0.3164954900741577,0.32963171005249026,0.7461378603817397,1.0,0.7461378603817397,0.0
fp16,128,256,128,8,random,0,0,graph_global,global,0.1381814956665039,,,,,0.1392575979232788,0.9922725777779985,1.0,0.9922725777779985,0.0
fp16,128,256,128,8,random,1,0,graph_global,global,0.1421496033668518,,,,,0.1383175015449524,1.0277051116387756,1.0,1.0277051116387756,0.0
fp16,128,256,128,8,random,2,0,graph_global,global,0.13809349536895751,,,,,0.1395135998725891,0.9898210317493886,1.0,0.9898210317493886,0.0
fp16,128,256,128,8,contiguous,0,0,graph_global,global,0.13963760137557985,,,,,0.13911349773406984,1.0037674535544487,1.0,1.0037674535544487,0.0
fp16,128,256,128,8,contiguous,1,0,graph_global,global,0.13999359607696532,,,,,0.14194960594177247,0.9862203924284968,1.0,0.9862203924284968,0.0
fp16,128,256,128,8,contiguous,2,0,graph_global,global,0.14128960371017457,,,,,0.14033759832382203,1.0067836801949241,1.0,1.0067836801949241,0.0
fp16,128,256,128,8,page-cross,0,0,graph_global,global,0.1426535964012146,,,,,0.1408136010169983,1.0130668867987702,1.0,1.0130668867987702,0.0
fp16,128,256,128,8,page-cross,1,0,graph_global,global,0.1390334963798523,,,,,0.13804949522018434,1.0071278866909184,1.0,1.0071278866909184,0.0
fp16,128,256,128,8,page-cross,2,0,graph_global,global,0.14068959951400756,,,,,0.13976149559020995,1.0066406267325507,1.0,1.0066406267325507,0.0
fp16,128,256,128,8,tail-negative,0,0,graph_global,global,0.14141759872436524,,,,,0.13928159475326538,1.0153358667014385,1.0,1.0153358667014385,0.0
fp16,128,256,128,8,tail-negative,1,0,graph_global,global,0.13955349922180177,,,,,0.1378335952758789,1.0124781185782785,1.0,1.0124781185782785,0.0
fp16,128,256,128,8,tail-negative,2,0,graph_global,global,0.13811349868774414,,,,,0.1400974988937378,0.9858384323656021,1.0,0.9858384323656021,0.0
fp16,128,256,128,16,random,0,0,graph_global,global,0.25509090423583985,,,,,0.2554868936538696,0.9984500597570134,1.0,0.9984500597570134,0.0
fp16,128,256,128,16,random,1,0,graph_global,global,0.2573148965835571,,,,,0.25959889888763427,0.9912018028047732,1.0,0.9912018028047732,0.0
fp16,128,256,128,16,random,2,0,graph_global,global,0.26211891174316404,,,,,0.2646749019622803,0.9903429067124752,1.0,0.9903429067124752,0.0
fp16,128,256,128,16,contiguous,0,0,graph_global,global,0.2656229019165039,,,,,0.26565101146698,0.9998941861718468,1.0,0.9998941861718468,0.0
fp16,128,256,128,16,contiguous,1,0,graph_global,global,0.2669469118118286,,,,,0.2674629926681519,0.9980704588280608,1.0,0.9980704588280608,0.0
fp16,128,256,128,16,contiguous,2,0,graph_global,global,0.26845901012420653,,,,,0.26753089427947996,1.003469191276866,1.0,1.003469191276866,0.0
fp16,128,256,128,16,page-cross,0,0,graph_global,global,0.2680150032043457,,,,,0.26677498817443845,1.0046481682499275,1.0,1.0046481682499275,0.0
fp16,128,256,128,16,page-cross,1,0,graph_global,global,0.2659869909286499,,,,,0.26862690448760984,0.9901725645687076,1.0,0.9901725645687076,0.0
fp16,128,256,128,16,page-cross,2,0,graph_global,global,0.26673500537872313,,,,,0.2669508934020996,0.9991912818847499,1.0,0.9991912818847499,0.0
fp16,128,256,128,16,tail-negative,0,0,graph_global,global,0.26823499202728274,,,,,0.2676229953765869,1.0022867864917013,1.0,1.0022867864917013,0.0
fp16,128,256,128,16,tail-negative,1,0,graph_global,global,0.26697099208831787,,,,,0.2649470090866089,1.0076391992824774,1.0,1.0076391992824774,0.0
fp16,128,256,128,16,tail-negative,2,0,graph_global,global,0.26396689414978025,,,,,0.2658989906311035,0.9927337201365922,1.0,0.9927337201365922,0.0
fp16,128,256,128,32,random,0,0,graph_global,global,0.5098859786987304,,,,,0.5194101810455323,0.9816634276832419,1.0,0.9816634276832419,0.0
fp16,128,256,128,32,random,1,0,graph_global,global,0.5193942070007325,,,,,0.5266781806945801,0.9861699725546983,1.0,0.9861699725546983,0.0
fp16,128,256,128,32,random,2,0,graph_global,global,0.5228703022003174,,,,,0.5267502784729003,0.9926341258255593,1.0,0.9926341258255593,0.0
fp16,128,256,128,32,contiguous,0,0,graph_global,global,0.5220541954040527,,,,,0.5276463031768799,0.9894017872594617,1.0,0.9894017872594617,0.0
fp16,128,256,128,32,contiguous,1,0,graph_global,global,0.5199182033538818,,,,,0.5218381881713867,0.9963207276488659,1.0,0.9963207276488659,0.0
fp16,128,256,128,32,contiguous,2,0,graph_global,global,0.5274417877197266,,,,,0.5277938842773438,0.9993328900388847,1.0,0.9993328900388847,0.0
fp16,128,256,128,32,page-cross,0,0,graph_global,global,0.5190657138824463,,,,,0.5251338958740235,0.9884445052218969,1.0,0.9884445052218969,0.0
fp16,128,256,128,32,page-cross,1,0,graph_global,global,0.5224177837371826,,,,,0.5254258155822754,0.9942750589029218,1.0,0.9942750589029218,0.0
fp16,128,256,128,32,page-cross,2,0,graph_global,global,0.518797779083252,,,,,0.5237058162689209,0.9906282553425975,1.0,0.9906282553425975,0.0
fp16,128,256,128,32,tail-negative,0,0,graph_global,global,0.5177617073059082,,,,,0.5224977970123291,0.9909356752631262,1.0,0.9909356752631262,0.0
fp16,128,256,128,32,tail-negative,1,0,graph_global,global,0.5252577781677246,,,,,0.5262019157409668,0.9982057504068325,1.0,0.9982057504068325,0.0
fp16,128,256,128,32,tail-negative,2,0,graph_global,global,0.5278378963470459,,,,,0.52930588722229,0.9972265736870076,1.0,0.9972265736870076,0.0
fp16,256,64,32,8,random,0,1,graph_lds_chunked(chunk=4),chunk4,0.027888301014900207,0.026572299003601075,0.02589629888534546,0.025580200552940368,0.02650429904460907,0.025576299428939818,1.0903962511224097,1.0902299595807716,1.00015252886804,0.0
fp16,256,64,32,8,random,1,1,graph_lds_chunked(chunk=4),chunk4,0.02734839916229248,0.025740298628807067,0.025404301285743714,0.024708299338817595,0.02576029896736145,0.0252003014087677,1.0852409548076838,1.1068507300835229,0.9804763418512554,0.0
fp16,256,64,32,8,random,2,1,graph_lds_chunked(chunk=4),chunk4,0.02639229893684387,0.025104299187660217,0.024580299854278564,0.02404019981622696,0.024896200001239776,0.024348300695419312,1.083948291381546,1.097840248358887,0.9873461034079345,0.0
fp16,256,64,32,8,contiguous,0,1,graph_lds_chunked(chunk=4),chunk4,0.025824299454689024,0.024836300313472746,0.02400030046701431,0.023632299900054932,0.02445629984140396,0.02388029992580414,1.0814059930120172,1.0927543897083414,0.989614869724428,0.0
fp16,256,64,32,8,contiguous,1,1,graph_lds_chunked(chunk=4),chunk4,0.025324299931526184,0.02435230016708374,0.023600299656391144,0.023484300076961517,0.024268299341201782,0.02326429933309555,1.0885477172097806,1.0783502105038139,1.009456581550814,0.0
fp16,256,64,32,8,contiguous,2,1,graph_lds_chunked(chunk=4),chunk4,0.025264298915863036,0.024388299882411958,0.023624299466609953,0.023196299374103547,0.024532300233840943,0.02324029952287674,1.0870900734731908,1.089152131915844,0.9981067305638689,0.0
fp16,256,64,32,8,page-cross,0,1,graph_lds_chunked(chunk=4),chunk4,0.025348299741744997,0.024448299407958986,0.023704299330711366,0.023572300374507905,0.024416300654411315,0.023432299494743347,1.0817674871145904,1.0753426411092968,1.0059746965847702,0.0
fp16,256,64,32,8,page-cross,1,1,graph_lds_chunked(chunk=4),chunk4,0.025084298849105836,0.024424299597740173,0.023628200590610503,0.023416200280189516,0.024316200613975526,0.02321629971265793,1.0804606745936107,1.0712369448909933,1.008610354363344,0.0
fp16,256,64,32,8,page-cross,2,1,graph_lds_chunked(chunk=4),chunk4,0.025324198603630065,0.024472300708293915,0.023660199344158174,0.023544199764728546,0.024208199977874757,0.023436300456523895,1.0805544437616492,1.0756024352786935,1.0046039394487545,0.0
fp16,256,64,32,8,tail-negative,0,1,graph_lds_chunked(chunk=4),chunk4,0.025168299674987793,0.02417230010032654,0.023496299982070923,0.023300300538539886,0.024208299815654755,0.02307630032300949,1.090655751688773,1.0801706026648945,1.0097069379577732,0.0
fp16,256,64,32,8,tail-negative,1,1,graph_lds_chunked(chunk=4),chunk4,0.025296300649642944,0.024548299610614777,0.023788300156593323,0.023540300130844117,0.024208299815654755,0.0233923003077507,1.081394318508359,1.0745955025653218,1.0063268605971332,0.0
fp16,256,64,32,8,tail-negative,2,1,graph_lds_chunked(chunk=4),chunk4,0.025332298874855042,0.024472300708293915,0.02365629971027374,0.023360300064086913,0.024288299679756164,0.023268300294876098,1.0887043124689884,1.0844166729604554,1.0039538671946344,0.0
fp16,256,64,32,16,random,0,1,graph_lds_chunked(chunk=8),chunk4,0.04253650009632111,0.04036450088024139,0.038752499222755435,0.03584440052509308,0.03856840133666992,0.037548398971557616,1.1328445755714354,1.186698604892086,0.9546186124272491,0.0
fp16,256,64,32,16,random,1,1,graph_lds_chunked(chunk=8),chunk4,0.04364849925041199,0.04160040020942688,0.04160049855709076,0.036792400479316714,0.03881640136241913,0.038524401187896726,1.1330091553538568,1.1863455137956957,0.9550414631980274,0.0
fp16,256,64,32,16,random,2,1,graph_lds_chunked(chunk=8),chunk4,0.04395650029182434,0.04175249934196472,0.039932501316070554,0.03702439963817596,0.038796401023864745,0.03887639939785004,1.1306731326115362,1.1872306025592017,0.9523618496476169,0.0
fp16,256,64,32,16,contiguous,0,1,graph_lds_chunked(chunk=8),chunk4,0.043844500184059144,0.04204440116882324,0.039800500869750975,0.03714439868927002,0.03888840079307556,0.038796401023864745,1.130117717802978,1.180379861600091,0.9574186705210482,0.0
fp16,256,64,32,16,contiguous,1,1,graph_lds_chunked(chunk=8),chunk4,0.04409649968147278,0.0414885014295578,0.039700499176979064,0.036764401197433474,0.03860439956188202,0.03896839916706085,1.1315963864060035,1.1994347315672085,0.9434414033745998,0.0
fp16,256,64,32,16,contiguous,2,1,graph_lds_chunked(chunk=8),chunk4,0.043656501173973086,0.04137639999389649,0.03924039900302887,0.036192399263381955,0.03798840045928955,0.038720399141311646,1.1274806598621812,1.2062339624481049,0.9347114199752008,0.0
fp16,256,64,32,16,page-cross,0,1,graph_lds_chunked(chunk=8),chunk4,0.0421644002199173,0.04038040041923523,0.03836039900779724,0.035720399022102355,0.037700501084327695,0.03757239878177643,1.1222174145657187,1.1804011538008758,0.9507085035898123,0.0
fp16,256,64,32,16,page-cross,1,1,graph_lds_chunked(chunk=8),chunk4,0.044216498732566833,0.0406125009059906,0.03814849853515625,0.0361844003200531,0.037780401110649106,0.03809249997138977,1.1607665226954553,1.2219768281764893,0.9499087838086293,0.0
fp16,256,64,32,16,page-cross,2,1,graph_lds_chunked(chunk=8),chunk4,0.04306850135326386,0.041428500413894655,0.04042850136756897,0.03611240088939667,0.038080400228500365,0.038324400782585144,1.1237879907788269,1.1926235944591996,0.9422822053830097,0.0
fp16,256,64,32,16,tail-negative,0,1,graph_lds_chunked(chunk=8),chunk4,0.043436399102211,0.0410084992647171,0.03878050148487091,0.036420398950576784,0.037920400500297546,0.03828440010547638,1.1345717572311562,1.1926392997823847,0.9513117314163436,0.0
fp16,256,64,32,16,tail-negative,1,1,graph_lds_chunked(chunk=8),chunk4,0.04334850013256073,0.041256499290466306,0.03904840052127838,0.0367684006690979,0.0376924991607666,0.03827250003814697,1.1326278682958888,1.1789607201760366,0.9607002582128185,0.0
fp16,256,64,32,16,tail-negative,2,1,graph_lds_chunked(chunk=8),chunk4,0.04264050126075745,0.040408399701118466,0.039696401357650755,0.03577240109443665,0.037692400813102725,0.03796850144863129,1.12304936022948,1.1919943855093622,0.9421599412564173,0.0
fp16,256,64,32,32,random,0,1,graph_lds_chunked(chunk=8),chunk8,0.07674490213394165,0.07373679876327514,0.0690326988697052,0.06539270281791687,0.062392699718475345,0.06110470294952393,1.2559573720100963,1.2300301554544917,1.0210785210757898,0.0
fp16,256,64,32,32,random,1,1,graph_lds_chunked(chunk=8),chunk8,0.0787729024887085,0.07514489889144897,0.07008879780769348,0.06336870193481445,0.06253269910812378,0.06272869706153869,1.255771380225385,1.259707378894747,0.9968754658936623,0.0
fp16,256,64,32,32,random,2,1,graph_lds_chunked(chunk=8),chunk8,0.07918090224266053,0.07296879887580872,0.06882870197296143,0.06508070230484009,0.06133670210838318,0.06263269782066345,1.264210308637505,1.2909220665751853,0.9793080011339906,0.0
fp16,256,64,32,32,contiguous,0,1,graph_lds_chunked(chunk=8),chunk8,0.07901679873466491,0.07560080289840698,0.07148879766464233,0.06403669714927673,0.06256060004234314,0.0626887023448944,1.2604631421454255,1.263044131309221,0.9979565328718006,0.0
fp16,256,64,32,32,contiguous,1,1,graph_lds_chunked(chunk=8),chunk8,0.0787729024887085,0.0733407974243164,0.06805670261383057,0.06134470105171204,0.060976600646972655,0.06152070164680481,1.2804291950529096,1.2918546073889638,0.9911558063340064,0.0
fp16,256,64,32,32,contiguous,2,1,graph_lds_chunked(chunk=8),chunk8,0.07930489778518676,0.07411280274391174,0.0682807981967926,0.061740702390670775,0.06167269945144653,0.06241269707679749,1.2706532724840234,1.2858995712944534,0.9881434762474628,0.0
fp16,256,64,32,32,page-cross,0,1,graph_lds_chunked(chunk=8),chunk8,0.07697290182113647,0.07536479830741882,0.07104880213737488,0.06380079984664917,0.06195269823074341,0.0626246988773346,1.2291141227186777,1.2424463182289522,0.9892693991565937,0.0
fp16,256,64,32,32,page-cross,1,1,graph_lds_chunked(chunk=8),chunk8,0.07707290053367614,0.0734408974647522,0.06838880181312561,0.06121259927749634,0.0609246015548706,0.060864698886871335,1.2662988882427701,1.2650538299255332,1.0009841939432018,0.0
fp16,256,64,32,32,page-cross,2,1,graph_lds_chunked(chunk=8),chunk4,0.07672880291938781,0.07377679944038391,0.06778479814529419,0.06158469915390015,0.061644697189331056,0.06146860122680664,1.2482601098449293,1.2459069212572194,1.0018887354645525,0.0
fp16,256,64,32,32,tail-negative,0,1,graph_lds_chunked(chunk=8),chunk8,0.07656480073928833,0.073716801404953,0.06828879714012145,0.06371269822120666,0.06163269877433777,0.06266469955444336,1.2218170881481447,1.2422756468871017,0.983531385493854,0.0
fp16,256,64,32,32,tail-negative,1,1,graph_lds_chunked(chunk=8),chunk8,0.07886880040168762,0.07429289817810059,0.06795669794082641,0.0630607008934021,0.0616686999797821,0.06226469874382019,1.2666695895564,1.2789113509372585,0.9904279828528482,0.0
fp16,256,64,32,32,tail-negative,2,1,graph_lds_chunked(chunk=8),chunk8,0.07760080099105834,0.0747048020362854,0.06912069916725158,0.06260460019111633,0.06104859709739685,0.06210870146751404,1.249435250737732,1.271131601390514,0.982931467812579,0.0
fp16,256,64,64,8,random,0,1,graph_lds_chunked(chunk=4),chunk4,0.040152499079704286,0.03798440098762512,0.036820399761199954,0.035592401027679445,0.03788039982318878,0.035360398888587954,1.1355216666592218,1.128119989670788,1.0065610724534662,0.0
fp16,256,64,64,8,random,1,1,graph_lds_chunked(chunk=4),chunk4,0.04125249981880188,0.037776398658752444,0.03764840066432953,0.03542439937591553,0.03812440037727356,0.035404300689697264,1.1651832973728655,1.1645222091429102,1.0005676905298715,0.0
fp16,256,64,64,8,random,2,1,graph_lds_chunked(chunk=4),chunk4,0.04128049910068512,0.03801240026950836,0.03684040009975433,0.03565639853477478,0.03796040117740631,0.03541240096092224,1.1657074352636623,1.1577304718653876,1.006890173137986,0.0
fp16,256,64,64,8,contiguous,0,1,graph_lds_chunked(chunk=4),chunk4,0.04122839868068695,0.03800039887428284,0.03683240115642548,0.03569639921188354,0.037920400500297546,0.03544439971446991,1.1631851297471902,1.1549735993248802,1.00710971266106,0.0
fp16,256,64,64,8,contiguous,1,1,graph_lds_chunked(chunk=4),chunk4,0.04024440050125122,0.03829250037670136,0.03684040009975433,0.035720399022102355,0.037984499335289,0.03581640124320984,1.123630490622808,1.126650362341966,0.9973196016971223,0.0
fp16,256,64,64,8,contiguous,2,1,graph_lds_chunked(chunk=4),chunk4,0.040116500854492185,0.03802840113639831,0.03672040104866028,0.03566040098667145,0.037900501489639284,0.03544439971446991,1.1318149320530015,1.1249593314861004,1.006094087470562,0.0
fp16,256,64,64,8,page-cross,0,1,graph_lds_chunked(chunk=4),chunk4,0.03940440118312836,0.03798840045928955,0.036436399817466734,0.03554440140724182,0.03794440031051636,0.03534039855003357,1.1149959479755478,1.1085965615698934,1.0057725115046292,0.0
fp16,256,64,64,8,page-cross,1,1,graph_lds_chunked(chunk=4),chunk4,0.039496499300003055,0.03806450068950653,0.03688839972019196,0.035348400473594666,0.03812839984893799,0.037384501099586485,1.0564939517258913,1.117348982438598,0.945536236512346,0.0
fp16,256,64,64,8,page-cross,2,1,graph_lds_chunked(chunk=4),chunk4,0.03953239917755127,0.03807240128517151,0.036520400643348695,0.035720399022102355,0.03798039853572845,0.035420399904251096,1.1160912718212044,1.106717737198014,1.0084696705475438,0.0
fp16,256,64,64,8,tail-negative,0,1,graph_lds_chunked(chunk=4),chunk4,0.04042049944400787,0.03791640102863312,0.036792400479316714,0.035432401299476626,0.03791640102863312,0.035588398575782776,1.1357774179676983,1.1407778745327353,0.995616625570438,0.0
fp16,256,64,64,8,tail-negative,1,1,graph_lds_chunked(chunk=4),chunk4,0.040144500136375424,0.03780049979686737,0.03658849895000458,0.03551650047302246,0.037728500366210935,0.035396501421928406,1.1341375142659043,1.1303056213792315,1.0033901387502584,0.0
fp16,256,64,64,8,tail-negative,2,1,graph_lds_chunked(chunk=4),chunk4,0.0411204993724823,0.03804450035095215,0.03751649856567383,0.03570840060710907,0.037932398915290835,0.03531239926815033,1.1644776402823054,1.1515637405584542,1.0112142291989747,0.0
fp16,256,64,64,16,random,0,1,graph_lds_chunked(chunk=8),chunk4,0.07166879773139953,0.06720079779624939,0.06486470103263856,0.05944070219993591,0.060372698307037356,0.06024069786071777,1.1897072955081731,1.2057192307441618,0.9867200133930798,0.0
fp16,256,64,64,16,random,1,1,graph_lds_chunked(chunk=8),chunk4,0.07301679849624634,0.06713680028915406,0.06436470150947571,0.05892069935798645,0.061048698425292966,0.061296701431274414,1.1912027367102689,1.2392384899000561,0.9612376846093109,0.0
fp16,256,64,64,16,random,2,1,graph_lds_chunked(chunk=8),chunk4,0.0725009024143219,0.0665768027305603,0.06513280272483826,0.05892069935798645,0.06051269769668579,0.0603967010974884,1.200411630054027,1.2304827200679638,0.9755615503383291,0.0
fp16,256,64,64,16,contiguous,0,1,graph_lds_chunked(chunk=8),chunk4,0.07424089908599854,0.06692879796028137,0.06432880163192749,0.058452701568603514,0.06041669845581055,0.060176700353622437,1.2337150200946418,1.27010210124959,0.9713510582187456,0.0
fp16,256,64,64,16,contiguous,1,1,graph_lds_chunked(chunk=8),chunk4,0.07299280166625977,0.06854479908943176,0.06591280102729798,0.060020697116851804,0.060480701923370364,0.06173670291900635,1.1823242611776745,1.2161271889953746,0.9722044469331994,0.0
fp16,256,64,64,16,contiguous,2,1,graph_lds_chunked(chunk=8),chunk4,0.07215279936790467,0.06778479814529419,0.06477270126342774,0.05832870006561279,0.05999280214309692,0.06144070029258728,1.1743485836636824,1.2370033840414998,0.9493495319526827,0.0
fp16,256,64,64,16,page-cross,0,1,graph_lds_chunked(chunk=8),chunk4,0.07044079899787903,0.0666808009147644,0.06260880231857299,0.05885670185089111,0.059732699394226076,0.05976070165634155,1.1787143899841435,1.1968186592639072,0.9848730054970077,0.0
fp16,256,64,64,16,page-cross,1,1,graph_lds_chunked(chunk=8),chunk4,0.0702247977256775,0.06698880195617676,0.06332070231437684,0.058888697624206544,0.060364699363708495,0.05976459980010986,1.1750233074521217,1.192500438264255,0.9853441304914133,0.0
fp16,256,64,64,16,page-cross,2,1,graph_lds_chunked(chunk=8),chunk4,0.07164880037307739,0.0665926992893219,0.06220470070838928,0.05852069854736328,0.05998070240020752,0.061544597148895264,1.1641769333502494,1.2243326233552898,0.9508665465107158,0.0
fp16,256,64,64,16,tail-negative,0,1,graph_lds_chunked(chunk=8),chunk4,0.07270079851150513,0.06802470088005066,0.0638526976108551,0.05831260085105896,0.060004699230194095,0.06121670007705689,1.1875974761787642,1.2467425127751763,0.9525603434627744,0.0
fp16,256,64,64,16,tail-negative,1,1,graph_lds_chunked(chunk=8),chunk4,0.07226880192756653,0.06833680272102356,0.06430879831314087,0.05985260009765625,0.060192602872848514,0.060332697629928586,1.1978380673586346,1.2074463232950925,0.9920424984936497,0.0
fp16,256,64,64,16,tail-negative,2,1,graph_lds_chunked(chunk=8),chunk4,0.07166470289230346,0.06723669767379761,0.06387280225753784,0.05839660167694092,0.05995270013809204,0.06064460277557373,1.1817160903421464,1.2272067352268843,0.9629315553941058,0.0
fp16,256,64,64,32,random,0,1,graph_lds_chunked(chunk=8),chunk4,0.1428215980529785,0.12778539657592775,0.1180372953414917,0.10819720029830933,0.11016930341720581,0.10452519655227661,1.366384400736798,1.3200119564943142,1.0351303213689365,0.0
fp16,256,64,64,32,random,1,1,graph_lds_chunked(chunk=8),chunk8,0.14615360498428345,0.13077750205993652,0.12187340259552001,0.10902520418167114,0.10548520088195801,0.10723320245742798,1.3629510416077244,1.3855365848697103,0.9836990639521006,0.0
fp16,256,64,64,32,random,2,1,graph_lds_chunked(chunk=8),chunk8,0.14290159940719604,0.13019750118255616,0.12074530124664307,0.10657320022583008,0.1065451979637146,0.10796920061111451,1.3235404041000702,1.3412298455333773,0.9868110290773672,0.0
fp16,256,64,64,32,contiguous,0,1,graph_lds_chunked(chunk=8),chunk4,0.14022159576416016,0.12858140468597412,0.11958140134811401,0.10636919736862183,0.10678119659423828,0.1062011957168579,1.3203391432428289,1.3182537730187345,1.0015819186463006,0.0
fp16,256,64,64,32,contiguous,1,1,graph_lds_chunked(chunk=8),chunk8,0.13860150575637817,0.1296414017677307,0.12058930397033692,0.10824520587921142,0.10730919837951661,0.10697720050811768,1.2956172445909235,1.2916088075338255,1.0031034451249614,0.0
fp16,256,64,64,32,contiguous,2,1,graph_lds_chunked(chunk=8),chunk8,0.14018959999084474,0.13024539947509767,0.12121729850769043,0.10939719676971435,0.10762120485305786,0.10732920169830322,1.3061645644669042,1.3026206144249601,1.0027206310131276,0.0
fp16,256,64,64,32,page-cross,0,1,graph_lds_chunked(chunk=8),chunk4,0.13952560424804689,0.13072140216827394,0.12156939506530762,0.10754519701004028,0.10769720077514648,0.10722919702529907,1.3011904231188822,1.297367136116929,1.0029469584171806,0.0
fp16,256,64,64,32,page-cross,1,1,graph_lds_chunked(chunk=8),chunk8,0.1389415979385376,0.13133740425109863,0.12079329490661621,0.10906120538711547,0.10833319425582885,0.10764919519424439,1.2906886826959418,1.282539473639326,1.0063539635419498,0.0
fp16,256,64,64,32,page-cross,2,1,graph_lds_chunked(chunk=8),chunk4,0.14281359910964966,0.13170950412750243,0.1229293942451477,0.10832120180130005,0.10838520526885986,0.10815320014953614,1.3204750198070045,1.3184270183008222,1.0015533673671386,0.0
fp16,256,64,64,32,tail-negative,0,1,graph_lds_chunked(chunk=8),chunk8,0.1428536057472229,0.13142950534820558,0.12206540107727051,0.11144520044326782,0.1088412046432495,0.10810519456863403,1.3214314660571442,1.3124956326554484,1.0068082766748845,0.0
fp16,256,64,64,32,tail-negative,1,1,graph_lds_chunked(chunk=8),chunk8,0.1397976040840149,0.13145350217819213,0.12228939533233643,0.1103173017501831,0.10986520051956176,0.1085852026939392,1.2874461769717527,1.2724466293503336,1.0117879581551308,0.0
fp16,256,64,64,32,tail-negative,2,1,graph_lds_chunked(chunk=8),chunk8,0.14074959754943847,0.13332149982452393,0.12224539518356323,0.11034519672393799,0.10962920188903809,0.10879319906234741,1.2937352588444193,1.2838695814998187,1.0076843298468645,0.0
fp16,256,64,128,8,random,0,1,graph_lds_chunked(chunk=4),chunk4,0.07489680051803589,0.06939679980278016,0.06972479820251465,0.06464080214500427,0.06900079846382141,0.06483269929885864,1.155231871077662,1.158661372271109,0.9970401177811558,0.0
fp16,256,64,128,8,random,1,1,graph_lds_chunked(chunk=4),chunk4,0.07207679748535156,0.06729270219802856,0.06818869709968567,0.06336470246315003,0.06757680177688599,0.06334069967269898,1.1379223446819298,1.1374912953669765,1.0003789473525724,0.0
fp16,256,64,128,8,random,2,1,graph_lds_chunked(chunk=4),chunk4,0.07298079729080201,0.06733279824256896,0.06786080002784729,0.06296470165252685,0.06710879802703858,0.0629406988620758,1.1595167929534342,1.1590747732523117,1.0003813556392764,0.0
fp16,256,64,128,8,contiguous,0,1,graph_lds_chunked(chunk=4),chunk4,0.07330080270767211,0.06620870232582092,0.06686080098152161,0.062056702375411985,0.06611679792404175,0.06217659711837768,1.1789130654434998,1.1811907481683275,0.9980717062605174,0.0
fp16,256,64,128,8,contiguous,1,1,graph_lds_chunked(chunk=4),chunk4,0.07173680067062378,0.0664887011051178,0.06696879863739014,0.0629127025604248,0.06758080124855041,0.06245669722557068,1.148584601128311,1.1402594031264803,1.007301143914274,0.0
fp16,256,64,128,8,contiguous,2,1,graph_lds_chunked(chunk=4),chunk4,0.07277690172195435,0.06572870016098023,0.06595270037651062,0.06136869788169861,0.06768580079078675,0.061580699682235715,1.1818134918487848,1.1858961365327891,0.9965573336835882,0.0
fp16,256,64,128,8,page-cross,0,1,graph_lds_chunked(chunk=4),chunk4,0.07132880091667175,0.06569679975509643,0.06597269773483276,0.06144859790802002,0.06573269963264465,0.06231669783592224,1.1446177893520302,1.1607880951725051,0.9860695454340682,0.0
fp16,256,64,128,8,page-cross,1,1,graph_lds_chunked(chunk=4),chunk4,0.06953679919242858,0.0663648009300232,0.0659487009048462,0.06180859804153442,0.06612470149993896,0.06178470253944397,1.1254695148533829,1.1250344029110793,1.0003867543438474,0.0
fp16,256,64,128,8,page-cross,2,1,graph_lds_chunked(chunk=4),chunk4,0.07067279815673828,0.06566470265388488,0.06638879776000976,0.06178470253944397,0.06553670167922973,0.06178470253944397,1.1438559263374306,1.1438559263374306,1.0,0.0
fp16,256,64,128,8,tail-negative,0,1,graph_lds_chunked(chunk=4),chunk4,0.07173680067062378,0.06629279851913453,0.0664126992225647,0.06350870132446289,0.06734870076179504,0.06200069785118103,1.1570321489414863,1.1295586144034646,1.0243223629014868,0.0
fp16,256,64,128,8,tail-negative,1,1,graph_lds_chunked(chunk=4),chunk4,0.07084479928016663,0.06680480241775513,0.06610869765281677,0.06169270277023316,0.06587669849395753,0.06239669919013977,1.1353933813755626,1.1483497415248498,0.9887174092693374,0.0
fp16,256,64,128,8,tail-negative,2,1,graph_lds_chunked(chunk=4),chunk4,0.07110880017280578,0.06569669842720031,0.06605679988861084,0.061456698179245,0.06615269780158997,0.061904698610305786,1.1486817926445363,1.1570553296795967,0.9927630625603885,0.0
fp16,256,64,128,16,random,0,1,graph_lds_chunked(chunk=8),chunk8,0.1311053991317749,0.1266294002532959,0.12763739824295045,0.11449730396270752,0.11282130479812622,0.11145319938659667,1.1763269233484346,1.1620624257658148,1.0122751560211745,0.0
fp16,256,64,128,16,random,1,1,graph_lds_chunked(chunk=8),chunk4,0.13442540168762207,0.12320530414581299,0.12211339473724366,0.11248929500579834,0.11271330118179321,0.1104051947593689,1.2175641008614302,1.1950061708600184,1.0188768313934122,0.0
fp16,256,64,128,16,random,2,1,graph_lds_chunked(chunk=8),chunk8,0.1349334955215454,0.12420940399169922,0.1225693941116333,0.1132652997970581,0.11285330057144165,0.11207729578018188,1.2039324698393115,1.1956539581766676,1.0069238357854542,0.0
fp16,256,64,128,16,contiguous,0,1,graph_lds_chunked(chunk=8),chunk8,0.13648550510406493,0.12619739770889282,0.12437740564346314,0.1145853042602539,0.11349730491638184,0.11260919570922852,1.212028060803206,1.2025440181563734,1.007886649057032,0.0
fp16,256,64,128,16,contiguous,1,1,graph_lds_chunked(chunk=8),chunk8,0.13608549833297728,0.12683340311050414,0.12517340183258058,0.11506530046463012,0.11403720378875733,0.11336519718170165,1.2004168979202634,1.193342995195342,1.005927803450812,0.0
fp16,256,64,128,16,contiguous,2,1,graph_lds_chunked(chunk=8),chunk8,0.13699350357055665,0.12587740421295165,0.12453739643096924,0.11444519758224488,0.11378929615020753,0.11349730491638184,1.2070198818508107,1.2039225850357524,1.0025726710783205,0.0
fp16,256,64,128,16,page-cross,0,1,graph_lds_chunked(chunk=8),chunk8,0.13673750162124634,0.12626539468765258,0.12410540580749511,0.11420530080795288,0.11376529932022095,0.11313320398330688,1.2086416437160423,1.2019262678364198,1.0055871778987833,0.0
fp16,256,64,128,16,page-cross,1,1,graph_lds_chunked(chunk=8),chunk8,0.13543750047683717,0.12629740238189696,0.12446140050888062,0.11452529430389405,0.11448919773101807,0.11316930055618286,1.1967689100419885,1.18297187124182,1.0116630320091087,0.0
fp16,256,64,128,16,page-cross,2,1,graph_lds_chunked(chunk=8),chunk8,0.13742949962615966,0.1265813946723938,0.12461730241775512,0.11572530269622802,0.1140133023262024,0.11327329874038697,1.2132559142745256,1.2053812741337973,1.0065329039945368,0.0
fp16,256,64,128,16,tail-negative,0,1,graph_lds_chunked(chunk=8),chunk8,0.13768550157546997,0.1273015022277832,0.12466939687728881,0.1149332046508789,0.11433730125427247,0.11417330503463745,1.2059342727592888,1.2042045777280845,1.0014363797175292,0.0
fp16,256,64,128,16,tail-negative,1,1,graph_lds_chunked(chunk=8),chunk8,0.1362215042114258,0.12687740325927735,0.12476940155029297,0.11583329439163208,0.11576130390167236,0.11397720575332641,1.1951644481111539,1.1767447291983884,1.0156531135901607,0.0
fp16,256,64,128,16,tail-negative,2,1,graph_lds_chunked(chunk=8),chunk8,0.13622950315475463,0.12736140489578246,0.12440539598464966,0.11521730422973633,0.11451330184936523,0.11330130100250244,1.202364862092323,1.1896391157592823,1.0106971485423282,0.0
fp16,256,64,128,32,random,0,1,graph_lds_chunked(chunk=8),chunk8,0.26320700645446776,0.24482269287109376,0.23538661003112793,0.21145029067993165,0.2104022979736328,0.20726230144500732,1.2699222416205014,1.2509702079748783,1.0151498680982205,0.0
fp16,256,64,128,32,random,1,1,graph_lds_chunked(chunk=8),chunk4,0.26477489471435545,0.24611470699310303,0.23934669494628907,0.2118143081665039,0.2118303060531616,0.21022229194641112,1.259499609974049,1.2500330926946637,1.0075730133343737,0.0
fp16,256,64,128,32,random,2,1,graph_lds_chunked(chunk=8),chunk8,0.2693350076675415,0.24711079597473146,0.23966269493103026,0.21283490657806398,0.21108291149139405,0.2097424030303955,1.2841228276978875,1.2759678448841294,1.0063912134200363,0.0
fp16,256,64,128,32,contiguous,0,1,graph_lds_chunked(chunk=8),chunk8,0.2710237979888916,0.2492034912109375,0.24000329971313478,0.21216299533843994,0.20866289138793945,0.21401100158691405,1.2664012409606127,1.2988595920729034,0.9750101155579955,0.0
fp16,256,64,128,32,contiguous,1,1,graph_lds_chunked(chunk=8),chunk8,0.26938369274139407,0.2454514980316162,0.2400273084640503,0.21255500316619874,0.2108388900756836,0.20945889949798585,1.2860933261228389,1.2776755400519086,1.0065883597259664,0.0
fp16,256,64,128,32,contiguous,2,1,graph_lds_chunked(chunk=8),chunk8,0.2684437036514282,0.2464914083480835,0.2403193950653076,0.2120349884033203,0.21202290058135986,0.21036698818206787,1.2760733324712348,1.2661071182186658,1.0078715411272554,0.0
fp16,256,64,128,32,page-cross,0,1,graph_lds_chunked(chunk=8),chunk4,0.2673037052154541,0.24495470523834229,0.23559460639953614,0.20801839828491211,0.20857830047607423,0.20854289531707765,1.2817684573192194,1.2850003048737157,0.9974849441340686,0.0
fp16,256,64,128,32,page-cross,1,1,graph_lds_chunked(chunk=8),chunk8,0.2623348951339722,0.24595069885253906,0.23815059661865234,0.21121830940246583,0.20852630138397216,0.2088223934173584,1.256258444512999,1.2580422392421327,0.9985820867745996,0.0
fp16,256,64,128,32,page-cross,2,1,graph_lds_chunked(chunk=8),chunk8,0.26683099269866944,0.24511868953704835,0.2387226104736328,0.21166629791259767,0.2098942995071411,0.20878241062164307,1.2780338722222266,1.2712636471082017,1.0053255869696467,0.0
fp16,256,64,128,32,tail-negative,0,1,graph_lds_chunked(chunk=8),chunk8,0.26658689975738525,0.24611079692840576,0.2396707057952881,0.2116023063659668,0.21091029644012452,0.20951430797576903,1.272404268391144,1.263982386147121,1.0066629743707858,0.0
fp16,256,64,128,32,tail-negative,1,1,graph_lds_chunked(chunk=8),chunk8,0.2667388916015625,0.2480907917022705,0.23982670307159423,0.21226229667663574,0.21203429698944093,0.21169838905334473,1.2599949049888537,1.2579988020279842,1.0015867288249016,0.0
fp16,256,64,128,32,tail-negative,2,1,graph_lds_chunked(chunk=8),chunk8,0.27211101055145265,0.24657080173492432,0.23879868984222413,0.2114063024520874,0.20993430614471437,0.21032230854034423,1.2937810184755367,1.2961721957147772,0.9981552009469531,0.0
fp16,256,128,32,8,random,0,1,graph_lds_chunked(chunk=4),chunk4,0.04215250015258789,0.04015649855136871,0.038696500658988955,0.036872398853302,0.03974840044975281,0.03733650147914887,1.1289890183237599,1.143199288993725,0.9875697345101803,0.0
fp16,256,128,32,8,random,1,1,graph_lds_chunked(chunk=4),chunk4,0.04114440083503723,0.03904849886894226,0.038480499386787416,0.0365123987197876,0.03902040123939514,0.036864399909973145,1.1161011961544556,1.1268610739819556,0.9904514601880088,0.0
fp16,256,128,32,8,random,2,1,graph_lds_chunked(chunk=4),chunk4,0.040896499156951906,0.03870050013065338,0.03731639981269837,0.036120399832725525,0.038508400321006775,0.036192399263381955,1.1299748010441897,1.1322271997636963,0.9980106477569373,0.0
fp16,256,128,32,8,contiguous,0,1,graph_lds_chunked(chunk=4),chunk4,0.041316500306129454,0.03789249956607819,0.03653639853000641,0.035420399904251096,0.0380605012178421,0.035676398873329164,1.1580905475585064,1.1664605825404788,0.9928244167807686,0.0
fp16,256,128,32,8,contiguous,1,1,graph_lds_chunked(chunk=4),chunk4,0.03982050120830536,0.0379723995923996,0.036864399909973145,0.03539640009403229,0.0380484014749527,0.03544439971446991,1.1234638343176382,1.1249873179905365,0.9986457770247404,0.0
fp16,256,128,32,8,contiguous,2,1,graph_lds_chunked(chunk=4),chunk4,0.040080401301383975,0.03799639940261841,0.03656049966812134,0.035636401176452635,0.03828839957714081,0.035648399591445924,1.1243254048072762,1.1247039537726327,0.9996634234599365,0.0
fp16,256,128,32,8,page-cross,0,1,graph_lds_chunked(chunk=4),chunk4,0.039612498879432675,0.03795639872550964,0.036780399084091184,0.03536840081214905,0.03810040056705475,0.035436400771141054,1.1178476938237074,1.1199968890260308,0.9980810703820863,0.0
fp16,256,128,32,8,page-cross,1,1,graph_lds_chunked(chunk=4),chunk4,0.04011250138282776,0.03830440044403076,0.03682839870452881,0.03591639995574951,0.03795639872550964,0.03576839864253998,1.1214508590027081,1.1168296775915185,1.0041377673820016,0.0
fp16,256,128,32,8,page-cross,2,1,graph_lds_chunked(chunk=4),chunk4,0.040108400583267215,0.03831239938735962,0.03655639886856079,0.03574039936065674,0.037952500581741336,0.035748401284217836,1.1219634764750788,1.1222146730519973,0.9997761599603441,0.0
fp16,256,128,32,8,tail-negative,0,1,graph_lds_chunked(chunk=4),chunk4,0.039540401101112364,0.03781239986419678,0.03674040138721466,0.035272398591041566,0.03805640041828155,0.035536399483680724,1.1126732498397984,1.1210011986866915,0.9925709723980226,0.0
fp16,256,128,32,8,tail-negative,1,1,graph_lds_chunked(chunk=4),chunk4,0.04080039858818054,0.03857249915599823,0.03714450001716614,0.03602840006351471,0.03840039968490601,0.035908401012420654,1.1362354612801542,1.132451025198267,1.003341809930566,0.0
fp16,256,128,32,8,tail-negative,2,1,graph_lds_chunked(chunk=4),chunk4,0.04012050032615662,0.03796840012073517,0.036680400371551514,0.035796400904655454,0.038108399510383605,0.035364401340484616,1.1344883217414257,1.1207970441782262,1.0122156617331535,0.0
fp16,256,128,32,16,random,0,1,graph_lds_chunked(chunk=8),chunk4,0.07050880193710327,0.0665287971496582,0.06242870092391968,0.058348602056503295,0.05964459776878357,0.05921670198440552,1.1906911323037117,1.2084060192020427,0.9853402857840541,0.0
fp16,256,128,32,16,random,1,1,graph_lds_chunked(chunk=8),chunk4,0.07226880192756653,0.06784480214118957,0.06475669741630555,0.06010069847106934,0.060636699199676514,0.061764699220657346,1.17006644312122,1.2024619308268862,0.9730590325771152,0.0
fp16,256,128,32,16,random,2,1,graph_lds_chunked(chunk=8),chunk4,0.07269279956817627,0.06763669848442078,0.06454070210456848,0.05946069955825806,0.060632598400115964,0.0613847017288208,1.1842168736000585,1.2225352225624884,0.9686566503318301,0.0
fp16,256,128,32,16,contiguous,0,1,graph_lds_chunked(chunk=8),chunk4,0.07163680195808411,0.06823269724845886,0.06454870104789734,0.058056598901748656,0.06032469868659973,0.060744601488113406,1.1793114153872934,1.2339131694455223,0.9557491115174944,0.0
fp16,256,128,32,16,contiguous,1,1,graph_lds_chunked(chunk=8),chunk4,0.0720088005065918,0.06658880114555359,0.06379669904708862,0.0579567015171051,0.059648698568344115,0.060260599851608275,1.1949565833050693,1.2424585703059623,0.9617677497373653,0.0
fp16,256,128,32,16,contiguous,2,1,graph_lds_chunked(chunk=8),chunk4,0.07130079865455627,0.06686469912528992,0.06224870085716248,0.05813660025596619,0.05968070030212402,0.06031669974327088,1.1821070940226768,1.2264356419300442,0.9638557895809293,0.0
fp16,256,128,32,16,page-cross,0,1,graph_lds_chunked(chunk=8),chunk4,0.07185279726982116,0.0667406976222992,0.062296700477600095,0.058332699537277224,0.05974069833755493,0.06073259711265564,1.1831010147077714,1.2317756222460436,0.9604841931767427,0.0
fp16,256,128,32,16,page-cross,1,1,graph_lds_chunked(chunk=8),chunk4,0.07206879854202271,0.06696079969406128,0.06200870275497437,0.05803660154342651,0.05968469977378845,0.06016470193862915,1.1978584821302083,1.2417818518904222,0.9646287552895484,0.0
fp16,256,128,32,16,page-cross,2,1,graph_lds_chunked(chunk=8),chunk4,0.0724727988243103,0.06652470231056214,0.062036699056625365,0.057976698875427245,0.059312599897384646,0.06084060072898865,1.191191374771868,1.2500332069618243,0.9529277847482389,0.0
fp16,256,128,32,16,tail-negative,0,1,graph_lds_chunked(chunk=8),chunk4,0.0719488024711609,0.0678928017616272,0.06286470293998718,0.05884069800376892,0.06008870005607605,0.060732698440551756,1.1846798235317673,1.2227727561381472,0.9688470875596805,0.0
fp16,256,128,32,16,tail-negative,1,1,graph_lds_chunked(chunk=8),chunk4,0.07198479771614075,0.067220801115036,0.06350079774856568,0.058116698265075685,0.060252702236175536,0.06094470024108887,1.1811494261417115,1.238625040049787,0.9535972452924373,0.0
fp16,256,128,32,16,tail-negative,2,1,graph_lds_chunked(chunk=8),chunk4,0.07158880233764649,0.06649680137634277,0.06243280172348022,0.058236700296401975,0.05984069705009461,0.06024069786071777,1.1883793661083843,1.229272983759168,0.9667334935436965,0.0
fp16,256,128,32,32,random,0,1,graph_lds_chunked(chunk=8),chunk8,0.13460960388183593,0.12729350328445435,0.12062950134277343,0.10776129961013795,0.10668129920959472,0.10444519519805909,1.2888060922915237,1.2617919436598817,1.0214093526015755,0.0
fp16,256,128,32,32,random,1,1,graph_lds_chunked(chunk=8),chunk4,0.13836560249328614,0.12976150512695311,0.11847740411758423,0.10536530017852783,0.10705729722976684,0.10636130571365357,1.3009016913142708,1.3131989588492947,0.9906356402035229,0.0
fp16,256,128,32,32,random,2,1,graph_lds_chunked(chunk=8),chunk8,0.1408216953277588,0.1312695026397705,0.12134939432144165,0.10831320285797119,0.10754120349884033,0.10611729621887207,1.3270381016616482,1.3094673552660896,1.0134182393512117,0.0
fp16,256,128,32,32,contiguous,0,1,graph_lds_chunked(chunk=8),chunk8,0.13908170461654662,0.130313503742218,0.12076539993286133,0.10864930152893067,0.10706520080566406,0.10781329870223999,1.2900236454193288,1.2990374423244793,0.993061172363884,0.0
fp16,256,128,32,32,contiguous,1,1,graph_lds_chunked(chunk=8),chunk8,0.1385056972503662,0.13074949979782105,0.12058939933776855,0.10849330425262452,0.10794919729232788,0.10760129690170288,1.2872121548580913,1.2830637070444435,1.0032332360356475,0.0
fp16,256,128,32,32,contiguous,2,1,graph_lds_chunked(chunk=8),chunk8,0.13929359912872313,0.1310773968696594,0.12211740016937256,0.10926920175552368,0.10890129804611207,0.10760120153427125,1.2945357221160563,1.279081164576588,1.012082546414937,0.0
fp16,256,128,32,32,page-cross,0,1,graph_lds_chunked(chunk=8),chunk8,0.14304959774017334,0.13280949592590333,0.12320139408111572,0.11075329780578613,0.10904120206832886,0.10900919437408448,1.312270937892387,1.3118857370128192,1.000293623803278,0.0
fp16,256,128,32,32,page-cross,1,1,graph_lds_chunked(chunk=8),chunk8,0.14405759572982788,0.13288949728012084,0.12708940505981445,0.11021319627761841,0.10984519720077515,0.10944520235061646,1.3162531809144804,1.3114601220708746,1.0036547499713808,0.0
fp16,256,128,32,32,page-cross,2,1,graph_lds_chunked(chunk=8),chunk8,0.1409216046333313,0.13124550580978395,0.12220540046691894,0.10971720218658447,0.10860519409179688,0.10791319608688354,1.3058792598439202,1.2975586095285598,1.0064125429512456,0.0
fp16,256,128,32,32,tail-negative,0,1,graph_lds_chunked(chunk=8),chunk8,0.14110560417175294,0.13000149726867677,0.12008130550384521,0.10952919721603394,0.10664520263671876,0.10784120559692383,1.308457220880494,1.3231312865748093,0.9889095920841673,0.0
fp16,256,128,32,32,tail-negative,1,1,graph_lds_chunked(chunk=8),chunk8,0.14274560213088988,0.13002949953079224,0.12070939540863038,0.1089851975440979,0.10870519876480103,0.10768519639968872,1.3255824096848887,1.3131442079393096,1.0094720760068676,0.0
fp16,256,128,32,32,tail-negative,2,1,graph_lds_chunked(chunk=8),chunk8,0.14203360080718994,0.13172940015792847,0.12212539911270141,0.10938520431518554,0.108741295337677,0.10854519605636596,1.3085203764654303,1.3061606482259525,1.001806614096576,0.0
fp16,256,128,64,8,random,0,1,graph_lds_chunked(chunk=4),chunk4,0.0730247974395752,0.06828870177268982,0.06823670268058776,0.06322069764137268,0.06778079867362977,0.06410470008850097,1.139148882043897,1.1550773744038305,0.9862100213259268,0.0
fp16,256,128,64,8,random,1,1,graph_lds_chunked(chunk=4),chunk4,0.0715287983417511,0.06746879816055298,0.06802080273628235,0.06301270127296447,0.06749280095100403,0.0631367027759552,1.1329194461670862,1.1351488969167625,0.9980359838645556,0.0
fp16,256,128,64,8,random,2,1,graph_lds_chunked(chunk=4),chunk4,0.07140079736709595,0.06727280020713806,0.06750479936599732,0.06278070211410522,0.06707280278205871,0.0627726972103119,1.1374498872953749,1.1373048558348955,1.0001275220621237,0.0
fp16,256,128,64,8,contiguous,0,1,graph_lds_chunked(chunk=4),chunk4,0.07165679931640626,0.06674079895019532,0.0674727976322174,0.0624767005443573,0.06698079705238343,0.06241670250892639,1.1480388491551345,1.1469363569468791,1.0009612496818832,0.0
fp16,256,128,64,8,contiguous,1,1,graph_lds_chunked(chunk=4),chunk4,0.07220079898834228,0.06633679866790772,0.06675670146942139,0.06200870275497437,0.06613680124282836,0.06177269816398621,1.1688140737623747,1.1643655774197001,1.003820532338763,0.0
fp16,256,128,64,8,contiguous,2,1,graph_lds_chunked(chunk=4),chunk4,0.07175279855728149,0.06636080145835876,0.06614869832992554,0.06130470037460327,0.06606870293617248,0.062492698431015015,1.1481789130371542,1.1704289902541725,0.9809898102300197,0.0
fp16,256,128,64,8,page-cross,0,1,graph_lds_chunked(chunk=4),chunk4,0.06954479813575745,0.06570469737052917,0.06616079807281494,0.062036699056625365,0.0662326991558075,0.06132469773292541,1.1340422489912843,1.1210267340671833,1.0116103519466297,0.0
fp16,256,128,64,8,page-cross,1,1,graph_lds_chunked(chunk=4),chunk4,0.06967669725418091,0.06541669964790345,0.06638870239257813,0.06131669878959656,0.06575279831886291,0.06156460046768188,1.13176560433877,1.136341300650758,0.9959733080991006,0.0
fp16,256,128,64,8,page-cross,2,1,graph_lds_chunked(chunk=4),chunk4,0.07084079980850219,0.06658880114555359,0.0666808009147644,0.06151670217514038,0.06667670011520385,0.062492698431015015,1.133585228147934,1.1515701801896947,0.9843822353590311,0.0
fp16,256,128,64,8,tail-negative,0,1,graph_lds_chunked(chunk=4),chunk4,0.07111279964447022,0.06558079719543457,0.06540470123291016,0.0609965980052948,0.06516870260238647,0.061404699087142946,1.1581002871384476,1.1658486205787622,0.9933539112166483,0.0
fp16,256,128,64,8,tail-negative,1,1,graph_lds_chunked(chunk=4),chunk4,0.07170079946517945,0.06561669707298279,0.06582480072975158,0.062056702375411985,0.0654686987400055,0.06114060282707214,1.1727198645387154,1.1554078241448522,1.014983488974273,0.0
fp16,256,128,64,8,tail-negative,2,1,graph_lds_chunked(chunk=4),chunk4,0.07063279747962951,0.06540470123291016,0.0663407027721405,0.06173670291900635,0.0656607985496521,0.060892701148986816,1.1599550709174733,1.1440973382121513,1.013860475132389,0.0
fp16,256,128,64,16,random,0,1,graph_lds_chunked(chunk=8),chunk8,0.1308333992958069,0.12652939558029175,0.1209252953529358,0.11126129627227783,0.11115330457687378,0.11165319681167603,1.1717837288302804,1.1770536179185058,0.9955228130579601,0.0
fp16,256,128,64,16,random,1,1,graph_lds_chunked(chunk=8),chunk8,0.13459349870681764,0.12447340488433838,0.12220530509948731,0.1130452036857605,0.1122372031211853,0.11217329502105713,1.1998711340480084,1.199187924894152,1.0005697265121452,0.0
fp16,256,128,64,16,random,2,1,graph_lds_chunked(chunk=8),chunk8,0.13474160432815552,0.1255694031715393,0.12286540269851684,0.11362930536270141,0.11232529878616333,0.11131329536437988,1.210471793931569,1.199565955169785,1.0090914873957393,0.0
fp16,256,128,64,16,contiguous,0,1,graph_lds_chunked(chunk=8),chunk8,0.1348175048828125,0.12534539699554442,0.12296539545059204,0.11378929615020753,0.11275730133056641,0.11238529682159423,1.1996009148494595,1.1956432381045818,1.0033100816520752,0.0
fp16,256,128,64,16,contiguous,1,1,graph_lds_chunked(chunk=8),chunk8,0.1355815052986145,0.1258653998374939,0.12315340042114258,0.11385329961776733,0.11278929710388183,0.11211719512939453,1.2092837779444965,1.2020777571983667,1.0059946377869302,0.0
fp16,256,128,64,16,contiguous,2,1,graph_lds_chunked(chunk=8),chunk8,0.1351094961166382,0.12566540241241456,0.12312940359115601,0.11392929553985595,0.11248929500579834,0.11144529581069947,1.2123391582730836,1.2010875889094503,1.0093678175243233,0.0
fp16,256,128,64,16,page-cross,0,1,graph_lds_chunked(chunk=8),chunk8,0.13501349687576295,0.12497340440750122,0.12363729476928711,0.11451330184936523,0.11253329515457153,0.11258920431137084,1.19916911840301,1.1997648934949736,0.9995034234663859,0.0
fp16,256,128,64,16,page-cross,1,1,graph_lds_chunked(chunk=8),chunk8,0.13551759719848633,0.12654540538787842,0.12520140409469604,0.11474529504776002,0.1137012004852295,0.11323330402374268,1.1967998140376712,1.191874814163382,1.0041321452687515,0.0
fp16,256,128,64,16,page-cross,2,1,graph_lds_chunked(chunk=8),chunk8,0.13671749830245972,0.12757740020751954,0.12472540140151978,0.11500530242919922,0.11393729448318482,0.11388119459152221,1.200527433812479,1.1999363239455967,1.0004926176956945,0.0
fp16,256,128,64,16,tail-negative,0,1,graph_lds_chunked(chunk=8),chunk8,0.13558950424194335,0.1261773943901062,0.12341339588165283,0.11423720121383667,0.11352529525756835,0.11299730539321899,1.1999357309460241,1.1943550019783282,1.004672588098557,0.0
fp16,256,128,64,16,tail-negative,1,1,graph_lds_chunked(chunk=8),chunk8,0.1352375030517578,0.12672139406204225,0.12455339431762695,0.11628930568695069,0.11455730199813843,0.11308929920196534,1.1958470342117706,1.1805227662742566,1.0129809169084283,0.0
fp16,256,128,64,16,tail-negative,2,1,graph_lds_chunked(chunk=8),chunk8,0.13610949516296386,0.12671339511871338,0.12448539733886718,0.11552929878234863,0.11434119939804077,0.11330519914627075,1.2012643390463842,1.1903801593784584,1.0091434484875896,0.0
fp16,256,128,64,32,random,0,1,graph_lds_chunked(chunk=8),chunk8,0.2609308958053589,0.24275081157684325,0.23353860378265381,0.210150408744812,0.2090743064880371,0.20499029159545898,1.2728939198754676,1.2480294694665839,1.0199229673795371,0.0
fp16,256,128,64,32,random,1,1,graph_lds_chunked(chunk=8),chunk8,0.2685309886932373,0.24581069946289064,0.23777470588684083,0.21061830520629882,0.21002631187438964,0.21027030944824218,1.2770751581517787,1.278558797213168,0.9988396004433874,0.0
fp16,256,128,64,32,random,2,1,graph_lds_chunked(chunk=8),chunk4,0.2667908906936646,0.24728679656982422,0.23858270645141602,0.21083440780639648,0.21089439392089843,0.21031439304351807,1.2685336787124237,1.2654048903566604,1.0024725590833472,0.0
fp16,256,128,64,32,contiguous,0,1,graph_lds_chunked(chunk=8),chunk8,0.26957499980926514,0.24595880508422852,0.24092669486999513,0.21273040771484375,0.2104543924331665,0.2102344036102295,1.2822592077225,1.2809188570149395,1.0010463978262323,0.0
fp16,256,128,64,32,contiguous,1,1,graph_lds_chunked(chunk=8),chunk8,0.270019006729126,0.24731879234313964,0.23987069129943847,0.2105583906173706,0.20923829078674316,0.21062641143798827,1.2819807586600973,1.2904856262868771,0.9934095603596523,0.0
fp16,256,128,64,32,contiguous,2,1,graph_lds_chunked(chunk=8),chunk8,0.2674628973007202,0.2452547073364258,0.23950660228729248,0.2117624044418335,0.20947039127349854,0.20889840126037598,1.2803491826026376,1.276852999006923,1.0027381253742083,0.0
fp16,256,128,64,32,page-cross,0,1,graph_lds_chunked(chunk=8),chunk8,0.26925899982452395,0.2454227924346924,0.2396907091140747,0.21197841167449952,0.2104504108428955,0.2093264102935791,1.286311648142677,1.2794415498933378,1.0053696069585296,0.0
fp16,256,128,64,32,page-cross,1,1,graph_lds_chunked(chunk=8),chunk8,0.2663029909133911,0.2433706998825073,0.23539059162139891,0.21034638881683348,0.20862228870391847,0.2062143087387085,1.2913894896150016,1.276483891380055,1.0116770750775645,0.0
fp16,256,128,64,32,page-cross,2,1,graph_lds_chunked(chunk=8),chunk8,0.26753499507904055,0.24484269618988036,0.23732259273529052,0.2113262891769409,0.2086582899093628,0.20874640941619874,1.2816268113413587,1.2821680614523039,0.9995778633650161,0.0
fp16,256,128,64,32,tail-negative,0,1,graph_lds_chunked(chunk=8),chunk8,0.26719090938568113,0.24541070461273193,0.23748669624328614,0.21155030727386476,0.21015429496765137,0.20889830589294434,1.2790477560053093,1.2714035153400471,1.0060124426061678,0.0
fp16,256,128,64,32,tail-negative,1,1,graph_lds_chunked(chunk=8),chunk8,0.2657228946685791,0.24632270336151124,0.23800270557403563,0.2107783079147339,0.209574294090271,0.20912230014801025,1.2706578613591604,1.2679174028572557,1.0021613856673384,0.0
fp16,256,128,64,32,tail-negative,2,1,graph_lds_chunked(chunk=8),chunk8,0.2691309928894043,0.2476628065109253,0.23747859001159669,0.21215438842773438,0.2099303960800171,0.2088184118270874,1.2888278889519516,1.2820010723307658,1.0053251255155147,0.0
fp16,256,128,128,8,random,0,1,graph_lds_chunked(chunk=4),global,0.14101760387420653,0.18247400522232055,0.21383039951324462,0.18605010509490966,0.17494989633560182,0.19480619430541993,0.7238866524599168,1.0,0.7238866524599168,0.0
fp16,256,128,128,8,random,1,1,graph_lds_chunked(chunk=4),global,0.13077750205993652,0.17221790552139282,0.20639030933380126,0.1796339988708496,0.17112590074539186,0.18183000087738038,0.7192295079409264,1.0,0.7192295079409264,0.0
fp16,256,128,128,8,random,2,1,graph_lds_chunked(chunk=4),global,0.13078140020370482,0.17110190391540528,0.20679841041564942,0.17995009422302247,0.17072190046310426,0.17887799739837645,0.731120663836836,1.0,0.731120663836836,0.0
fp16,256,128,128,8,contiguous,0,1,graph_lds_chunked(chunk=4),global,0.13078949451446534,0.17854599952697753,0.20645830631256104,0.1800819993019104,0.17154990434646605,0.18429800271987914,0.709663114001603,1.0,0.709663114001603,0.0
fp16,256,128,128,8,contiguous,1,1,graph_lds_chunked(chunk=4),global,0.13039350509643555,0.17285399436950682,0.20607430934906007,0.17996200323104858,0.17126590013504028,0.1844259977340698,0.7070234495054999,1.0,0.7070234495054999,0.0
fp16,256,128,128,8,contiguous,2,1,graph_lds_chunked(chunk=4),global,0.1310094952583313,0.17333799600601196,0.20577430725097656,0.18137409687042236,0.17123789787292482,0.1838981032371521,0.7124026455530296,1.0,0.7124026455530296,0.0
fp16,256,128,128,8,page-cross,0,1,graph_lds_chunked(chunk=4),global,0.13088550567626953,0.17338989973068236,0.20711030960083007,0.18038599491119384,0.17091790437698365,0.18187400102615356,0.719649344809037,1.0,0.719649344809037,0.0
fp16,256,128,128,8,page-cross,1,1,graph_lds_chunked(chunk=4),global,0.1308935046195984,0.17521400451660157,0.21059830188751222,0.18333810567855835,0.17293390035629272,0.18077410459518434,0.7240722055446722,1.0,0.7240722055446722,0.0
fp16,256,128,128,8,page-cross,2,1,graph_lds_chunked(chunk=4),global,0.13068549633026122,0.17103790044784545,0.20648229122161865,0.18005800247192383,0.17086189985275269,0.1797420024871826,0.7270726626047265,1.0,0.7270726626047265,0.0
fp16,256,128,128,8,tail-negative,0,1,graph_lds_chunked(chunk=4),global,0.13100149631500244,0.17273789644241333,0.2055983066558838,0.18072199821472168,0.17204190492630006,0.1849660038948059,0.7082463455798383,1.0,0.7082463455798383,0.0
fp16,256,128,128,8,tail-negative,1,1,graph_lds_chunked(chunk=4),global,0.1301015019416809,0.17110990285873412,0.2044822931289673,0.17934600114822388,0.17065390348434448,0.181413996219635,0.7171525056102569,1.0,0.7171525056102569,0.0
fp16,256,128,128,8,tail-negative,2,1,graph_lds_chunked(chunk=4),global,0.13116140365600587,0.17242590188980103,0.20589830875396728,0.18055399656295776,0.16944589614868164,0.17998600006103516,0.7287311435974334,1.0,0.7287311435974334,0.0
fp16,256,128,128,16,random,0,1,graph_lds_chunked(chunk=8),global,0.24866681098937987,0.32094759941101075,0.3823523044586182,0.34192790985107424,0.31824750900268556,0.3332637071609497,0.7461562889873461,1.0,0.7461562889873461,0.0
fp16,256,128,128,16,random,1,1,graph_lds_chunked(chunk=8),global,0.24805080890655518,0.31960349082946776,0.38274030685424804,0.34087181091308594,0.3181195020675659,0.3338998079299927,0.7428899418791007,1.0,0.7428899418791007,0.0
fp16,256,128,128,16,random,2,1,graph_lds_chunked(chunk=8),global,0.24844679832458497,0.3162674903869629,0.38011229038238525,0.33935179710388186,0.3164515972137451,0.3305316925048828,0.7516580223874139,1.0,0.7516580223874139,0.0
fp16,256,128,128,16,contiguous,0,1,graph_lds_chunked(chunk=8),global,0.24789071083068848,0.31732759475708006,0.3834122896194458,0.34076380729675293,0.317059588432312,0.34275178909301757,0.7232368107739177,1.0,0.7232368107739177,0.0
fp16,256,128,128,16,contiguous,1,1,graph_lds_chunked(chunk=8),global,0.24712679386138917,0.3188875913619995,0.38293230533599854,0.3409518003463745,0.3189955949783325,0.33270370960235596,0.7427834037581142,1.0,0.7427834037581142,0.0
fp16,256,128,128,16,contiguous,2,1,graph_lds_chunked(chunk=8),global,0.24880681037902833,0.32075960636138917,0.3836843013763428,0.34040379524230957,0.3177596092224121,0.3370837926864624,0.7381156133200844,1.0,0.7381156133200844,0.0
fp16,256,128,128,16,page-cross,0,1,graph_lds_chunked(chunk=8),global,0.24686279296875,0.3172555923461914,0.38334031105041505,0.341963791847229,0.31665151119232177,0.33291571140289306,0.7415174006912452,1.0,0.7415174006912452,0.0
fp16,256,128,128,16,page-cross,1,1,graph_lds_chunked(chunk=8),global,0.24875080585479736,0.3171756029129028,0.38386030197143556,0.340867805480957,0.31745960712432864,0.3320717096328735,0.7490876176408019,1.0,0.7490876176408019,0.0
fp16,256,128,128,16,page-cross,2,1,graph_lds_chunked(chunk=8),global,0.24643080234527587,0.3176194906234741,0.38358030319213865,0.3409477949142456,0.3169075012207031,0.3302156925201416,0.7462722333531885,1.0,0.7462722333531885,0.0
fp16,256,128,128,16,tail-negative,0,1,graph_lds_chunked(chunk=8),global,0.2478708028793335,0.32259559631347656,0.38114418983459475,0.3412678003311157,0.318151593208313,0.3344958066940308,0.7410281322482027,1.0,0.7410281322482027,0.0
fp16,256,128,128,16,tail-negative,1,1,graph_lds_chunked(chunk=8),global,0.24859468936920165,0.3169435977935791,0.3816962957382202,0.33923180103302003,0.31817150115966797,0.3327357053756714,0.7471235739144036,1.0,0.7471235739144036,0.0
fp16,256,128,128,16,tail-negative,2,1,graph_lds_chunked(chunk=8),global,0.2456907033920288,0.31735150814056395,0.3810723066329956,0.3408638000488281,0.3172915935516357,0.33832778930664065,0.7261913184711796,1.0,0.7261913184711796,0.0
fp16,256,128,128,32,random,0,1,graph_lds_chunked(chunk=8),global,0.4982935905456543,0.6178709030151367,0.7429163932800293,0.6453032970428467,0.6181028842926025,0.6387950897216796,0.7800523181271771,1.0,0.7800523181271771,0.0
fp16,256,128,128,32,random,1,1,graph_lds_chunked(chunk=8),global,0.49733757972717285,0.6166069030761718,0.7481443881988525,0.6440552234649658,0.6197228908538819,0.6306749820709229,0.7885798451907586,1.0,0.7885798451907586,0.0
fp16,256,128,128,32,random,2,1,graph_lds_chunked(chunk=8),global,0.5016176223754882,0.6191508769989014,0.7412922859191895,0.6463592052459717,0.6173869132995605,0.6300550937652588,0.7961488246651287,1.0,0.7961488246651287,0.0
fp16,256,128,128,32,contiguous,0,1,graph_lds_chunked(chunk=8),global,0.49914159774780276,0.6183428764343262,0.7498363971710205,0.6471191883087158,0.6205989837646484,0.6315351009368897,0.7903623995045095,1.0,0.7903623995045095,0.0
fp16,256,128,128,32,contiguous,1,1,graph_lds_chunked(chunk=8),global,0.5010577201843261,0.6179590225219727,0.7469324111938477,0.6463992118835449,0.6175230026245118,0.6206708908081054,0.8072840656856897,1.0,0.8072840656856897,0.0
fp16,256,128,128,32,contiguous,2,1,graph_lds_chunked(chunk=8),global,0.49973359107971194,0.618874979019165,0.746500301361084,0.6478113174438477,0.6193748950958252,0.6316630840301514,0.7911394598071176,1.0,0.7911394598071176,0.0
fp16,256,128,128,32,page-cross,0,1,graph_lds_chunked(chunk=8),global,0.5033377170562744,0.6202469825744629,0.7475284099578857,0.6486312866210937,0.6188669204711914,0.628971004486084,0.8002558360659863,1.0,0.8002558360659863,0.0
fp16,256,128,128,32,page-cross,1,1,graph_lds_chunked(chunk=8),global,0.4889094829559326,0.6169428825378418,0.7457643985748291,0.6472232818603516,0.6157588958740234,0.6469071865081787,0.7557644947413974,1.0,0.7557644947413974,0.0
fp16,256,128,128,32,page-cross,2,1,graph_lds_chunked(chunk=8),global,0.49709358215332033,0.6170828819274903,0.7479283809661865,0.6484952926635742,0.6194950103759765,0.6275270938873291,0.792146804489325,1.0,0.792146804489325,0.0
fp16,256,128,128,32,tail-negative,0,1,graph_lds_chunked(chunk=8),global,0.49494152069091796,0.6191508769989014,0.74336838722229,0.6477231979370117,0.6183110237121582,0.6329471111297608,0.7819634721256351,1.0,0.7819634721256351,0.0
fp16,256,128,128,32,tail-negative,1,1,graph_lds_chunked(chunk=8),global,0.507841682434082,0.6194189071655274,0.7415043830871582,0.6449711799621582,0.6217949867248536,0.6280710220336914,0.8085736558736506,1.0,0.8085736558736506,0.0
fp16,256,128,128,32,tail-negative,2,1,graph_lds_chunked(chunk=8),global,0.4901975154876709,0.6182508945465088,0.7421603202819824,0.6439311981201172,0.6192429065704346,0.6215469837188721,0.7886733076149702,1.0,0.7886733076149702,0.0
fp16,256,256,32,8,random,0,1,graph_lds_chunked(chunk=4),chunk4,0.06911280155181884,0.06550080180168152,0.06635680198669433,0.06222869753837586,0.06663269996643066,0.06101670265197754,1.1326866013396237,1.1106258733632923,1.019863329772361,0.0
fp16,256,256,32,8,random,1,1,graph_lds_chunked(chunk=4),chunk4,0.07146880030632019,0.06592069864273072,0.06590070128440857,0.060876601934432985,0.06575270295143128,0.06184870004653931,1.1555424811280115,1.1739945732072152,0.9842826427819041,0.0
fp16,256,256,32,8,random,2,1,graph_lds_chunked(chunk=4),chunk4,0.06987680196762085,0.06618480086326599,0.06548870205879212,0.06106460094451904,0.06538469791412353,0.0617127001285553,1.1322920861031636,1.1443094835108845,0.9894981230332462,0.0
fp16,256,256,32,8,contiguous,0,1,graph_lds_chunked(chunk=4),chunk4,0.06966080069541931,0.06591269969940186,0.06540870070457458,0.06106470227241516,0.06566879749298096,0.061796700954437254,1.12725759821354,1.1407703321741616,0.988154728800785,0.0
fp16,256,256,32,8,contiguous,1,1,graph_lds_chunked(chunk=4),chunk4,0.0690288007259369,0.06555269956588745,0.0665328025817871,0.062280702590942386,0.06637679934501647,0.06101269721984863,1.131384185118118,1.1083497432473715,1.0207826473647725,0.0
fp16,256,256,32,8,contiguous,2,1,graph_lds_chunked(chunk=4),chunk4,0.07021679878234863,0.06557270288467407,0.06560879945755005,0.061276698112487794,0.06622880101203918,0.06166859865188599,1.1386151188340845,1.1458972324756986,0.9936450552150465,0.0
fp16,256,256,32,8,page-cross,0,1,graph_lds_chunked(chunk=4),chunk4,0.07097280025482178,0.06672480106353759,0.06592869758605957,0.061328697204589847,0.0657247006893158,0.062152701616287234,1.1419101408171648,1.1572526971844783,0.9867422591412912,0.0
fp16,256,256,32,8,page-cross,1,1,graph_lds_chunked(chunk=4),chunk4,0.06908479928970337,0.0655888020992279,0.06523270010948182,0.06129270195960999,0.06610869765281677,0.06110470294952393,1.1305970891761223,1.1271292842535827,1.0030766700599356,0.0
fp16,256,256,32,8,page-cross,2,1,graph_lds_chunked(chunk=4),chunk4,0.0706167995929718,0.06555669903755187,0.06521679759025574,0.06245669722557068,0.06713680028915406,0.06131269931793213,1.151748338901114,1.1306521594942787,1.0186584169407782,0.0
fp16,256,256,32,8,tail-negative,0,1,graph_lds_chunked(chunk=4),chunk4,0.07107279896736145,0.06546469926834106,0.06517670154571534,0.06121670007705689,0.06508479714393615,0.06282070279121399,1.1313595010799782,1.1610034333425052,0.9744669727830324,0.0
fp16,256,256,32,8,tail-negative,1,1,graph_lds_chunked(chunk=4),chunk4,0.06903280019760132,0.06637279987335205,0.06643670201301574,0.06106470227241516,0.06536870002746582,0.06154469847679138,1.1216693217472455,1.1304861504055117,0.9922008521244567,0.0
fp16,256,256,32,8,tail-negative,2,1,graph_lds_chunked(chunk=4),chunk4,0.06942470073699951,0.06529269814491272,0.06638479828834534,0.062280702590942386,0.06606479883193969,0.06144059896469116,1.129948306280293,1.114706447564965,1.0136734283260165,0.0
fp16,256,256,32,16,random,0,1,graph_lds_chunked(chunk=8),chunk8,0.1322695016860962,0.12394540309906006,0.12120139598846436,0.11288529634475708,0.11216130256652831,0.1112333059310913,1.1891177788785379,1.1792792938334566,1.008342794702262,0.0
fp16,256,256,32,16,random,1,1,graph_lds_chunked(chunk=8),chunk4,0.13427749872207642,0.12252529859542846,0.1191012978553772,0.1114251971244812,0.11183320283889771,0.11162519454956055,1.202931822550674,1.2050909685361852,0.9982083128644355,0.0
fp16,256,256,32,16,random,2,1,graph_lds_chunked(chunk=8),chunk4,0.1336014986038208,0.12244930267333984,0.11986130475997925,0.11062120199203491,0.11102520227432251,0.11084920167922974,1.20525449511518,1.207738626935554,0.9979431544500014,0.0
fp16,256,256,32,16,contiguous,0,1,graph_lds_chunked(chunk=8),chunk4,0.1348734974861145,0.12394139766693116,0.11994539499282837,0.11198129653930664,0.11236129999160767,0.1117851972579956,1.2065416602059758,1.2044287899343302,1.0017542508858168,0.0
fp16,256,256,32,16,contiguous,1,1,graph_lds_chunked(chunk=8),chunk8,0.1342134952545166,0.1255694031715393,0.12195730209350586,0.11300120353698731,0.11237720251083375,0.11241719722747803,1.1938875773867,1.1943124784724706,0.9996442295517887,0.0
fp16,256,256,32,16,contiguous,2,1,graph_lds_chunked(chunk=8),chunk4,0.13381750583648683,0.12434539794921876,0.12104929685592651,0.11262520551681518,0.11282119750976563,0.11071319580078125,1.2086861450308035,1.188166585112314,1.0172699351888859,0.0
fp16,256,256,32,16,page-cross,0,1,graph_lds_chunked(chunk=8),chunk8,0.1338775038719177,0.12487339973449707,0.12152539491653443,0.11265729665756226,0.1122452974319458,0.11112929582595825,1.2047003706528103,1.1927226078498967,1.010042370895028,0.0
fp16,256,256,32,16,page-cross,1,1,graph_lds_chunked(chunk=8),chunk8,0.1336894989013672,0.12482939958572388,0.121841299533844,0.1129531979560852,0.11255730390548706,0.11234920024871826,1.18994615542795,1.1877461014313613,1.0018522931743892,0.0
fp16,256,256,32,16,page-cross,2,1,graph_lds_chunked(chunk=8),chunk8,0.13610149621963502,0.12575340270996094,0.12189329862594604,0.11299329996109009,0.1127092957496643,0.11210520267486572,1.2140515602506408,1.2075445535737046,1.005388626579184,0.0
fp16,256,256,32,16,tail-negative,0,1,graph_lds_chunked(chunk=8),chunk8,0.1347254991531372,0.12569739818572997,0.12274940013885498,0.1130571961402893,0.11285719871520997,0.11252130270004272,1.1973332686370155,1.1937696548105088,1.0029851770918674,0.0
fp16,256,256,32,16,tail-negative,1,1,graph_lds_chunked(chunk=8),chunk4,0.1342175006866455,0.12590149641036988,0.12264139652252197,0.11352529525756835,0.11375730037689209,0.11253329515457153,1.1926914652440361,1.182269558358164,1.008815169782723,0.0
fp16,256,256,32,16,tail-negative,2,1,graph_lds_chunked(chunk=8),chunk4,0.13536150455474855,0.1264775037765503,0.12320139408111572,0.11382919549942017,0.11447329521179199,0.1140733003616333,1.1866186401693275,1.1891633245834374,0.9978601052004346,0.0
fp16,256,256,32,32,random,0,1,graph_lds_chunked(chunk=8),chunk4,0.2581469058990479,0.24387478828430176,0.23241059780120848,0.20679430961608886,0.20751430988311767,0.20553030967712402,1.2560040721224106,1.2483269311341036,1.0061499442147999,0.0
fp16,256,256,32,32,random,1,1,graph_lds_chunked(chunk=8),chunk8,0.26431100368499755,0.24551079273223878,0.23528270721435546,0.2101423978805542,0.20827040672302247,0.2081063985824585,1.2700762950364977,1.2690761392544028,1.0007880975389567,0.0
fp16,256,256,32,32,random,2,1,graph_lds_chunked(chunk=8),chunk8,0.2671070098876953,0.24606668949127197,0.2384105920791626,0.21129438877105713,0.21042640209198,0.20971829891204835,1.2736466549336005,1.2693607229521489,1.0033764491873387,0.0
fp16,256,256,32,32,contiguous,0,1,graph_lds_chunked(chunk=8),chunk8,0.26826701164245603,0.24924280643463134,0.23801469802856445,0.21093039512634276,0.21011428833007811,0.21339840888977052,1.25711814365508,1.2767671050577158,0.9846103793520373,0.0
fp16,256,256,32,32,contiguous,1,1,graph_lds_chunked(chunk=8),chunk8,0.26712698936462403,0.24914278984069824,0.2370906114578247,0.2111664056777954,0.20991039276123047,0.2108902931213379,1.2666632750656275,1.2725762924395863,0.9953535065763144,0.0
fp16,256,256,32,32,contiguous,2,1,graph_lds_chunked(chunk=8),chunk4,0.265942907333374,0.24775080680847167,0.23655869960784912,0.21037039756774903,0.2104823112487793,0.2099224090576172,1.2668628781807707,1.264165065085871,1.0021340671162404,0.0
fp16,256,256,32,32,page-cross,0,1,graph_lds_chunked(chunk=8),chunk8,0.2674870014190674,0.24435479640960694,0.23411860466003417,0.20927829742431642,0.2089782953262329,0.2071463108062744,1.291295028996313,1.2799750376061658,1.0088439157464493,0.0
fp16,256,256,32,32,page-cross,1,1,graph_lds_chunked(chunk=8),chunk8,0.265922999382019,0.24596281051635743,0.23749868869781493,0.21031029224395753,0.20831830501556398,0.208754301071167,1.2738563853176013,1.2765224801639552,0.9979114391733928,0.0
fp16,256,256,32,32,page-cross,2,1,graph_lds_chunked(chunk=8),chunk8,0.2659029960632324,0.24648671150207518,0.23763060569763184,0.20965440273284913,0.2076263904571533,0.20955829620361327,1.2688736302993842,1.2806801460920514,0.9907810581520339,0.0
fp16,256,256,32,32,tail-negative,0,1,graph_lds_chunked(chunk=8),chunk8,0.2646630048751831,0.24596679210662842,0.23691070079803467,0.2097383975982666,0.20959830284118652,0.20835039615631104,1.270278385631792,1.2627154003041683,1.0059894615412166,0.0
fp16,256,256,32,32,tail-negative,1,1,graph_lds_chunked(chunk=8),chunk8,0.2670949935913086,0.2458867073059082,0.23901069164276123,0.21144239902496337,0.21011829376220703,0.209574294090271,1.274464479294686,1.2711648700782936,1.002595736630284,0.0
fp16,256,256,32,32,tail-negative,2,1,graph_lds_chunked(chunk=8),chunk8,0.2690069913864136,0.24756269454956054,0.23767058849334716,0.21175839900970458,0.21013031005859376,0.21044230461120605,1.278293315991793,1.280191283739135,0.998517434252639,0.0
fp16,256,256,64,8,random,0,1,graph_lds_chunked(chunk=4),global,0.139465594291687,0.1801460027694702,0.21161839962005616,0.18378609418869019,0.17341389656066894,0.1908100962638855,0.7309130754737927,1.0,0.7309130754737927,0.0
fp16,256,256,64,8,random,1,1,graph_lds_chunked(chunk=4),global,0.13058149814605713,0.18017410039901732,0.22415449619293212,0.1897781014442444,0.1759258985519409,0.18102600574493408,0.7213411001845043,1.0,0.7213411001845043,0.0
fp16,256,256,64,8,random,2,1,graph_lds_chunked(chunk=4),global,0.13832950592041016,0.17040189504623413,0.20618228912353515,0.17790600061416625,0.1706899046897888,0.17914600372314454,0.772160712745717,1.0,0.772160712745717,0.0
fp16,256,256,64,8,contiguous,0,1,graph_lds_chunked(chunk=4),global,0.12970149517059326,0.17230199575424193,0.20415430068969725,0.17860599756240844,0.170245897769928,0.18293410539627075,0.7090066386999552,1.0,0.7090066386999552,0.0
fp16,256,256,64,8,contiguous,1,1,graph_lds_chunked(chunk=4),global,0.1320134997367859,0.17788200378417968,0.20276229381561278,0.17872610092163085,0.1701779007911682,0.18071000576019286,0.7305267861701661,1.0,0.7305267861701661,0.0
fp16,256,256,64,8,contiguous,2,1,graph_lds_chunked(chunk=4),global,0.1311614990234375,0.17121390104293824,0.20332229137420654,0.17854199409484864,0.1707298994064331,0.1798580050468445,0.7292502715643717,1.0,0.7292502715643717,0.0
fp16,256,256,64,8,page-cross,0,1,graph_lds_chunked(chunk=4),global,0.13157739639282226,0.17068589925765992,0.20301830768585205,0.17908999919891358,0.1703379988670349,0.17903399467468262,0.7349296798739684,1.0,0.7349296798739684,0.0
fp16,256,256,64,8,page-cross,1,1,graph_lds_chunked(chunk=4),global,0.13040150403976442,0.1745219945907593,0.20493431091308595,0.17939809560775757,0.17066190242767335,0.18269009590148927,0.7137852952361464,1.0,0.7137852952361464,0.0
fp16,256,256,64,8,page-cross,2,1,graph_lds_chunked(chunk=4),global,0.13135340213775634,0.17287399768829345,0.2026823043823242,0.17922199964523317,0.1703099012374878,0.1821300983428955,0.7212064526010297,1.0,0.7212064526010297,0.0
fp16,256,256,64,8,tail-negative,0,1,graph_lds_chunked(chunk=4),global,0.1298895001411438,0.17437390089035035,0.20433828830718995,0.18081400394439698,0.17250590324401854,0.17939000129699706,0.7240620948884409,1.0,0.7240620948884409,0.0
fp16,256,256,64,8,tail-negative,1,1,graph_lds_chunked(chunk=4),global,0.1305374026298523,0.17212599515914917,0.20528230667114258,0.1787700057029724,0.1705338954925537,0.17919809818267823,0.728453058116609,1.0,0.728453058116609,0.0
fp16,256,256,64,8,tail-negative,2,1,graph_lds_chunked(chunk=4),global,0.13007349967956544,0.17236989736557007,0.20356230735778807,0.17972999811172485,0.17053790092468263,0.18253400325775146,0.7125987342527741,1.0,0.7125987342527741,0.0
fp16,256,256,64,16,random,0,1,graph_lds_chunked(chunk=8),global,0.24809479713439941,0.31660759449005127,0.38112430572509765,0.33825979232788084,0.3170675992965698,0.34443590641021726,0.7202930719973276,1.0,0.7202930719973276,0.0
fp16,256,256,64,16,random,1,1,graph_lds_chunked(chunk=8),global,0.24637870788574218,0.3195516109466553,0.37941229343414307,0.338555908203125,0.317407488822937,0.3280756950378418,0.7509812875876821,1.0,0.7509812875876821,0.0
fp16,256,256,64,16,random,2,1,graph_lds_chunked(chunk=8),global,0.24943079948425292,0.3167356014251709,0.3793442964553833,0.3388077974319458,0.3159595012664795,0.32324368953704835,0.7716494012349917,1.0,0.7716494012349917,0.0
fp16,256,256,64,16,contiguous,0,1,graph_lds_chunked(chunk=8),global,0.24641880989074708,0.3167274951934814,0.37838819026947024,0.3371438026428223,0.315855598449707,0.3297677993774414,0.747249459637823,1.0,0.747249459637823,0.0
fp16,256,256,64,16,contiguous,1,1,graph_lds_chunked(chunk=8),global,0.24921081066131592,0.3169516086578369,0.3779323101043701,0.3377877950668335,0.3178355932235718,0.3533318996429443,0.7053164769814251,1.0,0.7053164769814251,0.0
fp16,256,256,64,16,contiguous,2,1,graph_lds_chunked(chunk=8),global,0.24671878814697265,0.3263916015625,0.3800563097000122,0.3385158061981201,0.31573560237884524,0.32523159980773925,0.7585941473485988,1.0,0.7585941473485988,0.0
fp16,256,256,64,16,page-cross,0,1,graph_lds_chunked(chunk=8),global,0.2465667963027954,0.3188836097717285,0.37946429252624514,0.3393837928771973,0.3151834964752197,0.3321958065032959,0.7422333198548341,1.0,0.7422333198548341,0.0
fp16,256,256,64,16,page-cross,1,1,graph_lds_chunked(chunk=8),global,0.248170804977417,0.31641159057617185,0.3794922113418579,0.3370117902755737,0.31628758907318116,0.3285917043685913,0.7552558438877576,1.0,0.7552558438877576,0.0
fp16,256,256,64,16,page-cross,2,1,graph_lds_chunked(chunk=8),global,0.2472548007965088,0.3159715890884399,0.37917630672454833,0.33775579929351807,0.3162874937057495,0.3291636943817139,0.7511606079793853,1.0,0.7511606079793853,0.0
fp16,256,256,64,16,tail-negative,0,1,graph_lds_chunked(chunk=8),global,0.24505870342254638,0.32217559814453123,0.3785001993179321,0.3374598026275635,0.3161236047744751,0.3186516046524048,0.7690490173111293,1.0,0.7690490173111293,0.0
fp16,256,256,64,16,tail-negative,1,1,graph_lds_chunked(chunk=8),global,0.24569480419158934,0.31689560413360596,0.37872018814086916,0.3384638071060181,0.31729960441589355,0.32998769283294677,0.7445574775298365,1.0,0.7445574775298365,0.0
fp16,256,256,64,16,tail-negative,2,1,graph_lds_chunked(chunk=8),global,0.24662280082702637,0.31741158962249755,0.3787761926651001,0.3371998071670532,0.3161036014556885,0.3323038101196289,0.7421606172322927,1.0,0.7421606172322927,0.0
fp16,256,256,64,32,random,0,1,graph_lds_chunked(chunk=8),global,0.502057695388794,0.6160309791564942,0.7390082836151123,0.6428791999816894,0.616910982131958,0.6433271884918212,0.780408016900061,1.0,0.780408016900061,0.0
fp16,256,256,64,32,random,1,1,graph_lds_chunked(chunk=8),global,0.4998216152191162,0.6166989803314209,0.7369243144989014,0.6468953132629395,0.6170588970184326,0.626947021484375,0.7972310228633457,1.0,0.7972310228633457,0.0
fp16,256,256,64,32,random,2,1,graph_lds_chunked(chunk=8),global,0.49559760093688965,0.6164548873901368,0.7382163047790528,0.6466153144836426,0.6176750183105468,0.6286911010742188,0.7883006457226487,1.0,0.7883006457226487,0.0
fp16,256,256,64,32,contiguous,0,1,graph_lds_chunked(chunk=8),global,0.5003376960754394,0.6169349193572998,0.7426124095916748,0.6419832229614257,0.6170148849487305,0.6304831027984619,0.7935782796630725,1.0,0.7935782796630725,0.0
fp16,256,256,64,32,contiguous,1,1,graph_lds_chunked(chunk=8),global,0.5030975818634034,0.6216149806976319,0.7423762798309326,0.6402632236480713,0.6143828868865967,0.6295510768890381,0.7991370364252067,1.0,0.7991370364252067,0.0
fp16,256,256,64,32,contiguous,2,1,graph_lds_chunked(chunk=8),global,0.49793357849121095,0.6204110145568847,0.7436923980712891,0.6430992126464844,0.6152070045471192,0.6299070835113525,0.7904873457138015,1.0,0.7904873457138015,0.0
fp16,256,256,64,32,page-cross,0,1,graph_lds_chunked(chunk=8),global,0.49460949897766116,0.6161229133605957,0.7358882904052735,0.6423711776733398,0.6195710182189942,0.6230669975280761,0.7938303600414551,1.0,0.7938303600414551,0.0
fp16,256,256,64,32,page-cross,1,1,graph_lds_chunked(chunk=8),global,0.5026416778564453,0.6178830146789551,0.7342843055725098,0.6453473091125488,0.6159869194030761,0.628951120376587,0.7991744693220144,1.0,0.7991744693220144,0.0
fp16,256,256,64,32,page-cross,2,1,graph_lds_chunked(chunk=8),global,0.49602160453796384,0.6180509090423584,0.735688304901123,0.647087287902832,0.615894889831543,0.6224549770355224,0.796879489823176,1.0,0.796879489823176,0.0
fp16,256,256,64,32,tail-negative,0,1,graph_lds_chunked(chunk=8),global,0.4864815235137939,0.6172190189361573,0.7376402854919434,0.6453833103179931,0.6166709899902344,0.6313951015472412,0.7704866925981294,1.0,0.7704866925981294,0.0
fp16,256,256,64,32,tail-negative,1,1,graph_lds_chunked(chunk=8),global,0.4973775863647461,0.6176749229431152,0.7359803199768067,0.6430791854858399,0.6183549880981445,0.6171070098876953,0.8059827200071212,1.0,0.8059827200071212,0.0
fp16,256,256,64,32,tail-negative,2,1,graph_lds_chunked(chunk=8),global,0.4948296070098877,0.6212350845336914,0.7375123977661133,0.642775297164917,0.6150829792022705,0.6340431213378906,0.7804352580401009,1.0,0.7804352580401009,0.0
fp16,256,256,128,8,random,0,0,graph_global,global,0.25250279903411865,,,,,0.26979100704193115,0.9359199989748896,1.0,0.9359199989748896,0.0
fp16,256,256,128,8,random,1,0,graph_global,global,0.25527091026306153,,,,,0.25925090312957766,0.984648104139769,1.0,0.984648104139769,0.0
fp16,256,256,128,8,random,2,0,graph_global,global,0.26793100833892824,,,,,0.25610690116882323,1.0461686394085519,1.0,1.0461686394085519,0.0
fp16,256,256,128,8,contiguous,0,0,graph_global,global,0.261070990562439,,,,,0.2602509021759033,1.003151145220551,1.0,1.003151145220551,0.0
fp16,256,256,128,8,contiguous,1,0,graph_global,global,0.2619149923324585,,,,,0.2647310018539429,0.9893627512389425,1.0,0.9893627512389425,0.0
fp16,256,256,128,8,contiguous,2,0,graph_global,global,0.2664949893951416,,,,,0.26479101181030273,1.006435179099129,1.0,1.006435179099129,0.0
fp16,256,256,128,8,page-cross,0,0,graph_global,global,0.2658910036087036,,,,,0.265595006942749,1.001114466229474,1.0,1.001114466229474,0.0
fp16,256,256,128,8,page-cross,1,0,graph_global,global,0.26683499813079836,,,,,0.2654949903488159,1.005047205524375,1.0,1.005047205524375,0.0
fp16,256,256,128,8,page-cross,2,0,graph_global,global,0.2660029888153076,,,,,0.2674429893493652,0.9946156729044913,1.0,0.9946156729044913,0.0
fp16,256,256,128,8,tail-negative,0,0,graph_global,global,0.2696670055389404,,,,,0.2685950994491577,1.0039907879629264,1.0,1.0039907879629264,0.0
fp16,256,256,128,8,tail-negative,1,0,graph_global,global,0.26639499664306643,,,,,0.26671500205993653,0.99880019716027,1.0,0.99880019716027,0.0
fp16,256,256,128,8,tail-negative,2,0,graph_global,global,0.266195011138916,,,,,0.26717898845672605,0.9963171605540778,1.0,0.9963171605540778,0.0
fp16,256,256,128,16,random,0,0,graph_global,global,0.5210218906402588,,,,,0.5288980007171631,0.985108451788011,1.0,0.985108451788011,0.0
fp16,256,256,128,16,random,1,0,graph_global,global,0.5280701160430908,,,,,0.52984619140625,0.9966479416253888,1.0,0.9966479416253888,0.0
fp16,256,256,128,16,random,2,0,graph_global,global,0.5265100955963135,,,,,0.5269180774688721,0.9992257204867245,1.0,0.9992257204867245,0.0
fp16,256,256,128,16,contiguous,0,0,graph_global,global,0.5292821884155273,,,,,0.5296341896057128,0.9993353880903203,1.0,0.9993353880903203,0.0
fp16,256,256,128,16,contiguous,1,0,graph_global,global,0.5223620891571045,,,,,0.5285741806030273,0.9882474557519331,1.0,0.9882474557519331,0.0
fp16,256,256,128,16,contiguous,2,0,graph_global,global,0.527358102798462,,,,,0.5292821884155273,0.9963647263044589,1.0,0.9963647263044589,0.0
fp16,256,256,128,16,page-cross,0,0,graph_global,global,0.5280979156494141,,,,,0.5289579868316651,0.9983740274205848,1.0,0.9983740274205848,0.0
fp16,256,256,128,16,page-cross,1,0,graph_global,global,0.5266899108886719,,,,,0.5260179996490478,1.0012773540830777,1.0,1.0012773540830777,0.0
fp16,256,256,128,16,page-cross,2,0,graph_global,global,0.526662015914917,,,,,0.52677001953125,0.999794970077399,1.0,0.999794970077399,0.0
fp16,256,256,128,16,tail-negative,0,0,graph_global,global,0.5243659973144531,,,,,0.5270780086517334,0.9948546300684834,1.0,0.9948546300684834,0.0
fp16,256,256,128,16,tail-negative,1,0,graph_global,global,0.5264459133148194,,,,,0.5314819812774658,0.9905244803397816,1.0,0.9905244803397816,0.0
fp16,256,256,128,16,tail-negative,2,0,graph_global,global,0.530270004272461,,,,,0.5380259990692139,0.9855843494363269,1.0,0.9855843494363269,0.0
fp16,256,256,128,32,random,0,0,graph_global,global,1.0867962837219238,,,,,1.1137486457824708,0.9758003188936661,1.0,0.9758003188936661,0.0
fp16,256,256,128,32,random,1,0,graph_global,global,1.0824962615966798,,,,,1.0846641540527344,0.9980013237757009,1.0,0.9980013237757009,0.0
fp16,256,256,128,32,random,2,0,graph_global,global,1.1011967658996582,,,,,1.0886326789855958,1.0115411627416604,1.0,1.0115411627416604,0.0
fp16,256,256,128,32,contiguous,0,0,graph_global,global,1.1161250114440917,,,,,1.0686084747314453,1.0444658056119085,1.0,1.0444658056119085,0.0
fp16,256,256,128,32,contiguous,1,0,graph_global,global,1.0978208541870118,,,,,1.0533799171447753,1.042188897205004,1.0,1.042188897205004,0.0
fp16,256,256,128,32,contiguous,2,0,graph_global,global,1.0269275665283204,,,,,1.099376392364502,0.9341000713319294,1.0,0.9341000713319294,0.0
fp16,256,256,128,32,page-cross,0,0,graph_global,global,1.035379695892334,,,,,1.0560238838195801,0.9804510217585447,1.0,0.9804510217585447,0.0
fp16,256,256,128,32,page-cross,1,0,graph_global,global,1.0715721130371094,,,,,1.0742000579833983,0.9975535795899859,1.0,0.9975535795899859,0.0
fp16,256,256,128,32,page-cross,2,0,graph_global,global,1.095996379852295,,,,,1.081088161468506,1.0137900116892764,1.0,1.0137900116892764,0.0
fp16,256,256,128,32,tail-negative,0,0,graph_global,global,1.0664480209350586,,,,,1.0536918640136719,1.0121061548988304,1.0,1.0121061548988304,0.0
fp16,256,256,128,32,tail-negative,1,0,graph_global,global,1.062596035003662,,,,,1.0789042472839356,0.9848844674387663,1.0,0.9848844674387663,0.0
fp16,256,256,128,32,tail-negative,2,0,graph_global,global,1.1177725791931152,,,,,1.0980443954467773,1.0179666540152148,1.0,1.0179666540152148,0.0
bf16,32,64,32,8,random,0,1,graph_global,global,0.00973609983921051,0.01740420013666153,0.010424099862575531,0.012792199850082397,0.017368200421333312,0.009536200016736985,1.020962209488337,1.0,1.020962209488337,0.0
bf16,32,64,32,8,random,1,1,graph_global,global,0.009708099812269212,0.01734820008277893,0.010220099985599519,0.012340199947357178,0.01709219962358475,0.00949610024690628,1.022324908104461,1.0,1.022324908104461,0.0
bf16,32,64,32,8,random,2,1,graph_global,global,0.009476099908351899,0.016696199774742126,0.010036099702119827,0.01226010024547577,0.01655620038509369,0.009188099950551986,1.031344887337954,1.0,1.031344887337954,0.0
bf16,32,64,32,8,contiguous,0,1,graph_global,global,0.009408099949359894,0.016196200251579286,0.009992100298404694,0.011704099923372268,0.016044199466705322,0.0091000996530056,1.0338458157711017,1.0,1.0338458157711017,0.0
bf16,32,64,32,8,contiguous,1,1,graph_global,global,0.009132099896669387,0.01615609973669052,0.009812100231647492,0.011788100004196167,0.016052199900150298,0.009032099694013595,1.0110716451371846,1.0,1.0110716451371846,0.0
bf16,32,64,32,8,contiguous,2,1,graph_global,global,0.009000100195407867,0.01591220051050186,0.00984409973025322,0.01199209988117218,0.016060200333595277,0.00899609997868538,1.0004446612122992,1.0,1.0004446612122992,0.0
bf16,32,64,32,8,page-cross,0,1,graph_global,global,0.00899609997868538,0.01591619998216629,0.010072100162506103,0.011740099638700485,0.01621609926223755,0.009040100127458572,0.9951327808151653,1.0,0.9951327808151653,0.0
bf16,32,64,32,8,page-cross,1,1,graph_global,global,0.009112100303173064,0.015884199738502504,0.009956099838018418,0.011732099950313568,0.015988199412822722,0.009216099977493286,0.9887154355340979,1.0,0.9887154355340979,0.0
bf16,32,64,32,8,page-cross,2,1,graph_global,global,0.00915210023522377,0.01592009961605072,0.010016199946403504,0.011828099936246872,0.016032199561595916,0.009196099638938905,0.9952154276875353,1.0,0.9952154276875353,0.0
bf16,32,64,32,8,tail-negative,0,1,graph_global,global,0.00920410007238388,0.015924200415611267,0.009756100177764893,0.011764100193977356,0.01626420021057129,0.008976099640130996,1.025400835707474,1.0,1.025400835707474,0.0
bf16,32,64,32,8,tail-negative,1,1,graph_global,global,0.009320099651813508,0.01612820029258728,0.009796100109815598,0.011732199788093567,0.016048100590705872,0.009032099694013595,1.0318862687034773,1.0,1.0318862687034773,0.0
bf16,32,64,32,8,tail-negative,2,1,graph_global,global,0.009224099665880203,0.015880100429058075,0.010084199905395507,0.011740099638700485,0.01602820008993149,0.009004099667072296,1.0244333144836724,1.0,1.0244333144836724,0.0
bf16,32,64,32,16,random,0,1,graph_lds_chunked(chunk=2),chunk2,0.011264199763536454,0.024732300639152528,0.01074410006403923,0.012156199663877487,0.01620420068502426,0.010776100307703018,1.0452946281025735,1.0484079351827715,0.9970304430406134,0.0
bf16,32,64,32,16,random,1,1,graph_lds_chunked(chunk=2),chunk2,0.011312100291252136,0.024740299582481383,0.01098409965634346,0.012128099799156189,0.016216200590133668,0.010764099657535553,1.0509100297425198,1.0298614037718832,1.0204383093623528,0.0
bf16,32,64,32,16,random,2,1,graph_lds_chunked(chunk=2),chunk2,0.01124819964170456,0.02475229948759079,0.01100810021162033,0.012104199826717376,0.016380199790000917,0.01066809967160225,1.0543770669528423,1.0218111595523791,1.0318707689733289,0.0
bf16,32,64,32,16,contiguous,0,1,graph_lds_chunked(chunk=2),chunk2,0.011340100318193436,0.024764299392700195,0.010972099751234055,0.012164100259542465,0.016416199505329132,0.010696200281381607,1.0601989510174596,1.0335396665454113,1.0257941570459086,0.0
bf16,32,64,32,16,contiguous,1,1,graph_lds_chunked(chunk=2),chunk2,0.011180199682712555,0.02475219964981079,0.010736200213432311,0.012168099731206894,0.016472199559211732,0.010696099698543548,1.0452594868982874,1.0413553641375601,1.0037490782639418,0.0
bf16,32,64,32,16,contiguous,2,1,graph_lds_chunked(chunk=2),chunk2,0.011076100170612335,0.024756300449371337,0.010916099697351456,0.012184199690818787,0.0164682000875473,0.010864099860191346,1.0195138403686632,1.0146572931447024,1.0047863916780304,0.0
bf16,32,64,32,16,page-cross,0,1,graph_lds_chunked(chunk=2),chunk2,0.011204099655151368,0.02496429979801178,0.010684099793434144,0.012116099894046783,0.01642410010099411,0.010692200064659119,1.0478759831836881,1.0486704422245088,0.99924241305101,0.0
bf16,32,64,32,16,page-cross,1,1,graph_lds_chunked(chunk=2),chunk2,0.011232099682092666,0.02480829954147339,0.010936199873685836,0.012184099853038787,0.016592200100421905,0.01079609990119934,1.040384933900518,1.0270569129884697,1.0129769058982987,0.0
bf16,32,64,32,16,page-cross,2,1,graph_lds_chunked(chunk=2),chunk2,0.010968200117349624,0.02469229996204376,0.010808099806308747,0.012156199663877487,0.016436199843883514,0.010896100103855133,1.0066170476415668,1.014812993394771,0.9919236885943026,0.0
bf16,32,64,32,16,tail-negative,0,1,graph_lds_chunked(chunk=2),chunk2,0.011256200075149537,0.024708199501037597,0.010920199751853942,0.012136100232601166,0.017260199785232543,0.012004099786281586,0.9376963100567727,1.0307686975449832,0.9097058460255107,0.0
bf16,32,64,32,16,tail-negative,1,1,graph_lds_chunked(chunk=2),chunk2,0.011312100291252136,0.024740199744701385,0.010988199710845947,0.01212410032749176,0.016256199777126314,0.010632099956274033,1.0639572932698806,1.029477129004716,1.0334928900251523,0.0
bf16,32,64,32,16,tail-negative,2,1,graph_lds_chunked(chunk=2),chunk2,0.011240100115537643,0.024892300367355347,0.01064009964466095,0.012136100232601166,0.016388200223445892,0.01064009964466095,1.056390493596342,1.056390493596342,1.0,0.0
bf16,32,64,32,32,random,0,1,graph_lds_chunked(chunk=4),chunk4,0.014812099933624267,0.042560499906539914,0.014220100641250611,0.013604199886322022,0.016908200085163118,0.013620199263095855,1.0875097821628708,1.0887887606324202,0.9988253199189836,0.0
bf16,32,64,32,32,random,1,1,graph_lds_chunked(chunk=4),chunk4,0.014788100123405456,0.04257239997386932,0.01528010070323944,0.013572199642658234,0.016860200464725493,0.013596199452877045,1.0876642531362835,1.089587577014825,0.9982348147876183,0.0
bf16,32,64,32,32,random,2,1,graph_lds_chunked(chunk=4),chunk4,0.01482820063829422,0.04250049889087677,0.014412200450897217,0.013536100089550019,0.01695220023393631,0.013512100279331207,1.0974016127586166,1.0954558949916242,1.0017761717070384,0.0
bf16,32,64,32,32,contiguous,0,1,graph_lds_chunked(chunk=4),chunk4,0.014780199527740479,0.04256449937820435,0.014288200438022614,0.013540199398994446,0.017088200151920318,0.013608199357986451,1.0861245590928383,1.0915791630689073,0.9950030156670143,0.0
bf16,32,64,32,32,contiguous,1,1,graph_lds_chunked(chunk=4),chunk4,0.01482820063829422,0.04237650036811828,0.014576199650764465,0.01356009989976883,0.017148199677467345,0.013544100522994994,1.0948088145919397,1.0935170646159478,1.0011812801261089,0.0
bf16,32,64,32,32,contiguous,2,1,graph_lds_chunked(chunk=4),chunk4,0.014868099987506867,0.04299249947071075,0.014356100559234619,0.013580100238323211,0.016884200274944305,0.013600100576877595,1.0932345612785452,1.0948446422765648,0.9985293977466323,0.0
bf16,32,64,32,32,page-cross,0,1,graph_lds_chunked(chunk=4),chunk4,0.014556099474430085,0.04242039918899536,0.014396099746227265,0.013560199737548828,0.017088200151920318,0.013760200142860413,1.057840679881581,1.0734428515918955,0.9854652982343897,0.0
bf16,32,64,32,32,page-cross,1,1,graph_lds_chunked(chunk=4),chunk4,0.014628100395202636,0.04256440103054047,0.014312100410461426,0.013484199345111848,0.016908200085163118,0.013564200699329376,1.0784343817565203,1.084832700912677,0.9941020222281521,0.0
bf16,32,64,32,32,page-cross,2,1,graph_lds_chunked(chunk=4),chunk4,0.014608199894428252,0.042412498593330385,0.01442819982767105,0.013476100564002991,0.016984100639820098,0.013708099722862244,1.0656619217662118,1.0840079313039037,0.983075760787447,0.0
bf16,32,64,32,32,tail-negative,0,1,graph_lds_chunked(chunk=4),chunk4,0.014664199948310853,0.042384499311447145,0.014116199314594268,0.013600100576877595,0.01682019978761673,0.013480100035667419,1.0878405879415127,1.0782420222128652,1.008902051237948,0.0
bf16,32,64,32,32,tail-negative,1,1,graph_lds_chunked(chunk=4),chunk4,0.014620199799537659,0.04233250021934509,0.014276200532913208,0.0135561004281044,0.01689620018005371,0.013416199386119843,1.089742286825541,1.0784959787718285,1.0104277700381596,0.0
bf16,32,64,32,32,tail-negative,2,1,graph_lds_chunked(chunk=4),chunk4,0.014764100313186646,0.04260450005531311,0.014236199855804443,0.01371610015630722,0.01687610000371933,0.01356009989976883,1.0887899368232783,1.0764065692825604,1.0115043589421528,0.0
bf16,32,64,64,8,random,0,1,graph_global,global,0.01130409985780716,0.02120420038700104,0.012164200097322464,0.015012100338935852,0.021100200712680817,0.011076200008392333,1.020575635077206,1.0,1.020575635077206,0.0
bf16,32,64,64,8,random,1,1,graph_global,global,0.011400099843740463,0.020864200592041016,0.012112099677324295,0.015216100215911865,0.02101220041513443,0.01100810021162033,1.0356101075194002,1.0,1.0356101075194002,0.0
bf16,32,64,64,8,random,2,1,graph_global,global,0.011344199627637863,0.020880299806594848,0.012128099799156189,0.015196199715137481,0.02104029953479767,0.01103610023856163,1.0279174148853498,1.0,1.0279174148853498,0.0
bf16,32,64,64,8,contiguous,0,1,graph_global,global,0.011064100265502929,0.021100200712680817,0.012136100232601166,0.015052099525928498,0.021260200440883635,0.011056099832057954,1.0007236216718827,1.0,1.0007236216718827,0.0
bf16,32,64,64,8,contiguous,1,1,graph_global,global,0.011388099938631057,0.02090020030736923,0.012108200043439866,0.014964200556278229,0.02104019969701767,0.011084199696779252,1.0274174275243444,1.0,1.0274174275243444,0.0
bf16,32,64,64,8,contiguous,2,1,graph_global,global,0.011404100060462951,0.021096299588680267,0.012172099947929383,0.015048199892044067,0.021260300278663637,0.011132100224494934,1.0244338292400128,1.0,1.0244338292400128,0.0
bf16,32,64,64,8,page-cross,0,1,graph_global,global,0.011324100196361542,0.021156199276447296,0.01212420016527176,0.015488199889659882,0.021156199276447296,0.011084099858999252,1.021652668273954,1.0,1.021652668273954,0.0
bf16,32,64,64,8,page-cross,1,1,graph_global,global,0.011368100345134736,0.020944200456142426,0.012408199906349181,0.015088100731372834,0.021112200617790223,0.011100199818611146,1.0241347481037606,1.0,1.0241347481037606,0.0
bf16,32,64,64,8,page-cross,2,1,graph_global,global,0.01135609969496727,0.020876200497150423,0.012196099758148194,0.015028099715709686,0.021024200320243835,0.01119609996676445,1.014290666274665,1.0,1.014290666274665,0.0
bf16,32,64,64,8,tail-negative,0,1,graph_global,global,0.011292099952697754,0.021140199899673463,0.012112200260162354,0.015080100297927857,0.021212199330329896,0.011028099805116653,1.023938860932199,1.0,1.023938860932199,0.0
bf16,32,64,64,8,tail-negative,1,1,graph_global,global,0.011220099776983261,0.020952199399471284,0.012328200042247772,0.014972199499607087,0.02098020017147064,0.01111219972372055,1.0097100534498478,1.0,1.0097100534498478,0.0
bf16,32,64,64,8,tail-negative,2,1,graph_global,global,0.011264099925756454,0.021056200563907623,0.012136200070381164,0.015032200515270234,0.02098820060491562,0.011076200008392333,1.0169642943628456,1.0,1.0169642943628456,0.0
bf16,32,64,64,16,random,0,1,graph_lds_chunked(chunk=2),chunk2,0.014576199650764465,0.03409239947795868,0.01377210021018982,0.015964099764823915,0.021556200087070466,0.013668100535869598,1.0664393060697583,1.058386116010084,1.0076089339588403,0.0
bf16,32,64,64,16,random,1,1,graph_lds_chunked(chunk=2),chunk2,0.014520099759101868,0.03417229950428009,0.0137922003865242,0.01596820056438446,0.02162030041217804,0.013728199899196625,1.057684173141417,1.0527761598714058,1.004661972275864,0.0
bf16,32,64,64,16,random,2,1,graph_lds_chunked(chunk=2),chunk2,0.014520199596881866,0.03415240049362182,0.013756200671195984,0.015956200659275055,0.02165219932794571,0.013764199614524842,1.0549250957941096,1.0555385127003574,0.9994188588110552,0.0
bf16,32,64,64,16,contiguous,0,1,graph_lds_chunked(chunk=2),chunk2,0.014492100477218628,0.03377630114555359,0.013684099912643433,0.015632200241088866,0.02172030061483383,0.013764199614524842,1.0528836316734074,1.059046672395942,0.9941805768497514,0.0
bf16,32,64,64,16,contiguous,1,1,graph_lds_chunked(chunk=2),chunk2,0.014488199353218078,0.034028398990631106,0.013744199275970459,0.01591619998216629,0.02170020043849945,0.013688099384307862,1.058452232588803,1.0541319332111536,1.004098442748517,0.0
bf16,32,64,64,16,contiguous,2,1,graph_lds_chunked(chunk=2),chunk2,0.01448419988155365,0.0342523992061615,0.013836200535297393,0.015852099657058714,0.02172420024871826,0.01369210034608841,1.0578508421238328,1.0468336191429974,1.0105243304947111,0.0
bf16,32,64,64,16,page-cross,0,1,graph_lds_chunked(chunk=2),chunk2,0.014320099353790283,0.03382039964199066,0.013944199681282044,0.01565620005130768,0.02164829969406128,0.013920199871063233,1.028727998622947,1.0269574218026172,1.0017240995417531,0.0
bf16,32,64,64,16,page-cross,1,1,graph_lds_chunked(chunk=2),chunk2,0.014304199814796447,0.03389639854431152,0.01392810046672821,0.01568010002374649,0.0218641996383667,0.013884100317955016,1.030257595898969,1.027002917516762,1.0031691033459542,0.0
bf16,32,64,64,16,page-cross,2,1,graph_lds_chunked(chunk=2),chunk2,0.015428100526332856,0.0339803010225296,0.01392419934272766,0.015720200538635255,0.021596300601959228,0.013736200332641602,1.1231709026309669,1.1080062951260932,1.0136863911076859,0.0
bf16,32,64,64,16,tail-negative,0,1,graph_lds_chunked(chunk=2),chunk2,0.014512099325656891,0.03410429954528808,0.013740099966526031,0.015876199305057525,0.02159229964017868,0.013764199614524842,1.0543365929060502,1.0561858618941364,0.9982491064737699,0.0
bf16,32,64,64,16,tail-negative,1,1,graph_lds_chunked(chunk=2),chunk2,0.014188100397586823,0.03377240002155304,0.013864099979400635,0.015604199469089508,0.021484200656414033,0.013812200725078582,1.0272150455955744,1.0233697404568338,1.0037574934910858,0.0
bf16,32,64,64,16,tail-negative,2,1,graph_lds_chunked(chunk=2),chunk2,0.014392200112342834,0.033964401483535765,0.01371610015630722,0.01579219996929169,0.021548299491405486,0.013712100684642792,1.0495984855523806,1.0492924335875977,1.0002916746132784,0.0
bf16,32,64,64,32,random,0,1,graph_lds_chunked(chunk=4),chunk4,0.020496200025081634,0.059860599040985105,0.019476200640201568,0.018060199916362762,0.02295230031013489,0.018116199970245363,1.1313741324750919,1.1348822338623077,0.996908841038707,0.0
bf16,32,64,64,32,random,1,1,graph_lds_chunked(chunk=4),chunk4,0.020112200081348418,0.05986869931221008,0.02045229971408844,0.018112200498580932,0.02291229963302612,0.018212200701236726,1.1043256337485161,1.1104227828597737,0.9945091642522365,0.0
bf16,32,64,64,32,random,2,1,graph_lds_chunked(chunk=4),chunk4,0.020152199268341064,0.06008870005607605,0.019484199583530426,0.018188199400901793,0.02310429960489273,0.018244199454784393,1.1045811748706964,1.1079820945520256,0.9969305283018096,0.0
bf16,32,64,64,32,contiguous,0,1,graph_lds_chunked(chunk=4),chunk4,0.020464199781417846,0.06006860136985779,0.019232200086116792,0.018264199793338775,0.022856199741363527,0.018124200403690338,1.1291091096769736,1.120454222630736,1.0077244450254441,0.0
bf16,32,64,64,32,contiguous,1,1,graph_lds_chunked(chunk=4),chunk4,0.020576299726963045,0.06005669832229614,0.019212199747562407,0.018292300403118134,0.022672200202941896,0.018288199603557587,1.1251134705988421,1.1248612407139114,1.0002242319992913,0.0
bf16,32,64,64,32,contiguous,2,1,graph_lds_chunked(chunk=4),chunk4,0.020508299767971038,0.06004469990730286,0.019232200086116792,0.018268199265003206,0.02278829962015152,0.01814420074224472,1.1302950214953278,1.1226229509801353,1.0068340581390165,0.0
bf16,32,64,64,32,page-cross,0,1,graph_lds_chunked(chunk=4),chunk4,0.02048819959163666,0.06017659902572632,0.019240200519561768,0.018284200131893157,0.022748300433158876,0.01812019944190979,1.1306828965828033,1.120541201903553,1.0090507110867695,0.0
bf16,32,64,64,32,page-cross,1,1,graph_lds_chunked(chunk=4),chunk4,0.02045630067586899,0.06008470058441162,0.01926420032978058,0.018288299441337585,0.02273620069026947,0.01807219982147217,1.1319208993895802,1.1185458080170652,1.0119575714080287,0.0
bf16,32,64,64,32,page-cross,2,1,graph_lds_chunked(chunk=4),chunk4,0.02048819959163666,0.05986869931221008,0.01944819986820221,0.01806419938802719,0.02287230044603348,0.018076300621032715,1.1334287928248756,1.134188078394223,0.9993305470372934,0.0
bf16,32,64,64,32,tail-negative,0,1,graph_lds_chunked(chunk=4),chunk4,0.02022420018911362,0.059988600015640256,0.019104200601577758,0.018208199739456178,0.02272830009460449,0.018008199334144593,1.1230551047248438,1.1107193725082485,1.01110607460527,0.0
bf16,32,64,64,32,tail-negative,1,1,graph_lds_chunked(chunk=4),chunk4,0.020212200284004212,0.060060697793960574,0.0190761998295784,0.01833219975233078,0.022728200256824493,0.018116199970245363,1.1156975699761202,1.1025518244985524,1.0119230182069188,0.0
bf16,32,64,64,32,tail-negative,2,1,graph_lds_chunked(chunk=4),chunk4,0.020288200676441194,0.06000069975852966,0.019036200642585755,0.018188199400901793,0.022744199633598326,0.018004199862480162,1.1268593345667515,1.1154595476578775,1.0102198120342507,0.0
bf16,32,64,128,8,random,0,1,graph_global,global,0.01533219963312149,0.03182440102100372,0.01676419973373413,0.021372300386428834,0.030976399779319763,0.01514820009469986,1.0121466271419275,1.0,1.0121466271419275,0.0
bf16,32,64,128,8,random,1,1,graph_global,global,0.015268200635910034,0.03088040053844452,0.016808199882507324,0.02138430029153824,0.030576398968696593,0.015084199607372284,1.012198262640851,1.0,1.012198262640851,0.0
bf16,32,64,128,8,random,2,1,graph_global,global,0.01530420035123825,0.03066439926624298,0.016708199679851533,0.021292300522327424,0.030804398655891418,0.015000200271606446,1.0202664013898028,1.0,1.0202664013898028,0.0
bf16,32,64,128,8,contiguous,0,1,graph_global,global,0.015156100690364837,0.030740299820899965,0.016708199679851533,0.021456199884414672,0.030520299077033998,0.015052099525928498,1.0069094124880844,1.0,1.0069094124880844,0.0
bf16,32,64,128,8,contiguous,1,1,graph_global,global,0.015228199958801269,0.0315524011850357,0.016728200018405914,0.02148430049419403,0.0306084007024765,0.015056200325489044,1.0114238406499574,1.0,1.0114238406499574,0.0
bf16,32,64,128,8,contiguous,2,1,graph_global,global,0.015224200487136842,0.0307204008102417,0.016724200546741487,0.02145629972219467,0.03056829869747162,0.015088200569152832,1.00901366053299,1.0,1.00901366053299,0.0
bf16,32,64,128,8,page-cross,0,1,graph_global,global,0.015228199958801269,0.030624300241470337,0.01671220064163208,0.021284300088882446,0.03050839900970459,0.01501619964838028,1.014118106803665,1.0,1.014118106803665,0.0
bf16,32,64,128,8,page-cross,1,1,graph_global,global,0.014976200461387635,0.030392399430274962,0.016980199515819548,0.021340300142765046,0.03079639971256256,0.015228199958801269,0.9834517869416346,1.0,0.9834517869416346,0.0
bf16,32,64,128,8,page-cross,2,1,graph_global,global,0.015004199743270875,0.030472400784492492,0.016968199610710145,0.02141229957342148,0.031020399928092957,0.015284200012683869,0.9816804105428723,1.0,0.9816804105428723,0.0
bf16,32,64,128,8,tail-negative,0,1,graph_global,global,0.015224200487136842,0.0308243989944458,0.016744199395179748,0.02159219980239868,0.030808299779891968,0.014992199838161469,1.015474756972278,1.0,1.015474756972278,0.0
bf16,32,64,128,8,tail-negative,1,1,graph_global,global,0.015156200528144837,0.03085240125656128,0.016768200695514678,0.02158430069684982,0.0307204008102417,0.015048199892044067,1.0071769804279294,1.0,1.0071769804279294,0.0
bf16,32,64,128,8,tail-negative,2,1,graph_global,global,0.015152099728584289,0.030556300282478334,0.01695220023393631,0.02132820039987564,0.030728399753570557,0.01501619964838028,1.0090502313092693,1.0,1.0090502313092693,0.0
bf16,32,64,128,16,random,0,1,graph_lds_chunked(chunk=2),chunk2,0.020920300483703615,0.051712602376937866,0.019672299921512603,0.02260030061006546,0.03230839967727661,0.01966419965028763,1.0638775467984842,1.063439484308912,1.0004119298709853,0.0
bf16,32,64,128,16,random,1,1,graph_lds_chunked(chunk=2),chunk2,0.02085220068693161,0.05147250294685364,0.01966419965028763,0.022700299322605134,0.03197239935398102,0.01952430009841919,1.0680127114323517,1.0604144108466984,1.007165406757898,0.0
bf16,32,64,128,16,random,2,1,graph_lds_chunked(chunk=2),chunk2,0.020756199955940247,0.05161659717559815,0.01960819959640503,0.022800299525260925,0.032140299677848816,0.019696299731731415,1.053812149421208,1.0585469539868255,0.9955270717583337,0.0
bf16,32,64,128,16,contiguous,0,1,graph_lds_chunked(chunk=2),chunk2,0.020992299914360045,0.051432597637176516,0.019912199676036836,0.02258030027151108,0.032084301114082336,0.019728200137615205,1.0640757782223942,1.0542431401801904,1.0093267270778952,0.0
bf16,32,64,128,16,contiguous,1,1,graph_lds_chunked(chunk=2),chunk2,0.021148200333118438,0.052196598052978514,0.01992029994726181,0.02300029993057251,0.03241640031337738,0.019688299298286437,1.0741506928919484,1.0616406574754118,1.0117836815389922,0.0
bf16,32,64,128,16,contiguous,2,1,graph_lds_chunked(chunk=2),chunk2,0.021020199358463287,0.05176060199737549,0.019864299893379213,0.022592300176620485,0.03242039978504181,0.020072199404239655,1.0472295006208137,1.0581897912983753,0.989642415030187,0.0
bf16,32,64,128,16,page-cross,0,1,graph_lds_chunked(chunk=2),chunk2,0.020764300227165224,0.05147259831428528,0.02003220021724701,0.02260030061006546,0.03221629858016968,0.019940200448036193,1.0413285604262916,1.0365461607800777,1.0046137835700581,0.0
bf16,32,64,128,16,page-cross,1,1,graph_lds_chunked(chunk=2),chunk2,0.020760299265384675,0.051240599155426024,0.01989219933748245,0.02260030061006546,0.032140299677848816,0.019848200678825378,1.0459537164762924,1.0436402186190887,1.002216758051223,0.0
bf16,32,64,128,16,page-cross,2,1,graph_lds_chunked(chunk=2),chunk2,0.020752300322055817,0.05140860080718994,0.01987220048904419,0.022564199566841126,0.03239240050315857,0.01997230052947998,1.039054078493588,1.0442879908290397,0.9949880565692452,0.0
bf16,32,64,128,16,tail-negative,0,1,graph_lds_chunked(chunk=2),chunk2,0.02068829983472824,0.05149660110473633,0.01962819993495941,0.022720299661159515,0.03210839927196503,0.01960819959640503,1.0550841107574833,1.0540090228997876,1.0010199987232917,0.0
bf16,32,64,128,16,tail-negative,1,1,graph_lds_chunked(chunk=2),chunk2,0.020808200538158416,0.05157660245895386,0.01968819946050644,0.02276819944381714,0.032104399800300595,0.019640299677848815,1.0594645132440015,1.0568869225394961,1.0024388519240186,0.0
bf16,32,64,128,16,tail-negative,2,1,graph_lds_chunked(chunk=2),chunk2,0.020740200579166413,0.05156859755516052,0.01962829977273941,0.022748300433158876,0.031988400220870974,0.019704200327396393,1.052577634948706,1.056647841091731,0.9961480012689755,0.0
bf16,32,64,128,32,random,0,1,graph_lds_chunked(chunk=4),chunk4,0.031732401251792906,0.0968491017818451,0.030020299553871154,0.027580299973487855,0.03421239852905274,0.027404400706291198,1.157930859057543,1.150545907125606,1.0064186503869168,0.0
bf16,32,64,128,32,random,1,1,graph_lds_chunked(chunk=4),chunk4,0.03249239921569824,0.09676120281219483,0.029652398824691773,0.02743229866027832,0.034476399421691895,0.027064299583435057,1.2005630929235465,1.1844577670316376,1.01359721413476,0.0
bf16,32,64,128,32,random,2,1,graph_lds_chunked(chunk=4),chunk4,0.0318803995847702,0.09678909778594971,0.03003230094909668,0.027596300840377806,0.034560400247573855,0.027116400003433228,1.1756870226406824,1.1552417756703128,1.0176978078536907,0.0
bf16,32,64,128,32,contiguous,0,1,graph_lds_chunked(chunk=4),chunk4,0.03228830099105835,0.09680920243263244,0.029988399147987364,0.02754429876804352,0.03438040018081665,0.027392300963401794,1.1787363549414118,1.1722317298024212,1.0055489243070455,0.0
bf16,32,64,128,32,contiguous,1,1,graph_lds_chunked(chunk=4),chunk4,0.03212040066719055,0.09679710268974304,0.02999640107154846,0.02732039988040924,0.03451240062713623,0.02730030119419098,1.176558472330159,1.1756929183977014,1.0007362074899941,0.0
bf16,32,64,128,32,contiguous,2,1,graph_lds_chunked(chunk=4),chunk4,0.03215239942073822,0.09675710201263428,0.02984830141067505,0.027492299675941467,0.03424440026283264,0.027240300178527833,1.1803247104480277,1.169505636113621,1.0092509809275991,0.0
bf16,32,64,128,32,page-cross,0,1,graph_lds_chunked(chunk=4),chunk4,0.03213639855384827,0.09673709869384765,0.02981629967689514,0.027392300963401794,0.034344398975372316,0.027256399393081665,1.1790404921203665,1.173190912175832,1.0049860426669057,0.0
bf16,32,64,128,32,page-cross,1,1,graph_lds_chunked(chunk=4),chunk4,0.03199639916419983,0.09672510027885436,0.02999640107154846,0.02746439874172211,0.03424839973449707,0.027144399285316468,1.178747734583613,1.1650136405714575,1.0117887838681603,0.0
bf16,32,64,128,32,page-cross,2,1,graph_lds_chunked(chunk=4),chunk4,0.03208039999008179,0.09660109877586365,0.03000830113887787,0.027180299162864685,0.03453229963779449,0.027224400639533998,1.1783693758714429,1.1802813426686602,0.9983800753870309,0.0
bf16,32,64,128,32,tail-negative,0,1,graph_lds_chunked(chunk=4),chunk4,0.03224039971828461,0.09677309989929199,0.02958030104637146,0.027180400490760804,0.03409239947795868,0.02713629901409149,1.1880912611385448,1.1861635272535371,1.0016251839149624,0.0
bf16,32,64,128,32,tail-negative,1,1,graph_lds_chunked(chunk=4),chunk4,0.031660300493240354,0.09656909704208375,0.0298444002866745,0.027152299880981445,0.03443639874458313,0.027156299352645873,1.1658547463373594,1.1660264740747244,0.9998527239808159,0.0
bf16,32,64,128,32,tail-negative,2,1,graph_lds_chunked(chunk=4),chunk4,0.03164840042591095,0.09676910042762757,0.029636299610137938,0.027364298701286316,0.034236401319503784,0.027172300219535827,1.164730264652272,1.1565580675532992,1.0070659635069263,0.0
bf16,32,128,32,8,random,0,1,graph_global,global,0.011448200047016143,0.021352300047874452,0.012300100177526474,0.015372200310230255,0.02127629965543747,0.011208099871873855,1.0214220231695834,1.0,1.0214220231695834,0.0
bf16,32,128,32,8,random,1,1,graph_global,global,0.01138010025024414,0.02096419930458069,0.012116199731826783,0.014940199255943299,0.02112019956111908,0.010976199805736542,1.036797840022601,1.0,1.036797840022601,0.0
bf16,32,128,32,8,random,2,1,graph_global,global,0.01121620014309883,0.021008299291133882,0.012128099799156189,0.015168200433254241,0.02098820060491562,0.011088100075721741,1.0115529321076002,1.0,1.0115529321076002,0.0
bf16,32,128,32,8,contiguous,0,1,graph_global,global,0.011316099762916565,0.021044200658798216,0.012108200043439866,0.015296199917793274,0.021004199981689453,0.011028199642896652,1.0261058132190555,1.0,1.0261058132190555,0.0
bf16,32,128,32,8,contiguous,1,1,graph_global,global,0.011080099642276764,0.021032199263572693,0.01214810013771057,0.015248200297355652,0.02098020017147064,0.011128100007772446,0.9956865623545659,1.0,0.9956865623545659,0.0
bf16,32,128,32,8,contiguous,2,1,graph_global,global,0.01111610010266304,0.02088429927825928,0.01239209994673729,0.015084199607372284,0.021184200048446657,0.011760099977254867,0.9452385714545469,1.0,0.9452385714545469,0.0
bf16,32,128,32,8,page-cross,0,1,graph_global,global,0.01132809966802597,0.02109220027923584,0.012144099920988083,0.01509619951248169,0.021208299696445464,0.01103610023856163,1.0264585698890316,1.0,1.0264585698890316,0.0
bf16,32,128,32,8,page-cross,1,1,graph_global,global,0.01103610023856163,0.021072199940681456,0.012196200340986252,0.015236200392246246,0.02098020017147064,0.011164200305938721,0.9885258178940995,1.0,0.9885258178940995,0.0
bf16,32,128,32,8,page-cross,2,1,graph_global,global,0.011216100305318832,0.021048299968242645,0.012168099731206894,0.015312199294567109,0.02103230059146881,0.011068099737167358,1.0133718137409333,1.0,1.0133718137409333,0.0
bf16,32,128,32,8,tail-negative,0,1,graph_global,global,0.01121620014309883,0.02097630053758621,0.012096100300550462,0.01514820009469986,0.02090429961681366,0.010988099873065949,1.0207588457210879,1.0,1.0207588457210879,0.0
bf16,32,128,32,8,tail-negative,1,1,graph_global,global,0.010968100279569626,0.020888300240039827,0.012324099987745285,0.01498820036649704,0.021152299642562867,0.01114009991288185,0.9845603150189584,1.0,0.9845603150189584,0.0
bf16,32,128,32,8,tail-negative,2,1,graph_global,global,0.01095219999551773,0.02082429975271225,0.012320099771022797,0.015000200271606446,0.021136300265789033,0.011024100333452224,0.9934778951787734,1.0,0.9934778951787734,0.0
bf16,32,128,32,16,random,0,1,graph_lds_chunked(chunk=2),chunk2,0.014464199542999268,0.033648398518562314,0.0138482004404068,0.015632200241088866,0.02152419984340668,0.01363220065832138,1.0610318836650938,1.0444822491733354,1.0158448212067337,0.0
bf16,32,128,32,16,random,1,1,graph_lds_chunked(chunk=2),chunk2,0.014452199637889861,0.033832401037216187,0.013676099479198456,0.015644100308418275,0.021520200371742248,0.013776099681854248,1.0490777485390996,1.0567486482437383,0.9927410366529569,0.0
bf16,32,128,32,16,random,2,1,graph_lds_chunked(chunk=2),chunk2,0.014508099853992462,0.03379639983177185,0.013656200468540191,0.015964199602603913,0.02162030041217804,0.013652199506759643,1.062693220005248,1.062381874622798,1.000293063530061,0.0
bf16,32,128,32,16,contiguous,0,1,graph_lds_chunked(chunk=2),chunk2,0.014580200612545013,0.0336683988571167,0.013892099261283875,0.015768200159072876,0.02183630019426346,0.01374409943819046,1.0608334637067085,1.049531848161985,1.0107682444935002,0.0
bf16,32,128,32,16,contiguous,1,1,graph_lds_chunked(chunk=2),chunk2,0.014648200571537017,0.03385240137577057,0.01374019980430603,0.01596820056438446,0.021688200533390045,0.013744199275970459,1.0657732966042672,1.066083519902413,0.9997090065718546,0.0
bf16,32,128,32,16,contiguous,2,1,graph_lds_chunked(chunk=2),chunk2,0.014596100151538848,0.033676400780677795,0.013724100589752198,0.015816199779510497,0.021580199897289275,0.013704100251197815,1.0650900010938746,1.0635378293888178,1.001459441932544,0.0
bf16,32,128,32,16,page-cross,0,1,graph_lds_chunked(chunk=2),chunk2,0.014420199394226074,0.0336683988571167,0.013884200155735016,0.0157041996717453,0.02159619927406311,0.013852199912071228,1.041004279880474,1.0386049777789796,1.002310119971334,0.0
bf16,32,128,32,16,page-cross,1,1,graph_lds_chunked(chunk=2),chunk2,0.014584200084209442,0.03382839858531952,0.01363610029220581,0.015648099780082702,0.02154420018196106,0.013748100399971009,1.0608156516110543,1.0695286608111523,0.991853412143729,0.0
bf16,32,128,32,16,page-cross,2,1,graph_lds_chunked(chunk=2),chunk2,0.01469610035419464,0.03387629985809326,0.013704200088977814,0.015700200200080873,0.021580299735069274,0.013696199655532837,1.0730057040500192,1.0723792894715982,1.000584135281771,0.0
bf16,32,128,32,16,tail-negative,0,1,graph_lds_chunked(chunk=2),chunk2,0.014392100274562836,0.0338124006986618,0.013600200414657593,0.01581220030784607,0.021448299288749695,0.01366419941186905,1.0532706557298568,1.0582270728195868,0.9953163009933926,0.0
bf16,32,128,32,16,tail-negative,1,1,graph_lds_chunked(chunk=2),chunk2,0.014412100613117217,0.033844399452209475,0.013648200035095214,0.015640200674533845,0.021504299342632295,0.013696199655532837,1.0522700439238397,1.0559707929293018,0.9964954059049341,0.0
bf16,32,128,32,16,tail-negative,2,1,graph_lds_chunked(chunk=2),chunk2,0.01440809965133667,0.03382839858531952,0.013676099479198456,0.015620200335979462,0.021784199774265288,0.013656100630760193,1.0550668921465478,1.0535240455987904,1.0014644625855507,0.0
bf16,32,128,32,32,random,0,1,graph_lds_chunked(chunk=4),chunk4,0.0204242005944252,0.059088599681854245,0.01905220001935959,0.01814420074224472,0.022748300433158876,0.017932200431823732,1.1389678958851581,1.1256599772329463,1.0118223254991483,0.0
bf16,32,128,32,32,random,1,1,graph_lds_chunked(chunk=4),chunk4,0.020364199578762055,0.05906869769096375,0.019220300018787384,0.01798419952392578,0.022720299661159515,0.01798820048570633,1.1320865361125882,1.132338392468899,0.9997775785419043,0.0
bf16,32,128,32,32,random,2,1,graph_lds_chunked(chunk=4),chunk4,0.02047629952430725,0.059864699840545654,0.019516199827194214,0.01814019978046417,0.023040300607681273,0.01799219995737076,1.1380653601461808,1.1287802654940386,1.00822577691689,0.0
bf16,32,128,32,32,contiguous,0,1,graph_lds_chunked(chunk=4),chunk4,0.020916199684143065,0.060492700338363646,0.019488200545310974,0.018476200103759766,0.023112300038337707,0.018240199983119966,1.1467089014100476,1.1320617641441748,1.0129384612481334,0.0
bf16,32,128,32,32,contiguous,1,1,graph_lds_chunked(chunk=4),chunk4,0.020756299793720245,0.05960869789123535,0.019484199583530426,0.01796019971370697,0.02297219932079315,0.018108199536800384,1.1462376340363525,1.155683128505488,0.9918269167073933,0.0
bf16,32,128,32,32,contiguous,2,1,graph_lds_chunked(chunk=4),chunk4,0.02090820074081421,0.06033260226249695,0.019400200247764586,0.018428200483322145,0.02308029979467392,0.018188199400901793,1.1495475874196517,1.134576366245663,1.0131954283725553,0.0
bf16,32,128,32,32,page-cross,0,1,graph_lds_chunked(chunk=4),chunk4,0.02056419998407364,0.059320700168609616,0.019200299680233002,0.018188199400901793,0.022776299715042116,0.018056200444698335,1.1388996288037834,1.1306341837803935,1.007310450313605,0.0
bf16,32,128,32,32,page-cross,1,1,graph_lds_chunked(chunk=4),chunk4,0.020572200417518616,0.05934860110282898,0.019316299259662627,0.01825219988822937,0.02281229943037033,0.018000200390815735,1.1428872996333528,1.1271079948442482,1.013999816221058,0.0
bf16,32,128,32,32,page-cross,2,1,graph_lds_chunked(chunk=4),chunk4,0.02077219933271408,0.05968869924545288,0.019220200181007386,0.018132199347019196,0.022720299661159515,0.01812019944190979,1.1463559989671273,1.1455973395819123,1.0006622391297555,0.0
bf16,32,128,32,32,tail-negative,0,1,graph_lds_chunked(chunk=4),chunk4,0.020260199904441833,0.059288698434829715,0.018952199816703798,0.018136200308799744,0.022744199633598326,0.017896200716495513,1.1320950309731017,1.117113814331413,1.0134106448684952,0.0
bf16,32,128,32,32,tail-negative,1,1,graph_lds_chunked(chunk=4),chunk4,0.019936199486255645,0.058904600143432614,0.01907220035791397,0.01785620003938675,0.022880299389362334,0.018060199916362762,1.1038747953278858,1.1164861192348252,0.9887044507856646,0.0
bf16,32,128,32,32,tail-negative,2,1,graph_lds_chunked(chunk=4),chunk4,0.0203003004193306,0.05898470282554626,0.018904200196266173,0.018088200688362123,0.0226842999458313,0.01790820062160492,1.133575664482996,1.1222951784470045,1.0100512648121691,0.0
bf16,32,128,64,8,random,0,1,graph_global,global,0.015204200148582458,0.030884400010108948,0.016676199436187745,0.02143229991197586,0.030868399143218993,0.014924199879169464,1.0187614928558955,1.0,1.0187614928558955,0.0
bf16,32,128,64,8,random,1,1,graph_global,global,0.0152320995926857,0.030972298979759217,0.016724200546741487,0.021532300114631652,0.030892398953437806,0.015032200515270234,1.0132980582059428,1.0,1.0132980582059428,0.0
bf16,32,128,64,8,random,2,1,graph_global,global,0.015220199525356293,0.030972400307655336,0.016724200546741487,0.021524299681186677,0.030824300646781922,0.015100200474262238,1.0079468515201895,1.0,1.0079468515201895,0.0
bf16,32,128,64,8,contiguous,0,1,graph_global,global,0.015260200202465057,0.03101629912853241,0.01689220070838928,0.021552200615406036,0.030816298723220826,0.015136200189590453,1.0081922815053597,1.0,1.0081922815053597,0.0
bf16,32,128,64,8,contiguous,1,1,graph_global,global,0.01538420021533966,0.031064298748970032,0.016836200654506684,0.021564200520515442,0.030968299508094786,0.015128099918365478,1.0169287814303287,1.0,1.0169287814303287,0.0
bf16,32,128,64,8,contiguous,2,1,graph_global,global,0.01536020040512085,0.03098439872264862,0.016824199259281157,0.021532300114631652,0.030868399143218993,0.015112200379371643,1.0164105834705401,1.0,1.0164105834705401,0.0
bf16,32,128,64,8,page-cross,0,1,graph_global,global,0.015328200161457061,0.031008300185203553,0.016788199543952942,0.02149620056152344,0.03098430037498474,0.01506810039281845,1.017261616385472,1.0,1.017261616385472,0.0
bf16,32,128,64,8,page-cross,1,1,graph_global,global,0.015228199958801269,0.031044399738311766,0.016800199449062348,0.021548199653625488,0.0309563010931015,0.015168200433254241,1.0039556126523412,1.0,1.0039556126523412,0.0
bf16,32,128,64,8,page-cross,2,1,graph_global,global,0.015288199484348296,0.031008300185203553,0.016804200410842896,0.021564200520515442,0.030972298979759217,0.015224200487136842,1.004203767367983,1.0,1.004203767367983,0.0
bf16,32,128,64,8,tail-negative,0,1,graph_global,global,0.015236100554466248,0.03069629967212677,0.016908200085163118,0.021372300386428834,0.03103640079498291,0.01493619978427887,1.0200787867408576,1.0,1.0200787867408576,0.0
bf16,32,128,64,8,tail-negative,1,1,graph_global,global,0.015192200243473054,0.030868399143218993,0.016716200113296508,0.021456199884414672,0.030892300605773925,0.014916199445724487,1.0185034263421355,1.0,1.0185034263421355,0.0
bf16,32,128,64,8,tail-negative,2,1,graph_global,global,0.015156200528144837,0.03083229959011078,0.016760200262069702,0.02146420031785965,0.030808299779891968,0.014876200258731842,1.0188220287804102,1.0,1.0188220287804102,0.0
bf16,32,128,64,16,random,0,1,graph_lds_chunked(chunk=2),chunk2,0.02170020043849945,0.05152050256729126,0.019812199473381042,0.022476300597190857,0.03225240111351013,0.019632300734519957,1.1053315009760143,1.0952948695905802,1.009163405822567,0.0
bf16,32,128,64,16,random,1,1,graph_lds_chunked(chunk=2),chunk2,0.02075220048427582,0.051432597637176516,0.019544200599193574,0.022696299850940703,0.03197239935398102,0.019424299895763397,1.0683628545501427,1.0618086106388045,1.0061727168584504,0.0
bf16,32,128,64,16,random,2,1,graph_lds_chunked(chunk=2),chunk2,0.020728200674057007,0.051516497135162355,0.019484199583530426,0.0226282998919487,0.031988400220870974,0.01949629932641983,1.0631864194846352,1.0638466612494624,0.999379382585032,0.0
bf16,32,128,64,16,contiguous,0,1,graph_lds_chunked(chunk=2),chunk2,0.021052199602127075,0.051424598693847655,0.019780200719833375,0.022512300312519072,0.0319923996925354,0.0196042999625206,1.0738562275814265,1.0643066721268546,1.0089725599816908,0.0
bf16,32,128,64,16,contiguous,1,1,graph_lds_chunked(chunk=2),chunk2,0.020980300009250642,0.05157259702682495,0.019560299813747406,0.02270829975605011,0.031988400220870974,0.019584199786186217,1.0712870701027657,1.0725960342645275,0.9987796298700103,0.0
bf16,32,128,64,16,contiguous,2,1,graph_lds_chunked(chunk=2),chunk2,0.021256199479103087,0.05151259899139404,0.019604200124740602,0.022796300053596497,0.032088398933410645,0.01960030049085617,1.0844833470292672,1.0842676234608344,1.000198957862215,0.0
bf16,32,128,64,16,page-cross,0,1,graph_lds_chunked(chunk=2),chunk2,0.02105630040168762,0.05176060199737549,0.01963219940662384,0.0227402001619339,0.032084301114082336,0.01963620036840439,1.0723205104164777,1.072539044941816,0.9997962456226009,0.0
bf16,32,128,64,16,page-cross,1,1,graph_lds_chunked(chunk=2),chunk2,0.02104019969701767,0.05170860290527344,0.019644199311733244,0.022712300717830657,0.03202840089797974,0.019664299488067628,1.069969449447459,1.0710642548027198,0.9989778341025278,0.0
bf16,32,128,64,16,page-cross,2,1,graph_lds_chunked(chunk=2),chunk2,0.02122830003499985,0.05187259912490845,0.01994030028581619,0.022648200392723083,0.03252440094947815,0.019788199663162233,1.0727757146355517,1.0645927960322559,1.0076864305618014,0.0
bf16,32,128,64,16,tail-negative,0,1,graph_lds_chunked(chunk=2),chunk2,0.02088019996881485,0.05152459740638733,0.019484299421310424,0.022860200703144075,0.03220840096473694,0.01946420073509216,1.0727489020995233,1.0716423268458757,1.0010325975616365,0.0
bf16,32,128,64,16,tail-negative,1,1,graph_lds_chunked(chunk=2),chunk2,0.020420199632644652,0.051448500156402587,0.019704200327396393,0.022536300122737885,0.03210839927196503,0.019692300260066985,1.0369636539644755,1.0363373947357177,1.0006043005221457,0.0
bf16,32,128,64,16,tail-negative,2,1,graph_lds_chunked(chunk=2),chunk2,0.020688199996948244,0.051608598232269286,0.01947219967842102,0.02265630066394806,0.03205240070819855,0.019452199339866638,1.0635404066905927,1.0624480201830915,1.0010281787783961,0.0
bf16,32,128,64,32,random,0,1,graph_lds_chunked(chunk=4),chunk4,0.03253229856491089,0.09686110019683838,0.02941629886627197,0.026876300573349,0.03413229882717132,0.026968300342559814,1.206316236161546,1.210445555039315,0.996588595942562,0.0
bf16,32,128,64,32,random,1,1,graph_lds_chunked(chunk=4),chunk4,0.031736400723457334,0.09680910110473633,0.029456299543380738,0.027148300409317018,0.034020400047302245,0.027064299583435057,1.1726296712619113,1.1690013829582395,1.0031037502235371,0.0
bf16,32,128,64,32,random,2,1,graph_lds_chunked(chunk=4),chunk4,0.03164840042591095,0.0968330979347229,0.029444301128387453,0.027052301168441772,0.034504398703575134,0.026972299814224242,1.173366774205168,1.1698967946886094,1.00296605609342,0.0
bf16,32,128,64,32,contiguous,0,1,graph_lds_chunked(chunk=4),chunk4,0.03220829963684082,0.09668509960174561,0.030072399973869325,0.02750830054283142,0.03443639874458313,0.027576300501823425,1.167970287918465,1.1708574866953823,0.997534115970795,0.0
bf16,32,128,64,32,contiguous,1,1,graph_lds_chunked(chunk=4),chunk4,0.032636401057243344,0.09701709747314453,0.029800400137901306,0.02750830054283142,0.03444440066814423,0.02764439880847931,1.1805791575844597,1.1864201136826786,0.9950768230992912,0.0
bf16,32,128,64,32,contiguous,2,1,graph_lds_chunked(chunk=4),chunk4,0.03313240110874176,0.09725710153579711,0.029984399676322937,0.02732430100440979,0.03422040045261383,0.02758829891681671,1.2009584646244928,1.2125617084731504,0.9904308013624574,0.0
bf16,32,128,64,32,page-cross,0,1,graph_lds_chunked(chunk=4),chunk4,0.03210430145263672,0.09677309989929199,0.029828399419784546,0.027320298552513122,0.034176400303840636,0.027056300640106203,1.1865739474023935,1.1751080022397316,1.0097573543374807,0.0
bf16,32,128,64,32,page-cross,1,1,graph_lds_chunked(chunk=4),chunk4,0.032132399082183835,0.09691709876060486,0.029836300015449523,0.027384299039840698,0.03414439857006073,0.027260300517082215,1.1787250497128086,1.1733876786634287,1.0045486850990795,0.0
bf16,32,128,64,32,page-cross,2,1,graph_lds_chunked(chunk=4),chunk4,0.03218829929828644,0.09681310057640076,0.02992829978466034,0.02733229994773865,0.0341843992471695,0.027204298973083497,1.1832063502218608,1.1776652297769605,1.0047051745307534,0.0
bf16,32,128,64,32,tail-negative,0,1,graph_lds_chunked(chunk=4),chunk4,0.03151240050792694,0.09681310057640076,0.029424300789833067,0.02719630002975464,0.034124401211738584,0.027024298906326294,1.1660765231008452,1.1587017525711287,1.0063646840210194,0.0
bf16,32,128,64,32,tail-negative,1,1,graph_lds_chunked(chunk=4),chunk4,0.033072298765182494,0.09763309955596924,0.029412299394607544,0.02692430019378662,0.0341843992471695,0.027172300219535827,1.217132833730609,1.2283438576730272,0.9908730573508494,0.0
bf16,32,128,64,32,tail-negative,2,1,graph_lds_chunked(chunk=4),chunk4,0.0314164012670517,0.09673309922218323,0.02958030104637146,0.02736029922962189,0.034348401427268985,0.026996299624443054,1.163729907583578,1.148247722124268,1.013483314759526,0.0
bf16,32,128,128,8,random,0,1,graph_global,global,0.023020200431346893,0.05046060085296631,0.025900301337242127,0.03404040038585663,0.05032860040664673,0.022700199484825136,1.0140968341152983,1.0,1.0140968341152983,0.0
bf16,32,128,128,8,random,1,1,graph_global,global,0.022968299686908722,0.050160497426986694,0.026036301255226137,0.033960399031639096,0.050444602966308594,0.022624300420284273,1.015204857619201,1.0,1.015204857619201,0.0
bf16,32,128,128,8,random,2,1,graph_global,global,0.02294420003890991,0.050444602966308594,0.02597630023956299,0.03388440012931824,0.04998849928379059,0.022700199484825136,1.010748828628043,1.0,1.010748828628043,0.0
bf16,32,128,128,8,contiguous,0,1,graph_global,global,0.022876299917697906,0.05043249726295471,0.025992301106452943,0.03416840136051178,0.050292599201202395,0.02290029972791672,0.9989519870698655,1.0,0.9989519870698655,0.0
bf16,32,128,128,8,contiguous,1,1,graph_global,global,0.02302830070257187,0.050364500284194945,0.02596830129623413,0.03422839939594269,0.05053660273551941,0.022848199307918548,1.007882520290818,1.0,1.007882520290818,0.0
bf16,32,128,128,8,contiguous,2,1,graph_global,global,0.023064200580120087,0.05063260197639465,0.026096299290657043,0.03443639874458313,0.0505806028842926,0.02297219932079315,1.0040048955714773,1.0,1.0040048955714773,0.0
bf16,32,128,128,8,page-cross,0,1,graph_global,global,0.023112300038337707,0.0505486011505127,0.026340299844741823,0.034204399585723876,0.05087659955024719,0.022968299686908722,1.006269525972402,1.0,1.006269525972402,0.0
bf16,32,128,128,8,page-cross,1,1,graph_global,global,0.023192200064659118,0.05071660280227661,0.02618429958820343,0.03442839980125427,0.050544601678848264,0.022912199795246124,1.0122205755848501,1.0,1.0122205755848501,0.0
bf16,32,128,128,8,page-cross,2,1,graph_global,global,0.023116299510002138,0.05075259804725647,0.026076298952102662,0.03436039984226227,0.0505806028842926,0.02295230031013489,1.0071452184596432,1.0,1.0071452184596432,0.0
bf16,32,128,128,8,tail-negative,0,1,graph_global,global,0.022932299971580507,0.05035250186920166,0.025912299752235413,0.03414439857006073,0.05025659799575806,0.022632299363613127,1.0132554188660876,1.0,1.0132554188660876,0.0
bf16,32,128,128,8,tail-negative,1,1,graph_global,global,0.022872200608253478,0.05029659867286682,0.02583630084991455,0.034124401211738584,0.05027250051498413,0.022564199566841126,1.0136499874724105,1.0,1.0136499874724105,0.0
bf16,32,128,128,8,tail-negative,2,1,graph_global,global,0.022876299917697906,0.05040450096130371,0.025796300172805785,0.03409239947795868,0.05013650059700012,0.022604300081729888,1.012033101444617,1.0,1.012033101444617,0.0
bf16,32,128,128,16,random,0,1,graph_lds_chunked(chunk=2),global,0.03336440026760101,0.08644499778747558,0.044188499450683594,0.0359485000371933,0.05277259945869446,0.0445805013179779,0.748407920082007,1.0,0.748407920082007,0.0
bf16,32,128,128,16,random,1,1,graph_lds_chunked(chunk=2),global,0.03372839987277985,0.08627300262451172,0.04486849904060364,0.03682839870452881,0.053124600648880006,0.04411650002002716,0.7645302745564239,1.0,0.7645302745564239,0.0
bf16,32,128,128,16,random,2,1,graph_lds_chunked(chunk=2),global,0.03412840068340302,0.08619700074195862,0.04416860044002533,0.036136400699615476,0.05249260067939758,0.04442459940910339,0.7682320411967407,1.0,0.7682320411967407,0.0
bf16,32,128,128,16,contiguous,0,1,graph_lds_chunked(chunk=2),global,0.034604400396347046,0.08709700107574463,0.04525249898433685,0.036248400807380676,0.0531807005405426,0.04721559882164002,0.7329018642137191,1.0,0.7329018642137191,0.0
bf16,32,128,128,16,contiguous,1,1,graph_lds_chunked(chunk=2),global,0.034492400288581845,0.08703699707984924,0.04501250088214874,0.0365803986787796,0.053228598833084104,0.04517650008201599,0.7635031537627389,1.0,0.7635031537627389,0.0
bf16,32,128,128,16,contiguous,2,1,graph_lds_chunked(chunk=2),global,0.034816399216651917,0.08671309947967529,0.045044499635696414,0.03655639886856079,0.05322059988975525,0.045148599147796634,0.7711512621394598,1.0,0.7711512621394598,0.0
bf16,32,128,128,16,page-cross,0,1,graph_lds_chunked(chunk=2),global,0.03402439951896667,0.08706899881362914,0.045320600271224976,0.036464399099349974,0.053032702207565306,0.045376500487327574,0.7498242295804359,1.0,0.7498242295804359,0.0
bf16,32,128,128,16,page-cross,1,1,graph_lds_chunked(chunk=2),global,0.03465240001678467,0.08694900274276733,0.04485250115394592,0.03636040091514588,0.0528086006641388,0.04525260031223297,0.7657548909386587,1.0,0.7657548909386587,0.0
bf16,32,128,128,16,page-cross,2,1,graph_lds_chunked(chunk=2),global,0.03401240110397339,0.0864929974079132,0.044976499676704404,0.03621239960193634,0.053028601408004764,0.04498049914836884,0.7561588187757318,1.0,0.7561588187757318,0.0
bf16,32,128,128,16,tail-negative,0,1,graph_lds_chunked(chunk=2),global,0.03281640112400055,0.0861810028553009,0.044272500276565555,0.03614439964294434,0.053036701679229734,0.04411250054836273,0.7439252075048952,1.0,0.7439252075048952,0.0
bf16,32,128,128,16,tail-negative,1,1,graph_lds_chunked(chunk=2),global,0.0333763986825943,0.08668100237846374,0.04416849911212921,0.0362964004278183,0.05300459861755371,0.044332501292228696,0.752865227761129,1.0,0.752865227761129,0.0
bf16,32,128,128,16,tail-negative,2,1,graph_lds_chunked(chunk=2),global,0.034336400032043454,0.08682910203933716,0.04424859881401062,0.036084499955177304,0.05313659906387329,0.04414460062980652,0.7778165289111133,1.0,0.7778165289111133,0.0
bf16,32,128,128,32,random,0,1,graph_lds_chunked(chunk=4),global,0.05440869927406311,0.1620339035987854,0.07941290140151977,0.06522070169448853,0.05654860138893127,0.06507279872894287,0.8361204733286413,1.0,0.8361204733286413,0.0
bf16,32,128,128,32,random,1,1,graph_lds_chunked(chunk=4),global,0.05524860024452209,0.16405390501022338,0.07939289808273316,0.06478480100631714,0.056372600793838504,0.06551269888877868,0.8433265791464031,1.0,0.8433265791464031,0.0
bf16,32,128,128,32,random,2,1,graph_lds_chunked(chunk=4),global,0.054160702228546145,0.16289379596710205,0.08077700138092041,0.06452069878578186,0.05677670240402222,0.06491270065307617,0.8343621769491039,1.0,0.8343621769491039,0.0
bf16,32,128,128,32,contiguous,0,1,graph_lds_chunked(chunk=4),global,0.05522860288619995,0.1623378038406372,0.08069289922714233,0.06544470191001892,0.05701670050621033,0.06574469804763794,0.8400464908391831,1.0,0.8400464908391831,0.0
bf16,32,128,128,32,contiguous,1,1,graph_lds_chunked(chunk=4),global,0.055060601234436034,0.16377789974212648,0.08239690065383912,0.0656046986579895,0.05677270293235779,0.06555280089378357,0.8399427710747518,1.0,0.8399427710747518,0.0
bf16,32,128,128,32,contiguous,2,1,graph_lds_chunked(chunk=4),global,0.0552046000957489,0.16242979764938353,0.08078489899635315,0.06587669849395753,0.0569366991519928,0.06541669964790345,0.8438915505196717,1.0,0.8438915505196717,0.0
bf16,32,128,128,32,page-cross,0,1,graph_lds_chunked(chunk=4),global,0.05572469830513001,0.1626739025115967,0.08059290051460266,0.0657368004322052,0.05700460076332092,0.06607279777526856,0.8433833617075633,1.0,0.8433833617075633,0.0
bf16,32,128,128,32,page-cross,1,1,graph_lds_chunked(chunk=4),global,0.05548059940338135,0.16194989681243896,0.08108890056610107,0.0658607006072998,0.05705270171165466,0.06556479930877686,0.8461949092850257,1.0,0.8461949092850257,0.0
bf16,32,128,128,32,page-cross,2,1,graph_lds_chunked(chunk=4),global,0.05642859935760498,0.1659139037132263,0.08168489933013916,0.06538869738578797,0.05675269961357117,0.06703670024871826,0.8417568160163715,1.0,0.8417568160163715,0.0
bf16,32,128,128,32,tail-negative,0,1,graph_lds_chunked(chunk=4),global,0.05361660122871399,0.16146179437637329,0.07866489887237549,0.06471670269966126,0.056740599870681765,0.06418470144271851,0.8353486114843738,1.0,0.8353486114843738,0.0
bf16,32,128,128,32,tail-negative,1,1,graph_lds_chunked(chunk=4),global,0.05396469831466675,0.1625458002090454,0.07883689999580383,0.06496869921684265,0.057128697633743286,0.0646606981754303,0.8345826728974634,1.0,0.8345826728974634,0.0
bf16,32,128,128,32,tail-negative,2,1,graph_lds_chunked(chunk=4),global,0.054204702377319336,0.1624217987060547,0.07881289720535278,0.06478080153465271,0.05666459798812866,0.0643926978111267,0.8417833732686544,1.0,0.8417833732686544,0.0
bf16,32,256,32,8,random,0,1,graph_global,global,0.015020200610160827,0.030832400918006896,0.016620199382305145,0.021364200115203857,0.030760300159454346,0.014796200394630431,1.0151390363442012,1.0,1.0151390363442012,0.0
bf16,32,256,32,8,random,1,1,graph_global,global,0.015132200717926026,0.030864399671554566,0.01665620058774948,0.02135220021009445,0.030784299969673155,0.014892199635505676,1.0161158920975075,1.0,1.0161158920975075,0.0
bf16,32,256,32,8,random,2,1,graph_global,global,0.015132099390029907,0.030852299928665162,0.016704200208187102,0.021372200548648836,0.030784401297569274,0.014820100367069244,1.0210524230762927,1.0,1.0210524230762927,0.0
bf16,32,256,32,8,contiguous,0,1,graph_global,global,0.015108099579811097,0.031052300333976747,0.01654819995164871,0.0215161994099617,0.031000301241874695,0.01483210027217865,1.0186082417572482,1.0,1.0186082417572482,0.0
bf16,32,256,32,8,contiguous,1,1,graph_global,global,0.015088200569152832,0.031108400225639342,0.016652199625968932,0.021472300589084625,0.031000399589538576,0.015024200081825256,1.0042598266116676,1.0,1.0042598266116676,0.0
bf16,32,256,32,8,contiguous,2,1,graph_global,global,0.015112100541591645,0.030928298830986023,0.016600200533866884,0.021532200276851654,0.030948400497436523,0.01490820050239563,1.0136770389667922,1.0,1.0136770389667922,0.0
bf16,32,256,32,8,page-cross,0,1,graph_global,global,0.014824199676513671,0.03063639998435974,0.016796199977397917,0.021132199466228484,0.030940300226211546,0.015192200243473054,0.9757770065519321,1.0,0.9757770065519321,0.0
bf16,32,256,32,8,page-cross,1,1,graph_global,global,0.015004199743270875,0.0306643009185791,0.016540099680423737,0.021264199912548066,0.0306643009185791,0.01480810046195984,1.0132427033308418,1.0,1.0132427033308418,0.0
bf16,32,256,32,8,page-cross,2,1,graph_global,global,0.01501220017671585,0.030856400728225708,0.01663219928741455,0.021396200358867645,0.03074829876422882,0.014844200015068055,1.0113175625144677,1.0,1.0113175625144677,0.0
bf16,32,256,32,8,tail-negative,0,1,graph_global,global,0.015020200610160827,0.030864301323890685,0.01658409982919693,0.021420200169086457,0.030708301067352294,0.014780099689960479,1.0162448782644842,1.0,1.0162448782644842,0.0
bf16,32,256,32,8,tail-negative,1,1,graph_global,global,0.014864100515842438,0.030688300728797913,0.016808199882507324,0.021132199466228484,0.030744299292564392,0.015060099959373473,0.9869855150988527,1.0,0.9869855150988527,0.0
bf16,32,256,32,8,tail-negative,2,1,graph_global,global,0.014972199499607087,0.030812400579452514,0.016716200113296508,0.02150820046663284,0.03080030083656311,0.01477220058441162,1.0135388708034818,1.0,1.0135388708034818,0.0
bf16,32,256,32,16,random,0,1,graph_lds_chunked(chunk=2),chunk2,0.02048429995775223,0.05144060254096985,0.019488300383090972,0.022568200528621674,0.03198440074920654,0.01946420073509216,1.0524089962153402,1.051107564799516,1.001238152458804,0.0
bf16,32,256,32,16,random,1,1,graph_lds_chunked(chunk=2),chunk2,0.020488299429416656,0.05146059989929199,0.019384199380874635,0.02255219966173172,0.03184030055999756,0.019468200206756592,1.0523982295140992,1.0569587645508527,0.9956852289893339,0.0
bf16,32,256,32,16,random,2,1,graph_lds_chunked(chunk=2),chunk2,0.020464199781417846,0.05126850008964538,0.019452199339866638,0.022620299458503725,0.03197239935398102,0.019328199326992035,1.0587742518176215,1.0520249882221362,1.0064154974178807,0.0
bf16,32,256,32,16,contiguous,0,1,graph_lds_chunked(chunk=2),chunk2,0.020776200294494628,0.051564598083496095,0.01950020045042038,0.022484299540519715,0.032144400477409366,0.019456300139427184,1.0678392163776675,1.0654352167978223,1.002256354531879,0.0
bf16,32,256,32,16,contiguous,1,1,graph_lds_chunked(chunk=2),chunk2,0.020736199617385865,0.051564598083496095,0.0194922000169754,0.022476300597190857,0.032076400518417356,0.01958020031452179,1.0590391969589157,1.0638203793993026,0.9955056487608493,0.0
bf16,32,256,32,16,contiguous,2,1,graph_lds_chunked(chunk=2),chunk2,0.020652200281620025,0.05136460065841675,0.01955219954252243,0.022428299486637115,0.03230040073394776,0.01946420073509216,1.0610351055610523,1.0562596927627144,1.0045210593863025,0.0
bf16,32,256,32,16,page-cross,0,1,graph_lds_chunked(chunk=2),chunk2,0.02114430069923401,0.05144860148429871,0.01944420039653778,0.022644199430942535,0.031940299272537234,0.019496199488639832,1.0845344864035937,1.0874348272505434,0.9973328600719155,0.0
bf16,32,256,32,16,page-cross,1,1,graph_lds_chunked(chunk=2),chunk2,0.021208199858665466,0.05156859755516052,0.019516199827194214,0.022636300325393675,0.03189640045166016,0.01939229965209961,1.0936402716100382,1.0866972077788213,1.0063891429751701,0.0
bf16,32,256,32,16,page-cross,2,1,graph_lds_chunked(chunk=2),chunk2,0.02103620022535324,0.05147250294685364,0.019412200152873992,0.022536300122737885,0.03184039890766144,0.019408300518989563,1.0838764684610536,1.0836587331518326,1.0002009260873004,0.0
bf16,32,256,32,16,tail-negative,0,1,graph_lds_chunked(chunk=2),chunk2,0.0204242005944252,0.051424598693847655,0.019320300221443175,0.022636300325393675,0.031804400682449344,0.019320200383663177,1.0571422753821718,1.057136812592427,1.0000051675333597,0.0
bf16,32,256,32,16,tail-negative,1,1,graph_lds_chunked(chunk=2),chunk2,0.020176300406455995,0.05108060240745545,0.01960020065307617,0.022272199392318726,0.03202430009841919,0.019616200029850005,1.028552949896192,1.0293925436569145,0.9991843794032744,0.0
bf16,32,256,32,16,tail-negative,2,1,graph_lds_chunked(chunk=2),chunk2,0.020520299673080444,0.05194460153579712,0.019504199922084808,0.022676199674606323,0.03199230134487152,0.01950020045042038,1.052312242905076,1.0520964589706188,1.0002050990026792,0.0
bf16,32,256,32,32,random,0,1,graph_lds_chunked(chunk=4),chunk4,0.031236401200294493,0.09616109728813171,0.029228299856185913,0.026700299978256226,0.03390440046787262,0.02708829939365387,1.1531326033561347,1.1698895228043245,0.9856764941291021,0.0
bf16,32,256,32,32,random,1,1,graph_lds_chunked(chunk=4),chunk4,0.031128299236297608,0.09619309902191162,0.02921229898929596,0.0266882985830307,0.03401640057563782,0.027112299203872682,1.1481246574562471,1.1663650696747678,0.9843613181732142,0.0
bf16,32,256,32,32,random,2,1,graph_lds_chunked(chunk=4),chunk4,0.03140429854393005,0.09616109728813171,0.029104399681091308,0.02695229947566986,0.03392429947853089,0.027284300327301024,1.1510025240598347,1.165180676783406,0.9878317989595299,0.0
bf16,32,256,32,32,contiguous,0,1,graph_lds_chunked(chunk=4),chunk4,0.03182039856910705,0.09634910225868225,0.029472300410270692,0.026968300342559814,0.03404439985752106,0.02716430127620697,1.1714050085646166,1.179918577178182,0.9927846134655107,0.0
bf16,32,256,32,32,contiguous,1,1,graph_lds_chunked(chunk=4),chunk4,0.031576400995254515,0.09627709984779358,0.029444301128387453,0.02693229913711548,0.034116300940513614,0.028164398670196534,1.1211459319622736,1.1724361457035426,0.9562532988007708,0.0
bf16,32,256,32,32,contiguous,2,1,graph_lds_chunked(chunk=4),chunk4,0.03154039978981018,0.09628909826278687,0.029456299543380738,0.026932400465011597,0.03403240144252777,0.02690030038356781,1.1724924755515667,1.1710950099225252,1.0011932982526617,0.0
bf16,32,256,32,32,page-cross,0,1,graph_lds_chunked(chunk=4),chunk4,0.03129239976406097,0.09638509750366211,0.02952440083026886,0.027236300706863403,0.03416840136051178,0.026652300357818605,1.1740975204371493,1.1489225391088245,1.0219118177869955,0.0
bf16,32,256,32,32,page-cross,1,1,graph_lds_chunked(chunk=4),chunk4,0.03148829936981201,0.09639710187911987,0.029372400045394896,0.02701230049133301,0.033964401483535765,0.02677229940891266,1.1761522194589444,1.165702246645566,1.0089645300448287,0.0
bf16,32,256,32,32,page-cross,2,1,graph_lds_chunked(chunk=4),chunk4,0.03238840103149414,0.09651709794998169,0.029276299476623534,0.0269802987575531,0.03397240042686463,0.027024298906326294,1.1984918144874472,1.2004463450363776,0.9983718301471682,0.0
bf16,32,256,32,32,tail-negative,0,1,graph_lds_chunked(chunk=4),chunk4,0.031152400374412536,0.09614109992980957,0.029164400696754456,0.026784300804138184,0.03398039937019348,0.026668301224708556,1.168143411607688,1.1630843232465296,1.00434971760864,0.0
bf16,32,256,32,32,tail-negative,1,1,graph_lds_chunked(chunk=4),chunk4,0.031200399994850157,0.09642109870910645,0.028988298773765565,0.027204298973083497,0.03433240056037903,0.02677229940891266,1.1653985904723356,1.1468922623487003,1.0161360650264886,0.0
bf16,32,256,32,32,tail-negative,2,1,graph_lds_chunked(chunk=4),chunk4,0.03153629899024964,0.09642109870910645,0.029068300127983095,0.02721630036830902,0.0343762993812561,0.027036300301551817,1.1664428430852845,1.1587283562967607,1.0066577181326424,0.0
bf16,32,256,64,8,random,0,1,graph_global,global,0.022768299281597137,0.050524598360061644,0.025856301188468933,0.03406040072441101,0.05038459897041321,0.022612300515174866,1.0068988454455388,1.0,1.0068988454455388,0.0
bf16,32,256,64,8,random,1,1,graph_global,global,0.022860200703144075,0.05022850036621094,0.02586829960346222,0.03372440040111542,0.05053660273551941,0.022492200136184692,1.0163612525556074,1.0,1.0163612525556074,0.0
bf16,32,256,64,8,random,2,1,graph_global,global,0.02276819944381714,0.05025249719619751,0.02589629888534546,0.0337444007396698,0.05037260055541992,0.02254430055618286,1.00993150739258,1.0,1.00993150739258,0.0
bf16,32,256,64,8,contiguous,0,1,graph_global,global,0.024337300658226015,0.05051249861717224,0.025848299264907837,0.034132400155067445,0.05063260197639465,0.02265630066394806,1.0741956958998542,1.0,1.0741956958998542,0.0
bf16,32,256,64,8,contiguous,1,1,graph_global,global,0.022876299917697906,0.05075259804725647,0.02560029923915863,0.034288400411605836,0.05064449906349182,0.02268030047416687,1.0086418362822962,1.0,1.0086418362822962,0.0
bf16,32,256,64,8,contiguous,2,1,graph_global,global,0.022800299525260925,0.05056459903717041,0.025672298669815064,0.034344398975372316,0.05073249936103821,0.022552299499511718,1.0109966624802307,1.0,1.0109966624802307,0.0
bf16,32,256,64,8,page-cross,0,1,graph_global,global,0.02273630052804947,0.04985249936580658,0.02571220099925995,0.033548399806022644,0.05019649863243103,0.0224481999874115,1.0128340152350537,1.0,1.0128340152350537,0.0
bf16,32,256,64,8,page-cross,1,1,graph_global,global,0.022696200013160705,0.05018860101699829,0.02565230131149292,0.03385629951953888,0.0501006007194519,0.022516199946403505,1.0079942471280974,1.0,1.0079942471280974,0.0
bf16,32,256,64,8,page-cross,2,1,graph_global,global,0.02273630052804947,0.05017250180244446,0.025564301013946533,0.03375639915466309,0.05008460283279419,0.022592300176620485,1.0063738685438504,1.0,1.0063738685438504,0.0
bf16,32,256,64,8,tail-negative,0,1,graph_global,global,0.022668300569057463,0.050524598360061644,0.025668299198150633,0.033960399031639096,0.05030059814453125,0.02246430069208145,1.0090810695499604,1.0,1.0090810695499604,0.0
bf16,32,256,64,8,tail-negative,1,1,graph_global,global,0.02266020029783249,0.05038459897041321,0.02578830122947693,0.033884298801422116,0.05037660002708435,0.022424300014972687,1.0105198504614321,1.0,1.0105198504614321,0.0
bf16,32,256,64,8,tail-negative,2,1,graph_global,global,0.0227402001619339,0.05021659731864929,0.02586430013179779,0.0337363988161087,0.050536501407623294,0.022576199471950532,1.0072643179020069,1.0,1.0072643179020069,0.0
bf16,32,256,64,16,random,0,1,graph_lds_chunked(chunk=2),global,0.03438040018081665,0.08663300275802613,0.044328498840332034,0.03606039881706238,0.0533765971660614,0.04392049908638,0.7827871016037296,1.0,0.7827871016037296,0.0
bf16,32,256,64,16,random,1,1,graph_lds_chunked(chunk=2),global,0.03388040065765381,0.08896899819374085,0.04519250094890594,0.036948400735855105,0.05342860221862793,0.04494050145149231,0.7538945842476523,1.0,0.7538945842476523,0.0
bf16,32,256,64,16,random,2,1,graph_lds_chunked(chunk=2),global,0.03356840014457703,0.08763700127601623,0.0445044994354248,0.03609640002250671,0.053096598386764525,0.044476500153541564,0.7547446410732039,1.0,0.7547446410732039,0.0
bf16,32,256,64,16,contiguous,0,1,graph_lds_chunked(chunk=2),global,0.03346439898014068,0.0870169997215271,0.04416449964046478,0.03626439869403839,0.053472602367401124,0.044188499450683594,0.7573101462177619,1.0,0.7573101462177619,0.0
bf16,32,256,64,16,contiguous,1,1,graph_lds_chunked(chunk=2),global,0.03335239887237549,0.08703699707984924,0.04406450092792511,0.03600850105285645,0.053072601556777954,0.0442205011844635,0.7542293275521168,1.0,0.7542293275521168,0.0
bf16,32,256,64,16,contiguous,2,1,graph_lds_chunked(chunk=2),global,0.033808401226997374,0.087049001455307,0.044088500738143924,0.035952401161193845,0.0530646026134491,0.04422450065612793,0.7644721981120377,1.0,0.7644721981120377,0.0
bf16,32,256,64,16,page-cross,0,1,graph_lds_chunked(chunk=2),global,0.03448039889335632,0.0869849979877472,0.04364849925041199,0.03594839870929718,0.05246059894561768,0.04389249980449676,0.7855647103021419,1.0,0.7855647103021419,0.0
bf16,32,256,64,16,page-cross,1,1,graph_lds_chunked(chunk=2),global,0.034492400288581845,0.0865369975566864,0.043588501214981076,0.035964399576187134,0.05251659750938416,0.043784499168395996,0.7877765178019608,1.0,0.7877765178019608,0.0
bf16,32,256,64,16,page-cross,2,1,graph_lds_chunked(chunk=2),global,0.034428301453590396,0.08667299747467042,0.04374450147151947,0.03628039956092834,0.05274059772491455,0.04361250102519989,0.789413600327513,1.0,0.789413600327513,0.0
bf16,32,256,64,16,tail-negative,0,1,graph_lds_chunked(chunk=2),global,0.03363640010356903,0.0866450011730194,0.04391250014305115,0.03592039942741394,0.052864599227905276,0.04368849992752075,0.7699142831493835,1.0,0.7699142831493835,0.0
bf16,32,256,64,16,tail-negative,1,1,graph_lds_chunked(chunk=2),global,0.033488398790359496,0.08666890263557434,0.044100499153137206,0.0364764004945755,0.05268459916114807,0.043712499737739566,0.7661057818994277,1.0,0.7661057818994277,0.0
bf16,32,256,64,16,tail-negative,2,1,graph_lds_chunked(chunk=2),global,0.033520400524139404,0.0867209017276764,0.043712401390075685,0.03597239851951599,0.05238860249519348,0.04378849864006042,0.7655069610784251,1.0,0.7655069610784251,0.0
bf16,32,256,64,32,random,0,1,graph_lds_chunked(chunk=4),global,0.053992700576782224,0.16310189962387084,0.0798529028892517,0.06507670283317565,0.056248700618743895,0.06451669931411744,0.8368794614539066,1.0,0.8368794614539066,0.0
bf16,32,256,64,32,random,1,1,graph_lds_chunked(chunk=4),global,0.05418859720230103,0.16438579559326172,0.0796688973903656,0.06512470245361328,0.05633659958839417,0.06482869982719422,0.835873576776101,1.0,0.835873576776101,0.0
bf16,32,256,64,32,random,2,1,graph_lds_chunked(chunk=4),global,0.05390859842300415,0.16445389986038209,0.08014090061187744,0.06527280211448669,0.05706859827041626,0.06441280245780945,0.8369236606079112,1.0,0.8369236606079112,0.0
bf16,32,256,64,32,contiguous,0,1,graph_lds_chunked(chunk=4),global,0.05492460131645203,0.1634979009628296,0.07955700159072876,0.06476470232009887,0.056260699033737184,0.06527670025825501,0.8414120367474636,1.0,0.8414120367474636,0.0
bf16,32,256,64,32,contiguous,1,1,graph_lds_chunked(chunk=4),global,0.05462459921836853,0.16359390020370485,0.07954090237617492,0.06493669748306274,0.05624459981918335,0.06460080146789551,0.8455715405561209,1.0,0.8455715405561209,0.0
bf16,32,256,64,32,contiguous,2,1,graph_lds_chunked(chunk=4),global,0.05484060049057007,0.1623339056968689,0.07921689748764038,0.0648406982421875,0.05625270009040832,0.06460070013999938,0.8489165035629997,1.0,0.8489165035629997,0.0
bf16,32,256,64,32,page-cross,0,1,graph_lds_chunked(chunk=4),global,0.054612600803375246,0.16452590227127076,0.07888090014457702,0.06419270038604737,0.0562205970287323,0.06456080079078674,0.8459095942807578,1.0,0.8459095942807578,0.0
bf16,32,256,64,32,page-cross,1,1,graph_lds_chunked(chunk=4),global,0.053996598720550536,0.1632017970085144,0.07935289740562439,0.06384869813919067,0.05607659816741943,0.0638247013092041,0.8460141232617682,1.0,0.8460141232617682,0.0
bf16,32,256,64,32,page-cross,2,1,graph_lds_chunked(chunk=4),global,0.05409659743309021,0.16181379556655884,0.07838889956474304,0.06401669979095459,0.05640069842338562,0.06387670040130615,0.846890917865633,1.0,0.846890917865633,0.0
bf16,32,256,64,32,tail-negative,0,1,graph_lds_chunked(chunk=4),global,0.053396600484848025,0.16263790130615235,0.07803289890289307,0.0642886996269226,0.056404602527618405,0.06408479809761047,0.8332178936339509,1.0,0.8332178936339509,0.0
bf16,32,256,64,32,tail-negative,1,1,graph_lds_chunked(chunk=4),global,0.05399259924888611,0.16246180534362792,0.0788008987903595,0.06418079733848572,0.0565966010093689,0.06417269706726074,0.8413640335592463,1.0,0.8413640335592463,0.0
bf16,32,256,64,32,tail-negative,2,1,graph_lds_chunked(chunk=4),global,0.05343660116195679,0.16361390352249144,0.07942090034484864,0.0649407982826233,0.05634459853172302,0.06402069926261902,0.8346769369505751,1.0,0.8346769369505751,0.0
bf16,32,256,128,8,random,0,0,graph_global,global,0.037728500366210935,,,,,0.037548398971557616,1.0047965132891483,1.0,1.0047965132891483,0.0
bf16,32,256,128,8,random,1,0,graph_global,global,0.03790850043296814,,,,,0.03764849901199341,1.0069060235546683,1.0,1.0069060235546683,0.0
bf16,32,256,128,8,random,2,0,graph_global,global,0.037864398956298825,,,,,0.03762840032577515,1.0062718220408116,1.0,1.0062718220408116,0.0
bf16,32,256,128,8,contiguous,0,0,graph_global,global,0.037864398956298825,,,,,0.037932398915290835,0.9982073382929494,1.0,0.9982073382929494,0.0
bf16,32,256,128,8,contiguous,1,0,graph_global,global,0.0381164014339447,,,,,0.03810440003871918,1.0003149608762592,1.0,1.0003149608762592,0.0
bf16,32,256,128,8,contiguous,2,0,graph_global,global,0.038064399361610414,,,,,0.03782840073108673,1.0062386626440103,1.0,1.0062386626440103,0.0
bf16,32,256,128,8,page-cross,0,0,graph_global,global,0.03776839971542358,,,,,0.03765639960765839,1.00297426490403,1.0,1.00297426490403,0.0
bf16,32,256,128,8,page-cross,1,0,graph_global,global,0.037796500325202945,,,,,0.03762049973011017,1.004678316246605,1.0,1.004678316246605,0.0
bf16,32,256,128,8,page-cross,2,0,graph_global,global,0.037740498781204224,,,,,0.03753649890422821,1.0054347070965917,1.0,1.0054347070965917,0.0
bf16,32,256,128,8,tail-negative,0,0,graph_global,global,0.03790839910507202,,,,,0.03772439956665039,1.0048774676478693,1.0,1.0048774676478693,0.0
bf16,32,256,128,8,tail-negative,1,0,graph_global,global,0.0378805011510849,,,,,0.037856501340866086,1.0006339679941025,1.0,1.0006339679941025,0.0
bf16,32,256,128,8,tail-negative,2,0,graph_global,global,0.03779639899730682,,,,,0.037468400597572324,1.0087540005578928,1.0,1.0087540005578928,0.0
bf16,32,256,128,16,random,0,0,graph_global,global,0.058664602041244504,,,,,0.05831260085105896,1.0060364515567506,1.0,1.0060364515567506,0.0
bf16,32,256,128,16,random,1,0,graph_global,global,0.05839260220527649,,,,,0.05822870135307312,1.002814777736662,1.0,1.002814777736662,0.0
bf16,32,256,128,16,random,2,0,graph_global,global,0.05841670036315918,,,,,0.058636701107025145,0.9962480709229461,1.0,0.9962480709229461,0.0
bf16,32,256,128,16,contiguous,0,0,graph_global,global,0.060000598430633545,,,,,0.05986070036888123,1.002337060222988,1.0,1.002337060222988,0.0
bf16,32,256,128,16,contiguous,1,0,graph_global,global,0.060992699861526486,,,,,0.060876601934432985,1.0019071026207826,1.0,1.0019071026207826,0.0
bf16,32,256,128,16,contiguous,2,0,graph_global,global,0.06114069819450378,,,,,0.06121270060539245,0.9988237341241839,1.0,0.9988237341241839,0.0
bf16,32,256,128,16,page-cross,0,0,graph_global,global,0.06147270202636719,,,,,0.061752700805664064,0.9954658051284586,1.0,0.9954658051284586,0.0
bf16,32,256,128,16,page-cross,1,0,graph_global,global,0.06096869707107544,,,,,0.06044470071792603,1.0086690205580588,1.0,1.0086690205580588,0.0
bf16,32,256,128,16,page-cross,2,0,graph_global,global,0.061152702569961546,,,,,0.05998870134353638,1.019403674364599,1.0,1.019403674364599,0.0
bf16,32,256,128,16,tail-negative,0,0,graph_global,global,0.05852869749069214,,,,,0.05874469876289368,0.9963230508156427,1.0,0.9963230508156427,0.0
bf16,32,256,128,16,tail-negative,1,0,graph_global,global,0.05911269783973694,,,,,0.058452701568603514,1.011291116636565,1.0,1.011291116636565,0.0
bf16,32,256,128,16,tail-negative,2,0,graph_global,global,0.05939670205116272,,,,,0.05932869911193848,1.0011462064775083,1.0,1.0011462064775083,0.0
bf16,32,256,128,32,random,0,0,graph_global,global,0.10307719707489013,,,,,0.10424120426177978,0.9888335213015528,1.0,0.9888335213015528,0.0
bf16,32,256,128,32,random,1,0,graph_global,global,0.1045691967010498,,,,,0.10495320558547974,0.9963411419185555,1.0,0.9963411419185555,0.0
bf16,32,256,128,32,random,2,0,graph_global,global,0.10753320455551148,,,,,0.10430920124053955,1.030908139230568,1.0,1.030908139230568,0.0
bf16,32,256,128,32,contiguous,0,0,graph_global,global,0.10746920108795166,,,,,0.10581320524215698,1.0156501812983065,1.0,1.0156501812983065,0.0
bf16,32,256,128,32,contiguous,1,0,graph_global,global,0.10727330446243286,,,,,0.10838129520416259,0.9897769191663325,1.0,0.9897769191663325,0.0
bf16,32,256,128,32,contiguous,2,0,graph_global,global,0.10604920387268066,,,,,0.10592119693756104,1.0012085110329245,1.0,1.0012085110329245,0.0
bf16,32,256,128,32,page-cross,0,0,graph_global,global,0.10534119606018066,,,,,0.10440119504928588,1.009003738036246,1.0,1.009003738036246,0.0
bf16,32,256,128,32,page-cross,1,0,graph_global,global,0.10378919839859009,,,,,0.10356520414352417,1.0021628331341432,1.0,1.0021628331341432,0.0
bf16,32,256,128,32,page-cross,2,0,graph_global,global,0.10550919771194459,,,,,0.10679320096969605,0.9879767321693464,1.0,0.9879767321693464,0.0
bf16,32,256,128,32,tail-negative,0,0,graph_global,global,0.10394519567489624,,,,,0.10312919616699219,1.0079124005444855,1.0,1.0079124005444855,0.0
bf16,32,256,128,32,tail-negative,1,0,graph_global,global,0.10330519676208497,,,,,0.10338519811630249,0.9992261817390191,1.0,0.9992261817390191,0.0
bf16,32,256,128,32,tail-negative,2,0,graph_global,global,0.10359319448471069,,,,,0.10347319841384887,1.0011596826299105,1.0,1.0011596826299105,0.0
bf16,128,64,32,8,random,0,1,graph_lds_chunked(chunk=4),chunk4,0.014928199350833893,0.017196199297904967,0.014824099838733673,0.01382009983062744,0.017364199459552764,0.01403609961271286,1.063557524008524,1.0801802833399752,0.9846111250243778,0.0
bf16,128,64,32,8,random,1,1,graph_lds_chunked(chunk=4),chunk4,0.015296199917793274,0.017516200244426728,0.014596100151538848,0.013932199776172638,0.017124199867248537,0.013900099694728852,1.1004381445979015,1.0979027119574756,1.0023093418139986,0.0
bf16,128,64,32,8,random,2,1,graph_lds_chunked(chunk=4),chunk4,0.014812099933624267,0.016776199638843536,0.014372199773788452,0.013484099507331848,0.017132200300693512,0.01371220052242279,1.080213194767891,1.0984864006358253,0.9833651050596918,0.0
bf16,128,64,32,8,contiguous,0,1,graph_lds_chunked(chunk=4),chunk4,0.014780099689960479,0.016912199556827545,0.014116199314594268,0.01371610015630722,0.016776099801063538,0.013456100225448608,1.0983939954614697,1.0775730361785079,1.019322086377366,0.0
bf16,128,64,32,8,contiguous,1,1,graph_lds_chunked(chunk=4),chunk4,0.014728100597858429,0.016884200274944305,0.014100199937820435,0.013620099425315857,0.016760200262069702,0.0135002002120018,1.0909542352390458,1.081350446714296,1.0088812914942895,0.0
bf16,128,64,32,8,contiguous,2,1,graph_lds_chunked(chunk=4),chunk4,0.01477620005607605,0.0168722003698349,0.014128099381923675,0.013680200278759002,0.016812199354171754,0.013412199914455414,1.1016984648544152,1.08011576987062,1.0199818348975505,0.0
bf16,128,64,32,8,page-cross,0,1,graph_lds_chunked(chunk=4),chunk4,0.01464020013809204,0.0169282004237175,0.014260099828243255,0.013620199263095855,0.016724200546741487,0.013596199452877045,1.0767862143265394,1.0748888364474882,1.0017651852123817,0.0
bf16,128,64,32,8,page-cross,1,1,graph_lds_chunked(chunk=4),chunk4,0.014600199460983277,0.01690019965171814,0.015536199510097503,0.013448099792003631,0.01695220023393631,0.01344819962978363,1.0856620114895024,1.085670071370581,0.9999925761229943,0.0
bf16,128,64,32,8,page-cross,2,1,graph_lds_chunked(chunk=4),chunk4,0.014664199948310853,0.016808199882507324,0.01416410058736801,0.013740099966526031,0.016680200397968293,0.01344819962978363,1.0904210490625195,1.0672556956671448,1.0217055326942004,0.0
bf16,128,64,32,8,tail-negative,0,1,graph_lds_chunked(chunk=4),chunk4,0.014764200150966644,0.016972200572490694,0.014144200086593627,0.013672199845314027,0.01682019978761673,0.013448099792003631,1.0978651541346813,1.0798701246330076,1.0166640682904249,0.0
bf16,128,64,32,8,tail-negative,1,1,graph_lds_chunked(chunk=4),chunk4,0.014820200204849244,0.0168721005320549,0.014224100112915038,0.013696199655532837,0.016808199882507324,0.013504099845886231,1.097459317835534,1.082066600778731,1.0142252954168676,0.0
bf16,128,64,32,8,tail-negative,2,1,graph_lds_chunked(chunk=4),chunk4,0.014752200245857239,0.016936199367046358,0.014180199801921844,0.013668100535869598,0.01679220050573349,0.013428199291229247,1.0985985481681655,1.0793160474012176,1.0178654813975723,0.0
bf16,128,64,32,16,random,0,1,graph_lds_chunked(chunk=4),chunk8,0.02170030027627945,0.02636429965496063,0.01976419985294342,0.019388200342655183,0.018948200345039367,0.019272199273109435,1.1259898244492497,1.145243341379414,0.9831882742867782,0.0
bf16,128,64,32,16,random,1,1,graph_lds_chunked(chunk=4),chunk8,0.02172829955816269,0.026468300819396974,0.019868199527263642,0.01952019929885864,0.01915629953145981,0.01933619976043701,1.1237109580663338,1.1342639282957006,0.990696195156957,0.0
bf16,128,64,32,16,random,2,1,graph_lds_chunked(chunk=4),chunk8,0.021708300709724425,0.026244300603866576,0.019996200501918793,0.01928029954433441,0.01915619969367981,0.019560199975967408,1.1098199781390925,1.1332258515182752,0.9793458000028644,0.0
bf16,128,64,32,16,contiguous,0,1,graph_lds_chunked(chunk=4),chunk8,0.02170030027627945,0.02661629915237427,0.019888199865818024,0.019512300193309785,0.01905220001935959,0.01920419931411743,1.129976830657401,1.138991835810512,0.9920851011660713,0.0
bf16,128,64,32,16,contiguous,1,1,graph_lds_chunked(chunk=4),chunk4,0.021720199286937712,0.026128301024436952,0.019936299324035643,0.01910820007324219,0.01917629987001419,0.019220200181007386,1.1300714395472697,1.1366951991126149,0.9941727918174406,0.0
bf16,128,64,32,16,contiguous,2,1,graph_lds_chunked(chunk=4),chunk8,0.02167219966650009,0.026360300183296204,0.019740200042724608,0.019388200342655183,0.018948200345039367,0.019192300736904144,1.1292132175079688,1.1437603187562806,0.9872813376983299,0.0
bf16,128,64,32,16,page-cross,0,1,graph_lds_chunked(chunk=4),chunk8,0.021332299709320067,0.026264300942420958,0.019616200029850005,0.019476300477981566,0.01900019943714142,0.019188199937343598,1.1117405373603428,1.1227408312156912,0.9902022857372724,0.0
bf16,128,64,32,16,page-cross,1,1,graph_lds_chunked(chunk=4),chunk8,0.021344299614429473,0.026456299424171447,0.019880199432373048,0.019724300503730773,0.01922820061445236,0.01928420066833496,1.1068283296531567,1.1100518474092995,0.9970960655903901,0.0
bf16,128,64,32,16,page-cross,2,1,graph_lds_chunked(chunk=4),chunk8,0.021264299750328064,0.026244300603866576,0.019644199311733244,0.019428199529647826,0.01894029974937439,0.01920820027589798,1.1070427965606977,1.1227013316423589,0.9860528043921041,0.0
bf16,128,64,32,16,tail-negative,0,1,graph_lds_chunked(chunk=4),chunk8,0.021636299788951874,0.026400300860404968,0.020068299770355225,0.01922820061445236,0.019132199883460998,0.01963620036840439,1.1018577618389829,1.1308840551919785,0.9743330952278144,0.0
bf16,128,64,32,16,tail-negative,1,1,graph_lds_chunked(chunk=4),chunk8,0.021688300371170043,0.02636429965496063,0.019752199947834014,0.019428199529647826,0.018976299464702605,0.019212199747562407,1.128881682271797,1.142915161700097,0.9877213288452441,0.0
bf16,128,64,32,16,tail-negative,2,1,graph_lds_chunked(chunk=4),chunk8,0.021716299653053283,0.02644430100917816,0.019824199378490448,0.019428199529647826,0.018956199288368225,0.01929219961166382,1.125651822507781,1.1456041014708414,0.9825836177284599,0.0
bf16,128,64,32,32,random,0,1,graph_lds_chunked(chunk=8),chunk4,0.035536399483680724,0.0457726001739502,0.03188030123710632,0.02857629954814911,0.029748401045799254,0.029876399040222167,1.1894472100147873,1.2435619742788713,0.956484063212479,0.0
bf16,128,64,32,32,random,1,1,graph_lds_chunked(chunk=8),chunk4,0.03539640009403229,0.04591259956359863,0.033204400539398195,0.028528401255607606,0.02997640073299408,0.02962839901447296,1.1946781220524862,1.2407425069806426,0.9628735336550576,0.0
bf16,128,64,32,32,random,2,1,graph_lds_chunked(chunk=8),chunk4,0.03561649918556213,0.046136599779129026,0.03342039883136749,0.028796398639678956,0.030420398712158202,0.02976430058479309,1.1966180453021964,1.2368386627515866,0.9674811124032041,0.0
bf16,128,64,32,32,contiguous,0,1,graph_lds_chunked(chunk=8),chunk4,0.03600040078163147,0.0458285003900528,0.034264400601387024,0.028212299942970274,0.02979640066623688,0.029752400517463685,1.2099998707835495,1.2760533829005236,0.9482360902748193,0.0
bf16,128,64,32,32,contiguous,1,1,graph_lds_chunked(chunk=8),chunk4,0.03615239858627319,0.0457845002412796,0.03168439865112305,0.02828429937362671,0.029540300369262695,0.029700401425361633,1.2172360254835513,1.2781790387914993,0.9523204406750646,0.0
bf16,128,64,32,32,contiguous,2,1,graph_lds_chunked(chunk=8),chunk4,0.03546440005302429,0.04668050110340118,0.03610039949417114,0.028608301281929018,0.030236300826072694,0.02939629852771759,1.206423999932683,1.2396541725260026,0.9731939977053379,0.0
bf16,128,64,32,32,page-cross,0,1,graph_lds_chunked(chunk=8),chunk4,0.03576039969921112,0.04599249958992004,0.03309639990329742,0.028380298614501955,0.030040299892425536,0.03027629852294922,1.181135126941128,1.2600431089522797,0.9373767600088198,0.0
bf16,128,64,32,32,page-cross,1,1,graph_lds_chunked(chunk=8),chunk4,0.03506439924240112,0.045428499579429626,0.03388040065765381,0.027896299958229065,0.029772400856018066,0.029860299825668336,1.1742815526674408,1.2569551981770097,0.9342270546878103,0.0
bf16,128,64,32,32,page-cross,2,1,graph_lds_chunked(chunk=8),chunk4,0.03469640016555786,0.04482460021972656,0.032464399933815,0.027836298942565917,0.029560300707817077,0.02939240038394928,1.1804548016603982,1.2464444442541107,0.9470576944701282,0.0
bf16,128,64,32,32,tail-negative,0,1,graph_lds_chunked(chunk=8),chunk4,0.03531639873981476,0.045364600419998166,0.03152439892292023,0.02836430072784424,0.03008430004119873,0.029532399773597718,1.195852657100626,1.2451002786451875,0.9604468632854627,0.0
bf16,128,64,32,32,tail-negative,1,1,graph_lds_chunked(chunk=8),chunk4,0.0352403998374939,0.04555259943008423,0.03307639956474304,0.028588300943374632,0.029668399691581727,0.029436400532722472,1.197170822510025,1.2326860524973204,0.9711887467897081,0.0
bf16,128,64,32,32,tail-negative,2,1,graph_lds_chunked(chunk=8),chunk4,0.03551239967346191,0.045544499158859254,0.03193230032920837,0.02825630009174347,0.02992430031299591,0.02971639931201935,1.1950438308687776,1.2567958139657034,0.9508655404396414,0.0
bf16,128,64,64,8,random,0,1,graph_lds_chunked(chunk=4),chunk4,0.020768199861049653,0.022996300458908082,0.0193121999502182,0.018348200619220732,0.02292419970035553,0.01809220016002655,1.1479090258428346,1.1318930009569352,1.0141497693442392,0.0
bf16,128,64,64,8,random,1,1,graph_lds_chunked(chunk=4),chunk4,0.020656199753284456,0.02276030033826828,0.019116200506687164,0.018096199631690978,0.02286819964647293,0.01796420067548752,1.1498535407406252,1.1414661737655831,1.0073478892040866,0.0
bf16,128,64,64,8,random,2,1,graph_lds_chunked(chunk=4),chunk4,0.020672200620174407,0.022560200095176695,0.01934020072221756,0.017976200580596922,0.02265630066394806,0.018000200390815735,1.1484428045991093,1.149976076840591,0.9986666920535475,0.0
bf16,128,64,64,8,contiguous,0,1,graph_lds_chunked(chunk=4),chunk4,0.020600199699401855,0.022596199810504914,0.01922830045223236,0.018000200390815735,0.02267629951238632,0.018104200065135957,1.1378685401887794,1.1444427979764449,0.9942554946395837,0.0
bf16,128,64,64,8,contiguous,1,1,graph_lds_chunked(chunk=4),chunk4,0.020584200322628022,0.02281630039215088,0.019096200168132783,0.018060199916362762,0.02295220047235489,0.018084199726581575,1.1382422575421876,1.139754843133186,0.9986728851383158,0.0
bf16,128,64,64,8,contiguous,2,1,graph_lds_chunked(chunk=4),chunk4,0.020600199699401855,0.02282419949769974,0.019016200304031373,0.01801220029592514,0.022884300351142882,0.017980200052261353,1.1457158229344053,1.1436803589210693,1.0017797490334244,0.0
bf16,128,64,64,8,page-cross,0,1,graph_lds_chunked(chunk=4),chunk4,0.020152199268341064,0.022664199769496917,0.019288299977779387,0.018116199970245363,0.022564299404621124,0.01793619990348816,1.1235489890153347,1.1123855610690814,1.0100355742981098,0.0
bf16,128,64,64,8,page-cross,1,1,graph_lds_chunked(chunk=4),chunk4,0.02018429934978485,0.022668300569057463,0.01930820047855377,0.018164199590682984,0.02249619960784912,0.018024200201034547,1.1198443828107456,1.1112132548982803,1.0077673010778254,0.0
bf16,128,64,64,8,page-cross,2,1,graph_lds_chunked(chunk=4),chunk4,0.02029619961977005,0.02266020029783249,0.019264300167560578,0.018152199685573578,0.022564299404621124,0.017892199754714965,1.1343602183080692,1.1181124035287255,1.014531468149415,0.0
bf16,128,64,64,8,tail-negative,0,1,graph_lds_chunked(chunk=4),chunk4,0.020504200458526613,0.02279220074415207,0.019104300439357756,0.019028200209140776,0.022712300717830657,0.018008199334144593,1.1386035926229146,1.0775690939323201,1.0566409142896482,0.0
bf16,128,64,64,8,tail-negative,1,1,graph_lds_chunked(chunk=4),chunk4,0.02055619955062866,0.022800299525260925,0.020044299960136413,0.01804420053958893,0.022644299268722533,0.017976200580596922,1.1435230408374797,1.1392136495894298,1.0037827770494174,0.0
bf16,128,64,64,8,tail-negative,2,1,graph_lds_chunked(chunk=4),chunk4,0.020544199645519255,0.0227962002158165,0.019060200452804564,0.018188199400901793,0.022692300379276276,0.017948199808597565,1.1446384520233697,1.1295345510947417,1.0133717918712528,0.0
bf16,128,64,64,16,random,0,1,graph_lds_chunked(chunk=4),chunk4,0.0336203008890152,0.037020400166511536,0.02893640100955963,0.026944300532341002,0.027052399516105653,0.027552300691604616,1.220235698838012,1.2477704087608827,0.9779328715206395,0.0
bf16,128,64,64,16,random,1,1,graph_lds_chunked(chunk=4),chunk8,0.03266029953956604,0.037612500786781314,0.02941640019416809,0.02740429937839508,0.027280300855636597,0.02738029956817627,1.192839379212879,1.1972118530656835,0.9963477860316802,0.0
bf16,128,64,64,16,random,2,1,graph_lds_chunked(chunk=4),chunk8,0.03265230059623718,0.03733240067958832,0.029064300656318664,0.027016299962997436,0.02677229940891266,0.028192299604415893,1.1581992620113435,1.219630039897396,0.949631629365885,0.0
bf16,128,64,64,16,contiguous,0,1,graph_lds_chunked(chunk=4),chunk8,0.03486439883708954,0.037392398715019225,0.028924301266670227,0.027068299055099488,0.026972299814224242,0.026964300870895387,1.2929836009477749,1.2926001519048549,1.0002966493871714,0.0
bf16,128,64,64,16,contiguous,1,1,graph_lds_chunked(chunk=4),chunk8,0.03234429955482483,0.0375324010848999,0.029012399911880492,0.02730430066585541,0.02681629955768585,0.026852300763130187,1.2045261908892175,1.2061432818218423,0.9986592878665441,0.0
bf16,128,64,64,16,contiguous,2,1,graph_lds_chunked(chunk=4),chunk8,0.033948400616645814,0.0371724009513855,0.03018040060997009,0.026720300316810608,0.026700299978256226,0.027328300476074218,1.2422433896453773,1.2714613934784322,0.9770201407742936,0.0
bf16,128,64,64,16,page-cross,0,1,graph_lds_chunked(chunk=4),chunk8,0.03164840042591095,0.036752399802207944,0.028464299440383912,0.026960301399230956,0.026704299449920654,0.02730030119419098,1.159269276950145,1.1851425080542597,0.9781686751354545,0.0
bf16,128,64,64,16,page-cross,1,1,graph_lds_chunked(chunk=4),chunk8,0.03162040114402771,0.03714439868927002,0.028664299845695497,0.027308401465415955,0.026916301250457762,0.02750430107116699,1.1496529601755874,1.1747676937406082,0.9786215319855688,0.0
bf16,128,64,64,16,page-cross,2,1,graph_lds_chunked(chunk=4),chunk8,0.0314844012260437,0.036820399761199954,0.02822830080986023,0.027120301127433778,0.026416298747062684,0.02698430120944977,1.1667673356320978,1.1918551318452422,0.978950632889164,0.0
bf16,128,64,64,16,tail-negative,0,1,graph_lds_chunked(chunk=4),chunk8,0.03223240077495575,0.03714439868927002,0.028588300943374632,0.027128300070762633,0.026492300629615783,0.02695629894733429,1.1957279757851629,1.2166705045964599,0.9827870169185673,0.0
bf16,128,64,64,16,tail-negative,1,1,graph_lds_chunked(chunk=4),chunk4,0.03354440033435822,0.03717640042304993,0.02888439893722534,0.027412301301956175,0.027576300501823425,0.02687230110168457,1.2482890917092093,1.2236988045934125,1.0200950487354339,0.0
bf16,128,64,64,16,tail-negative,2,1,graph_lds_chunked(chunk=4),chunk8,0.032000300288200376,0.0372763991355896,0.02902039885520935,0.0271683007478714,0.026964300870895387,0.0272722989320755,1.1733627725297546,1.1867654363232805,0.9887065603839553,0.0
bf16,128,64,64,32,random,0,1,graph_lds_chunked(chunk=8),chunk4,0.05612859725952148,0.06544880270957946,0.05088850259780884,0.04268450140953064,0.042784500122070315,0.043156498670578004,1.3005827392987102,1.3149643408272078,0.9890631243129752,0.0
bf16,128,64,64,32,random,1,1,graph_lds_chunked(chunk=8),chunk4,0.055828601121902466,0.06728079915046692,0.05181660056114197,0.042916500568389894,0.0439285010099411,0.04413650035858154,1.2649077445726302,1.3008656433423877,0.9723584837882498,0.0
bf16,128,64,64,32,random,2,1,graph_lds_chunked(chunk=8),chunk8,0.056572598218917844,0.06712880134582519,0.052880597114562986,0.043256500363349916,0.042940500378608706,0.04353649914264679,1.2994291992463252,1.3174648110784504,0.9863103654226928,0.0
bf16,128,64,64,32,contiguous,0,1,graph_lds_chunked(chunk=8),chunk4,0.05668060183525085,0.0670087993144989,0.05338060259819031,0.04280450046062469,0.043852499127388,0.04354850053787231,1.3015511701937499,1.3241738888505568,0.9829155982856266,0.0
bf16,128,64,64,32,contiguous,1,1,graph_lds_chunked(chunk=8),chunk4,0.05711659789085388,0.06724470257759094,0.052160602807998654,0.042112499475479126,0.04306049942970276,0.04398449957370758,1.2985619580629768,1.3562861051292194,0.957439549923913,0.0
bf16,128,64,64,32,contiguous,2,1,graph_lds_chunked(chunk=8),chunk8,0.05703669786453247,0.0661167025566101,0.05134860277175903,0.04326049983501434,0.04298050105571747,0.04317649900913238,1.321012568723288,1.3270365971442108,0.9954605408517847,0.0
bf16,128,64,64,32,page-cross,0,1,graph_lds_chunked(chunk=8),chunk4,0.05609260201454162,0.0665127992630005,0.05189260244369507,0.041568401455879214,0.04307650029659271,0.043732500076293944,1.2826296671053508,1.349404837568229,0.9505150948004497,0.0
bf16,128,64,64,32,page-cross,1,1,graph_lds_chunked(chunk=8),chunk4,0.055544602870941165,0.06631270051002502,0.0498445987701416,0.04149650037288666,0.04313249886035919,0.043784499168395996,1.2685905725977495,1.3385370422040066,0.9477440911974429,0.0
bf16,128,64,64,32,page-cross,2,1,graph_lds_chunked(chunk=8),chunk4,0.05488870143890381,0.06712870001792907,0.05025659799575806,0.04239250123500824,0.04377650022506714,0.04313650131225586,1.2724421260216794,1.2947738359343621,0.9827524241740895,0.0
bf16,128,64,64,32,tail-negative,0,1,graph_lds_chunked(chunk=8),chunk4,0.05638059973716736,0.06522870063781738,0.05213260054588318,0.041884499788284305,0.04250049889087677,0.04350450038909912,1.2959716634579392,1.346097005387607,0.9627624593702784,0.0
bf16,128,64,64,32,tail-negative,1,1,graph_lds_chunked(chunk=8),chunk4,0.05540459752082825,0.06614869832992554,0.05329269766807556,0.041912499070167544,0.04280450046062469,0.0431205004453659,1.2848783513314372,1.3219110945418213,0.9719854509404661,0.0
bf16,128,64,64,32,tail-negative,2,1,graph_lds_chunked(chunk=8),chunk4,0.055488699674606325,0.06616470217704773,0.051740598678588864,0.0416364997625351,0.042696401476860046,0.042740398645401,1.2982728620519566,1.332693670002865,0.9741720031199408,0.0
bf16,128,64,128,8,random,0,1,graph_lds_chunked(chunk=4),chunk4,0.03222039937973022,0.03468439877033234,0.030096399784088134,0.02754429876804352,0.03440839946269989,0.027328300476074218,1.1790121895043935,1.1697665513674955,1.0079038318595188,0.0
bf16,128,64,128,8,random,1,1,graph_lds_chunked(chunk=4),chunk4,0.03217630088329315,0.03438040018081665,0.02973630130290985,0.027212300896644594,0.03427639901638031,0.027040299773216248,1.1899387637397487,1.1824175032277642,1.0063609177735047,0.0
bf16,128,64,128,8,random,2,1,graph_lds_chunked(chunk=4),chunk4,0.03227240145206452,0.0343203991651535,0.029780301451683044,0.027240300178527833,0.03417240083217621,0.027052301168441772,1.192963262205299,1.184730022817562,1.0069494646283685,0.0
bf16,128,64,128,8,contiguous,0,1,graph_lds_chunked(chunk=4),chunk4,0.03225640058517456,0.0343964010477066,0.029832300543785096,0.02733229994773865,0.03422429859638214,0.0271683007478714,1.1872807535709353,1.180156834472443,1.006036417271334,0.0
bf16,128,64,128,8,contiguous,1,1,graph_lds_chunked(chunk=4),chunk4,0.03229640126228332,0.03466840088367462,0.02981640100479126,0.027312299609184264,0.0341403990983963,0.027364298701286316,1.1802385880536073,1.182485609941942,0.998099746948764,0.0
bf16,128,64,128,8,contiguous,2,1,graph_lds_chunked(chunk=4),chunk4,0.03292439877986908,0.034392398595809934,0.02963240146636963,0.02736029922962189,0.034292399883270264,0.027040299773216248,1.2176047993551131,1.2033639874896969,1.0118341682262932,0.0
bf16,128,64,128,8,page-cross,0,1,graph_lds_chunked(chunk=4),chunk4,0.031904399394989014,0.03417229950428009,0.029728299379348753,0.02730030119419098,0.03389239907264709,0.027036300301551817,1.1800578865873073,1.1686464251089548,1.009764682656081,0.0
bf16,128,64,128,8,page-cross,1,1,graph_lds_chunked(chunk=4),chunk4,0.0319243997335434,0.034288400411605836,0.029772400856018066,0.027284300327301024,0.03399229943752289,0.027064299583435057,1.179576054984368,1.170064812019366,1.0081288171965337,0.0
bf16,128,64,128,8,page-cross,2,1,graph_lds_chunked(chunk=4),chunk4,0.03190839886665344,0.034132400155067445,0.02960839867591858,0.027260300517082215,0.03395240008831024,0.02706030011177063,1.1791590904335165,1.1705079643806044,1.0073909160092644,0.0
bf16,128,64,128,8,tail-negative,0,1,graph_lds_chunked(chunk=4),chunk4,0.03210029900074005,0.034344398975372316,0.030180299282073976,0.027288299798965455,0.03434039950370789,0.027064299583435057,1.1860753647726883,1.176339282301385,1.0082765938516103,0.0
bf16,128,64,128,8,tail-negative,1,1,graph_lds_chunked(chunk=4),chunk4,0.03191240131855011,0.03424440026283264,0.029696398973464967,0.02719230055809021,0.03416840136051178,0.027016299962997436,1.1812276796696277,1.1735822517251335,1.006514607675138,0.0
bf16,128,64,128,8,tail-negative,2,1,graph_lds_chunked(chunk=4),chunk4,0.03224030137062073,0.03436039984226227,0.029708299040794372,0.027284300327301024,0.034104400873184205,0.02719630002975464,1.185466454456952,1.1816429589129198,1.0032357452098302,0.0
bf16,128,64,128,16,random,0,1,graph_lds_chunked(chunk=4),chunk8,0.05476459860801697,0.058272600173950195,0.050252598524093625,0.04377250075340271,0.04239639937877655,0.0433804988861084,1.2624243615039215,1.291727585607939,0.9773147028595611,0.0
bf16,128,64,128,16,random,1,1,graph_lds_chunked(chunk=4),chunk8,0.056884598731994626,0.05896869897842407,0.05034059882164001,0.04376449882984161,0.04229649901390076,0.043712499737739566,1.3013348372498317,1.3449008796992745,0.9676065031207471,0.0
bf16,128,64,128,16,random,2,1,graph_lds_chunked(chunk=4),chunk8,0.05814070105552673,0.058104699850082396,0.050004500150680545,0.04381250143051148,0.04248040020465851,0.04418050050735474,1.3159810411348336,1.3686476769385727,0.9615192158718705,0.0
bf16,128,64,128,16,contiguous,0,1,graph_lds_chunked(chunk=4),chunk8,0.055316698551177976,0.06013669967651367,0.051448500156402587,0.044020500779151914,0.042112499475479126,0.04465250074863434,1.2388264402609028,1.3135458412623375,0.9431162593232161,0.0
bf16,128,64,128,16,contiguous,1,1,graph_lds_chunked(chunk=4),chunk8,0.05806469917297363,0.05778459906578064,0.050368601083755495,0.04299249947071075,0.04248049855232239,0.04398849904537201,1.3199972818595764,1.366855407816283,0.9657183007882539,0.0
bf16,128,64,128,16,contiguous,2,1,graph_lds_chunked(chunk=4),chunk8,0.056564700603485105,0.05923259854316711,0.051164597272872925,0.044056499004364015,0.042932501435279845,0.04378049969673157,1.2920067380525568,1.3175263195124005,0.9806306856402777,0.0
bf16,128,64,128,16,page-cross,0,1,graph_lds_chunked(chunk=4),chunk8,0.05537660121917724,0.057444697618484496,0.049724599719047545,0.0429764986038208,0.0421764999628067,0.04295650124549866,1.28913201991701,1.3129728941000565,0.981842066740161,0.0
bf16,128,64,128,16,page-cross,1,1,graph_lds_chunked(chunk=4),chunk8,0.05661270022392273,0.0589447021484375,0.05086050033569336,0.04380449950695038,0.042756500840187076,0.0441085010766983,1.2834872834486357,1.324072342484868,0.9693483069361098,0.0
bf16,128,64,128,16,page-cross,2,1,graph_lds_chunked(chunk=4),chunk8,0.057444697618484496,0.05848870277404785,0.04972859919071197,0.04300050139427185,0.04216049909591675,0.04398050010204315,1.306140164054566,1.362524136343728,0.9586180011163209,0.0
bf16,128,64,128,16,tail-negative,0,1,graph_lds_chunked(chunk=4),chunk8,0.054472601413726805,0.057872599363327025,0.04957660138607025,0.04398849904537201,0.04190450012683868,0.04301249980926514,1.266436539500852,1.2999224724992866,0.9742400537671659,0.0
bf16,128,64,128,16,tail-negative,1,1,graph_lds_chunked(chunk=4),chunk8,0.055884599685668945,0.05821260213851929,0.05032860040664673,0.04340449869632721,0.04232450127601624,0.04334839880466461,1.2891964000214777,1.3203841274164458,0.9763798074004479,0.0
bf16,128,64,128,16,tail-negative,2,1,graph_lds_chunked(chunk=4),chunk8,0.05434859991073608,0.059168702363967894,0.05087659955024719,0.044420599937438965,0.04262450039386749,0.04296450018882751,1.2649652543815437,1.2750554119938815,0.9920864948162847,0.0
bf16,128,64,128,32,random,0,1,graph_lds_chunked(chunk=8),chunk8,0.0996770977973938,0.10729720592498779,0.08822900056838989,0.07648490071296692,0.07129279971122741,0.07022879719734192,1.4193194497878494,1.3981369535372075,1.0151505159756,0.0
bf16,128,64,128,32,random,1,1,graph_lds_chunked(chunk=8),chunk8,0.10170110464096069,0.10936130285263061,0.0891730010509491,0.07576079964637757,0.071424800157547,0.07159680128097534,1.4204699486761099,1.4238906432587979,0.9975976423478287,0.0
bf16,128,64,128,32,random,2,1,graph_lds_chunked(chunk=8),chunk8,0.10096509456634521,0.10988930463790894,0.0896969974040985,0.07688090205192566,0.07161679863929749,0.0715448021888733,1.4112149517138142,1.4097962556922192,1.001006312802908,0.0
bf16,128,64,128,32,contiguous,0,1,graph_lds_chunked(chunk=8),chunk8,0.10326110124588013,0.10788919925689697,0.08944510221481324,0.0765289008617401,0.07032080292701721,0.06962080001831054,1.4831932586055037,1.4684289278245324,1.0100545082579138,0.0
bf16,128,64,128,32,contiguous,1,1,graph_lds_chunked(chunk=8),chunk8,0.10237309932708741,0.10941729545593262,0.0886929988861084,0.07655680179595947,0.07099679708480836,0.07162879705429077,1.42921706823436,1.4419396864452754,0.9911767334441846,0.0
bf16,128,64,128,32,contiguous,2,1,graph_lds_chunked(chunk=8),chunk8,0.10305720567703247,0.10842920541763305,0.08800100088119507,0.07552080154418946,0.06925280094146728,0.07130489945411682,1.445303288637937,1.4881305055680967,0.9712207922827236,0.0
bf16,128,64,128,32,page-cross,0,1,graph_lds_chunked(chunk=8),chunk8,0.09989709854125976,0.10672919750213623,0.08845700025558471,0.07616479992866516,0.07124480009078979,0.07102879881858826,1.4064309153869101,1.402166872725551,1.0030410379422747,0.0
bf16,128,64,128,32,page-cross,1,1,graph_lds_chunked(chunk=8),chunk8,0.09934520125389099,0.10737329721450806,0.08672900199890136,0.07506880164146423,0.07020879983901977,0.06961680054664612,1.4270291147224672,1.4149964318102208,1.008503684279156,0.0
bf16,128,64,128,32,page-cross,2,1,graph_lds_chunked(chunk=8),chunk8,0.10286109447479248,0.10728520154953003,0.08668900132179261,0.07475680112838745,0.0696008026599884,0.07084079980850219,1.452003573545866,1.4778722449119759,0.9824960029832276,0.0
bf16,128,64,128,32,tail-negative,0,1,graph_lds_chunked(chunk=8),chunk8,0.09888910055160523,0.10893720388412476,0.08751699924468995,0.07485679984092712,0.06972079873085021,0.07105690240859985,1.391688874684705,1.418358687102197,0.9811967080964688,0.0
bf16,128,64,128,32,tail-negative,1,1,graph_lds_chunked(chunk=8),chunk8,0.09946119785308838,0.10682920217514039,0.08765699863433837,0.07542489767074585,0.07014080286026,0.06936879754066468,1.4338031129166287,1.4180219472429303,1.0111289995929766,0.0
bf16,128,64,128,32,tail-negative,2,1,graph_lds_chunked(chunk=8),chunk8,0.10234520435333253,0.10663319826126098,0.08728100061416626,0.07553679943084717,0.06941279768943787,0.07092480063438415,1.4430101098333696,1.4744428658709112,0.9786816045808767,0.0
bf16,128,128,32,8,random,0,1,graph_lds_chunked(chunk=4),chunk4,0.02029229998588562,0.022696299850940703,0.019200199842453004,0.01836419999599457,0.023036299645900725,0.01782020032405853,1.1387245719392716,1.1049923214902686,1.0305271356125891,0.0
bf16,128,128,32,8,random,1,1,graph_lds_chunked(chunk=4),chunk4,0.020248299837112425,0.022508299350738524,0.019140200316905977,0.01780419945716858,0.022728200256824493,0.017924199998378753,1.1296626816786182,1.1372766231822777,0.993305110341269,0.0
bf16,128,128,32,8,random,2,1,graph_lds_chunked(chunk=4),chunk4,0.02026430070400238,0.02264830023050308,0.018804199993610382,0.018056200444698335,0.022640199959278108,0.017788200080394743,1.1391990540030337,1.122290415753132,1.0150661878713052,0.0
bf16,128,128,32,8,contiguous,0,1,graph_lds_chunked(chunk=4),chunk4,0.020044200122356415,0.02265619933605194,0.0192562997341156,0.01806419938802719,0.0228643000125885,0.018104200065135957,1.1071574579512298,1.1096091053800898,0.9977905305418162,0.0
bf16,128,128,32,8,contiguous,1,1,graph_lds_chunked(chunk=4),chunk4,0.02026820033788681,0.022700299322605134,0.01904830038547516,0.018088200688362123,0.022604300081729888,0.017896200716495513,1.1325420774480333,1.1205205364028987,1.010728532547673,0.0
bf16,128,128,32,8,contiguous,2,1,graph_lds_chunked(chunk=4),chunk4,0.020300200581550597,0.02279220074415207,0.01917629987001419,0.018136200308799744,0.022672300040721894,0.017924199998378753,1.1325582499295228,1.1193193853125272,1.0118276023722212,0.0
bf16,128,128,32,8,page-cross,0,1,graph_lds_chunked(chunk=4),chunk4,0.020208199322223664,0.02264830023050308,0.0192562997341156,0.018112200498580932,0.02249629944562912,0.017912200093269347,1.1281807492658067,1.1157230356304277,1.0111655968708577,0.0
bf16,128,128,32,8,page-cross,1,1,graph_lds_chunked(chunk=4),chunk4,0.020288300514221192,0.02265630066394806,0.019220200181007386,0.018144300580024718,0.022560200095176695,0.017944200336933135,1.1306327466966237,1.1181638236613447,1.0111512488344065,0.0
bf16,128,128,32,8,page-cross,2,1,graph_lds_chunked(chunk=4),chunk4,0.020392200350761412,0.022604300081729888,0.01914819926023483,0.018072299659252167,0.022520199418067932,0.01796019971370697,1.1354105564426642,1.1283677636631908,1.006241575669097,0.0
bf16,128,128,32,8,tail-negative,0,1,graph_lds_chunked(chunk=4),chunk4,0.02032019942998886,0.022544200718402862,0.019056299328804018,0.01785620003938675,0.022896300256252288,0.01785620003938675,1.1379912515074364,1.1379912515074364,1.0,0.0
bf16,128,128,32,8,tail-negative,1,1,graph_lds_chunked(chunk=4),chunk4,0.02016420066356659,0.02278819978237152,0.018988199532032013,0.018100200593471526,0.022692300379276276,0.01785620003938675,1.1292548593255514,1.1140318892841177,1.0136647524975395,0.0
bf16,128,128,32,8,tail-negative,2,1,graph_lds_chunked(chunk=4),chunk4,0.0201882004737854,0.022560200095176695,0.01902420073747635,0.017864200472831725,0.022820299863815306,0.017864200472831725,1.1300925840195348,1.1300925840195348,1.0,0.0
bf16,128,128,32,16,random,0,1,graph_lds_chunked(chunk=4),chunk8,0.03311640024185181,0.03708440065383911,0.028272300958633423,0.026920300722122193,0.026352301239967346,0.026720300316810608,1.239372306793169,1.2566796326548384,0.9862277342514844,0.0
bf16,128,128,32,16,random,1,1,graph_lds_chunked(chunk=4),chunk8,0.03180429935455322,0.037664398550987244,0.02973639965057373,0.02738029956817627,0.026964300870895387,0.02684429883956909,1.1847692332970523,1.1794965316116173,1.0044702985927654,0.0
bf16,128,128,32,16,random,2,1,graph_lds_chunked(chunk=4),chunk8,0.032276400923728944,0.03780440092086792,0.03011229932308197,0.028188300132751466,0.027028301358222963,0.02751629948616028,1.1729920638479323,1.1941705287339237,0.9822651251421812,0.0
bf16,128,128,32,16,contiguous,0,1,graph_lds_chunked(chunk=4),chunk8,0.03247239887714386,0.0370523989200592,0.02867229878902435,0.028456398844718934,0.026440298557281493,0.02735230028629303,1.1871907860494149,1.2281404011680934,0.9666572200704975,0.0
bf16,128,128,32,16,contiguous,1,1,graph_lds_chunked(chunk=4),chunk8,0.03183229863643646,0.03700039982795715,0.02836030125617981,0.027132299542427064,0.026520299911499023,0.02692430019378662,1.1822888025807434,1.200299345884629,0.9849949569949888,0.0
bf16,128,128,32,16,contiguous,2,1,graph_lds_chunked(chunk=4),chunk8,0.03288829922676086,0.03740440011024475,0.02907240092754364,0.027844300866127013,0.026592299342155457,0.027112299203872682,1.2130398451070186,1.2367602667071618,0.9808205177359893,0.0
bf16,128,128,32,16,page-cross,0,1,graph_lds_chunked(chunk=4),chunk8,0.03216840028762817,0.03705640137195587,0.02857230007648468,0.02698040008544922,0.026600301265716553,0.028040298819541933,1.1472203094073046,1.2093246601341312,0.9486454276720542,0.0
bf16,128,128,32,16,page-cross,1,1,graph_lds_chunked(chunk=4),chunk8,0.03191240131855011,0.0371643990278244,0.02849229872226715,0.027132299542427064,0.026384299993515013,0.027048400044441222,1.1798258405716127,1.2095223798392924,0.9754477141037889,0.0
bf16,128,128,32,16,page-cross,2,1,graph_lds_chunked(chunk=4),chunk8,0.031852298974990846,0.036996498703956604,0.02952429950237274,0.026876300573349,0.026592299342155457,0.027020299434661867,1.1788284971457588,1.1978016103517972,0.9841600536832924,0.0
bf16,128,128,32,16,tail-negative,0,1,graph_lds_chunked(chunk=4),chunk8,0.03143230080604553,0.03674049973487854,0.028420299291610718,0.027496299147605895,0.026340299844741823,0.026656299829483032,1.1791696899837552,1.1933159831633504,0.9881453920175485,0.0
bf16,128,128,32,16,tail-negative,1,1,graph_lds_chunked(chunk=4),chunk8,0.03172029852867127,0.03700039982795715,0.02823230028152466,0.026868298649787903,0.026380300521850586,0.027368301153182985,1.1590159853594764,1.2024236987898453,0.9638998187793073,0.0
bf16,128,128,32,16,tail-negative,2,1,graph_lds_chunked(chunk=4),chunk8,0.03164040148258209,0.03722040057182312,0.02838830053806305,0.026804301142692565,0.0264723002910614,0.026700401306152345,1.1850159523741488,1.1952267515364254,0.9914570192232135,0.0
bf16,128,128,32,32,random,0,1,graph_lds_chunked(chunk=8),chunk4,0.05478460192680359,0.0651087999343872,0.049516499042510986,0.04121649861335754,0.042456498742103575,0.04244450032711029,1.290734995219425,1.3291910708069914,0.9710680605428544,0.0
bf16,128,128,32,32,random,1,1,graph_lds_chunked(chunk=8),chunk4,0.05642060041427612,0.06710479855537414,0.05436059832572937,0.04200440049171448,0.04243249893188476,0.04353649914264679,1.295937926230925,1.3432068962728152,0.9648088688547876,0.0
bf16,128,128,32,32,random,2,1,graph_lds_chunked(chunk=8),chunk4,0.05526869893074036,0.06543269753456116,0.05208060145378113,0.042356500029563905,0.043544501066207886,0.04257650077342987,1.2981033651603218,1.3048457472209465,0.9948328129397788,0.0
bf16,128,128,32,32,contiguous,0,1,graph_lds_chunked(chunk=8),chunk4,0.05765269994735718,0.06612480282783509,0.049780499935150144,0.042884498834609985,0.04346849918365479,0.04348450005054474,1.3258218418136085,1.3443715448256213,0.9862019520694194,0.0
bf16,128,128,32,32,contiguous,1,1,graph_lds_chunked(chunk=8),chunk8,0.0554847002029419,0.06706069707870484,0.05005249977111816,0.043248501420021054,0.042772498726844785,0.04370850026607513,1.269425852298277,1.2972050231921266,0.9785853659235059,0.0
bf16,128,128,32,32,contiguous,2,1,graph_lds_chunked(chunk=8),chunk4,0.05778859853744507,0.06501680016517639,0.052680599689483645,0.042008399963378906,0.04306049942970276,0.04351249933242798,1.328091914370401,1.3756438852187338,0.965432935544382,0.0
bf16,128,128,32,32,page-cross,0,1,graph_lds_chunked(chunk=8),chunk4,0.055384600162506105,0.06612880229949951,0.049864599108695985,0.0421764999628067,0.04272449910640717,0.04315249919891358,1.283462167676733,1.3131625481333669,0.9773825559532958,0.0
bf16,128,128,32,32,page-cross,1,1,graph_lds_chunked(chunk=8),chunk4,0.055212599039077756,0.06503279805183411,0.05062050223350525,0.04164850115776062,0.043416500091552734,0.04257650077342987,1.2967857394596767,1.3256803367289882,0.978203948215294,0.0
bf16,128,128,32,32,page-cross,2,1,graph_lds_chunked(chunk=8),chunk4,0.05806469917297363,0.06668480038642884,0.05241659879684448,0.042752400040626526,0.043300500512123107,0.04358049929141998,1.3323550697457307,1.358162328145232,0.9809983991863882,0.0
bf16,128,128,32,32,tail-negative,0,1,graph_lds_chunked(chunk=8),chunk4,0.05470460057258606,0.06574869751930237,0.05134459733963013,0.042012399435043334,0.042560499906539914,0.04264839887619019,1.2826882606166636,1.302106076020879,0.9850873782391414,0.0
bf16,128,128,32,32,tail-negative,1,1,graph_lds_chunked(chunk=8),chunk4,0.05477659702301026,0.0650527000427246,0.0514926016330719,0.041508400440216066,0.042716500163078305,0.04242439866065979,1.2911578891465745,1.3196508764991843,0.9784086928898975,0.0
bf16,128,128,32,32,tail-negative,2,1,graph_lds_chunked(chunk=8),chunk4,0.05538859963417053,0.06658070087432862,0.050208598375320435,0.04219250082969665,0.04300439953804016,0.04366450011730194,1.2685041506343262,1.3127593421811579,0.9662884200288369,0.0
bf16,128,128,64,8,random,0,1,graph_lds_chunked(chunk=4),chunk4,0.03243629932403565,0.03412039875984192,0.029428300261497498,0.027024298906326294,0.03396430015563965,0.02735230028629303,1.1858709865177353,1.200264230219953,0.9880082707292042,0.0
bf16,128,128,64,8,random,1,1,graph_lds_chunked(chunk=4),chunk4,0.031872299313545224,0.0342083990573883,0.029428300261497498,0.027024400234222413,0.03392840027809143,0.026888298988342284,1.1853594504942022,1.1793897010592547,1.0050617276287777,0.0
bf16,128,128,64,8,random,2,1,graph_lds_chunked(chunk=4),chunk4,0.03190839886665344,0.034148401021957396,0.029480400681495666,0.027040299773216248,0.03396030068397522,0.026840299367904663,1.1888242537566163,1.1800312546186749,1.0074514968171608,0.0
bf16,128,128,64,8,contiguous,0,1,graph_lds_chunked(chunk=4),chunk4,0.032788398861885074,0.034204399585723876,0.029532301425933837,0.027364298701286316,0.03402439951896667,0.026948300004005433,1.2167149266191783,1.1982181315811973,1.015436917995534,0.0
bf16,128,128,64,8,contiguous,1,1,graph_lds_chunked(chunk=4),chunk4,0.03196429908275604,0.034232398867607115,0.029500299692153932,0.02714030146598816,0.03408840000629425,0.026972299814224242,1.1850787401487801,1.1777429636444254,1.00622867359925,0.0
bf16,128,128,64,8,contiguous,2,1,graph_lds_chunked(chunk=4),chunk4,0.03200829923152924,0.0342164009809494,0.02955229878425598,0.02719230055809021,0.03405239880084991,0.027124300599098206,1.1800598918518626,1.1771089085732462,1.002506975571354,0.0
bf16,128,128,64,8,page-cross,0,1,graph_lds_chunked(chunk=4),chunk4,0.03218440115451813,0.03424040079116821,0.029652300477027892,0.0271683007478714,0.03388040065765381,0.027044299244880676,1.1900623071463183,1.1846306271856084,1.0045851253851288,0.0
bf16,128,128,64,8,page-cross,1,1,graph_lds_chunked(chunk=4),chunk4,0.031892400979995725,0.03414439857006073,0.02960430085659027,0.026928400993347167,0.03414439857006073,0.026948300004005433,1.18346615464632,1.1843406887722352,0.999261585678677,0.0
bf16,128,128,64,8,page-cross,2,1,graph_lds_chunked(chunk=4),chunk4,0.0319564014673233,0.03435240089893341,0.029828399419784546,0.027200299501419067,0.033920401334762575,0.027160298824310303,1.1765850469480166,1.1748547645828717,1.0014727627765627,0.0
bf16,128,128,64,8,tail-negative,0,1,graph_lds_chunked(chunk=4),chunk4,0.0325764000415802,0.034124401211738584,0.029484400153160097,0.02706030011177063,0.03398840129375458,0.026864299178123476,1.212627950038179,1.2038447432964792,1.007295963030622,0.0
bf16,128,128,64,8,tail-negative,1,1,graph_lds_chunked(chunk=4),chunk4,0.03178040087223053,0.03390440046787262,0.029616400599479675,0.026828300952911378,0.033924400806427,0.02684429883956909,1.1838789704347024,1.1845849250018108,0.9994040490029812,0.0
bf16,128,128,64,8,tail-negative,2,1,graph_lds_chunked(chunk=4),chunk4,0.032132399082183835,0.03446840047836304,0.02942039966583252,0.02714030146598816,0.033948400616645814,0.027152299880981445,1.183413531193748,1.1839367046991611,0.9995581068621856,0.0
bf16,128,128,64,16,random,0,1,graph_lds_chunked(chunk=4),chunk8,0.05611270070075989,0.05853660106658935,0.05048459768295288,0.04305649995803833,0.04190849959850311,0.04338450133800507,1.2933812529868782,1.338933658764632,0.9659785938761276,0.0
bf16,128,128,64,16,random,1,1,graph_lds_chunked(chunk=4),chunk8,0.054908597469329835,0.0576246976852417,0.049568599462509154,0.04332450032234192,0.0421764999628067,0.04276449978351593,1.2839761425315441,1.3018765786101483,0.9862502818065025,0.0
bf16,128,128,64,16,random,2,1,graph_lds_chunked(chunk=4),chunk8,0.05552060008049011,0.05822470188140869,0.050416499376297,0.044060501456260684,0.04310449957847595,0.04302850067615509,1.2903215126725927,1.2880465061288888,1.0017662456540806,0.0
bf16,128,128,64,16,contiguous,0,1,graph_lds_chunked(chunk=4),chunk8,0.05716059803962707,0.06017270088195801,0.05103660225868225,0.04414049983024597,0.04288049936294556,0.04446449875831604,1.285533394862267,1.3330208110640944,0.9643760878992427,0.0
bf16,128,128,64,16,contiguous,1,1,graph_lds_chunked(chunk=4),chunk8,0.056796598434448245,0.05725269913673401,0.04955250024795532,0.042888501286506654,0.04213249981403351,0.04396049976348877,1.2919916456823461,1.3480472007390933,0.9584172163808407,0.0
bf16,128,128,64,16,contiguous,2,1,graph_lds_chunked(chunk=4),chunk8,0.05746070146560669,0.05834460258483887,0.050236600637435916,0.04336450099945068,0.04190439879894257,0.04321250021457672,1.3297240654967628,1.3712331667446969,0.9697286338643073,0.0
bf16,128,128,64,16,page-cross,0,1,graph_lds_chunked(chunk=4),chunk8,0.05471270084381104,0.05858870148658753,0.04964860081672669,0.04308049976825714,0.041744500398635864,0.043300500512123107,1.2635581620700387,1.310656501367518,0.9640650778839935,0.0
bf16,128,128,64,16,page-cross,1,1,graph_lds_chunked(chunk=4),chunk8,0.05444859862327576,0.05737659931182861,0.04950059950351715,0.043356499075889586,0.04202449917793274,0.04278439879417419,1.2726274099401356,1.2956394410017615,0.9822388618828757,0.0
bf16,128,128,64,16,page-cross,2,1,graph_lds_chunked(chunk=4),chunk8,0.055156600475311277,0.058592700958251955,0.05020849704742432,0.04321250021457672,0.041984501481056216,0.04377250075340271,1.2600742367003925,1.3137371775201006,0.9591524532167036,0.0
bf16,128,128,64,16,tail-negative,0,1,graph_lds_chunked(chunk=4),chunk8,0.05550860166549683,0.05732460021972656,0.04918459951877594,0.042552399635314944,0.041844499111175534,0.0429084986448288,1.293650521892277,1.326544775169073,0.9752030584323068,0.0
bf16,128,128,64,16,tail-negative,1,1,graph_lds_chunked(chunk=4),chunk8,0.05472469925880432,0.0574167013168335,0.04941259920597076,0.043088498711586,0.04215250015258789,0.04240849912166596,1.29041820371441,1.2982551227259667,0.9939634984878,0.0
bf16,128,128,64,16,tail-negative,2,1,graph_lds_chunked(chunk=4),chunk8,0.054884600639343264,0.0587926983833313,0.04969260096549988,0.042776501178741454,0.041796499490737916,0.04269649982452393,1.2854590157251897,1.3131386912319216,0.9789209809355597,0.0
bf16,128,128,64,32,random,0,1,graph_lds_chunked(chunk=8),chunk8,0.0984811007976532,0.10705720186233521,0.08780099749565125,0.07623689770698547,0.07106090188026429,0.06904069781303405,1.4264209939526589,1.3858689967598667,1.0292610609571335,0.0
bf16,128,128,64,32,random,1,1,graph_lds_chunked(chunk=8),chunk8,0.10068919658660888,0.11113320589065552,0.08906900286674499,0.07649289965629577,0.07123680114746093,0.07114480137825012,1.4152713147835263,1.413443542729848,1.0012931341071807,0.0
bf16,128,128,64,32,random,2,1,graph_lds_chunked(chunk=8),chunk8,0.10174520015716552,0.10911320447921753,0.08812900185585022,0.07642880082130432,0.07112079858779907,0.07100080251693726,1.4330147906834458,1.4305969867810249,1.0016900664021817,0.0
bf16,128,128,64,32,contiguous,0,1,graph_lds_chunked(chunk=8),chunk8,0.10444120168685914,0.10615320205688476,0.08659700155258179,0.0744488000869751,0.07086480259895325,0.07039679884910584,1.4836072576357742,1.4738092516524113,1.006648082831871,0.0
bf16,128,128,64,32,contiguous,1,1,graph_lds_chunked(chunk=8),chunk8,0.10336910486221314,0.1103132963180542,0.08940100073814392,0.0767087996006012,0.07003679871559143,0.07193679809570312,1.4369433669356977,1.475925609935129,0.9735879350984739,0.0
bf16,128,128,64,32,contiguous,2,1,graph_lds_chunked(chunk=8),chunk8,0.0996330976486206,0.10742919445037842,0.08764899969100952,0.07536489963531494,0.07014480233192444,0.06983280181884766,1.426737794469102,1.4203917373258517,1.0044678217821783,0.0
bf16,128,128,64,32,page-cross,0,1,graph_lds_chunked(chunk=8),chunk8,0.09989719986915588,0.10687719583511353,0.08708099722862243,0.07500879764556885,0.07005680203437806,0.06947680115699768,1.4378497312133989,1.4259457607005046,1.008348122937752,0.0
bf16,128,128,64,32,page-cross,1,1,graph_lds_chunked(chunk=8),chunk8,0.10083320140838622,0.10674519538879394,0.08718889951705933,0.07471290230751038,0.06927279829978943,0.07046080231666565,1.4310538355101412,1.4555959032001848,0.983139504833665,0.0
bf16,128,128,64,32,page-cross,2,1,graph_lds_chunked(chunk=8),chunk8,0.1025691032409668,0.10618120431900024,0.08851699829101563,0.07701290249824524,0.07020480036735535,0.07055280208587647,1.4537920565666587,1.4609984317918605,0.995067499684881,0.0
bf16,128,128,64,32,tail-negative,0,1,graph_lds_chunked(chunk=8),chunk8,0.10044909715652466,0.10630120038986206,0.08556100130081176,0.07413690090179444,0.06917279958724976,0.0697368025779724,1.4404029643345488,1.4521473434051944,0.9919124053602538,0.0
bf16,128,128,64,32,tail-negative,1,1,graph_lds_chunked(chunk=8),chunk8,0.10022120475769043,0.1075212001800537,0.08641700148582458,0.07385690212249756,0.06924880146980286,0.0706767976284027,1.418021304312956,1.4472626620316833,0.9797954037744068,0.0
bf16,128,128,64,32,tail-negative,2,1,graph_lds_chunked(chunk=8),chunk8,0.09951310157775879,0.1062891960144043,0.0861648976802826,0.07467690110206604,0.06980080008506775,0.06917669773101806,1.4385350102240893,1.425672792525014,1.0090218581476151,0.0
bf16,128,128,128,8,random,0,1,graph_lds_chunked(chunk=4),global,0.05566869974136353,0.0565047025680542,0.07928490042686462,0.06444069743156433,0.05638470053672791,0.06486870050430298,0.8581750414080026,1.0,0.8581750414080026,0.0
bf16,128,128,128,8,random,1,1,graph_lds_chunked(chunk=4),global,0.05515260100364685,0.056684601306915286,0.07926890254020691,0.06458470225334167,0.056328600645065306,0.0642886996269226,0.8578895097226423,1.0,0.8578895097226423,0.0
bf16,128,128,128,8,random,2,1,graph_lds_chunked(chunk=4),global,0.05490459799766541,0.05668860077857971,0.07932090163230895,0.06415280103683471,0.05632460117340088,0.06439679861068726,0.8525982530528073,1.0,0.8525982530528073,0.0
bf16,128,128,128,8,contiguous,0,1,graph_lds_chunked(chunk=4),global,0.055076700448989865,0.05679669976234436,0.07979289889335632,0.06468470096588134,0.05693259835243225,0.06473270058631897,0.8508327313727142,1.0,0.8508327313727142,0.0
bf16,128,128,128,8,contiguous,1,1,graph_lds_chunked(chunk=4),global,0.0550246000289917,0.056788700819015506,0.07962489724159241,0.06470469832420349,0.056944698095321655,0.06460469961166382,0.8517120327118971,1.0,0.8517120327118971,0.0
bf16,128,128,128,8,contiguous,2,1,graph_lds_chunked(chunk=4),global,0.05521659851074219,0.05681260228157044,0.07980489730834961,0.06461669802665711,0.05687270164489746,0.06468480229377746,0.8536255279867171,1.0,0.8536255279867171,0.0
bf16,128,128,128,8,page-cross,0,1,graph_lds_chunked(chunk=4),global,0.05558459758758545,0.056748700141906736,0.07954090237617492,0.06478469967842101,0.056544697284698485,0.0649927020072937,0.8552436792264392,1.0,0.8552436792264392,0.0
bf16,128,128,128,8,page-cross,1,1,graph_lds_chunked(chunk=4),global,0.05514860153198242,0.056712597608566284,0.07976089715957642,0.0654567003250122,0.05672069787979126,0.06478880047798156,0.8512057813251943,1.0,0.8512057813251943,0.0
bf16,128,128,128,8,page-cross,2,1,graph_lds_chunked(chunk=4),global,0.05581259727478027,0.05676469802856445,0.07962089776992798,0.06488069891929626,0.05692870020866394,0.06523270010948182,0.8555923207395749,1.0,0.8555923207395749,0.0
bf16,128,128,128,8,tail-negative,0,1,graph_lds_chunked(chunk=4),global,0.05505260229110718,0.05706070065498352,0.07872089743614197,0.06468470096588134,0.056672698259353636,0.06472470164299012,0.8505655629711125,1.0,0.8505655629711125,0.0
bf16,128,128,128,8,tail-negative,1,1,graph_lds_chunked(chunk=4),global,0.05452060103416443,0.05664060115814209,0.07904090285301209,0.06438080072402955,0.05633659958839417,0.06444870233535767,0.8459534336388568,1.0,0.8459534336388568,0.0
bf16,128,128,128,8,tail-negative,2,1,graph_lds_chunked(chunk=4),global,0.05450869798660278,0.05655670166015625,0.0788927972316742,0.0643326997756958,0.05613669753074646,0.06398869752883911,0.8518488434935907,1.0,0.8518488434935907,0.0
bf16,128,128,128,16,random,0,1,graph_lds_chunked(chunk=4),global,0.09857310056686401,0.10050109624862671,0.15179769992828368,0.12251739501953125,0.10768120288848877,0.12144140005111695,0.8116927219660903,1.0,0.8116927219660903,0.0
bf16,128,128,128,16,random,1,1,graph_lds_chunked(chunk=4),global,0.09813309907913208,0.10097719430923462,0.15192970037460327,0.12468940019607544,0.10968919992446899,0.12132539749145507,0.8088421806822729,1.0,0.8088421806822729,0.0
bf16,128,128,128,16,random,2,1,graph_lds_chunked(chunk=4),global,0.09959710240364075,0.10070910453796386,0.1507377028465271,0.12319339513778686,0.10920929908752441,0.1219014048576355,0.8170299802529497,1.0,0.8170299802529497,0.0
bf16,128,128,128,16,contiguous,0,1,graph_lds_chunked(chunk=4),global,0.09856510162353516,0.10033309459686279,0.15330569744110106,0.12563740015029906,0.10844119787216186,0.12144140005111695,0.8116268552737969,1.0,0.8116268552737969,0.0
bf16,128,128,128,16,contiguous,1,1,graph_lds_chunked(chunk=4),global,0.09835309982299804,0.10107320547103882,0.15475380420684814,0.12400950193405151,0.1084771990776062,0.12139739990234374,0.8101746816827763,1.0,0.8101746816827763,0.0
bf16,128,128,128,16,contiguous,2,1,graph_lds_chunked(chunk=4),global,0.09823309779167175,0.10011310577392578,0.15178170204162597,0.12166140079498292,0.10774519443511962,0.12162539958953858,0.8076692707542078,1.0,0.8076692707542078,0.0
bf16,128,128,128,16,page-cross,0,1,graph_lds_chunked(chunk=4),global,0.0984050989151001,0.10051709413528442,0.15130970478057862,0.12182940244674682,0.10770519971847534,0.12289340496063232,0.8007353929742869,1.0,0.8007353929742869,0.0
bf16,128,128,128,16,page-cross,1,1,graph_lds_chunked(chunk=4),global,0.09831309914588929,0.10097320079803467,0.15087369680404664,0.1209373950958252,0.10691319704055786,0.12173739671707154,0.8075833868402625,1.0,0.8075833868402625,0.0
bf16,128,128,128,16,page-cross,2,1,graph_lds_chunked(chunk=4),global,0.09842910170555115,0.10079710483551026,0.15411770343780518,0.12273739576339722,0.10841729640960693,0.12155339717864991,0.8097601876226261,1.0,0.8097601876226261,0.0
bf16,128,128,128,16,tail-negative,0,1,graph_lds_chunked(chunk=4),global,0.09837719798088074,0.09988920092582702,0.1495897054672241,0.12221339941024781,0.10792529582977295,0.12181739807128907,0.8075792090330904,1.0,0.8075792090330904,0.0
bf16,128,128,128,16,tail-negative,1,1,graph_lds_chunked(chunk=4),global,0.09806510210037231,0.10007719993591309,0.14868170022964478,0.12108139991760254,0.1066491961479187,0.12111730575561523,0.8096704388243529,1.0,0.8096704388243529,0.0
bf16,128,128,128,16,tail-negative,2,1,graph_lds_chunked(chunk=4),global,0.09865310192108154,0.09983710050582886,0.14870569705963135,0.12115739583969116,0.10658119916915894,0.12191729545593262,0.8091805313770268,1.0,0.8091805313770268,0.0
bf16,128,128,128,32,random,0,1,graph_lds_chunked(chunk=8),global,0.1824260950088501,0.18550610542297363,0.2752631902694702,0.22754259109497071,0.2017383098602295,0.2063383102416992,0.8841116067838348,1.0,0.8841116067838348,0.0
bf16,128,128,128,32,random,1,1,graph_lds_chunked(chunk=8),global,0.1811179995536804,0.18568209409713746,0.2785752058029175,0.22767860889434816,0.20163431167602539,0.20443830490112305,0.8859298634924528,1.0,0.8859298634924528,0.0
bf16,128,128,128,32,random,2,1,graph_lds_chunked(chunk=8),global,0.18121010065078735,0.1896821975708008,0.2804431915283203,0.22700660228729247,0.20135829448699952,0.20686240196228028,0.8759934088159219,1.0,0.8759934088159219,0.0
bf16,128,128,128,32,contiguous,0,1,graph_lds_chunked(chunk=8),global,0.18242210149765015,0.18492209911346436,0.2816431999206543,0.22901060581207275,0.2011462926864624,0.20578229427337646,0.8864810363874508,1.0,0.8864810363874508,0.0
bf16,128,128,128,32,contiguous,1,1,graph_lds_chunked(chunk=8),global,0.18205009698867797,0.1886301040649414,0.2806031942367554,0.23019061088562012,0.2031622886657715,0.21087439060211183,0.8633106014858819,1.0,0.8633106014858819,0.0
bf16,128,128,128,32,contiguous,2,1,graph_lds_chunked(chunk=8),global,0.18225810527801514,0.18633010387420654,0.28284320831298826,0.22941460609436035,0.20263431072235108,0.20552639961242675,0.8867868343030871,1.0,0.8867868343030871,0.0
bf16,128,128,128,32,page-cross,0,1,graph_lds_chunked(chunk=8),global,0.18072609901428222,0.1854382038116455,0.2782111883163452,0.23065459728240967,0.2005223035812378,0.21122241020202637,0.8556199071936753,1.0,0.8556199071936753,0.0
bf16,128,128,128,32,page-cross,1,1,graph_lds_chunked(chunk=8),global,0.18178609609603882,0.1884381055831909,0.2832911968231201,0.22994260787963866,0.2015542984008789,0.20375430583953857,0.8921828441711547,1.0,0.8921828441711547,0.0
bf16,128,128,128,32,page-cross,2,1,graph_lds_chunked(chunk=8),global,0.1824180006980896,0.18699020147323608,0.2780512094497681,0.2295746088027954,0.2007422924041748,0.2040703058242798,0.8938978160554408,1.0,0.8938978160554408,0.0
bf16,128,128,128,32,tail-negative,0,1,graph_lds_chunked(chunk=8),global,0.1801581025123596,0.18801809549331666,0.276771092414856,0.22677059173583985,0.2001223087310791,0.20539429187774658,0.8771329566431774,1.0,0.8771329566431774,0.0
bf16,128,128,128,32,tail-negative,1,1,graph_lds_chunked(chunk=8),global,0.1797819972038269,0.18691810369491577,0.2778511047363281,0.22591850757598878,0.19860219955444336,0.2013622999191284,0.8928284851535335,1.0,0.8928284851535335,0.0
bf16,128,128,128,32,tail-negative,2,1,graph_lds_chunked(chunk=8),global,0.17903800010681153,0.18662209510803224,0.2796992063522339,0.22807860374450684,0.19983030557632447,0.2043463945388794,0.8761495425981072,1.0,0.8761495425981072,0.0
bf16,128,256,32,8,random,0,1,graph_lds_chunked(chunk=4),chunk4,0.03148030042648316,0.03435240089893341,0.029276299476623534,0.026892301440238953,0.03393639922142029,0.02692829966545105,1.169041522026447,1.1706064092892838,0.9986631823895556,0.0
bf16,128,256,32,8,random,1,1,graph_lds_chunked(chunk=4),chunk4,0.032216399908065796,0.03402439951896667,0.02902039885520935,0.026892301440238953,0.03387640118598938,0.026692301034927368,1.2069547644435017,1.1979785359634707,1.0074928124424298,0.0
bf16,128,256,32,8,random,2,1,graph_lds_chunked(chunk=4),chunk4,0.03143230080604553,0.03400039970874787,0.02897230088710785,0.02684830129146576,0.033856400847435,0.026684299111366272,1.1779324116726315,1.1707370408584057,1.0061460179042,0.0
bf16,128,256,32,8,contiguous,0,1,graph_lds_chunked(chunk=4),chunk4,0.03135629892349243,0.03379240036010742,0.029124298691749574,0.026968300342559814,0.03356840014457703,0.026868298649787903,1.1670370101286618,1.1627094968980205,1.0037219212900441,0.0
bf16,128,256,32,8,contiguous,1,1,graph_lds_chunked(chunk=4),chunk4,0.03132030069828033,0.03380829989910126,0.029272401332855226,0.027056300640106203,0.03375630080699921,0.026892301440238953,1.1646567612623797,1.157597304779113,1.006098369833898,0.0
bf16,128,256,32,8,contiguous,2,1,graph_lds_chunked(chunk=4),chunk4,0.03116439878940582,0.03360840082168579,0.029360398650169373,0.02679629921913147,0.03390839993953705,0.027104300260543824,1.1497953641980696,1.1630112999766664,0.988636451099949,0.0
bf16,128,256,32,8,page-cross,0,1,graph_lds_chunked(chunk=4),chunk4,0.03139230012893677,0.033844301104545595,0.029216301441192628,0.02695229947566986,0.03370839953422546,0.026756298542022706,1.1732676730166127,1.164735504563347,1.0073254128682756,0.0
bf16,128,256,32,8,page-cross,1,1,graph_lds_chunked(chunk=4),chunk4,0.031248399615287782,0.033960399031639096,0.02910029888153076,0.026888298988342284,0.033916300535202025,0.026656299829483032,1.1722707133090424,1.1621560601076277,1.0087033519409416,0.0
bf16,128,256,32,8,page-cross,2,1,graph_lds_chunked(chunk=4),chunk4,0.031396299600601196,0.033944299817085265,0.029240301251411437,0.026572299003601075,0.033776399493217465,0.02708829939365387,1.1590354619292411,1.1815424625602162,0.9809511707415017,0.0
bf16,128,256,32,8,tail-negative,0,1,graph_lds_chunked(chunk=4),chunk4,0.03133639991283417,0.0337803989648819,0.02912440001964569,0.02663629949092865,0.03382439911365509,0.026676300168037414,1.17469063233815,1.1764547069875904,0.9985005163063546,0.0
bf16,128,256,32,8,tail-negative,1,1,graph_lds_chunked(chunk=4),chunk4,0.03154439926147461,0.034392398595809934,0.02899230122566223,0.026884299516677857,0.03387640118598938,0.026908299326896666,1.172292565882967,1.1733390800048864,0.9991080889235233,0.0
bf16,128,256,32,8,tail-negative,2,1,graph_lds_chunked(chunk=4),chunk4,0.03122430145740509,0.034104400873184205,0.029412299394607544,0.026776298880577087,0.03389239907264709,0.026656299829483032,1.1713666809400773,1.1661171544531301,1.0045017144863193,0.0
bf16,128,256,32,16,random,0,1,graph_lds_chunked(chunk=4),chunk8,0.05201659798622131,0.05715259909629822,0.048312601447105405,0.042560499906539914,0.042000499367713925,0.04226450026035309,1.2307396908941175,1.2384757031295401,0.9937536019351253,0.0
bf16,128,256,32,16,random,1,1,graph_lds_chunked(chunk=4),chunk8,0.05486059784889221,0.05925670266151428,0.04934459924697876,0.04344440102577209,0.041760501265525815,0.043460500240325925,1.2623093969357586,1.313695865384183,0.9608840449281639,0.0
bf16,128,256,32,16,random,2,1,graph_lds_chunked(chunk=4),chunk8,0.05340859889984131,0.05900459885597229,0.0495525985956192,0.04306850135326386,0.04256440103054047,0.04338839948177338,1.2309419000873083,1.25477153693576,0.9810087843507789,0.0
bf16,128,256,32,16,contiguous,0,1,graph_lds_chunked(chunk=4),chunk8,0.05540459752082825,0.05848069787025452,0.0481564998626709,0.04249249994754791,0.041668498516082765,0.04342449903488159,1.2758834011262492,1.3296518831712587,0.9595619855651465,0.0
bf16,128,256,32,16,contiguous,1,1,graph_lds_chunked(chunk=4),chunk8,0.052596598863601685,0.05809670090675354,0.048952600359916686,0.043488499522209165,0.04260840117931366,0.042460501194000244,1.2387182766234914,1.234418504516365,1.0034832369179456,0.0
bf16,128,256,32,16,contiguous,2,1,graph_lds_chunked(chunk=4),chunk8,0.053868597745895384,0.05809659957885742,0.04814459979534149,0.04276440143585205,0.042032501101493834,0.043236398696899415,1.24590852544244,1.2815939174264577,0.9721554608688555,0.0
bf16,128,256,32,16,page-cross,0,1,graph_lds_chunked(chunk=4),chunk8,0.05490469932556152,0.05697659850120544,0.0482446014881134,0.04227649867534637,0.04181250035762787,0.0431084007024765,1.2736426875239506,1.313116863520582,0.9699385659469806,0.0
bf16,128,256,32,16,page-cross,1,1,graph_lds_chunked(chunk=4),chunk8,0.05434070229530334,0.05720869898796081,0.04801250100135803,0.04216449856758118,0.04170840084552765,0.04276449978351593,1.2706965490158637,1.3028718721813628,0.9753043074668356,0.0
bf16,128,256,32,16,page-cross,2,1,graph_lds_chunked(chunk=4),chunk8,0.0527646005153656,0.05784459710121155,0.04811660051345825,0.042552399635314944,0.041396498680114746,0.04252850115299225,1.2406879876991186,1.2746150567731866,0.9733824978029385,0.0
bf16,128,256,32,16,tail-negative,0,1,graph_lds_chunked(chunk=4),chunk8,0.05358459949493408,0.05767660140991211,0.04801659882068634,0.04206039905548096,0.04165250062942505,0.04248049855232239,1.2613929054748496,1.2864677674857223,0.9805087522248,0.0
bf16,128,256,32,16,tail-negative,1,1,graph_lds_chunked(chunk=4),chunk8,0.05380859971046448,0.05904070138931274,0.0491005003452301,0.04328849911689758,0.04153650104999542,0.04325250089168549,1.244057536585317,1.2954533566921715,0.9603259971952295,0.0
bf16,128,256,32,16,tail-negative,2,1,graph_lds_chunked(chunk=4),chunk8,0.052596598863601685,0.05825669765472412,0.04883649945259094,0.043072500824928285,0.0421764999628067,0.04242050051689148,1.2398863337941561,1.247059355564922,0.9942480510340131,0.0
bf16,128,256,32,32,random,0,1,graph_lds_chunked(chunk=8),chunk8,0.09791719913482666,0.10624920129776001,0.0858489990234375,0.07509279847145081,0.07054479718208313,0.06845679879188538,1.430350248081326,1.3880144680562712,1.0305009645067607,0.0
bf16,128,256,32,32,random,1,1,graph_lds_chunked(chunk=8),chunk8,0.10136109590530396,0.112289297580719,0.08746100068092347,0.07533680200576783,0.07048879861831665,0.07167680263519287,1.4141408681577585,1.4379745135699487,0.9834255439249614,0.0
bf16,128,256,32,32,random,2,1,graph_lds_chunked(chunk=8),chunk8,0.10211720466613769,0.1090013027191162,0.08646100163459777,0.07499290108680726,0.07044079899787903,0.07071679830551147,1.4440303734477604,1.4496883357216381,0.9960971181636353,0.0
bf16,128,256,32,32,contiguous,0,1,graph_lds_chunked(chunk=8),chunk8,0.09922509789466857,0.10964130163192749,0.08670899868011475,0.07439290285110474,0.06921280026435853,0.07019680142402648,1.4135273385933291,1.4336235135072988,0.9859822507620531,0.0
bf16,128,256,32,32,contiguous,1,1,graph_lds_chunked(chunk=8),chunk8,0.0991091012954712,0.10538519620895385,0.08558499813079834,0.0730288028717041,0.06863279938697815,0.07054479718208313,1.404910145813599,1.4440486499269236,0.9728966859147681,0.0
bf16,128,256,32,32,contiguous,2,1,graph_lds_chunked(chunk=8),chunk8,0.09785720109939575,0.10762530565261841,0.08546890020370483,0.07430080175399781,0.06929280161857605,0.06969280242919922,1.4041220569198474,1.4122275158977282,0.9942605147636369,0.0
bf16,128,256,32,32,page-cross,0,1,graph_lds_chunked(chunk=8),chunk8,0.10092519521713257,0.10869319438934326,0.08801699876785278,0.0751649022102356,0.0689087986946106,0.06917679905891419,1.458945724435442,1.4646198617452606,0.9961258634694076,0.0
bf16,128,256,32,32,page-cross,1,1,graph_lds_chunked(chunk=8),chunk8,0.10302120447158813,0.10698920488357544,0.08688899874687195,0.07290080189704895,0.068368798494339,0.07049279808998107,1.4614429737926693,1.5068453262363297,0.9698692681636657,0.0
bf16,128,256,32,32,page-cross,2,1,graph_lds_chunked(chunk=8),chunk8,0.09924910068511963,0.1063491940498352,0.08557689785957337,0.07331680059432984,0.06894479990005493,0.06851680278778076,1.4485366603069174,1.4395444011585354,1.0062466007586464,0.0
bf16,128,256,32,32,tail-negative,0,1,graph_lds_chunked(chunk=8),chunk8,0.10059720277786255,0.10793730020523071,0.08538489937782287,0.07363280057907104,0.06835669875144959,0.06958479881286621,1.4456778562857922,1.4716509810346752,0.982351029501151,0.0
bf16,128,256,32,32,tail-negative,1,1,graph_lds_chunked(chunk=8),chunk8,0.09741309881210328,0.10614520311355591,0.08474100232124329,0.0730368971824646,0.06852480173110961,0.0689087986946106,1.413652547388292,1.421574325663151,0.99442746106774,0.0
bf16,128,256,32,32,tail-negative,2,1,graph_lds_chunked(chunk=8),chunk8,0.10098910331726074,0.10641319751739502,0.08460100293159485,0.0727088987827301,0.06815680265426635,0.06914880275726318,1.4604606195680396,1.48171714905026,0.9856541246783534,0.0
bf16,128,256,64,8,random,0,1,graph_lds_chunked(chunk=4),global,0.05419660210609436,0.0561926007270813,0.08089489936828613,0.06420869827270508,0.0562686026096344,0.06374880075454711,0.8501587710609378,1.0,0.8501587710609378,0.0
bf16,128,256,64,8,random,1,1,graph_lds_chunked(chunk=4),global,0.05391259789466858,0.0560126006603241,0.07870489954948426,0.06388069987297058,0.05623670220375061,0.06414880156517029,0.8404303210543613,1.0,0.8404303210543613,0.0
bf16,128,256,64,8,random,2,1,graph_lds_chunked(chunk=4),global,0.05472859740257263,0.055860602855682374,0.07844089865684509,0.06413270235061645,0.05605260133743286,0.06429679989814759,0.8511869562601573,1.0,0.8511869562601573,0.0
bf16,128,256,64,8,contiguous,0,1,graph_lds_chunked(chunk=4),global,0.05443270206451416,0.05588070154190063,0.07885689735412597,0.06355670094490051,0.05616070032119751,0.06395670175552368,0.8510867597986013,1.0,0.8510867597986013,0.0
bf16,128,256,64,8,contiguous,1,1,graph_lds_chunked(chunk=4),global,0.05480859875679016,0.0561165988445282,0.07873690128326416,0.06386470198631286,0.05584859848022461,0.06384469866752625,0.8584674984873539,1.0,0.8584674984873539,0.0
bf16,128,256,64,8,contiguous,2,1,graph_lds_chunked(chunk=4),global,0.05486059784889221,0.05614060163497925,0.07923290133476257,0.06410080194473267,0.05590860247611999,0.06378080248832703,0.8601427970263095,1.0,0.8601427970263095,0.0
bf16,128,256,64,8,page-cross,0,1,graph_lds_chunked(chunk=4),global,0.05467259883880615,0.055940598249435425,0.07802489995956421,0.06406869888305664,0.05586860179901123,0.064028799533844,0.8538751192720333,1.0,0.8538751192720333,0.0
bf16,128,256,64,8,page-cross,1,1,graph_lds_chunked(chunk=4),global,0.05458059906959534,0.05599660277366638,0.07815690040588379,0.06405670046806336,0.055716699361801146,0.06387280225753784,0.8545201891960845,1.0,0.8545201891960845,0.0
bf16,128,256,64,8,page-cross,2,1,graph_lds_chunked(chunk=4),global,0.05494470000267029,0.05595660209655762,0.07826889753341675,0.06414070129394531,0.05586469769477844,0.0638966977596283,0.8598988982085687,1.0,0.8598988982085687,0.0
bf16,128,256,64,8,tail-negative,0,1,graph_lds_chunked(chunk=4),global,0.05395659804344177,0.056024599075317386,0.07858489751815796,0.06453670263290405,0.057548701763153076,0.06399270296096801,0.8431679792671407,1.0,0.8431679792671407,0.0
bf16,128,256,64,8,tail-negative,1,1,graph_lds_chunked(chunk=4),global,0.05559660196304321,0.056672698259353636,0.08028500080108643,0.06590870022773743,0.05614060163497925,0.0650967001914978,0.8540617542746755,1.0,0.8540617542746755,0.0
bf16,128,256,64,8,tail-negative,2,1,graph_lds_chunked(chunk=4),global,0.05407660007476807,0.05624859929084778,0.07824090123176575,0.06372069716453552,0.05578070282936096,0.06385679841041565,0.8468417055175704,1.0,0.8468417055175704,0.0
bf16,128,256,64,16,random,0,1,graph_lds_chunked(chunk=4),global,0.09689720273017884,0.10120919942855836,0.14848170280456544,0.12023329734802246,0.10647720098495483,0.12106939554214477,0.8003443173749761,1.0,0.8003443173749761,0.0
bf16,128,256,64,16,random,1,1,graph_lds_chunked(chunk=4),global,0.09744910001754761,0.09959319829940796,0.14851369857788085,0.12170939445495606,0.10658119916915894,0.1201774001121521,0.810877086096105,1.0,0.810877086096105,0.0
bf16,128,256,64,16,random,2,1,graph_lds_chunked(chunk=4),global,0.09694510102272033,0.09948909878730774,0.14759769439697265,0.12061740159988403,0.10663319826126098,0.12090940475463867,0.8017995061629071,1.0,0.8017995061629071,0.0
bf16,128,256,64,16,contiguous,0,1,graph_lds_chunked(chunk=4),global,0.09748510122299195,0.0992730975151062,0.14816570281982422,0.12046140432357788,0.10644129514694214,0.12009340524673462,0.8117440006194062,1.0,0.8117440006194062,0.0
bf16,128,256,64,16,contiguous,1,1,graph_lds_chunked(chunk=4),global,0.0977931022644043,0.09907709956169128,0.14921369552612304,0.12022939920425416,0.10647720098495483,0.12031329870223999,0.8128203890945565,1.0,0.8128203890945565,0.0
bf16,128,256,64,16,contiguous,2,1,graph_lds_chunked(chunk=4),global,0.09782509803771973,0.10133310556411743,0.14933769702911376,0.12047740221023559,0.10661319494247437,0.11970540285110473,0.8172153946919107,1.0,0.8172153946919107,0.0
bf16,128,256,64,16,page-cross,0,1,graph_lds_chunked(chunk=4),global,0.0971331000328064,0.10030519962310791,0.14797769784927367,0.11994129419326782,0.10643320083618164,0.1202254056930542,0.807924909655082,1.0,0.807924909655082,0.0
bf16,128,256,64,16,page-cross,1,1,graph_lds_chunked(chunk=4),global,0.09770110249519348,0.09957309961318969,0.1476377010345459,0.12021739482879638,0.10670520067214966,0.12159340381622315,0.8035066001019217,1.0,0.8035066001019217,0.0
bf16,128,256,64,16,page-cross,2,1,graph_lds_chunked(chunk=4),global,0.09761710166931152,0.0991690993309021,0.14791369438171387,0.12046140432357788,0.10655319690704346,0.12000540494918824,0.8134392089309961,1.0,0.8134392089309961,0.0
bf16,128,256,64,16,tail-negative,0,1,graph_lds_chunked(chunk=4),global,0.09734910130500793,0.1000370979309082,0.14856970310211182,0.12024140357971191,0.10653330087661743,0.1197134017944336,0.8131846547320689,1.0,0.8131846547320689,0.0
bf16,128,256,64,16,tail-negative,1,1,graph_lds_chunked(chunk=4),global,0.09699710011482239,0.09940119981765747,0.14809370040893555,0.12074129581451416,0.10727319717407227,0.11978529691696167,0.8097579804144355,1.0,0.8097579804144355,0.0
bf16,128,256,64,16,tail-negative,2,1,graph_lds_chunked(chunk=4),global,0.09827709794044495,0.09980909824371338,0.14830570220947265,0.11961339712142945,0.10661720037460327,0.11983740329742432,0.8200870115362158,1.0,0.8200870115362158,0.0
bf16,128,256,64,32,random,0,1,graph_lds_chunked(chunk=8),global,0.17986999750137328,0.18815009593963622,0.2786272048950195,0.22950260639190673,0.19943820238113402,0.20572230815887452,0.8743339461390055,1.0,0.8743339461390055,0.0
bf16,128,256,64,32,random,1,1,graph_lds_chunked(chunk=8),global,0.17897809743881227,0.18819010257720947,0.27905519008636476,0.2259105920791626,0.1992182970046997,0.2048424005508423,0.8737355984772769,1.0,0.8737355984772769,0.0
bf16,128,256,64,32,random,2,1,graph_lds_chunked(chunk=8),global,0.18070199489593505,0.18590619564056396,0.2726430892944336,0.22516260147094727,0.198186194896698,0.20392229557037353,0.8861316237663421,1.0,0.8861316237663421,0.0
bf16,128,256,64,32,contiguous,0,1,graph_lds_chunked(chunk=8),global,0.1810500979423523,0.1852581024169922,0.2766271114349365,0.22660260200500487,0.19841829538345337,0.20402629375457765,0.8873861040682173,1.0,0.8873861040682173,0.0
bf16,128,256,64,32,contiguous,1,1,graph_lds_chunked(chunk=8),global,0.18211009502410888,0.18218599557876586,0.27533109188079835,0.22580258846282958,0.19903019666671753,0.20424630641937255,0.8916200161298776,1.0,0.8916200161298776,0.0
bf16,128,256,64,32,contiguous,2,1,graph_lds_chunked(chunk=8),global,0.18127000331878662,0.18601009845733643,0.2760951042175293,0.22681059837341308,0.19873830080032348,0.20303831100463868,0.8927871908599815,1.0,0.8927871908599815,0.0
bf16,128,256,64,32,page-cross,0,1,graph_lds_chunked(chunk=8),global,0.18075400590896606,0.1831621050834656,0.27118310928344724,0.22556660175323487,0.1986981987953186,0.202478289604187,0.892708083727453,1.0,0.892708083727453,0.0
bf16,128,256,64,32,page-cross,1,1,graph_lds_chunked(chunk=8),global,0.179538094997406,0.1848940968513489,0.2706670999526978,0.22635860443115235,0.20076630115509034,0.2026063919067383,0.8861423043358333,1.0,0.8861423043358333,0.0
bf16,128,256,64,32,page-cross,2,1,graph_lds_chunked(chunk=8),global,0.18015010356903077,0.18574609756469726,0.27356710433959963,0.22481060028076172,0.1988023042678833,0.20079429149627687,0.8971873763272354,1.0,0.8971873763272354,0.0
bf16,128,256,64,32,tail-negative,0,1,graph_lds_chunked(chunk=8),global,0.17908600568771363,0.18119009733200073,0.2714431047439575,0.2256985902786255,0.1995182991027832,0.2041783094406128,0.8771059285305842,1.0,0.8771059285305842,0.0
bf16,128,256,64,32,tail-negative,1,1,graph_lds_chunked(chunk=8),global,0.17915799617767333,0.1873581051826477,0.2798192024230957,0.22614259719848634,0.19785029888153077,0.20395429134368898,0.8784222925506837,1.0,0.8784222925506837,0.0
bf16,128,256,64,32,tail-negative,2,1,graph_lds_chunked(chunk=8),global,0.1783581018447876,0.1851701021194458,0.2726351022720337,0.22547459602355957,0.19872230291366577,0.2048424005508423,0.870708902869544,1.0,0.870708902869544,0.0
bf16,128,256,128,8,random,0,0,graph_global,global,0.10206910371780395,,,,,0.1019250988960266,1.0014128494682575,1.0,1.0014128494682575,0.0
bf16,128,256,128,8,random,1,0,graph_global,global,0.10168119668960571,,,,,0.10212919712066651,0.9956133951534791,1.0,0.9956133951534791,0.0
bf16,128,256,128,8,random,2,0,graph_global,global,0.10218119621276855,,,,,0.10138109922409058,1.0078919738965293,1.0,1.0078919738965293,0.0
bf16,128,256,128,8,contiguous,0,0,graph_global,global,0.10502920150756836,,,,,0.10314120054244995,1.0183050124992619,1.0,1.0183050124992619,0.0
bf16,128,256,128,8,contiguous,1,0,graph_global,global,0.10361319780349731,,,,,0.10335320234298706,1.002515601400017,1.0,1.002515601400017,0.0
bf16,128,256,128,8,contiguous,2,0,graph_global,global,0.10624519586563111,,,,,0.10564919710159301,1.0056412995118644,1.0,1.0056412995118644,0.0
bf16,128,256,128,8,page-cross,0,0,graph_global,global,0.10422519445419312,,,,,0.1032971978187561,1.008983754206627,1.0,1.008983754206627,0.0
bf16,128,256,128,8,page-cross,1,0,graph_global,global,0.10222920179367065,,,,,0.10204509496688843,1.0018041712523464,1.0,1.0018041712523464,0.0
bf16,128,256,128,8,page-cross,2,0,graph_global,global,0.10290919542312622,,,,,0.10362119674682617,0.9931288062090273,1.0,0.9931288062090273,0.0
bf16,128,256,128,8,tail-negative,0,0,graph_global,global,0.10508919954299926,,,,,0.10427320003509521,1.0078255918839107,1.0,1.0078255918839107,0.0
bf16,128,256,128,8,tail-negative,1,0,graph_global,global,0.10575319528579712,,,,,0.10507320165634156,1.0064716180599462,1.0,1.0064716180599462,0.0
bf16,128,256,128,8,tail-negative,2,0,graph_global,global,0.10240509510040283,,,,,0.1015051007270813,1.008866494066553,1.0,1.008866494066553,0.0
bf16,128,256,128,16,random,0,0,graph_global,global,0.18227000236511232,,,,,0.18224209547042847,1.0001531308922442,1.0,1.0001531308922442,0.0
bf16,128,256,128,16,random,1,0,graph_global,global,0.1939383029937744,,,,,0.1905542016029358,1.01775925884799,1.0,1.01775925884799,0.0
bf16,128,256,128,16,random,2,0,graph_global,global,0.1851701021194458,,,,,0.18601020574569702,0.9954835616525269,1.0,0.9954835616525269,0.0
bf16,128,256,128,16,contiguous,0,0,graph_global,global,0.18789819478988648,,,,,0.18615809679031373,1.0093474204430268,1.0,1.0093474204430268,0.0
bf16,128,256,128,16,contiguous,1,0,graph_global,global,0.19149019718170165,,,,,0.1892781972885132,1.0116865012710194,1.0,1.0116865012710194,0.0
bf16,128,256,128,16,contiguous,2,0,graph_global,global,0.1920382022857666,,,,,0.18844619989395142,1.0190611558834117,1.0,1.0190611558834117,0.0
bf16,128,256,128,16,page-cross,0,0,graph_global,global,0.1844061017036438,,,,,0.1821781039237976,1.01222977806805,1.0,1.01222977806805,0.0
bf16,128,256,128,16,page-cross,1,0,graph_global,global,0.18864619731903076,,,,,0.185902202129364,1.0147604232668384,1.0,1.0147604232668384,0.0
bf16,128,256,128,16,page-cross,2,0,graph_global,global,0.18830620050430297,,,,,0.18775420188903807,1.0029400067200154,1.0,1.0029400067200154,0.0
bf16,128,256,128,16,tail-negative,0,0,graph_global,global,0.1866821050643921,,,,,0.18585009574890138,1.0044767763618203,1.0,1.0044767763618203,0.0
bf16,128,256,128,16,tail-negative,1,0,graph_global,global,0.18627409934997557,,,,,0.18531810045242308,1.0051586914349897,1.0,1.0051586914349897,0.0
bf16,128,256,128,16,tail-negative,2,0,graph_global,global,0.18543410301208496,,,,,0.18430609703063966,1.0061202857616685,1.0,1.0061202857616685,0.0
bf16,128,256,128,32,random,0,0,graph_global,global,0.3528480052947998,,,,,0.3565119981765747,0.9897226659957734,1.0,0.9897226659957734,0.0
bf16,128,256,128,32,random,1,0,graph_global,global,0.3614721059799194,,,,,0.3646522045135498,0.9912790914348847,1.0,0.9912790914348847,0.0
bf16,128,256,128,32,random,2,0,graph_global,global,0.3689842939376831,,,,,0.3738642930984497,0.9869471376356299,1.0,0.9869471376356299,0.0
bf16,128,256,128,32,contiguous,0,0,graph_global,global,0.370648193359375,,,,,0.3723642110824585,0.9953915610791514,1.0,0.9953915610791514,0.0
bf16,128,256,128,32,contiguous,1,0,graph_global,global,0.3720042943954468,,,,,0.3748682975769043,0.992359974956618,1.0,0.992359974956618,0.0
bf16,128,256,128,32,contiguous,2,0,graph_global,global,0.37252819538116455,,,,,0.3739403009414673,0.9962237139009957,1.0,0.9962237139009957,0.0
bf16,128,256,128,32,page-cross,0,0,graph_global,global,0.37129619121551516,,,,,0.37176830768585206,0.9987300787598715,1.0,0.9987300787598715,0.0
bf16,128,256,128,32,page-cross,1,0,graph_global,global,0.3725441932678223,,,,,0.37112419605255126,1.0038262048941426,1.0,1.0038262048941426,0.0
bf16,128,256,128,32,page-cross,2,0,graph_global,global,0.3693281888961792,,,,,0.3723762989044189,0.9918144360497495,1.0,0.9918144360497495,0.0
bf16,128,256,128,32,tail-negative,0,0,graph_global,global,0.372260308265686,,,,,0.3735641956329346,0.9965096029477896,1.0,0.9965096029477896,0.0
bf16,128,256,128,32,tail-negative,1,0,graph_global,global,0.37398428916931153,,,,,0.3764763116836548,0.9933806658294154,1.0,0.9933806658294154,0.0
bf16,128,256,128,32,tail-negative,2,0,graph_global,global,0.37097620964050293,,,,,0.3666801929473877,1.0117159769623325,1.0,1.0117159769623325,0.0
bf16,256,64,32,8,random,0,1,graph_lds_chunked(chunk=8),lds,0.022692200541496278,0.02005620002746582,0.020868200063705444,0.020508299767971038,0.020104199647903442,0.02002819925546646,1.1330125215976523,1.1314307052393078,1.0013980673770118,0.0
bf16,256,64,32,8,random,1,1,graph_lds_chunked(chunk=8),lds,0.02247219979763031,0.019556200504302977,0.020792199671268462,0.019964200258255006,0.019740200042724608,0.020036299526691437,1.121574358962536,1.149108682572861,0.9760385383663838,0.0
bf16,256,64,32,8,random,2,1,graph_lds_chunked(chunk=8),lds,0.02217629998922348,0.019092200696468352,0.02008019983768463,0.019412200152873992,0.01937219947576523,0.01934420019388199,1.1464056289200937,1.161537129311951,0.9869728655158698,0.0
bf16,256,64,32,8,contiguous,0,1,graph_lds_chunked(chunk=8),lds,0.02135220021009445,0.018740199506282806,0.019968199729919433,0.019324199855327608,0.019144199788570404,0.01909630000591278,1.1181328426702124,1.13937955692179,0.9813523824238353,0.0
bf16,256,64,32,8,contiguous,1,1,graph_lds_chunked(chunk=8),lds,0.021616299450397492,0.01894419938325882,0.019760200381278993,0.01950819939374924,0.01896030008792877,0.01899220049381256,1.138167189075317,1.1410510950122303,0.9974725882569858,0.0
bf16,256,64,32,8,contiguous,2,1,graph_lds_chunked(chunk=8),chunk8,0.021660199761390685,0.019036200642585755,0.019716300070285797,0.019496199488639832,0.018964299559593202,0.0189641997218132,1.1421626052839162,1.1421565923553314,1.000005264539578,0.0
bf16,256,64,32,8,page-cross,0,1,graph_lds_chunked(chunk=8),lds,0.02130019962787628,0.01896820068359375,0.01957619935274124,0.019324199855327608,0.019016200304031373,0.01899230033159256,1.1215176285120485,1.1229425491211489,0.9987310832506833,0.0
bf16,256,64,32,8,page-cross,1,1,graph_lds_chunked(chunk=8),lds,0.021264199912548066,0.01897220015525818,0.019512200355529787,0.019252200424671174,0.01897220015525818,0.018912200629711152,1.1243641249840546,1.1208083268431392,1.0031725300890033,0.0
bf16,256,64,32,8,page-cross,2,1,graph_lds_chunked(chunk=8),lds,0.02135629951953888,0.01898829936981201,0.019612200558185577,0.019408200681209565,0.019032199680805207,0.018984200060367586,1.124951246385325,1.1247083850748405,1.0002159326930495,0.0
bf16,256,64,32,8,tail-negative,0,1,graph_lds_chunked(chunk=8),lds,0.021584199368953706,0.0189641997218132,0.01971230059862137,0.019368200004100798,0.0189641997218132,0.018948200345039367,1.1391160625238186,1.1381550334616495,1.0008443744779183,0.0
bf16,256,64,32,8,tail-negative,1,1,graph_lds_chunked(chunk=8),chunk8,0.021640199422836303,0.018952199816703798,0.019744299352169037,0.019432200491428374,0.018928200006484985,0.01892019957304001,1.1437616891563929,1.1432782523125369,1.0004228514299804,0.0
bf16,256,64,32,8,tail-negative,2,1,graph_lds_chunked(chunk=8),chunk8,0.021636299788951874,0.018984200060367586,0.019704200327396393,0.01936420053243637,0.018980300426483153,0.018924200534820558,1.143313808641007,1.1399345269984669,1.0029644523983654,0.0
bf16,256,64,32,16,random,0,1,graph_lds_chunked(chunk=8),chunk4,0.03538840115070343,0.02997629940509796,0.03162440061569214,0.029224300384521486,0.029424300789833067,0.02954440116882324,1.1978039747188065,1.2109238094694212,0.9891654333261781,0.0
bf16,256,64,32,16,random,1,1,graph_lds_chunked(chunk=8),chunk4,0.035380500555038455,0.029864299297332763,0.03513639867305755,0.029084399342536926,0.029428300261497498,0.029444301128387453,1.20160775427364,1.2164769207832071,0.9877768609864018,0.0
bf16,256,64,32,16,random,2,1,graph_lds_chunked(chunk=8),chunk8,0.035264399647712705,0.030000299215316772,0.03175640106201172,0.030074301362037658,0.02990429997444153,0.02936840057373047,1.2007599650917355,1.1792417705096698,1.018247483357688,0.0
bf16,256,64,32,16,contiguous,0,1,graph_lds_chunked(chunk=8),chunk4,0.03586040139198303,0.030588299036026,0.03196029961109161,0.02823230028152466,0.02942039966583252,0.030136299133300782,1.1899404513262573,1.2701905630923822,0.9368204156935716,0.0
bf16,256,64,32,16,contiguous,1,1,graph_lds_chunked(chunk=8),chunk4,0.035192400217056274,0.02968440055847168,0.031560400128364564,0.028028300404548644,0.029700300097465514,0.0294963002204895,1.1931123549051077,1.2556023629368902,0.9502310525399007,0.0
bf16,256,64,32,16,contiguous,2,1,graph_lds_chunked(chunk=8),chunk4,0.0351963996887207,0.030232301354408263,0.03346840143203735,0.02825239896774292,0.02995229959487915,0.030420398712158202,1.1569999467052896,1.24578446343286,0.92873204046636,0.0
bf16,256,64,32,16,page-cross,0,1,graph_lds_chunked(chunk=8),chunk4,0.03494040071964264,0.02996029853820801,0.031212401390075684,0.02812429964542389,0.029500299692153932,0.02968840003013611,1.1769041337416408,1.242356295450998,0.9473161105642429,0.0
bf16,256,64,32,16,page-cross,1,1,graph_lds_chunked(chunk=8),chunk4,0.03484039902687073,0.0301162987947464,0.031352299451828006,0.02838430106639862,0.029752299189567566,0.029624301195144653,1.1760749662031178,1.2274531243651037,0.9581424682196633,0.0
bf16,256,64,32,16,page-cross,2,1,graph_lds_chunked(chunk=8),chunk4,0.035032400488853456,0.030176401138305664,0.03143239915370941,0.028140300512313844,0.02960430085659027,0.029560399055480958,1.1851125697965808,1.2449192031024585,0.9519594258351595,0.0
bf16,256,64,32,16,tail-negative,0,1,graph_lds_chunked(chunk=8),chunk4,0.03544439971446991,0.0301162987947464,0.0317562997341156,0.02828029990196228,0.029808300733566283,0.029672300815582274,1.19452818757676,1.2533247468146733,0.9530875302770929,0.0
bf16,256,64,32,16,tail-negative,1,1,graph_lds_chunked(chunk=8),chunk4,0.03603239953517914,0.03018040060997009,0.033016398549079895,0.028464299440383912,0.029380398988723754,0.030092298984527588,1.19739603656423,1.2658804271872552,0.9458997949947016,0.0
bf16,256,64,32,16,tail-negative,2,1,graph_lds_chunked(chunk=8),chunk4,0.03532840013504028,0.03008430004119873,0.03173629939556122,0.02857230007648468,0.02971639931201935,0.02955229878425598,1.19545353791095,1.2364562894996314,0.9668384948688529,0.0
bf16,256,64,32,32,random,0,1,graph_lds_chunked(chunk=8),chunk8,0.06235669851303101,0.05151659846305847,0.055596697330474856,0.04974049925804138,0.04656859934329986,0.046196600794792174,1.3498114025753296,1.3390288604847782,1.008052509104731,0.0
bf16,256,64,32,32,random,1,1,graph_lds_chunked(chunk=8),chunk8,0.06419280171394348,0.05323259830474854,0.057092702388763426,0.0507004976272583,0.04536849856376648,0.04619249999523163,1.389680180128159,1.4149201262131037,0.9821615753304062,0.0
bf16,256,64,32,32,random,2,1,graph_lds_chunked(chunk=8),chunk8,0.06286470293998718,0.05165259838104248,0.05456069707870483,0.05105249881744385,0.04530850052833557,0.04583649933338165,1.371498780540692,1.3874814263754347,0.9884808217746779,0.0
bf16,256,64,32,32,contiguous,0,1,graph_lds_chunked(chunk=8),chunk8,0.06432870030403137,0.05261260271072388,0.05618060231208801,0.05151259899139404,0.04624049961566925,0.046172499656677246,1.393225421676482,1.3911765841351913,1.001472737224487,0.0
bf16,256,64,32,32,contiguous,1,1,graph_lds_chunked(chunk=8),chunk8,0.06336870193481445,0.052440601587295535,0.05504860281944275,0.050544601678848264,0.04576849937438965,0.04620850086212158,1.371364592067075,1.3845483859204966,0.9904779103514996,0.0
bf16,256,64,32,32,contiguous,2,1,graph_lds_chunked(chunk=8),chunk8,0.06254870295524598,0.0518206000328064,0.0545166015625,0.05069260001182556,0.04563649892807007,0.04516850113868713,1.384785887917644,1.3705850454004385,1.010361153848032,0.0
bf16,256,64,32,32,page-cross,0,1,graph_lds_chunked(chunk=8),chunk8,0.06312469840049743,0.05332059860229492,0.05665259957313538,0.0528967022895813,0.04557659924030304,0.04697259962558746,1.343862143114417,1.3850243206534978,0.9702805380921694,0.0
bf16,256,64,32,32,page-cross,1,1,graph_lds_chunked(chunk=8),chunk8,0.06170470118522644,0.05179259777069092,0.05360860228538513,0.04731250107288361,0.04523249864578247,0.045032501220703125,1.3702259371029224,1.364167424586434,1.0044411795849217,0.0
bf16,256,64,32,32,page-cross,2,1,graph_lds_chunked(chunk=8),chunk8,0.061328697204589847,0.05237659811973572,0.055896598100662234,0.04772860109806061,0.04497250020503998,0.046020600199699405,1.3326357530858632,1.363693299793834,0.9772254166588146,0.0
bf16,256,64,32,32,tail-negative,0,1,graph_lds_chunked(chunk=8),chunk8,0.06231679916381836,0.05170860290527344,0.05702059864997864,0.04748460054397583,0.04549660086631775,0.04488849937915802,1.3882575721110515,1.369702306924494,1.0135469328574185,0.0
bf16,256,64,32,32,tail-negative,1,1,graph_lds_chunked(chunk=8),chunk8,0.0635047972202301,0.05208060145378113,0.05576859712600708,0.050524598360061644,0.04549649953842163,0.046164599061012265,1.3756167823812486,1.3958172137309273,0.9855278820529199,0.0
bf16,256,64,32,32,tail-negative,2,1,graph_lds_chunked(chunk=8),chunk8,0.06202870011329651,0.05195260047912598,0.05717269778251648,0.04996060132980347,0.046520501375198364,0.045404499769210814,1.3661355246415183,1.333362674082573,1.0245790970423667,0.0
bf16,256,64,64,8,random,0,1,graph_lds_chunked(chunk=8),lds,0.033020401000976564,0.027044400572776794,0.02918829917907715,0.027260300517082215,0.027148300409317018,0.026976299285888673,1.2240522931271587,1.2209699716626472,1.002524485889128,0.0
bf16,256,64,64,8,random,1,1,graph_lds_chunked(chunk=8),lds,0.03244439959526062,0.02637630105018616,0.028852400183677674,0.02711629867553711,0.026492300629615783,0.02654840052127838,1.2220849074977842,1.2300587384686237,0.9935175201626822,0.0
bf16,256,64,64,8,random,2,1,graph_lds_chunked(chunk=8),chunk8,0.032432401180267335,0.02647629976272583,0.0285643994808197,0.027052301168441772,0.026460298895835878,0.02642030119895935,1.227556072734886,1.2257004846370538,1.0015139001094395,0.0
bf16,256,64,64,8,contiguous,0,1,graph_lds_chunked(chunk=8),chunk8,0.03241240084171295,0.0266882985830307,0.028636300563812257,0.027372300624847412,0.026648300886154174,0.02657630145549774,1.2195978773038758,1.2163027196437002,1.0027091591648671,0.0
bf16,256,64,64,8,contiguous,1,1,graph_lds_chunked(chunk=8),chunk8,0.032656300067901614,0.02666029930114746,0.028580299019813536,0.02722029983997345,0.02653230130672455,0.026624301075935365,1.2265599000988736,1.2308129509906083,0.9965445188984146,0.0
bf16,256,64,64,8,contiguous,2,1,graph_lds_chunked(chunk=8),chunk8,0.03358440101146698,0.026628398895263673,0.028564301133155823,0.02730430066585541,0.026536300778388977,0.02652829885482788,1.2659839666030812,1.2656022138103717,1.000301637266863,0.0
bf16,256,64,64,8,page-cross,0,1,graph_lds_chunked(chunk=8),lds,0.03313939869403839,0.02666029930114746,0.028240299224853514,0.02782430052757263,0.026708298921585084,0.026640298962593078,1.2439574623607268,1.2430242556433742,1.0007507550340358,0.0
bf16,256,64,64,8,page-cross,1,1,graph_lds_chunked(chunk=8),chunk8,0.032744398713111876,0.026640298962593078,0.02822830080986023,0.02777630090713501,0.02663629949092865,0.02660830020904541,1.230608436309679,1.229314857503514,1.0010522762319751,0.0
bf16,256,64,64,8,page-cross,2,1,graph_lds_chunked(chunk=8),lds,0.03134829998016357,0.02658829987049103,0.028180301189422607,0.026968300342559814,0.02658829987049103,0.02658030092716217,1.1793809282320435,1.1790261179864088,1.0003009350176575,0.0
bf16,256,64,64,8,tail-negative,0,1,graph_lds_chunked(chunk=8),chunk8,0.032328298687934874,0.027016299962997436,0.029012298583984374,0.027424299716949464,0.02676829993724823,0.026512300968170165,1.2193697833600794,1.207708325284785,1.009655856328178,0.0
bf16,256,64,64,8,tail-negative,1,1,graph_lds_chunked(chunk=8),lds,0.03270429968833923,0.02684830129146576,0.0293163001537323,0.027208301424980163,0.027132299542427064,0.02695229947566986,1.2134140806004983,1.2181142983051563,0.9961413984621987,0.0
bf16,256,64,64,8,tail-negative,2,1,graph_lds_chunked(chunk=8),chunk8,0.03220829963684082,0.026568299531936644,0.028696298599243164,0.027600300312042237,0.026492300629615783,0.026460298895835878,1.2172311342223545,1.215760763368173,1.0012094245006786,0.0
bf16,256,64,64,16,random,0,1,graph_lds_chunked(chunk=8),chunk4,0.05579259991645813,0.043888500332832335,0.050236499309539794,0.04240449965000152,0.043472498655319214,0.04262450039386749,1.3089326420465253,1.315723575963857,0.9948386317298016,0.0
bf16,256,64,64,16,random,1,1,graph_lds_chunked(chunk=8),chunk4,0.05691670179367066,0.043684500455856326,0.0515205979347229,0.04278849959373474,0.04403649866580963,0.04345250129699707,1.3098601943452235,1.3301869038194698,0.9847189072333514,0.0
bf16,256,64,64,16,random,2,1,graph_lds_chunked(chunk=8),chunk4,0.0604246973991394,0.04572449922561646,0.052360600233078,0.04319649934768677,0.043644499778747556,0.0445125013589859,1.357477013296204,1.3988331997179588,0.970435226708879,0.0
bf16,256,64,64,16,contiguous,0,1,graph_lds_chunked(chunk=8),chunk4,0.05772470235824585,0.044928500056266786,0.05236459970474243,0.04269649982452393,0.04389249980449676,0.043588501214981076,1.324310328394734,1.3519773891416285,0.9795358554299046,0.0
bf16,256,64,64,16,contiguous,1,1,graph_lds_chunked(chunk=8),chunk4,0.059168702363967894,0.0438964992761612,0.05408859848976135,0.042224499583244327,0.04265249967575073,0.043172499537467955,1.3705183391713833,1.401288421365861,0.9780415782180762,0.0
bf16,256,64,64,16,contiguous,2,1,graph_lds_chunked(chunk=8),chunk4,0.06131669878959656,0.044100499153137206,0.05072460174560547,0.04248049855232239,0.04266049861907959,0.0429084986448288,1.429010585924713,1.4434081726718437,0.9900252838942434,0.0
bf16,256,64,64,16,page-cross,0,1,graph_lds_chunked(chunk=8),chunk4,0.05619670152664184,0.04489650130271912,0.04985249936580658,0.04220849871635437,0.04260849952697754,0.043204501271247864,1.300714043053661,1.3314072576778837,0.9769467873580958,0.0
bf16,256,64,64,16,page-cross,1,1,graph_lds_chunked(chunk=8),chunk4,0.054336702823638915,0.04384050071239472,0.050140601396560666,0.04148840010166168,0.04340850114822388,0.04234449863433838,1.2832057191858144,1.3096842175281336,0.9797825323173749,0.0
bf16,256,64,64,16,page-cross,2,1,graph_lds_chunked(chunk=8),chunk4,0.05707269906997681,0.04362049996852875,0.04932059943675995,0.04224439859390259,0.043128499388694765,0.04313650131225586,1.3230720464981571,1.351012228120925,0.979319075696577,0.0
bf16,256,64,64,16,tail-negative,0,1,graph_lds_chunked(chunk=8),chunk4,0.05685269832611084,0.04474849998950958,0.052932602167129514,0.04249249994754791,0.04259650111198425,0.043588501214981076,1.3043049598266743,1.3379466587348106,0.9748557248612972,0.0
bf16,256,64,64,16,tail-negative,1,1,graph_lds_chunked(chunk=8),chunk4,0.055616599321365354,0.04456450045108795,0.0536765992641449,0.04169250130653381,0.04283640086650849,0.04260849952697754,1.3052935432788884,1.3339712796902745,0.9785019836273802,0.0
bf16,256,64,64,16,tail-negative,2,1,graph_lds_chunked(chunk=8),chunk4,0.05568469762802124,0.043860501050949095,0.05106859803199768,0.04222050011157989,0.04284450113773346,0.042532500624656674,1.3092269866620552,1.318901895545015,0.9926644211251499,0.0
bf16,256,64,64,32,random,0,1,graph_lds_chunked(chunk=8),chunk8,0.10682519674301147,0.07846900224685668,0.09122110009193421,0.07962899804115295,0.07218480110168457,0.06796879768371582,1.5716799529117607,1.4798848942248939,1.0620285125181614,0.0
bf16,256,64,64,32,random,1,1,graph_lds_chunked(chunk=8),chunk8,0.11320929527282715,0.08078889846801758,0.09312909841537476,0.08127689957618714,0.0704367995262146,0.07106080055236816,1.5931328438862395,1.6072464398484465,0.991218772919766,0.0
bf16,256,64,64,32,random,2,1,graph_lds_chunked(chunk=8),chunk8,0.10759320259094238,0.08056489825248718,0.09009299874305725,0.07743290066719055,0.06872879862785339,0.07188079953193664,1.496828127838766,1.5654748044342885,0.9561496126280173,0.0
bf16,256,64,64,32,contiguous,0,1,graph_lds_chunked(chunk=8),chunk8,0.10854519605636596,0.07826489806175232,0.09052500128746033,0.07788090109825134,0.07002080082893372,0.06879670023918152,1.5777674754602058,1.550185013187015,1.0177930131168564,0.0
bf16,256,64,64,32,contiguous,1,1,graph_lds_chunked(chunk=8),chunk8,0.11146529912948608,0.08134899735450744,0.09194499850273133,0.07828090190887452,0.07004879713058472,0.07064489722251892,1.5778252005716722,1.591252151292375,0.9915620219524619,0.0
bf16,256,64,64,32,contiguous,2,1,graph_lds_chunked(chunk=8),chunk8,0.10980130434036255,0.0800728976726532,0.09257310032844543,0.07782490253448486,0.06812480092048645,0.0706167995929718,1.554889275260934,1.6117669755618054,0.9647109655655738,0.0
bf16,256,64,64,32,page-cross,0,1,graph_lds_chunked(chunk=8),chunk8,0.10829730033874511,0.0791608989238739,0.0859690010547638,0.07449690103530884,0.06844080090522767,0.06933280229568481,1.5619922569534652,1.5823499857739554,0.9871344967905233,0.0
bf16,256,64,64,32,page-cross,1,1,graph_lds_chunked(chunk=8),chunk8,0.10494120121002197,0.07955690026283264,0.09028509855270386,0.07487689852714538,0.06809279918670655,0.06836079955101013,1.535107867363604,1.541149761258591,0.9960796192252901,0.0
bf16,256,64,64,32,page-cross,2,1,graph_lds_chunked(chunk=8),chunk8,0.10265320539474487,0.07892490029335023,0.08634099960327149,0.07590889930725098,0.06741669774055481,0.06762080192565918,1.518071399206409,1.522667363355494,0.9969816361342659,0.0
bf16,256,64,64,32,tail-negative,0,1,graph_lds_chunked(chunk=8),chunk8,0.1047252058982849,0.07815690040588379,0.08907300233840942,0.07840489745140075,0.07078880071640015,0.06815680265426635,1.5365334320260915,1.479403589811382,1.0386168065348507,0.0
bf16,256,64,64,32,tail-negative,1,1,graph_lds_chunked(chunk=8),chunk8,0.10623329877853394,0.07989699840545654,0.09017699956893921,0.07809690237045289,0.06823679804801941,0.06802080273628235,1.5617766110523865,1.5568329965274124,1.0031754302073512,0.0
bf16,256,64,64,32,tail-negative,2,1,graph_lds_chunked(chunk=8),chunk8,0.10628119707107545,0.07921689748764038,0.08824899792671204,0.07655689716339112,0.0681447982788086,0.06916469931602479,1.536639327895569,1.5596377090476525,0.9852540234064187,0.0
bf16,256,64,128,8,random,0,1,graph_lds_chunked(chunk=8),chunk8,0.05789269804954529,0.04243249893188476,0.0503525972366333,0.043088498711586,0.04187650084495544,0.0419964998960495,1.3785124520577274,1.3824626432826514,0.9971426416155851,0.0
bf16,256,64,128,8,random,1,1,graph_lds_chunked(chunk=8),chunk8,0.05634859800338745,0.04214850068092346,0.050180602073669436,0.04295249879360199,0.042068400979042055,0.042188501358032225,1.3356387686110425,1.3394518615399622,0.9971532437720189,0.0
bf16,256,64,128,8,random,2,1,graph_lds_chunked(chunk=8),chunk8,0.05478469729423523,0.04196850061416626,0.049852600693702696,0.043156400322914124,0.041912499070167544,0.04188840091228485,1.307872730901222,1.3071207517957297,1.0005752942904924,0.0
bf16,256,64,128,8,contiguous,0,1,graph_lds_chunked(chunk=8),lds,0.055856597423553464,0.041988500952720643,0.05011259913444519,0.04294849932193756,0.04226439893245697,0.04212450087070465,1.3259883504613525,1.3302832003087797,0.9967714770460678,0.0
bf16,256,64,128,8,contiguous,1,1,graph_lds_chunked(chunk=8),lds,0.05728060007095337,0.04196450114250183,0.049892500042915344,0.04313650131225586,0.04208050072193146,0.041800498962402344,1.3703329264675685,1.3649775050689053,1.0039234502977346,0.0
bf16,256,64,128,8,contiguous,2,1,graph_lds_chunked(chunk=8),chunk8,0.05694069862365723,0.04238849878311157,0.05024849772453308,0.04295650124549866,0.04216850101947785,0.04229249954223633,1.346354536619245,1.3503135574431737,0.9970680729656414,0.0
bf16,256,64,128,8,page-cross,0,1,graph_lds_chunked(chunk=8),lds,0.054216700792312625,0.04213249981403351,0.049408599734306335,0.0429284006357193,0.042488500475883484,0.04197649955749512,1.2915965210022367,1.2868142415384074,1.0037163712597026,0.0
bf16,256,64,128,8,page-cross,1,1,graph_lds_chunked(chunk=8),lds,0.0568805992603302,0.042084500193595886,0.049408599734306335,0.043016499280929564,0.04209240078926087,0.04205250144004822,1.3526091745439097,1.351580724463157,1.0007609239034991,0.0
bf16,256,64,128,8,page-cross,2,1,graph_lds_chunked(chunk=8),lds,0.05510470271110535,0.04252850115299225,0.05024049878120422,0.04360849857330322,0.04266450107097626,0.04244050085544586,1.2983989726887128,1.2957123156744088,1.0020734980919788,0.0
bf16,256,64,128,8,tail-negative,0,1,graph_lds_chunked(chunk=8),chunk8,0.05652469992637634,0.04244450032711029,0.05017250180244446,0.04305649995803833,0.04192050099372864,0.04274849891662598,1.3222616316100038,1.3483784445904525,0.9806309474278333,0.0
bf16,256,64,128,8,tail-negative,1,1,graph_lds_chunked(chunk=8),lds,0.0546205997467041,0.04199250042438507,0.04966450035572052,0.04303250014781952,0.04290449917316437,0.04191649854183197,1.3030811648590743,1.3007227289324712,1.001813173456682,0.0
bf16,256,64,128,8,tail-negative,2,1,graph_lds_chunked(chunk=8),chunk8,0.05535269975662231,0.04231649935245514,0.050096601247787476,0.04307650029659271,0.0418283998966217,0.043016499280929564,1.2867783450979642,1.3233281668298507,0.9723803795248727,0.0
bf16,256,64,128,16,random,0,1,graph_lds_chunked(chunk=8),chunk8,0.09994509816169739,0.07262889742851257,0.08926500082015991,0.07729690074920655,0.07181280255317687,0.06944079995155335,1.4392849482066152,1.3917448506161383,1.0341586301321182,0.0
bf16,256,64,128,16,random,1,1,graph_lds_chunked(chunk=8),chunk8,0.10243719816207886,0.07244079709053039,0.08795700073242188,0.07560080289840698,0.0711247980594635,0.07056080102920533,1.4517578693541162,1.440245891122767,1.0079930644498316,0.0
bf16,256,64,128,16,random,2,1,graph_lds_chunked(chunk=8),chunk8,0.10496920347213745,0.0740887999534607,0.09046099781990051,0.0764968991279602,0.07062479853630066,0.07130489945411682,1.4721176844191877,1.4862938464622168,0.9904620731110659,0.0
bf16,256,64,128,16,contiguous,0,1,graph_lds_chunked(chunk=8),chunk8,0.1066491961479187,0.07343279719352722,0.09647709727287293,0.07674090266227722,0.07083680033683777,0.07144880294799805,1.4926659614653062,1.5055620191876051,0.9914343895781472,0.0
bf16,256,64,128,16,contiguous,1,1,graph_lds_chunked(chunk=8),chunk8,0.10345720052719116,0.07255679965019227,0.08759700059890747,0.07524080276489258,0.06954479813575745,0.07093679904937744,1.45844190763636,1.4876339179996436,0.9803768857310428,0.0
bf16,256,64,128,16,contiguous,2,1,graph_lds_chunked(chunk=8),chunk8,0.10373719930648803,0.07358090281486511,0.08847699761390686,0.07591689825057983,0.07006880044937133,0.0714809000492096,1.451257597974735,1.480504855815878,0.9802450780716788,0.0
bf16,256,64,128,16,page-cross,0,1,graph_lds_chunked(chunk=8),chunk8,0.10213320255279541,0.07216879725456238,0.08708099722862243,0.07682089805603028,0.07157679796218872,0.06942880153656006,1.471049482238488,1.4269037657530934,1.0309381175836307,0.0
bf16,256,64,128,16,page-cross,1,1,graph_lds_chunked(chunk=8),chunk8,0.10448119640350342,0.07206879854202271,0.08654099702835083,0.07438480257987976,0.0696888029575348,0.06987680196762085,1.4952200653360952,1.4992537103438202,0.997309564765526,0.0
bf16,256,64,128,16,page-cross,2,1,graph_lds_chunked(chunk=8),chunk8,0.10268919467926026,0.07228879928588867,0.08751299977302551,0.0768567979335785,0.0713208019733429,0.06953679919242858,1.4767604473005629,1.43982108778925,1.0256555205536202,0.0
bf16,256,64,128,16,tail-negative,0,1,graph_lds_chunked(chunk=8),chunk8,0.1035851001739502,0.07182490229606628,0.08690099716186524,0.07552490234375,0.07113680243492126,0.06940479874610901,1.4924774950054505,1.4561393909813969,1.0249550999369386,0.0
bf16,256,64,128,16,tail-negative,1,1,graph_lds_chunked(chunk=8),chunk8,0.10375720262527466,0.07160879969596863,0.08707699775695801,0.07455679774284363,0.06954879760742187,0.0704367995262146,1.4730539053901668,1.4918619184611503,0.9873929263571631,0.0
bf16,256,64,128,16,tail-negative,2,1,graph_lds_chunked(chunk=8),chunk8,0.1028291940689087,0.07186480164527893,0.08716899752616883,0.07680490016937255,0.07075279951095581,0.07009680271148681,1.4669598339905168,1.453358662549967,1.009358441099932,0.0
bf16,256,64,128,32,random,0,1,graph_lds_chunked(chunk=8),chunk8,0.19065020084381104,0.13829350471496582,0.16820199489593507,0.13872959613800048,0.13118549585342407,0.12934149503707887,1.4740064724716266,1.453287191572062,1.014256838579271,0.0
bf16,256,64,128,32,random,1,1,graph_lds_chunked(chunk=8),chunk8,0.19514219760894774,0.13632960319519044,0.16566590070724488,0.13879350423812867,0.1311414957046509,0.12890150547027587,1.5138861016169178,1.4880278477869082,1.0173775335377409,0.0
bf16,256,64,128,32,random,2,1,graph_lds_chunked(chunk=8),chunk8,0.19425430297851562,0.13808150291442872,0.16779400110244752,0.13897759914398194,0.13178149461746216,0.13074150085449218,1.485789146590183,1.474063589447067,1.0079545802684906,0.0
bf16,256,64,128,32,contiguous,0,1,graph_lds_chunked(chunk=8),chunk8,0.19541419744491578,0.1385975956916809,0.1691138982772827,0.13997360467910766,0.13114550113677978,0.1314455032348633,1.4866556301721099,1.4900564316049714,0.9977176693709524,0.0
bf16,256,64,128,32,contiguous,1,1,graph_lds_chunked(chunk=8),chunk8,0.19430619478225708,0.13806550502777098,0.16893800497055053,0.14050159454345704,0.13149349689483641,0.1307374954223633,1.486231583024651,1.477686724976642,1.0057825910618126,0.0
bf16,256,64,128,32,contiguous,2,1,graph_lds_chunked(chunk=8),chunk8,0.19321420192718505,0.13870160579681395,0.17016990184783937,0.14055360555648805,0.13227349519729614,0.13115750551223754,1.4731463607254818,1.460717444859162,1.0085087748558506,0.0
bf16,256,64,128,32,page-cross,0,1,graph_lds_chunked(chunk=8),chunk8,0.1923781991004944,0.13952560424804689,0.1697739005088806,0.1406615972518921,0.13306959867477416,0.13122949600219727,1.465967674655043,1.445696094497678,1.0140220204194497,0.0
bf16,256,64,128,32,page-cross,1,1,graph_lds_chunked(chunk=8),chunk8,0.1968703031539917,0.14028160572052,0.1706218957901001,0.14178969860076904,0.1339614987373352,0.13206950426101685,1.490656789056353,1.46960361752898,1.0143257483012815,0.0
bf16,256,64,128,32,page-cross,2,1,graph_lds_chunked(chunk=8),chunk8,0.1950222969055176,0.13958569765090942,0.16918200254440308,0.13977359533309935,0.13134950399398804,0.1313135027885437,1.4851655980844956,1.4847585333435587,1.0002741622504907,0.0
bf16,256,64,128,32,tail-negative,0,1,graph_lds_chunked(chunk=8),chunk8,0.19526230096817015,0.13871359825134277,0.16702990531921386,0.13984960317611694,0.13124560117721557,0.13062549829483033,1.4948253098904956,1.4877626314082364,1.0047471809905415,0.0
bf16,256,64,128,32,tail-negative,1,1,graph_lds_chunked(chunk=8),chunk8,0.19207819700241088,0.13928159475326538,0.16874200105667114,0.1407696008682251,0.1326414942741394,0.13152960538864136,1.4603419240471498,1.4481003705026838,1.008453525593821,0.0
bf16,256,64,128,32,tail-negative,2,1,graph_lds_chunked(chunk=8),chunk8,0.19582229852676392,0.14023760557174683,0.1702180027961731,0.14177759885787963,0.13354949951171874,0.13274550437927246,1.4751708499842846,1.4662900216228878,1.0060566656189662,0.0
bf16,256,128,32,8,random,0,1,graph_lds_chunked(chunk=8),chunk8,0.033260399103164674,0.0274603009223938,0.02933639883995056,0.028588300943374632,0.02708829939365387,0.027440300583839415,1.2121003923241616,1.2278511330599358,0.9871721088072609,0.0
bf16,256,128,32,8,random,1,1,graph_lds_chunked(chunk=8),chunk8,0.0327564001083374,0.02710829973220825,0.02894830107688904,0.02727630138397217,0.026752299070358275,0.027084299921989442,1.2094239172762535,1.2244330860008854,0.987741944499676,0.0
bf16,256,128,32,8,random,2,1,graph_lds_chunked(chunk=8),chunk8,0.03220430016517639,0.02663230001926422,0.028336301445961,0.026940301060676575,0.02648029923439026,0.0266882985830307,1.2066823992164473,1.2161607344433747,0.9922063466131673,0.0
bf16,256,128,32,8,contiguous,0,1,graph_lds_chunked(chunk=8),chunk8,0.03172839879989624,0.02644430100917816,0.028216400742530824,0.02894830107688904,0.026436299085617065,0.026416298747062684,1.2010917617073142,1.200183077712205,1.000757121152584,0.0
bf16,256,128,32,8,contiguous,1,1,graph_lds_chunked(chunk=8),lds,0.03179639875888825,0.026544299721717835,0.02824839949607849,0.027712300419807434,0.027488398551940917,0.026432299613952638,1.2029372859448104,1.1978616536217486,1.0042372441823442,0.0
bf16,256,128,32,8,contiguous,2,1,graph_lds_chunked(chunk=8),chunk8,0.03315640091896057,0.02656030058860779,0.028300300240516663,0.026832300424575805,0.026468300819396974,0.026400300860404968,1.2559099645977279,1.2526833945706972,1.0025757266688575,0.0
bf16,256,128,32,8,page-cross,0,1,graph_lds_chunked(chunk=8),lds,0.03323639929294586,0.02661629915237427,0.028348299860954284,0.026784300804138184,0.02676030099391937,0.026520299911499023,1.2532437191079722,1.24872353976308,1.003619839941313,0.0
bf16,256,128,32,8,page-cross,1,1,graph_lds_chunked(chunk=8),lds,0.03295640051364899,0.026568299531936644,0.028480300307273866,0.028580299019813536,0.026656299829483032,0.026600301265716553,1.2389483932696812,1.2404407167283504,0.9987969409270882,0.0
bf16,256,128,32,8,page-cross,2,1,graph_lds_chunked(chunk=8),chunk8,0.03308430016040802,0.02658829987049103,0.02828429937362671,0.027808299660682677,0.026456299424171447,0.02650429904460907,1.2482616538820448,1.250526372943186,0.9981889873655276,0.0
bf16,256,128,32,8,tail-negative,0,1,graph_lds_chunked(chunk=8),chunk8,0.03179239928722381,0.026436299085617065,0.028528401255607606,0.027400299906730652,0.02631630003452301,0.026432299613952638,1.202785975929305,1.2080877344275975,0.9956114458021504,0.0
bf16,256,128,32,8,tail-negative,1,1,graph_lds_chunked(chunk=8),chunk8,0.031744301319122314,0.02642030119895935,0.02828429937362671,0.02679629921913147,0.026368299126625062,0.026336300373077392,1.2053439879343615,1.2038812654043696,1.001215005642189,0.0
bf16,256,128,32,8,tail-negative,2,1,graph_lds_chunked(chunk=8),lds,0.03176839947700501,0.02648029923439026,0.028264299035072327,0.026840400695800782,0.026572299003601075,0.02634429931640625,1.2058927472487693,1.1996994141118704,1.0051624040689255,0.0
bf16,256,128,32,16,random,0,1,graph_lds_chunked(chunk=8),chunk4,0.0553367018699646,0.04388450086116791,0.04921259880065918,0.04144040048122406,0.042200499773025514,0.042812401056289674,1.292539089251453,1.3353322175309748,0.9679531971761708,0.0
bf16,256,128,32,16,random,1,1,graph_lds_chunked(chunk=8),chunk4,0.05460469722747803,0.043944498896598815,0.05232859849929809,0.042060500383377074,0.042572501301765445,0.0425603985786438,1.2829930886708822,1.298241740582302,0.9882543817266418,0.0
bf16,256,128,32,16,random,2,1,graph_lds_chunked(chunk=8),chunk4,0.0561007022857666,0.04486860036849975,0.0514644980430603,0.04192450046539307,0.04309250116348266,0.04339649975299835,1.29274717097179,1.338136451549981,0.9660802300650163,0.0
bf16,256,128,32,16,contiguous,0,1,graph_lds_chunked(chunk=8),chunk4,0.0567126989364624,0.04419249892234802,0.04943250119686127,0.04219650030136109,0.04270850121974945,0.04303649961948395,1.3177814050375698,1.3440142791802352,0.9804816998234083,0.0
bf16,256,128,32,16,contiguous,1,1,graph_lds_chunked(chunk=8),chunk4,0.054848700761795044,0.04391250014305115,0.051812601089477536,0.04159649908542633,0.042776501178741454,0.042552399635314944,1.2889684537620105,1.3185893516940643,0.9775359190531925,0.0
bf16,256,128,32,16,contiguous,2,1,graph_lds_chunked(chunk=8),chunk8,0.05761269927024841,0.04474849998950958,0.0495606005191803,0.042568498849868776,0.04248450100421906,0.043344500660896304,1.329181289247711,1.356087465038768,0.9801589672607971,0.0
bf16,256,128,32,16,page-cross,0,1,graph_lds_chunked(chunk=8),chunk4,0.057976698875427245,0.043760499358177184,0.05022850036621094,0.04180450141429901,0.04231249988079071,0.0426925003528595,1.3580066380802647,1.3868530161586048,0.9792001187276207,0.0
bf16,256,128,32,16,page-cross,1,1,graph_lds_chunked(chunk=8),chunk4,0.057344698905944826,0.043584498763084414,0.04855250120162964,0.04234049916267395,0.043400499224662784,0.042068499326705935,1.3631268009016249,1.3543699304447054,1.0064656415208835,0.0
bf16,256,128,32,16,page-cross,2,1,graph_lds_chunked(chunk=8),chunk8,0.05604869723320007,0.044820600748062135,0.05044059753417969,0.0434924989938736,0.04347650110721588,0.04343650043010712,1.290359413815738,1.2891722150082945,1.000920900088927,0.0
bf16,256,128,32,16,tail-negative,0,1,graph_lds_chunked(chunk=8),chunk4,0.055384600162506105,0.04364050030708313,0.054536598920822146,0.04229240119457245,0.04237650036811828,0.04264050126075745,1.2988731024481928,1.3095638601294133,0.9918363983561947,0.0
bf16,256,128,32,16,tail-negative,1,1,graph_lds_chunked(chunk=8),chunk4,0.05470860004425049,0.04334850013256073,0.052412599325180054,0.04196450114250183,0.04340449869632721,0.04213649928569794,1.2983660477656196,1.3036876063049723,0.9959180723099489,0.0
bf16,256,128,32,16,tail-negative,2,1,graph_lds_chunked(chunk=8),chunk4,0.055244600772857665,0.04365249872207642,0.050396502017974854,0.041212499141693115,0.04278050065040588,0.042328500747680665,1.30513955838336,1.3404816966551976,0.9736347475985504,0.0
bf16,256,128,32,32,random,0,1,graph_lds_chunked(chunk=8),chunk8,0.10778919458389283,0.07902889847755432,0.09013310074806213,0.07905290126800538,0.06994079947471618,0.06854079961776734,1.5726282037122807,1.541149020220436,1.0204257882130972,0.0
bf16,256,128,32,32,random,1,1,graph_lds_chunked(chunk=8),chunk8,0.10988130569458007,0.08016890287399292,0.09113709926605225,0.07839289903640748,0.06942880153656006,0.07071689963340759,1.553819614041319,1.5826473057686066,0.9817851446609657,0.0
bf16,256,128,32,32,random,2,1,graph_lds_chunked(chunk=8),chunk8,0.10650919675827027,0.08020489811897277,0.08874499797821045,0.07776489853858948,0.06920080184936524,0.06963279843330383,1.5295837472378429,1.5391324076000898,0.9937960760782525,0.0
bf16,256,128,32,32,contiguous,0,1,graph_lds_chunked(chunk=8),chunk8,0.10740120410919189,0.0801048994064331,0.08866099715232849,0.07552080154418946,0.06761670112609863,0.07060880064964295,1.5210739046837922,1.5883827859170325,0.9576242692693372,0.0
bf16,256,128,32,32,contiguous,1,1,graph_lds_chunked(chunk=8),chunk8,0.10634119510650634,0.07874490022659301,0.08946110010147094,0.0771848976612091,0.07054479718208313,0.06904079914093017,1.5402659938717742,1.507427894817376,1.0217841922438196,0.0
bf16,256,128,32,32,contiguous,2,1,graph_lds_chunked(chunk=8),chunk8,0.10613319873809815,0.07791690230369568,0.08678100109100342,0.07743290066719055,0.07089279890060425,0.067296701669693,1.5770936183324886,1.4970942096235043,1.0534364558988596,0.0
bf16,256,128,32,32,page-cross,0,1,graph_lds_chunked(chunk=8),chunk8,0.10850119590759277,0.07804890275001526,0.08800899982452393,0.07475280165672302,0.06758869886398315,0.06932880282402039,1.5650233595264147,1.6053156479005868,0.9749007066449106,0.0
bf16,256,128,32,32,page-cross,1,1,graph_lds_chunked(chunk=8),chunk8,0.10369310379028321,0.07936490178108216,0.08834099769592285,0.07532489895820618,0.0680728018283844,0.06793280243873596,1.5264069796590103,1.5232677516594617,1.0020608510855222,0.0
bf16,256,128,32,32,page-cross,2,1,graph_lds_chunked(chunk=8),chunk8,0.10600119829177856,0.07840890288352967,0.09085699915885925,0.07617689967155457,0.06797279715538025,0.06910079717636108,1.534008327302494,1.559465002587263,0.9836760201463101,0.0
bf16,256,128,32,32,tail-negative,0,1,graph_lds_chunked(chunk=8),chunk8,0.10501719713211059,0.07832490205764771,0.0890089988708496,0.07749289870262147,0.06896880269050598,0.06921280026435853,1.5173088898440326,1.52267681959581,0.9964746755958349,0.0
bf16,256,128,32,32,tail-negative,1,1,graph_lds_chunked(chunk=8),chunk8,0.10677720308303833,0.07777690291404724,0.08764100074768066,0.07683290243148803,0.06901280283927917,0.06912879943847657,1.544612432884332,1.5472086147798834,0.9983220220785025,0.0
bf16,256,128,32,32,tail-negative,2,1,graph_lds_chunked(chunk=8),chunk8,0.10640519857406616,0.07794089913368225,0.08708099722862243,0.07452089786529541,0.06725680232048034,0.06772480010986329,1.5711408287873196,1.582073409720592,0.9930897132420655,0.0
bf16,256,128,64,8,random,0,1,graph_lds_chunked(chunk=8),chunk8,0.05456060171127319,0.04249249994754791,0.050040602684020996,0.04280450046062469,0.0417044997215271,0.04198049902915955,1.2996653916232759,1.3082665437923957,0.9934255353315181,0.0
bf16,256,128,64,8,random,1,1,graph_lds_chunked(chunk=8),chunk8,0.05740460157394409,0.04194839894771576,0.04950860142707825,0.04259650111198425,0.04191649854183197,0.04205250144004822,1.365069843842285,1.3694989698782987,0.9967658785194945,0.0
bf16,256,128,64,8,random,2,1,graph_lds_chunked(chunk=8),lds,0.054344600439071654,0.04159240126609802,0.04941259920597076,0.042572501301765445,0.041624400019645694,0.04164850115776062,1.304839284209038,1.3065992533440947,0.9986530153522187,0.0
bf16,256,128,64,8,contiguous,0,1,graph_lds_chunked(chunk=8),chunk8,0.056124597787857056,0.041852399706840515,0.04934059977531433,0.0426485002040863,0.04174849987030029,0.04175649881362915,1.3440925217019923,1.3443500475997667,0.9998084383615455,0.0
bf16,256,128,64,8,contiguous,1,1,graph_lds_chunked(chunk=8),chunk8,0.05672460198402405,0.04232450127601624,0.049416500329971316,0.04273250102996826,0.04178450107574463,0.04212450087070465,1.3465940441201285,1.35755125761097,0.9919286926151694,0.0
bf16,256,128,64,8,contiguous,2,1,graph_lds_chunked(chunk=8),lds,0.054584598541259764,0.04169250130653381,0.049648499488830565,0.04243249893188476,0.04191649854183197,0.04184849858283997,1.304338277111864,1.3092186084001052,0.9962723327816084,0.0
bf16,256,128,64,8,page-cross,0,1,graph_lds_chunked(chunk=8),chunk8,0.05796859860420227,0.04200850129127502,0.04957259893417358,0.04275250136852264,0.041748398542404176,0.04181250035762787,1.386393975686437,1.3885226889678919,0.9984669222200199,0.0
bf16,256,128,64,8,page-cross,1,1,graph_lds_chunked(chunk=8),lds,0.05366460084915161,0.04203650057315826,0.049492600560188296,0.042928498983383176,0.04220040142536163,0.041824498772621156,1.2830901128283487,1.276619131408343,1.0050688425864862,0.0
bf16,256,128,64,8,page-cross,2,1,graph_lds_chunked(chunk=8),chunk8,0.05599669814109802,0.04280849993228912,0.05003659725189209,0.04308449923992157,0.0419964998960495,0.04254849851131439,1.3160675488045135,1.3333658347648512,0.9870266017702574,0.0
bf16,256,128,64,8,tail-negative,0,1,graph_lds_chunked(chunk=8),chunk8,0.05454859733581543,0.042112499475479126,0.0490325003862381,0.04269649982452393,0.041668400168418884,0.041984501481056216,1.2992555684013123,1.3091118717142072,0.9924709999765042,0.0
bf16,256,128,64,8,tail-negative,1,1,graph_lds_chunked(chunk=8),chunk8,0.05730069875717163,0.041816499829292295,0.049044498801231386,0.04276449978351593,0.04162839949131012,0.04154449999332428,1.37926076295007,1.3764809470787625,1.0020195091528197,0.0
bf16,256,128,64,8,tail-negative,2,1,graph_lds_chunked(chunk=8),chunk8,0.0550246000289917,0.042032501101493834,0.04914459884166718,0.042716500163078305,0.04164449870586395,0.04194850027561188,1.311717931927641,1.3212933698069391,0.9927529812090882,0.0
bf16,256,128,64,16,random,0,1,graph_lds_chunked(chunk=8),chunk8,0.10056920051574707,0.07160080075263978,0.08618900179862976,0.07506489753723145,0.07086089849472046,0.06963679790496827,1.444196222993934,1.4192481700361173,1.0175783583763098,0.0
bf16,256,128,64,16,random,1,1,graph_lds_chunked(chunk=8),chunk8,0.10065720081329346,0.07134079933166504,0.0866129994392395,0.07479289770126343,0.07082880139350892,0.0688808023929596,1.4613244520447366,1.4211337596137574,1.028280724568743,0.0
bf16,256,128,64,16,random,2,1,graph_lds_chunked(chunk=8),chunk8,0.10205320119857789,0.072188800573349,0.08702499866485595,0.07501279711723327,0.06967679858207702,0.06913679838180542,1.4761053966513296,1.4646654736635538,1.007810604669448,0.0
bf16,256,128,64,16,contiguous,0,1,graph_lds_chunked(chunk=8),chunk8,0.10202120542526245,0.07167680263519287,0.08663700222969055,0.07477689981460571,0.06968079805374146,0.06972079873085021,1.4632822239903556,1.4641222298656567,0.9994262733956452,0.0
bf16,256,128,64,16,contiguous,1,1,graph_lds_chunked(chunk=8),chunk8,0.10161319971084595,0.07172880172729493,0.08657699823379517,0.07592880129814147,0.07059680223464966,0.06909279823303223,1.470677151736289,1.4393456430661546,1.0217678837748736,0.0
bf16,256,128,64,16,contiguous,2,1,graph_lds_chunked(chunk=8),chunk8,0.10244109630584716,0.0717087984085083,0.08650100231170654,0.07473679780960082,0.0696287989616394,0.06884080171585083,1.4880869157899383,1.471246062455925,1.0114466599189407,0.0
bf16,256,128,64,16,page-cross,0,1,graph_lds_chunked(chunk=8),chunk8,0.10203319787979126,0.07182080149650574,0.08682500123977661,0.07532489895820618,0.07018479704856873,0.06963279843330383,1.4653037099682473,1.4537791967850682,1.0079272789214928,0.0
bf16,256,128,64,16,page-cross,1,1,graph_lds_chunked(chunk=8),chunk8,0.10438109636306762,0.07206090092658997,0.08861299753189086,0.07638490200042725,0.07121679782867432,0.06900879740715027,1.5125766610193427,1.4656808442044305,1.031995926671449,0.0
bf16,256,128,64,16,page-cross,2,1,graph_lds_chunked(chunk=8),chunk8,0.10258920192718506,0.07238079905509949,0.08718900084495544,0.07465289831161499,0.0690768003463745,0.06954479813575745,1.4751527745744848,1.4851469873064185,0.9932705565056157,0.0
bf16,256,128,64,16,tail-negative,0,1,graph_lds_chunked(chunk=8),chunk8,0.1003451943397522,0.07307680249214173,0.08616499900817871,0.07451679706573486,0.07063680291175842,0.06981679797172546,1.4372643440392407,1.4205795025166468,1.011745095218561,0.0
bf16,256,128,64,16,tail-negative,1,1,graph_lds_chunked(chunk=8),chunk8,0.10106519460678101,0.0719327986240387,0.08813700079917908,0.07536879777908326,0.0698527991771698,0.06890079975128174,1.4668217926585232,1.4468309902720757,1.013816957558179,0.0
bf16,256,128,64,16,tail-negative,2,1,graph_lds_chunked(chunk=8),chunk8,0.09936519861221313,0.07194889783859253,0.08726900219917297,0.07636489868164062,0.07096480131149292,0.06892480254173279,1.4416464748237645,1.4002039993892113,1.029597455408377,0.0
bf16,256,128,64,32,random,0,1,graph_lds_chunked(chunk=8),chunk8,0.1866821050643921,0.13410960435867308,0.16392979621887208,0.13851759433746338,0.13032150268554688,0.12668139934539796,1.4736346932464937,1.4324735459415157,1.0287343158424083,0.0
bf16,256,128,64,32,random,1,1,graph_lds_chunked(chunk=8),chunk8,0.19155819416046144,0.13486959934234619,0.16861799955368043,0.13856159448623656,0.12976950407028198,0.12790149450302124,1.497700983907866,1.4761418372741508,1.0146050644249245,0.0
bf16,256,128,64,32,random,2,1,graph_lds_chunked(chunk=8),chunk8,0.18986619710922242,0.13708159923553467,0.16514990329742432,0.13752559423446656,0.13001350164413453,0.13001749515533448,1.4603126824000532,1.4603575375495481,0.9999692848166689,0.0
bf16,256,128,64,32,contiguous,0,1,graph_lds_chunked(chunk=8),chunk8,0.19436219930648804,0.1396656036376953,0.17034200429916382,0.14069759845733643,0.1324815034866333,0.13142950534820558,1.478832312360534,1.4670893233491888,1.0080042767842774,0.0
bf16,256,128,64,32,contiguous,1,1,graph_lds_chunked(chunk=8),chunk8,0.19359019994735718,0.13982559442520143,0.1703060030937195,0.14042160511016846,0.1324494957923889,0.13199349641799926,1.4666646857682475,1.4616152276699093,1.0034547109271625,0.0
bf16,256,128,64,32,contiguous,2,1,graph_lds_chunked(chunk=8),chunk8,0.1953861951828003,0.13984960317611694,0.17035800218582153,0.1403256058692932,0.13172949552536012,0.13184549808502197,1.481933005075406,1.4832380128957923,0.9991201629077464,0.0
bf16,256,128,64,32,page-cross,0,1,graph_lds_chunked(chunk=8),chunk8,0.19385030269622802,0.13925360441207885,0.17034599781036378,0.1397495985031128,0.13179349899291992,0.13145350217819213,1.4746682247647822,1.470863921039397,1.0025864416625958,0.0
bf16,256,128,64,32,page-cross,1,1,graph_lds_chunked(chunk=8),chunk8,0.19471030235290526,0.13950560092926026,0.17090200185775756,0.14134160280227662,0.1338736057281494,0.13134160041809081,1.4824724362509454,1.454433839246057,1.019278014749315,0.0
bf16,256,128,64,32,page-cross,2,1,graph_lds_chunked(chunk=8),chunk8,0.1948382019996643,0.14005759954452515,0.17097389698028564,0.14144569635391235,0.13336559534072875,0.13210560083389283,1.4748670818631702,1.460933020258204,1.009537782644206,0.0
bf16,256,128,64,32,tail-negative,0,1,graph_lds_chunked(chunk=8),chunk8,0.19262620210647582,0.14103759527206422,0.16844600439071655,0.14039360284805297,0.1327375054359436,0.13203350305557252,1.458919120137258,1.4511814236213239,1.0053319980465472,0.0
bf16,256,128,64,32,tail-negative,1,1,graph_lds_chunked(chunk=8),chunk8,0.19344619512557984,0.13948160409927368,0.16740989685058594,0.13967759609222413,0.13200559616088867,0.13208550214767456,1.4645528235892433,1.4654393506909151,0.9993950434719432,0.0
bf16,256,128,64,32,tail-negative,2,1,graph_lds_chunked(chunk=8),chunk8,0.19553420543670655,0.13827760219573976,0.16690590381622314,0.13853360414505006,0.13115750551223754,0.13047349452972412,1.4986507883573277,1.4908350435077649,1.0052425282619957,0.0
bf16,256,128,128,8,random,0,1,graph_lds_chunked(chunk=8),global,0.10117709636688232,0.11094130277633667,0.15392179489135743,0.12318140268325806,0.10752530097961426,0.11109329462051391,0.9107399030022059,1.0,0.9107399030022059,0.0
bf16,256,128,128,8,random,1,1,graph_lds_chunked(chunk=8),global,0.09814119935035706,0.10717320442199707,0.14955370426177977,0.1210934042930603,0.10692919492721557,0.1069491982460022,0.9176431517010051,1.0,0.9176431517010051,0.0
bf16,256,128,128,8,random,2,1,graph_lds_chunked(chunk=8),global,0.09838510155677796,0.10732530355453491,0.14945770502090455,0.1212533950805664,0.10695719718933105,0.10697319507598876,0.9197173318688834,1.0,0.9197173318688834,0.0
bf16,256,128,128,8,contiguous,0,1,graph_lds_chunked(chunk=8),global,0.0985571026802063,0.10774120092391967,0.15112179517745972,0.12136529684066773,0.10740120410919189,0.10776920318603515,0.9145201019077167,1.0,0.9145201019077167,0.0
bf16,256,128,128,8,contiguous,1,1,graph_lds_chunked(chunk=8),global,0.09854519963264466,0.10796920061111451,0.15101770162582398,0.12169339656829833,0.1073572039604187,0.10753320455551148,0.916416469126734,1.0,0.916416469126734,0.0
bf16,256,128,128,8,contiguous,2,1,graph_lds_chunked(chunk=8),global,0.09913709759712219,0.10766129493713379,0.1507457971572876,0.12126940488815308,0.10734119415283203,0.10747720003128051,0.9224011936324077,1.0,0.9224011936324077,0.0
bf16,256,128,128,8,page-cross,0,1,graph_lds_chunked(chunk=8),global,0.09920910000801086,0.10747330188751221,0.15088169574737548,0.12171339988708496,0.10724519491195679,0.10680520534515381,0.9288788845768778,1.0,0.9288788845768778,0.0
bf16,256,128,128,8,page-cross,1,1,graph_lds_chunked(chunk=8),global,0.09857310056686401,0.1074692964553833,0.15133769512176515,0.12188140153884888,0.10721720457077026,0.10690920352935791,0.9220263299388929,1.0,0.9220263299388929,0.0
bf16,256,128,128,8,page-cross,2,1,graph_lds_chunked(chunk=8),global,0.09940509796142578,0.10741720199584961,0.15113769769668578,0.12153340578079223,0.10712920427322388,0.10693730115890503,0.9295643043554405,1.0,0.9295643043554405,0.0
bf16,256,128,128,8,tail-negative,0,1,graph_lds_chunked(chunk=8),global,0.09826110005378723,0.10734930038452148,0.14968169927597047,0.12124539613723755,0.10678919553756713,0.1061851978302002,0.9253747420701299,1.0,0.9253747420701299,0.0
bf16,256,128,128,8,tail-negative,1,1,graph_lds_chunked(chunk=8),global,0.09803320169448852,0.10742520093917847,0.15021380186080932,0.12214540243148804,0.1068452000617981,0.10680919885635376,0.9178348189497427,1.0,0.9178348189497427,0.0
bf16,256,128,128,8,tail-negative,2,1,graph_lds_chunked(chunk=8),global,0.09854509830474853,0.10708129405975342,0.148997700214386,0.12254539728164673,0.10748929977416992,0.10698519945144654,0.9211096376884504,1.0,0.9211096376884504,0.0
bf16,256,128,128,16,random,0,1,graph_lds_chunked(chunk=8),global,0.18278210163116454,0.1929901957511902,0.28106720447540284,0.22694671154022217,0.20019829273223877,0.20742640495300294,0.8811901342675147,1.0,0.8811901342675147,0.0
bf16,256,128,128,16,random,1,1,graph_lds_chunked(chunk=8),global,0.18358609676361085,0.19393019676208495,0.2794032096862793,0.2278346061706543,0.1996822953224182,0.2013063907623291,0.9119735149410155,1.0,0.9119735149410155,0.0
bf16,256,128,128,16,random,2,1,graph_lds_chunked(chunk=8),global,0.1834740996360779,0.19034620523452758,0.2756272077560425,0.22737460136413573,0.19985829591751098,0.2037584066390991,0.9004492264265239,1.0,0.9004492264265239,0.0
bf16,256,128,128,16,contiguous,0,1,graph_lds_chunked(chunk=8),global,0.18454610109329223,0.191798198223114,0.279423189163208,0.22920260429382325,0.19985430240631102,0.20109429359436035,0.9177092884870791,1.0,0.9177092884870791,0.0
bf16,256,128,128,16,contiguous,1,1,graph_lds_chunked(chunk=8),global,0.18240209817886352,0.1915142059326172,0.2811311960220337,0.22891459465026856,0.20025029182434081,0.20517029762268066,0.8890277993080212,1.0,0.8890277993080212,0.0
bf16,256,128,128,16,contiguous,2,1,graph_lds_chunked(chunk=8),global,0.18465410470962523,0.19094619750976563,0.2845912933349609,0.22861459255218505,0.20009829998016357,0.2022144079208374,0.913159980083681,1.0,0.913159980083681,0.0
bf16,256,128,128,16,page-cross,0,1,graph_lds_chunked(chunk=8),global,0.18369410037994385,0.1949862003326416,0.28050320148468016,0.22879459857940673,0.20341029167175292,0.20537428855895995,0.8944357235214864,1.0,0.8944357235214864,0.0
bf16,256,128,128,16,page-cross,1,1,graph_lds_chunked(chunk=8),global,0.18249410390853882,0.1950502038002014,0.2824032068252563,0.23011860847473145,0.20035030841827392,0.20653040409088136,0.8836185873545009,1.0,0.8836185873545009,0.0
bf16,256,128,128,16,page-cross,2,1,graph_lds_chunked(chunk=8),global,0.18503810167312623,0.19211820363998414,0.27956318855285645,0.22913060188293458,0.20192830562591552,0.20666239261627198,0.8953641701840864,1.0,0.8953641701840864,0.0
bf16,256,128,128,16,tail-negative,0,1,graph_lds_chunked(chunk=8),global,0.18054599761962892,0.19263819456100464,0.27771921157836915,0.22718660831451415,0.19983429908752443,0.2051464080810547,0.8800836403057762,1.0,0.8800836403057762,0.0
bf16,256,128,128,16,tail-negative,1,1,graph_lds_chunked(chunk=8),global,0.18226610422134398,0.189614200592041,0.27641520500183103,0.2274266004562378,0.1994583010673523,0.20515038967132568,0.8884511723977472,1.0,0.8884511723977472,0.0
bf16,256,128,128,16,tail-negative,2,1,graph_lds_chunked(chunk=8),global,0.18120210170745848,0.19189419746398925,0.27650721073150636,0.22722260951995848,0.19955029487609863,0.20483839511871338,0.8846100439443662,1.0,0.8846100439443662,0.0
bf16,256,128,128,32,random,0,1,graph_lds_chunked(chunk=8),lds,0.3552800893783569,0.3538399934768677,0.5301381111145019,0.42578887939453125,0.38330841064453125,0.4075605869293213,0.8717233726036645,1.0040699070993606,0.8681899202835092,0.0
bf16,256,128,128,32,random,1,1,graph_lds_chunked(chunk=8),global,0.3518759965896606,0.35299201011657716,0.5282701015472412,0.4244089126586914,0.3827924013137817,0.3967645883560181,0.8868634119986565,1.0,0.8868634119986565,0.0
bf16,256,128,128,32,random,2,1,graph_lds_chunked(chunk=8),global,0.35267999172210696,0.35298800468444824,0.5282660961151123,0.4259809017181396,0.3824604034423828,0.39786860942840574,0.8864232647777401,1.0,0.8864232647777401,0.0
bf16,256,128,128,32,contiguous,0,1,graph_lds_chunked(chunk=8),lds,0.35537209510803225,0.3540880918502808,0.5327422142028808,0.4268168926239014,0.3832803964614868,0.4013805866241455,0.8853743976432129,1.0036262254713,0.88217543062652,0.0
bf16,256,128,128,32,contiguous,1,1,graph_lds_chunked(chunk=8),lds,0.35609209537506104,0.3539441108703613,0.5354341983795166,0.4270289897918701,0.3854564905166626,0.39906859397888184,0.8923079910264874,1.006068710959529,0.8869254965453172,0.0
bf16,256,128,128,32,contiguous,2,1,graph_lds_chunked(chunk=8),lds,0.35310800075531007,0.35305209159851075,0.5327540874481201,0.42698087692260744,0.388512396812439,0.41033267974853516,0.8605407713850767,1.0001583595116126,0.8604045181457939,0.0
bf16,256,128,128,32,page-cross,0,1,graph_lds_chunked(chunk=8),lds,0.3558640956878662,0.35244810581207275,0.5335981845855713,0.43417701721191404,0.3835724115371704,0.42438488006591796,0.8385409386700848,1.0096921782794739,0.8304916653895126,0.0
bf16,256,128,128,32,page-cross,1,1,graph_lds_chunked(chunk=8),lds,0.3551521062850952,0.3530359983444214,0.5332860946655273,0.4284809112548828,0.3851644039154053,0.4005886077880859,0.8865756523784447,1.0059940287976223,0.8812931558232925,0.0
bf16,256,128,128,32,page-cross,2,1,graph_lds_chunked(chunk=8),lds,0.3548680067062378,0.35335209369659426,0.5346662044525147,0.4272328853607178,0.38354039192199707,0.3988925933837891,0.889632980386794,1.0042900920545985,0.8858326766589556,0.0
bf16,256,128,128,32,tail-negative,0,1,graph_lds_chunked(chunk=8),global,0.3507359981536865,0.3537800073623657,0.5270901203155518,0.42374491691589355,0.3818763971328735,0.3979165077209473,0.8814311327833935,1.0,0.8814311327833935,0.0
bf16,256,128,128,32,tail-negative,1,1,graph_lds_chunked(chunk=8),global,0.3492919921875,0.3571521997451782,0.5266740798950196,0.4238248825073242,0.38207240104675294,0.39628450870513915,0.8814172255403389,1.0,0.8814172255403389,0.0
bf16,256,128,128,32,tail-negative,2,1,graph_lds_chunked(chunk=8),global,0.35213210582733157,0.3528681039810181,0.5287621021270752,0.4236968994140625,0.38175239562988283,0.40502071380615234,0.8694175231636823,1.0,0.8694175231636823,0.0
bf16,256,256,32,8,random,0,1,graph_lds_chunked(chunk=8),lds,0.05271660089492798,0.04157649874687195,0.04845649898052216,0.042140498757362366,0.041580399870872496,0.042060500383377074,1.2533517293998326,1.267942286720191,0.9884927275687759,0.0
bf16,256,256,32,8,random,1,1,graph_lds_chunked(chunk=8),chunk8,0.054556602239608766,0.04162049889564514,0.04828859865665436,0.042372500896453856,0.04141649901866913,0.04146049916744232,1.3158694018438257,1.3172673579921985,0.9989387453200819,0.0
bf16,256,256,32,8,random,2,1,graph_lds_chunked(chunk=8),chunk8,0.05448060035705567,0.04199250042438507,0.04836849868297577,0.04243249893188476,0.04140439927577973,0.04179250001907349,1.3035975433915539,1.3158167081275614,0.9907136270116256,0.0
bf16,256,256,32,8,contiguous,0,1,graph_lds_chunked(chunk=8),chunk8,0.052456599473953244,0.04177640080451965,0.048248499631881714,0.04258449971675873,0.04165250062942505,0.04172849953174591,1.2570928756747097,1.2593865597806566,0.9981787290898623,0.0
bf16,256,256,32,8,contiguous,1,1,graph_lds_chunked(chunk=8),chunk8,0.05411660075187683,0.04182049930095673,0.048192599415779115,0.042612498998641966,0.041716501116752625,0.04196850061416626,1.2894575684128693,1.2972468760124407,0.99399550868566,0.0
bf16,256,256,32,8,contiguous,2,1,graph_lds_chunked(chunk=8),lds,0.05259259939193726,0.04176850020885468,0.04870460033416748,0.04300050139427185,0.04202449917793274,0.0415924996137619,1.2644731593514449,1.2591450286450059,1.0042315464741758,0.0
bf16,256,256,32,8,page-cross,0,1,graph_lds_chunked(chunk=8),chunk8,0.055292701721191405,0.04166449904441834,0.048116499185562135,0.04226450026035309,0.04154039919376373,0.04161649942398071,1.3286245236025316,1.3310585067630318,0.998171392806452,0.0
bf16,256,256,32,8,page-cross,1,1,graph_lds_chunked(chunk=8),chunk8,0.055744600296020505,0.04188050031661987,0.04816060066223145,0.04236049950122833,0.041660499572753903,0.04186049997806549,1.3316754535953979,1.3380684549562543,0.9952222165187614,0.0
bf16,256,256,32,8,page-cross,2,1,graph_lds_chunked(chunk=8),chunk8,0.052312600612640384,0.041900500655174255,0.04818449914455414,0.04248450100421906,0.041668498516082765,0.04167239964008331,1.2553296921812636,1.255447219737215,0.9999063859044778,0.0
bf16,256,256,32,8,tail-negative,0,1,graph_lds_chunked(chunk=8),chunk8,0.05380859971046448,0.042012500762939456,0.04860050082206726,0.04248049855232239,0.04142839908599853,0.041824498772621156,1.2865330437788358,1.2988336720124447,0.9905294815659115,0.0
bf16,256,256,32,8,tail-negative,1,1,graph_lds_chunked(chunk=8),chunk8,0.055896598100662234,0.04175249934196472,0.04831660091876984,0.042348501086235044,0.04152440130710602,0.04173249900341034,1.3394021310848032,1.3461144854867955,0.9950135337860472,0.0
bf16,256,256,32,8,tail-negative,2,1,graph_lds_chunked(chunk=8),chunk8,0.0544966995716095,0.04213249981403351,0.04834449887275696,0.04220849871635437,0.041716501116752625,0.042200499773025514,1.291375691395098,1.3063583501187872,0.9885309733563331,0.0
bf16,256,256,32,16,random,0,1,graph_lds_chunked(chunk=8),chunk8,0.09742519855499268,0.07157679796218872,0.0864329993724823,0.07465680241584778,0.0703768014907837,0.06849679946899415,1.4223321280740029,1.3843368338890927,1.0274465673778022,0.0
bf16,256,256,32,16,random,1,1,graph_lds_chunked(chunk=8),chunk8,0.10024509429931641,0.07120879888534545,0.08460500240325927,0.07324079871177673,0.06972489953041076,0.06836479902267456,1.4663261756400119,1.4377230368843221,1.0198947488646182,0.0
bf16,256,256,32,16,random,2,1,graph_lds_chunked(chunk=8),chunk8,0.10072519779205322,0.07370479702949524,0.08735700249671936,0.07474079728126526,0.07005680203437806,0.07095280289649963,1.419608439415469,1.4377647118780224,0.9873718750275645,0.0
bf16,256,256,32,16,contiguous,0,1,graph_lds_chunked(chunk=8),chunk8,0.10021710395812988,0.07132890224456787,0.08522899746894837,0.07427679896354675,0.07053279876708984,0.06985679864883423,1.434607738924811,1.4208581781798024,1.0096769409897213,0.0
bf16,256,256,32,16,contiguous,1,1,graph_lds_chunked(chunk=8),chunk8,0.0994372010231018,0.07166489958763123,0.08418089747428895,0.07382879853248596,0.06873679757118226,0.06908079981803894,1.4394332619920818,1.4466370930377852,0.9950202914881878,0.0
bf16,256,256,32,16,contiguous,2,1,graph_lds_chunked(chunk=8),chunk8,0.09750109910964966,0.07189279794692993,0.08555700182914734,0.07552090287208557,0.07157679796218872,0.06832079887390137,1.4271071286740356,1.3621886125886178,1.0476575090156204,0.0
bf16,256,256,32,16,page-cross,0,1,graph_lds_chunked(chunk=8),chunk8,0.10337719917297364,0.07150880098342896,0.08442500233650208,0.07306479811668395,0.06988080143928528,0.0700007975101471,1.4768003058534926,1.479336198838405,0.9982857899462585,0.0
bf16,256,256,32,16,page-cross,1,1,graph_lds_chunked(chunk=8),chunk8,0.09794520139694214,0.07174490094184875,0.085104900598526,0.07389690279960633,0.06904079914093017,0.068476802110672,1.4303413474046787,1.4186568321292254,1.0082363225628825,0.0
bf16,256,256,32,16,page-cross,2,1,graph_lds_chunked(chunk=8),chunk8,0.09992510080337524,0.07146880030632019,0.08433300256729126,0.07348089814186096,0.07004079818725586,0.068196702003479,1.4652482872013024,1.4266699322332526,1.0270408411198944,0.0
bf16,256,256,32,16,tail-negative,0,1,graph_lds_chunked(chunk=8),chunk8,0.10006120204925537,0.07143279910087585,0.08430500030517578,0.07433279752731323,0.07013279795646668,0.07062079906463622,1.4168800604716125,1.4267390574003058,0.9930898387637487,0.0
bf16,256,256,32,16,tail-negative,1,1,graph_lds_chunked(chunk=8),chunk8,0.09787309765815735,0.07139279842376708,0.08492500185966492,0.07367680072784424,0.0692848026752472,0.0683568000793457,1.4317975321336043,1.4126199957140624,1.0135758636276757,0.0
bf16,256,256,32,16,tail-negative,2,1,graph_lds_chunked(chunk=8),chunk8,0.09917709827423096,0.07144479751586914,0.08551099896430969,0.07298480272293091,0.06980879902839661,0.06860479712486267,1.445629204233719,1.4206962396515088,1.0175498209162053,0.0
bf16,256,256,32,32,random,0,1,graph_lds_chunked(chunk=8),chunk8,0.18988620042800902,0.13431349992752076,0.16269789934158324,0.1378656029701233,0.13002949953079224,0.12790950536727905,1.4845354915787552,1.4603317025229505,1.0165741721651245,0.0
bf16,256,256,32,32,random,1,1,graph_lds_chunked(chunk=8),chunk8,0.19318230152130128,0.13538559675216674,0.16090179681777955,0.13326560258865355,0.12820550203323364,0.1287693977355957,1.5002190343234008,1.5068175581982766,0.9956208873204492,0.0
bf16,256,256,32,32,random,2,1,graph_lds_chunked(chunk=8),chunk8,0.18628209829330444,0.13792550563812256,0.16280189752578736,0.13602960109710693,0.12790549993515016,0.12763350009918212,1.459507873313412,1.4564041295155565,1.0021311006574032,0.0
bf16,256,256,32,32,contiguous,0,1,graph_lds_chunked(chunk=8),chunk8,0.18977420330047606,0.1378775954246521,0.16276190280914307,0.13585360050201417,0.13000149726867677,0.12822149991989135,1.4800497843110623,1.4597847508499522,1.0138822065714215,0.0
bf16,256,256,32,32,contiguous,1,1,graph_lds_chunked(chunk=8),chunk8,0.1900462031364441,0.1390015959739685,0.16434990167617797,0.13742159605026244,0.1317175030708313,0.12973350286483765,1.4648968765951151,1.4428318082696,1.0152928901338667,0.0
bf16,256,256,32,32,contiguous,2,1,graph_lds_chunked(chunk=8),chunk8,0.19485419988632202,0.14071760177612305,0.1657899022102356,0.13866560459136962,0.13134150505065917,0.13100550174713135,1.4873741735093868,1.4835691110069558,1.0025648029971777,0.0
bf16,256,256,32,32,page-cross,0,1,graph_lds_chunked(chunk=8),chunk8,0.19848229885101318,0.13783760070800782,0.16501790285110474,0.1366376042366028,0.12933349609375,0.12902940511703492,1.5382718278130605,1.5346550185818781,1.0023567571782515,0.0
bf16,256,256,32,32,page-cross,1,1,graph_lds_chunked(chunk=8),chunk8,0.18963420391082764,0.13714560270309448,0.1654499053955078,0.1361016035079956,0.1298295021057129,0.12736140489578246,1.488945603780061,1.4606403077508463,1.0193786902079953,0.0
bf16,256,256,32,32,page-cross,2,1,graph_lds_chunked(chunk=8),chunk8,0.19759830236434936,0.13810549974441527,0.1660019040107727,0.13663749694824218,0.1292495012283325,0.12933750152587892,1.5277726879919067,1.528812881182974,0.999319607256146,0.0
bf16,256,256,32,32,tail-negative,0,1,graph_lds_chunked(chunk=8),chunk8,0.19365819692611694,0.14024560451507567,0.16648989915847778,0.13856159448623656,0.1313694953918457,0.1317775011062622,1.4695846809991913,1.474148898482696,0.996903828718929,0.0
bf16,256,256,32,32,tail-negative,1,1,graph_lds_chunked(chunk=8),chunk8,0.19630630016326905,0.14050159454345704,0.1669538974761963,0.13864959478378297,0.13221750259399415,0.13106950521469116,1.497726720198725,1.4847224937085302,1.0087586916378648,0.0
bf16,256,256,32,32,tail-negative,2,1,graph_lds_chunked(chunk=8),chunk8,0.19460220336914064,0.14053759574890137,0.16728589534759522,0.1385815978050232,0.13191349506378175,0.13272160291671753,1.4662436189175099,1.4752258915969754,0.993911256079066,0.0
bf16,256,256,64,8,random,0,1,graph_lds_chunked(chunk=8),global,0.10196520090103149,0.11075320243835449,0.1531777024269104,0.1228253960609436,0.10765320062637329,0.11084929704666138,0.9198542852112974,1.0,0.9198542852112974,0.0
bf16,256,256,64,8,random,1,1,graph_lds_chunked(chunk=8),global,0.09726510047912598,0.10672919750213623,0.14811379909515382,0.12034139633178711,0.10657329559326172,0.10646530389785766,0.9135849607158562,1.0,0.9135849607158562,0.0
bf16,256,256,64,8,random,2,1,graph_lds_chunked(chunk=8),global,0.09745320081710815,0.1066053032875061,0.14860570430755615,0.12027339935302735,0.10646920204162598,0.10582920312881469,0.9208535823376528,1.0,0.9208535823376528,0.0
bf16,256,256,64,8,contiguous,0,1,graph_lds_chunked(chunk=8),global,0.09800509810447693,0.10671319961547851,0.1476776957511902,0.11951329708099365,0.10637320280075073,0.10635319948196412,0.9215058745938066,1.0,0.9215058745938066,0.0
bf16,256,256,64,8,contiguous,1,1,graph_lds_chunked(chunk=8),global,0.09780110120773315,0.10763720273971558,0.1501816987991333,0.12027339935302735,0.10648119449615479,0.10638530254364013,0.9193102700216914,1.0,0.9193102700216914,0.0
bf16,256,256,64,8,contiguous,2,1,graph_lds_chunked(chunk=8),global,0.09775310158729553,0.1066491961479187,0.14846969842910768,0.1196092963218689,0.1064411997795105,0.10642130374908447,0.9185482431015274,1.0,0.9185482431015274,0.0
bf16,256,256,64,8,page-cross,0,1,graph_lds_chunked(chunk=8),global,0.0982131004333496,0.10689320564270019,0.1497298002243042,0.12232149839401245,0.10683319568634034,0.10610530376434327,0.925619143897632,1.0,0.925619143897632,0.0
bf16,256,256,64,8,page-cross,1,1,graph_lds_chunked(chunk=8),global,0.09900519847869874,0.10706919431686401,0.14969379901885987,0.11988140344619751,0.10636930465698242,0.10613720417022705,0.9328039046507224,1.0,0.9328039046507224,0.0
bf16,256,256,64,8,page-cross,2,1,graph_lds_chunked(chunk=8),global,0.09814119935035706,0.10657720565795899,0.14726569652557372,0.12217739820480347,0.10649729967117309,0.10613319873809815,0.9246984027357669,1.0,0.9246984027357669,0.0
bf16,256,256,64,8,tail-negative,0,1,graph_lds_chunked(chunk=8),global,0.09745709896087647,0.10699729919433594,0.14838969707489014,0.120181405544281,0.1065492033958435,0.10645320415496826,0.9154923962552053,1.0,0.9154923962552053,0.0
bf16,256,256,64,8,tail-negative,1,1,graph_lds_chunked(chunk=8),global,0.09763720035552978,0.10687719583511353,0.14897370338439941,0.12126940488815308,0.1067091941833496,0.10643320083618164,0.91735661042281,1.0,0.91735661042281,0.0
bf16,256,256,64,8,tail-negative,2,1,graph_lds_chunked(chunk=8),global,0.09810910224914551,0.1068572998046875,0.1478456974029541,0.12009340524673462,0.10649720430374146,0.1066051959991455,0.9203031928193436,1.0,0.9203031928193436,0.0
bf16,256,256,64,16,random,0,1,graph_lds_chunked(chunk=8),global,0.18099809885025026,0.19011820554733277,0.2748711109161377,0.2260906934738159,0.1987542986869812,0.2057744026184082,0.8795948210618617,1.0,0.8795948210618617,0.0
bf16,256,256,64,16,random,1,1,graph_lds_chunked(chunk=8),global,0.18145010471343995,0.1923542022705078,0.2744312047958374,0.22542259693145753,0.19857430458068848,0.20705840587615967,0.8763232960557231,1.0,0.8763232960557231,0.0
bf16,256,256,64,16,random,2,1,graph_lds_chunked(chunk=8),global,0.18178609609603882,0.18853820562362672,0.27505509853363036,0.22650270462036132,0.19867830276489257,0.20322229862213134,0.8945184525938726,1.0,0.8945184525938726,0.0
bf16,256,256,64,16,contiguous,0,1,graph_lds_chunked(chunk=8),global,0.18257410526275636,0.19236220121383668,0.27429111003875734,0.2252906084060669,0.19807430505752563,0.2042623996734619,0.893821405969102,1.0,0.893821405969102,0.0
bf16,256,256,64,16,contiguous,1,1,graph_lds_chunked(chunk=8),global,0.18370620012283326,0.18967020511627197,0.2733911991119385,0.225286602973938,0.1979063034057617,0.2039463996887207,0.9007572597663913,1.0,0.9007572597663913,0.0
bf16,256,256,64,16,contiguous,2,1,graph_lds_chunked(chunk=8),global,0.1831621050834656,0.1901821970939636,0.27362709045410155,0.22525858879089355,0.1978863000869751,0.20361039638519288,0.8995714773667896,1.0,0.8995714773667896,0.0
bf16,256,256,64,16,page-cross,0,1,graph_lds_chunked(chunk=8),global,0.18220609426498413,0.19073820114135742,0.2741550922393799,0.22506659030914306,0.19839830398559571,0.20484640598297119,0.8894766466155665,1.0,0.8894766466155665,0.0
bf16,256,256,64,16,page-cross,1,1,graph_lds_chunked(chunk=8),global,0.1816180944442749,0.19047420024871825,0.2747551918029785,0.22521860599517823,0.19827029705047608,0.20403831005096434,0.8901176176126466,1.0,0.8901176176126466,0.0
bf16,256,256,64,16,page-cross,2,1,graph_lds_chunked(chunk=8),global,0.1818181037902832,0.19629019498825073,0.2747951030731201,0.22491049766540527,0.19872230291366577,0.20976641178131103,0.8667646180639972,1.0,0.8667646180639972,0.0
bf16,256,256,64,16,tail-negative,0,1,graph_lds_chunked(chunk=8),global,0.17994610071182252,0.19149420261383057,0.27513918876647947,0.2259105920791626,0.19951430559158326,0.203658390045166,0.8835683159034856,1.0,0.8835683159034856,0.0
bf16,256,256,64,16,tail-negative,1,1,graph_lds_chunked(chunk=8),global,0.1798261046409607,0.19396619796752929,0.2739232063293457,0.22578260898590088,0.19811429977416992,0.20294229984283446,0.8860947411171759,1.0,0.8860947411171759,0.0
bf16,256,256,64,16,tail-negative,2,1,graph_lds_chunked(chunk=8),global,0.18116209506988526,0.19026219844818115,0.2742830991744995,0.22693469524383544,0.19830629825592042,0.20416638851165772,0.8873257561664762,1.0,0.8873257561664762,0.0
bf16,256,256,64,32,random,0,1,graph_lds_chunked(chunk=8),global,0.353800106048584,0.36298019886016847,0.5233900070190429,0.42223691940307617,0.3806603908538818,0.4064126968383789,0.8705439293627243,1.0,0.8705439293627243,0.0
bf16,256,256,64,32,random,1,1,graph_lds_chunked(chunk=8),lds,0.3520639896392822,0.3513360023498535,0.5261661052703858,0.4244968891143799,0.381308388710022,0.4262568950653076,0.8259432133885877,1.0020720543427364,0.8242353529460789,0.0
bf16,256,256,64,32,random,2,1,graph_lds_chunked(chunk=8),global,0.3516961097717285,0.3574760913848877,0.5242061138153076,0.4227128028869629,0.3814444065093994,0.3962165117263794,0.8876361770975462,1.0,0.8876361770975462,0.0
bf16,256,256,64,32,contiguous,0,1,graph_lds_chunked(chunk=8),lds,0.3564600944519043,0.3513840913772583,0.5311460971832276,0.42159290313720704,0.37976028919219973,0.39029650688171386,0.9133058794193506,1.0144457395744653,0.9003003746681016,0.0
bf16,256,256,64,32,contiguous,1,1,graph_lds_chunked(chunk=8),lds,0.35558009147644043,0.35164799690246584,0.5308620929718018,0.42170090675354005,0.37967240810394287,0.39375259876251223,0.9030545895924482,1.0111819052251425,0.8930683835678216,0.0
bf16,256,256,64,32,contiguous,2,1,graph_lds_chunked(chunk=8),global,0.3520319938659668,0.35576810836791994,0.5301540851593017,0.4219088077545166,0.3797604084014893,0.3940644979476929,0.8933359784993741,1.0,0.8933359784993741,0.0
bf16,256,256,64,32,page-cross,0,1,graph_lds_chunked(chunk=8),global,0.3493000030517578,0.3504080057144165,0.5213500022888183,0.4216288089752197,0.379720401763916,0.4073287010192871,0.8575384012412579,1.0,0.8575384012412579,0.0
bf16,256,256,64,32,page-cross,1,1,graph_lds_chunked(chunk=8),lds,0.35093209743499754,0.35077610015869143,0.5209259986877441,0.423284912109375,0.38136839866638184,0.3965205907821655,0.885028686007853,1.0004447203678801,0.8846352706848344,0.0
bf16,256,256,64,32,page-cross,2,1,graph_lds_chunked(chunk=8),global,0.35041210651397703,0.3536081075668335,0.5210579872131348,0.42203288078308104,0.38215639591217043,0.4011406898498535,0.87353917311439,1.0,0.87353917311439,0.0
bf16,256,256,64,32,tail-negative,0,1,graph_lds_chunked(chunk=8),global,0.3519921064376831,0.3527961015701294,0.5224740028381347,0.4222249031066895,0.3804924011230469,0.3989726066589355,0.8822463010313536,1.0,0.8822463010313536,0.0
bf16,256,256,64,32,tail-negative,1,1,graph_lds_chunked(chunk=8),global,0.3522320032119751,0.3551280975341797,0.5243899822235107,0.4222408771514893,0.3801923990249634,0.40409269332885744,0.8716614010274192,1.0,0.8716614010274192,0.0
bf16,256,256,64,32,tail-negative,2,1,graph_lds_chunked(chunk=8),lds,0.35538010597229003,0.35132811069488523,0.5243299961090088,0.42344889640808103,0.3815403938293457,0.4030605792999268,0.8817039527644885,1.011533364834913,0.8716508850979787,0.0
bf16,256,256,128,8,random,0,0,graph_global,global,0.18164609670639037,,,,,0.1890221953392029,0.9609776057273274,1.0,0.9609776057273274,0.0
bf16,256,256,128,8,random,1,0,graph_global,global,0.1859061002731323,,,,,0.1834740996360779,1.0132552804013117,1.0,1.0132552804013117,0.0
bf16,256,256,128,8,random,2,0,graph_global,global,0.18656619787216186,,,,,0.18810620307922363,0.9918131077984006,1.0,0.9918131077984006,0.0
bf16,256,256,128,8,contiguous,0,0,graph_global,global,0.19255830049514772,,,,,0.1894021987915039,1.0166634903067735,1.0,1.0166634903067735,0.0
bf16,256,256,128,8,contiguous,1,0,graph_global,global,0.18757020235061644,,,,,0.1911262035369873,0.9813944863626054,1.0,0.9813944863626054,0.0
bf16,256,256,128,8,contiguous,2,0,graph_global,global,0.19505419731140136,,,,,0.1888421058654785,1.032895690383521,1.0,1.032895690383521,0.0
bf16,256,256,128,8,page-cross,0,0,graph_global,global,0.18693020343780517,,,,,0.1866302013397217,1.0016074681157172,1.0,1.0016074681157172,0.0
bf16,256,256,128,8,page-cross,1,0,graph_global,global,0.19293019771575928,,,,,0.18752219676971435,1.0288392576409833,1.0,1.0288392576409833,0.0
bf16,256,256,128,8,page-cross,2,0,graph_global,global,0.19049420356750488,,,,,0.18875819444656372,1.0091970000350508,1.0,1.0091970000350508,0.0
bf16,256,256,128,8,tail-negative,0,0,graph_global,global,0.18617819547653197,,,,,0.1856742024421692,1.0027143945024874,1.0,1.0027143945024874,0.0
bf16,256,256,128,8,tail-negative,1,0,graph_global,global,0.18775019645690919,,,,,0.18947420120239258,0.9909011108924436,1.0,0.9909011108924436,0.0
bf16,256,256,128,8,tail-negative,2,0,graph_global,global,0.1925022006034851,,,,,0.18967020511627197,1.0149311563483419,1.0,1.0149311563483419,0.0
bf16,256,256,128,16,random,0,0,graph_global,global,0.3619322061538696,,,,,0.3665402889251709,0.987428168442782,1.0,0.987428168442782,0.0
bf16,256,256,128,16,random,1,0,graph_global,global,0.3662482023239136,,,,,0.3680243015289307,0.9951739621605464,1.0,0.9951739621605464,0.0
bf16,256,256,128,16,random,2,0,graph_global,global,0.3703763008117676,,,,,0.3743722915649414,0.9893261578294967,1.0,0.9893261578294967,0.0
bf16,256,256,128,16,contiguous,0,0,graph_global,global,0.3753962993621826,,,,,0.3775604009628296,0.9942681976310856,1.0,0.9942681976310856,0.0
bf16,256,256,128,16,contiguous,1,0,graph_global,global,0.37762439250946045,,,,,0.37541239261627196,1.0058921866637724,1.0,1.0058921866637724,0.0
bf16,256,256,128,16,contiguous,2,0,graph_global,global,0.37795629501342776,,,,,0.3754404067993164,1.0067011652676376,1.0,1.0067011652676376,0.0
bf16,256,256,128,16,page-cross,0,0,graph_global,global,0.3786043882369995,,,,,0.3762844085693359,1.0061654950745482,1.0,1.0061654950745482,0.0
bf16,256,256,128,16,page-cross,1,0,graph_global,global,0.38069241046905516,,,,,0.38155241012573243,0.9977460510434363,1.0,0.9977460510434363,0.0
bf16,256,256,128,16,page-cross,2,0,graph_global,global,0.3743002891540527,,,,,0.3766402959823608,0.9937871575259762,1.0,0.9937871575259762,0.0
bf16,256,256,128,16,tail-negative,0,0,graph_global,global,0.3740762948989868,,,,,0.37464840412139894,0.9984729436556555,1.0,0.9984729436556555,0.0
bf16,256,256,128,16,tail-negative,1,0,graph_global,global,0.37408039569854734,,,,,0.3729362964630127,1.0030678141183507,1.0,1.0030678141183507,0.0
bf16,256,256,128,16,tail-negative,2,0,graph_global,global,0.37446041107177735,,,,,0.37492830753326417,0.9987520375173451,1.0,0.9987520375173451,0.0
bf16,256,256,128,32,random,0,0,graph_global,global,0.7301004886627197,,,,,0.7357285022735596,0.9923504205784497,1.0,0.9923504205784497,0.0
bf16,256,256,128,32,random,1,0,graph_global,global,0.7368724822998047,,,,,0.7403204917907715,0.9953425448448329,1.0,0.9953425448448329,0.0
bf16,256,256,128,32,random,2,0,graph_global,global,0.738744592666626,,,,,0.7374684810638428,1.0017303947701497,1.0,1.0017303947701497,0.0
bf16,256,256,128,32,contiguous,0,0,graph_global,global,0.7397164821624755,,,,,0.7451365947723388,0.9927260147362387,1.0,0.9927260147362387,0.0
bf16,256,256,128,32,contiguous,1,0,graph_global,global,0.744040584564209,,,,,0.7487205982208252,0.9937493189478996,1.0,0.9937493189478996,0.0
bf16,256,256,128,32,contiguous,2,0,graph_global,global,0.7456246852874756,,,,,0.7479286193847656,0.9969195802412466,1.0,0.9969195802412466,0.0
bf16,256,256,128,32,page-cross,0,0,graph_global,global,0.7440365791320801,,,,,0.7546846866607666,0.9858906537831039,1.0,0.9858906537831039,0.0
bf16,256,256,128,32,page-cross,1,0,graph_global,global,0.7495646953582764,,,,,0.7535127162933349,0.9947605118670332,1.0,0.9947605118670332,0.0
bf16,256,256,128,32,page-cross,2,0,graph_global,global,0.756564712524414,,,,,0.7557208061218261,1.001116690708727,1.0,1.001116690708727,0.0
bf16,256,256,128,32,tail-negative,0,0,graph_global,global,0.7488326072692871,,,,,0.7473805904388428,1.0019428077863137,1.0,1.0019428077863137,0.0
bf16,256,256,128,32,tail-negative,1,0,graph_global,global,0.7489767074584961,,,,,0.7494806766510009,0.999327575468981,1.0,0.999327575468981,0.0
bf16,256,256,128,32,tail-negative,2,0,graph_global,global,0.752800703048706,,,,,0.7532687187194824,0.9993786869690116,1.0,0.9993786869690116,0.0
