dtype,tasks,dim,num_transforms,mean_neighbors_target,max_neighbors,skew,filter_ratio,transform_active_ratio,early_exit_ratio,pareto_alpha,seed,total_edges,mean_count,p90_count,max_count,chunk_tokens,persistent_blocks,metadata_builder,variant,worklist_builder,order,ticket_batch_size,gpu_kernel_ms,cpu_preprocess_ms,h2d_metadata_ms,gpu_preprocess_ms,gpu_metadata_ms,end_to_end_ms,speedup_vs_static_node,end_to_end_speedup_vs_static_node,max_abs_diff
fp16,32,64,8,32,256,0.8,0.6,0.5,0.5,1.3,0,1023,31.96875,68.10000000000002,124,32,48,cpu,static_chunked,cpu,identity,0,0.015932199358940125,3.820671990979463,0.8298769971588627,0.0,0.0,4.666481187497266,1.0,1.0,0.0
fp16,32,64,8,32,256,0.8,0.6,0.5,0.5,1.3,0,1023,31.96875,68.10000000000002,124,32,48,cpu,static_chunked,gpu,identity,0,0.01583620011806488,3.328294988023117,0.5537660035770386,0.09631499415263534,0.0,3.994212185870856,1.006062012361522,1.1683107882962496,0.0
fp16,32,64,8,32,256,0.8,0.6,0.5,0.5,1.3,0,1023,31.96875,68.10000000000002,124,32,48,cpu,persistent_chunked,cpu,identity,1,0.024904300272464753,3.820671990979463,0.8298769971588627,0.0,0.0,4.67545328841079,0.6397368801626375,0.998081020093653,0.0
fp16,32,64,8,32,256,0.8,0.6,0.5,0.5,1.3,0,1023,31.96875,68.10000000000002,124,32,48,cpu,persistent_chunked,gpu,identity,1,0.024820299446582796,3.328294988023117,0.5537660035770386,0.09631499415263534,0.0,4.003196285199374,0.6419019799994249,1.1656888283870042,0.0
fp16,32,64,8,32,256,0.8,0.6,0.5,0.5,1.3,0,1023,31.96875,68.10000000000002,124,32,48,cpu,persistent_chunked,cpu,identity,4,0.02700839936733246,3.820671990979463,0.8298769971588627,0.0,0.0,4.677557387505658,0.5898979477551209,0.9976320547048813,0.0
fp16,32,64,8,32,256,0.8,0.6,0.5,0.5,1.3,0,1023,31.96875,68.10000000000002,124,32,48,cpu,persistent_chunked,gpu,identity,4,0.027128300070762633,3.328294988023117,0.5537660035770386,0.09631499415263534,0.0,4.0055042858235534,0.5872907376201931,1.1650171500285418,0.0
fp16,32,64,8,32,256,0.8,0.6,0.5,0.5,1.3,0,1023,31.96875,68.10000000000002,124,32,48,cpu,static_chunked,cpu,sorted,0,0.014836199581623077,3.8752769760321826,0.699475989677012,0.0,0.0,4.589589165290818,1.0738733508731315,1.0167535741081035,0.0
fp16,32,64,8,32,256,0.8,0.6,0.5,0.5,1.3,0,1023,31.96875,68.10000000000002,124,32,48,cpu,static_chunked,gpu,sorted,0,0.01477620005607605,3.4142399817937985,0.5497480015037581,0.08160700963344425,0.0,4.060371192987077,1.0782338692273405,1.1492745282887042,0.0
fp16,32,64,8,32,256,0.8,0.6,0.5,0.5,1.3,0,1023,31.96875,68.10000000000002,124,32,48,cpu,persistent_chunked,cpu,sorted,1,0.02376440018415451,3.8752769760321826,0.699475989677012,0.0,0.0,4.598517365893349,0.6704229534715253,1.0147795074360264,0.0
fp16,32,64,8,32,256,0.8,0.6,0.5,0.5,1.3,0,1023,31.96875,68.10000000000002,124,32,48,cpu,persistent_chunked,gpu,sorted,1,0.023676300048828126,3.4142399817937985,0.5497480015037581,0.08160700963344425,0.0,4.069271292979829,0.6729176149179905,1.1467608944008534,0.0
fp16,32,64,8,32,256,0.8,0.6,0.5,0.5,1.3,0,1023,31.96875,68.10000000000002,124,32,48,cpu,persistent_chunked,cpu,sorted,4,0.02847540080547333,3.8752769760321826,0.699475989677012,0.0,0.0,4.603228366514668,0.5595074663840292,1.0137409695861972,0.0
fp16,32,64,8,32,256,0.8,0.6,0.5,0.5,1.3,0,1023,31.96875,68.10000000000002,124,32,48,cpu,persistent_chunked,gpu,sorted,4,0.027044400572776794,3.4142399817937985,0.5497480015037581,0.08160700963344425,0.0,4.072639393503778,0.589112682163777,1.145812515328688,0.0
fp16,32,64,8,32,256,0.8,0.6,0.5,0.5,1.3,0,1023,31.96875,68.10000000000002,124,32,256,cpu,static_chunked,cpu,identity,0,0.015456199645996094,0.9413119842065498,0.5772809963673353,0.0,0.0,1.5340491802198812,1.0,1.0,0.0
fp16,32,64,8,32,256,0.8,0.6,0.5,0.5,1.3,0,1023,31.96875,68.10000000000002,124,32,256,cpu,static_chunked,gpu,identity,0,0.01528020054101944,0.47110699233599007,0.4112919850740582,0.08306899690069258,0.0,0.9807481748517602,1.0115181148640155,1.5641621565614967,0.0
fp16,32,64,8,32,256,0.8,0.6,0.5,0.5,1.3,0,1023,31.96875,68.10000000000002,124,32,256,cpu,persistent_chunked,cpu,identity,1,0.02199230045080185,0.9413119842065498,0.5772809963673353,0.0,0.0,1.540585281024687,0.7028004951356761,0.9957573911127735,0.0
fp16,32,64,8,32,256,0.8,0.6,0.5,0.5,1.3,0,1023,31.96875,68.10000000000002,124,32,256,cpu,persistent_chunked,gpu,identity,1,0.0221562996506691,0.47110699233599007,0.4112919850740582,0.08306899690069258,0.0,0.98762427396141,0.6975984207511533,1.5532720495687433,0.0
fp16,32,64,8,32,256,0.8,0.6,0.5,0.5,1.3,0,1023,31.96875,68.10000000000002,124,32,256,cpu,persistent_chunked,cpu,identity,4,0.027420300245285033,0.9413119842065498,0.5772809963673353,0.0,0.0,1.5460132808191702,0.5636772576424948,0.9922613209422433,0.0
fp16,32,64,8,32,256,0.8,0.6,0.5,0.5,1.3,0,1023,31.96875,68.10000000000002,124,32,256,cpu,persistent_chunked,gpu,identity,4,0.027368399500846862,0.47110699233599007,0.4112919850740582,0.08306899690069258,0.0,0.9928363738115877,0.5647462010161695,1.545117826747754,0.0
fp16,32,64,8,32,256,0.8,0.6,0.5,0.5,1.3,0,1023,31.96875,68.10000000000002,124,32,256,cpu,static_chunked,cpu,sorted,0,0.01528020054101944,0.9541969920974225,0.5552189832087606,0.0,0.0,1.5246961758472026,1.0115181148640155,1.0061343397595142,0.0
fp16,32,64,8,32,256,0.8,0.6,0.5,0.5,1.3,0,1023,31.96875,68.10000000000002,124,32,256,cpu,static_chunked,gpu,sorted,0,0.015132200717926026,0.4969469882780686,0.4063419910380617,0.08116599929053336,0.0,0.9995871793245896,1.0214112232655128,1.5346827289805995,0.0
fp16,32,64,8,32,256,0.8,0.6,0.5,0.5,1.3,0,1023,31.96875,68.10000000000002,124,32,256,cpu,persistent_chunked,cpu,sorted,1,0.02199620008468628,0.9541969920974225,0.5552189832087606,0.0,0.0,1.5314121753908694,0.7026758979500589,1.0017219432308215,0.0
fp16,32,64,8,32,256,0.8,0.6,0.5,0.5,1.3,0,1023,31.96875,68.10000000000002,124,32,256,cpu,persistent_chunked,gpu,sorted,1,0.022024300694465638,0.4969469882780686,0.4063419910380617,0.08116599929053336,0.0,1.0064792793011292,0.7017793600084653,1.524173633544728,0.0
fp16,32,64,8,32,256,0.8,0.6,0.5,0.5,1.3,0,1023,31.96875,68.10000000000002,124,32,256,cpu,persistent_chunked,cpu,sorted,4,0.02769240140914917,0.9541969920974225,0.5552189832087606,0.0,0.0,1.5371083767153322,0.5581386539084902,0.9980097717624907,0.0
fp16,32,64,8,32,256,0.8,0.6,0.5,0.5,1.3,0,1023,31.96875,68.10000000000002,124,32,256,cpu,persistent_chunked,gpu,sorted,4,0.027748298645019532,0.4969469882780686,0.4063419910380617,0.08116599929053336,0.0,1.0122032772516831,0.55701431802091,1.515554449087643,0.0
fp16,32,64,8,32,256,0.8,0.6,0.5,0.5,1.3,1,1024,32.0,41.0,188,32,48,cpu,static_chunked,cpu,identity,0,0.01552020013332367,0.7894079899415374,0.621426006546244,0.0,0.0,1.426354196621105,1.0,1.0,0.0
fp16,32,64,8,32,256,0.8,0.6,0.5,0.5,1.3,1,1024,32.0,41.0,188,32,48,cpu,static_chunked,gpu,identity,0,0.015436199307441712,0.27111099916510284,0.46354201913345605,0.11321798956487328,0.0,0.8633072071708738,1.0054418075465934,1.6521977168421667,0.0
fp16,32,64,8,32,256,0.8,0.6,0.5,0.5,1.3,1,1024,32.0,41.0,188,32,48,cpu,persistent_chunked,cpu,identity,1,0.026492398977279664,0.7894079899415374,0.621426006546244,0.0,0.0,1.437326395465061,0.5858359655021828,0.9923662441053233,0.0
fp16,32,64,8,32,256,0.8,0.6,0.5,0.5,1.3,1,1024,32.0,41.0,188,32,48,cpu,persistent_chunked,gpu,identity,1,0.026716399192810058,0.27111099916510284,0.46354201913345605,0.11321798956487328,0.0,0.8745874070562423,0.5809240991390966,1.6308881023362143,0.0
fp16,32,64,8,32,256,0.8,0.6,0.5,0.5,1.3,1,1024,32.0,41.0,188,32,48,cpu,persistent_chunked,cpu,identity,4,0.027648401260375977,0.7894079899415374,0.621426006546244,0.0,0.0,1.4384823977481573,0.5613416843586644,0.991568752494964,0.0
fp16,32,64,8,32,256,0.8,0.6,0.5,0.5,1.3,1,1024,32.0,41.0,188,32,48,cpu,persistent_chunked,gpu,identity,4,0.027844300866127013,0.27111099916510284,0.46354201913345605,0.11321798956487328,0.0,0.8757153087295592,0.5573923442338684,1.6287875550450104,0.0
fp16,32,64,8,32,256,0.8,0.6,0.5,0.5,1.3,1,1024,32.0,41.0,188,32,48,cpu,static_chunked,cpu,sorted,0,0.015424199402332306,0.8055290090851486,0.6130300025688484,0.0,0.0,1.4339832110563293,1.006224033318504,0.9946798439644182,0.0
fp16,32,64,8,32,256,0.8,0.6,0.5,0.5,1.3,1,1024,32.0,41.0,188,32,48,cpu,static_chunked,gpu,sorted,0,0.01536020040512085,0.2864900015993044,0.4615880025085062,0.08051500481087714,0.0,0.8439532093238086,1.010416513065121,1.6900868210027038,0.0
fp16,32,64,8,32,256,0.8,0.6,0.5,0.5,1.3,1,1024,32.0,41.0,188,32,48,cpu,persistent_chunked,cpu,sorted,1,0.025536298751831055,0.8055290090851486,0.6130300025688484,0.0,0.0,1.444095310405828,0.6077701504103373,0.9877147210042962,0.0
fp16,32,64,8,32,256,0.8,0.6,0.5,0.5,1.3,1,1024,32.0,41.0,188,32,48,cpu,persistent_chunked,gpu,sorted,1,0.025612300634384154,0.2864900015993044,0.4615880025085062,0.08051500481087714,0.0,0.8542053095530718,0.605966654650618,1.6698025412267536,0.0
fp16,32,64,8,32,256,0.8,0.6,0.5,0.5,1.3,1,1024,32.0,41.0,188,32,48,cpu,persistent_chunked,cpu,sorted,4,0.0276203989982605,0.8055290090851486,0.6130300025688484,0.0,0.0,1.4461794106522574,0.5619107868174212,0.9862913177402998,0.0
fp16,32,64,8,32,256,0.8,0.6,0.5,0.5,1.3,1,1024,32.0,41.0,188,32,48,cpu,persistent_chunked,gpu,sorted,4,0.027600300312042237,0.2864900015993044,0.4615880025085062,0.08051500481087714,0.0,0.8561933092307299,0.5623199732559461,1.6659254180608485,0.0
fp16,32,64,8,32,256,0.8,0.6,0.5,0.5,1.3,1,1024,32.0,41.0,188,32,256,cpu,static_chunked,cpu,identity,0,0.015428200364112854,0.791583996033296,0.6595199956791475,0.0,0.0,1.4665321920765564,1.0,1.0,0.0
fp16,32,64,8,32,256,0.8,0.6,0.5,0.5,1.3,1,1024,32.0,41.0,188,32,256,cpu,static_chunked,gpu,identity,0,0.015528200566768647,0.27172299451194704,0.5099810077808797,0.0818069966044277,0.0,0.8790391994640231,0.993560090737764,1.668335374543872,0.0
fp16,32,64,8,32,256,0.8,0.6,0.5,0.5,1.3,1,1024,32.0,41.0,188,32,256,cpu,persistent_chunked,cpu,identity,1,0.022232300043106078,0.791583996033296,0.6595199956791475,0.0,0.0,1.4733362917555497,0.6939543067608482,0.995381842070227,0.0
fp16,32,64,8,32,256,0.8,0.6,0.5,0.5,1.3,1,1024,32.0,41.0,188,32,256,cpu,persistent_chunked,gpu,identity,1,0.022252300381660463,0.27172299451194704,0.5099810077808797,0.0818069966044277,0.0,0.885763299278915,0.6933305815352113,1.6556705310215898,0.0
fp16,32,64,8,32,256,0.8,0.6,0.5,0.5,1.3,1,1024,32.0,41.0,188,32,256,cpu,persistent_chunked,cpu,identity,4,0.027528300881385803,0.791583996033296,0.6595199956791475,0.0,0.0,1.4786322925938293,0.5604486971640577,0.991816693996283,0.0
fp16,32,64,8,32,256,0.8,0.6,0.5,0.5,1.3,1,1024,32.0,41.0,188,32,256,cpu,persistent_chunked,gpu,identity,4,0.027712300419807434,0.27172299451194704,0.5099810077808797,0.0818069966044277,0.0,0.8912232993170619,0.556727522810972,1.6455272132139607,0.0
fp16,32,64,8,32,256,0.8,0.6,0.5,0.5,1.3,1,1024,32.0,41.0,188,32,256,cpu,static_chunked,cpu,sorted,0,0.015340200066566468,0.804026989499107,0.6537989975186065,0.0,0.0,1.47316618708428,1.0057365808245344,0.9954967775761581,0.0
fp16,32,64,8,32,256,0.8,0.6,0.5,0.5,1.3,1,1024,32.0,41.0,188,32,256,cpu,static_chunked,gpu,sorted,0,0.015340200066566468,0.28738299442920834,0.507175995153375,0.08424199768342078,0.0,0.8941411873325705,1.0057365808245344,1.64015729602118,0.0
fp16,32,64,8,32,256,0.8,0.6,0.5,0.5,1.3,1,1024,32.0,41.0,188,32,256,cpu,persistent_chunked,cpu,sorted,1,0.02202029973268509,0.804026989499107,0.6537989975186065,0.0,0.0,1.4798462867503985,0.700635347901851,0.9910030556598695,0.0
fp16,32,64,8,32,256,0.8,0.6,0.5,0.5,1.3,1,1024,32.0,41.0,188,32,256,cpu,persistent_chunked,gpu,sorted,1,0.022228200733661652,0.28738299442920834,0.507175995153375,0.08424199768342078,0.0,0.9010291879996657,0.6940822853353532,1.627618962413791,0.0
fp16,32,64,8,32,256,0.8,0.6,0.5,0.5,1.3,1,1024,32.0,41.0,188,32,256,cpu,persistent_chunked,cpu,sorted,4,0.027676400542259217,0.804026989499107,0.6537989975186065,0.0,0.0,1.4855023875599727,0.5574496705435183,0.9872297778567856,0.0
fp16,32,64,8,32,256,0.8,0.6,0.5,0.5,1.3,1,1024,32.0,41.0,188,32,256,cpu,persistent_chunked,gpu,sorted,4,0.027500399947166444,0.28738299442920834,0.507175995153375,0.08424199768342078,0.0,0.9063013872131706,0.5610173086119982,1.6181506646327293,0.0
fp16,32,64,8,32,256,0.8,0.6,0.5,0.5,1.3,2,1022,31.9375,33.0,248,32,48,cpu,static_chunked,cpu,identity,0,0.015560199320316315,0.7855909934733063,0.41217400575987995,0.0,0.0,1.2133251985535025,1.0,1.0,3.814697265625e-06
fp16,32,64,8,32,256,0.8,0.6,0.5,0.5,1.3,2,1022,31.9375,33.0,248,32,48,cpu,static_chunked,gpu,identity,0,0.015532200038433076,0.2611819945741445,0.2534580125939101,0.08182699093595147,0.0,0.6119991981424391,1.0018026603967216,1.982560111575683,0.0
fp16,32,64,8,32,256,0.8,0.6,0.5,0.5,1.3,2,1022,31.9375,33.0,248,32,48,cpu,persistent_chunked,cpu,identity,1,0.02520039975643158,0.7855909934733063,0.41217400575987995,0.0,0.0,1.2229653989896179,0.6174584320371777,0.9921173563503269,3.814697265625e-06
fp16,32,64,8,32,256,0.8,0.6,0.5,0.5,1.3,2,1022,31.9375,33.0,248,32,48,cpu,persistent_chunked,gpu,identity,1,0.025452399253845216,0.2611819945741445,0.2534580125939101,0.08182699093595147,0.0,0.6219193973578513,0.6113450903048192,1.9509364134776415,3.814697265625e-06
fp16,32,64,8,32,256,0.8,0.6,0.5,0.5,1.3,2,1022,31.9375,33.0,248,32,48,cpu,persistent_chunked,cpu,identity,4,0.02822439968585968,0.7855909934733063,0.41217400575987995,0.0,0.0,1.225989398919046,0.5513031098447744,0.9896702203324845,3.814697265625e-06
fp16,32,64,8,32,256,0.8,0.6,0.5,0.5,1.3,2,1022,31.9375,33.0,248,32,48,cpu,persistent_chunked,gpu,identity,4,0.028184300661087035,0.2611819945741445,0.2534580125939101,0.08182699093595147,0.0,0.6246512987650931,0.5520874726474827,1.942404027578572,3.814697265625e-06
fp16,32,64,8,32,256,0.8,0.6,0.5,0.5,1.3,2,1022,31.9375,33.0,248,32,48,cpu,static_chunked,cpu,sorted,0,0.015660199522972106,0.8150869834935293,0.4112110036658123,0.0,0.0,1.2419581866823137,0.9936143723769867,0.976945288145892,3.814697265625e-06
fp16,32,64,8,32,256,0.8,0.6,0.5,0.5,1.3,2,1022,31.9375,33.0,248,32,48,cpu,static_chunked,gpu,sorted,0,0.01538420021533966,0.2755989844445139,0.2520139969419688,0.08050500764511526,0.0,0.6235021892469377,1.0114402505501174,1.9459838625730403,0.0
fp16,32,64,8,32,256,0.8,0.6,0.5,0.5,1.3,2,1022,31.9375,33.0,248,32,48,cpu,persistent_chunked,cpu,sorted,1,0.025396299362182618,0.8150869834935293,0.4112110036658123,0.0,0.0,1.2516942865215241,0.6126955387636852,0.9693462785752184,3.814697265625e-06
fp16,32,64,8,32,256,0.8,0.6,0.5,0.5,1.3,2,1022,31.9375,33.0,248,32,48,cpu,persistent_chunked,gpu,sorted,1,0.025292399525642394,0.2755989844445139,0.2520139969419688,0.08050500764511526,0.0,0.6334103885572404,0.6152124595588804,1.9155435724967684,7.62939453125e-06
fp16,32,64,8,32,256,0.8,0.6,0.5,0.5,1.3,2,1022,31.9375,33.0,248,32,48,cpu,persistent_chunked,cpu,sorted,4,0.028344300389289857,0.8150869834935293,0.4112110036658123,0.0,0.0,1.2546422875486314,0.5489710138055083,0.9670686303138596,7.62939453125e-06
fp16,32,64,8,32,256,0.8,0.6,0.5,0.5,1.3,2,1022,31.9375,33.0,248,32,48,cpu,persistent_chunked,gpu,sorted,4,0.028416401147842406,0.2755989844445139,0.2520139969419688,0.08050500764511526,0.0,0.6365343901794404,0.5475781130538329,1.9061424131561275,7.62939453125e-06
fp16,32,64,8,32,256,0.8,0.6,0.5,0.5,1.3,2,1022,31.9375,33.0,248,32,256,cpu,static_chunked,cpu,identity,0,0.015444199740886688,0.7606540020788088,0.6468149949796498,0.0,0.0,1.4229131967993454,1.0,1.0,1.9073486328125e-06
fp16,32,64,8,32,256,0.8,0.6,0.5,0.5,1.3,2,1022,31.9375,33.0,248,32,256,cpu,static_chunked,gpu,identity,0,0.0154121994972229,0.2587280032457784,0.4870370030403137,0.10948099952656776,0.0,0.8706582053098828,1.0020762931124498,1.6342959707051805,0.0
fp16,32,64,8,32,256,0.8,0.6,0.5,0.5,1.3,2,1022,31.9375,33.0,248,32,256,cpu,persistent_chunked,cpu,identity,1,0.022132299840450287,0.7606540020788088,0.6468149949796498,0.0,0.0,1.429601296898909,0.6978126924098491,0.9953217025515636,3.814697265625e-06
fp16,32,64,8,32,256,0.8,0.6,0.5,0.5,1.3,2,1022,31.9375,33.0,248,32,256,cpu,persistent_chunked,gpu,identity,1,0.022180299460887908,0.2587280032457784,0.4870370030403137,0.10948099952656776,0.0,0.8774263052735478,0.6963025800494956,1.6216896943336292,3.814697265625e-06
fp16,32,64,8,32,256,0.8,0.6,0.5,0.5,1.3,2,1022,31.9375,33.0,248,32,256,cpu,persistent_chunked,cpu,identity,4,0.028004398941993712,0.7606540020788088,0.6468149949796498,0.0,0.0,1.4354733960004524,0.551491919997165,0.9912501344601004,1.9073486328125e-06
fp16,32,64,8,32,256,0.8,0.6,0.5,0.5,1.3,2,1022,31.9375,33.0,248,32,256,cpu,persistent_chunked,gpu,identity,4,0.028060400485992433,0.2587280032457784,0.4870370030403137,0.10948099952656776,0.0,0.8833064062986523,0.5503912800031607,1.6108942340425505,1.9073486328125e-06
fp16,32,64,8,32,256,0.8,0.6,0.5,0.5,1.3,2,1022,31.9375,33.0,248,32,256,cpu,static_chunked,cpu,sorted,0,0.015388199687004089,0.7790290110278875,0.636665994534269,0.0,0.0,1.4310832052491604,1.0036391556531394,0.9942910318422802,3.814697265625e-06
fp16,32,64,8,32,256,0.8,0.6,0.5,0.5,1.3,2,1022,31.9375,33.0,248,32,256,cpu,static_chunked,gpu,sorted,0,0.015488199889659882,0.2729350089794025,0.4849230026593432,0.08130600326694548,0.0,0.854652214795351,0.9971591179680881,1.6649031877136902,1.9073486328125e-06
fp16,32,64,8,32,256,0.8,0.6,0.5,0.5,1.3,2,1022,31.9375,33.0,248,32,256,cpu,persistent_chunked,cpu,sorted,1,0.02201229929924011,0.7790290110278875,0.636665994534269,0.0,0.0,1.4377073048613966,0.7016168338861283,0.9897099305178271,3.814697265625e-06
fp16,32,64,8,32,256,0.8,0.6,0.5,0.5,1.3,2,1022,31.9375,33.0,248,32,256,cpu,persistent_chunked,gpu,sorted,1,0.022240300476551057,0.2729350089794025,0.4849230026593432,0.08130600326694548,0.0,0.8614043153822422,0.694424059475734,1.6518528772031256,0.0
fp16,32,64,8,32,256,0.8,0.6,0.5,0.5,1.3,2,1022,31.9375,33.0,248,32,256,cpu,persistent_chunked,cpu,sorted,4,0.028448399901390076,0.7790290110278875,0.636665994534269,0.0,0.0,1.4441434054635465,0.5428846541253814,0.9852990993942277,3.814697265625e-06
fp16,32,64,8,32,256,0.8,0.6,0.5,0.5,1.3,2,1022,31.9375,33.0,248,32,256,cpu,persistent_chunked,gpu,sorted,4,0.028396400809288024,0.2729350089794025,0.4849230026593432,0.08130600326694548,0.0,0.8675604157149792,0.5438787769129927,1.6401315355388655,3.814697265625e-06
fp16,32,64,8,32,256,0.8,0.6,0.5,0.5,1.3,0,690,21.5625,36.80000000000001,77,32,48,gpu,static_chunked,gpu,identity,0,0.015244099497795104,0.0,0.0,0.23705701460130513,0.1427950046490878,0.2523011140991002,1.0,1.0,0.0
fp16,32,64,8,32,256,0.8,0.6,0.5,0.5,1.3,0,690,21.5625,36.80000000000001,77,32,48,gpu,persistent_chunked,gpu,identity,1,0.024580200016498566,0.0,0.0,0.23705701460130513,0.1427950046490878,0.2616372146178037,0.6201780086233252,0.9643166185959381,0.0
fp16,32,64,8,32,256,0.8,0.6,0.5,0.5,1.3,0,690,21.5625,36.80000000000001,77,32,48,gpu,persistent_chunked,gpu,identity,4,0.026272299885749816,0.0,0.0,0.23705701460130513,0.1427950046490878,0.26332931448705493,0.5802346792662623,0.9581201188730666,0.0
fp16,32,64,8,32,256,0.8,0.6,0.5,0.5,1.3,0,690,21.5625,36.80000000000001,77,32,48,gpu,static_chunked,gpu,bucket,0,0.015300199389457703,0.0,0.0,0.21806999575346708,0.1427950046490878,0.23337019514292479,0.9963333881974602,1.081119694589026,0.0
fp16,32,64,8,32,256,0.8,0.6,0.5,0.5,1.3,0,690,21.5625,36.80000000000001,77,32,48,gpu,persistent_chunked,gpu,bucket,1,0.02409619987010956,0.0,0.0,0.21806999575346708,0.1427950046490878,0.24216619562357664,0.6326350038582159,1.0418510868101398,0.0
fp16,32,64,8,32,256,0.8,0.6,0.5,0.5,1.3,0,690,21.5625,36.80000000000001,77,32,48,gpu,persistent_chunked,gpu,bucket,4,0.02713629901409149,0.0,0.0,0.21806999575346708,0.1427950046490878,0.24520629476755856,0.5617604482423731,1.0289340831901037,0.0
fp16,32,64,8,32,256,0.8,0.6,0.5,0.5,1.3,0,690,21.5625,36.80000000000001,77,32,256,gpu,static_chunked,gpu,identity,0,0.015272100269794465,0.0,0.0,0.23301799956243485,0.1376349973725155,0.24829009983222933,1.0,1.0,0.0
fp16,32,64,8,32,256,0.8,0.6,0.5,0.5,1.3,0,690,21.5625,36.80000000000001,77,32,256,gpu,persistent_chunked,gpu,identity,1,0.021884199976921082,0.0,0.0,0.23301799956243485,0.1376349973725155,0.25490219953935594,0.6978596560943654,0.9740602485224702,0.0
fp16,32,64,8,32,256,0.8,0.6,0.5,0.5,1.3,0,690,21.5625,36.80000000000001,77,32,256,gpu,persistent_chunked,gpu,identity,4,0.026340299844741823,0.0,0.0,0.23301799956243485,0.1376349973725155,0.2593582994071767,0.5797997881502156,0.9573246755540644,0.0
fp16,32,64,8,32,256,0.8,0.6,0.5,0.5,1.3,0,690,21.5625,36.80000000000001,77,32,256,gpu,static_chunked,gpu,bucket,0,0.01522810012102127,0.0,0.0,0.2128790074493736,0.1376349973725155,0.22810710757039487,1.0028894050093915,1.088480330476357,0.0
fp16,32,64,8,32,256,0.8,0.6,0.5,0.5,1.3,0,690,21.5625,36.80000000000001,77,32,256,gpu,persistent_chunked,gpu,bucket,1,0.02215220034122467,0.0,0.0,0.2128790074493736,0.1376349973725155,0.23503120779059827,0.689416854061828,1.056413325559064,0.0
fp16,32,64,8,32,256,0.8,0.6,0.5,0.5,1.3,0,690,21.5625,36.80000000000001,77,32,256,gpu,persistent_chunked,gpu,bucket,4,0.027092298865318297,0.0,0.0,0.2128790074493736,0.1376349973725155,0.2399713063146919,0.5637063264994747,1.0346657841943336,0.0
fp16,32,64,8,32,256,0.8,0.6,0.5,0.5,1.3,1,1145,35.78125,50.70000000000005,211,32,48,gpu,static_chunked,gpu,identity,0,0.015700200200080873,0.0,0.0,0.22995199833530933,0.1367229997413233,0.2456521985353902,1.0,1.0,9.5367431640625e-07
fp16,32,64,8,32,256,0.8,0.6,0.5,0.5,1.3,1,1145,35.78125,50.70000000000005,211,32,48,gpu,persistent_chunked,gpu,identity,1,0.0255842000246048,0.0,0.0,0.22995199833530933,0.1367229997413233,0.25553619835991415,0.613667817832166,0.9613205491513078,0.0
fp16,32,64,8,32,256,0.8,0.6,0.5,0.5,1.3,1,1145,35.78125,50.70000000000005,211,32,48,gpu,persistent_chunked,gpu,identity,4,0.02848829925060272,0.0,0.0,0.22995199833530933,0.1367229997413233,0.258440297585912,0.5511104773918263,0.9505181693026384,0.0
fp16,32,64,8,32,256,0.8,0.6,0.5,0.5,1.3,1,1145,35.78125,50.70000000000005,211,32,48,gpu,static_chunked,gpu,bucket,0,0.015464200079441071,0.0,0.0,0.21135700808372349,0.1367229997413233,0.22682120816316456,1.0152610622875704,1.0830212947224913,0.0
fp16,32,64,8,32,256,0.8,0.6,0.5,0.5,1.3,1,1145,35.78125,50.70000000000005,211,32,48,gpu,persistent_chunked,gpu,bucket,1,0.02546829879283905,0.0,0.0,0.21135700808372349,0.1367229997413233,0.23682530687656253,0.6164604996897286,1.0372717416700252,0.0
fp16,32,64,8,32,256,0.8,0.6,0.5,0.5,1.3,1,1145,35.78125,50.70000000000005,211,32,48,gpu,persistent_chunked,gpu,bucket,4,0.02841629981994629,0.0,0.0,0.21135700808372349,0.1367229997413233,0.23977330790366977,0.5525068464072304,1.0245185366257794,9.5367431640625e-07
fp16,32,64,8,32,256,0.8,0.6,0.5,0.5,1.3,1,1145,35.78125,50.70000000000005,211,32,256,gpu,static_chunked,gpu,identity,0,0.01556819975376129,0.0,0.0,0.2347530098631978,0.1364130002912134,0.2503212096169591,1.0,1.0,9.5367431640625e-07
fp16,32,64,8,32,256,0.8,0.6,0.5,0.5,1.3,1,1145,35.78125,50.70000000000005,211,32,256,gpu,persistent_chunked,gpu,identity,1,0.022248199582099913,0.0,0.0,0.2347530098631978,0.1364130002912134,0.2570012094452977,0.6997509931674154,0.9740079050882426,9.5367431640625e-07
fp16,32,64,8,32,256,0.8,0.6,0.5,0.5,1.3,1,1145,35.78125,50.70000000000005,211,32,256,gpu,persistent_chunked,gpu,identity,4,0.02822830080986023,0.0,0.0,0.2347530098631978,0.1364130002912134,0.262981310673058,0.5515103391672542,0.9518593126496424,0.0
fp16,32,64,8,32,256,0.8,0.6,0.5,0.5,1.3,1,1145,35.78125,50.70000000000005,211,32,256,gpu,static_chunked,gpu,bucket,0,0.0154680997133255,0.0,0.0,0.21233900042716414,0.1364130002912134,0.22780710014048963,1.0064713857740104,1.09882970926975,0.0
fp16,32,64,8,32,256,0.8,0.6,0.5,0.5,1.3,1,1145,35.78125,50.70000000000005,211,32,256,gpu,persistent_chunked,gpu,bucket,1,0.02231220006942749,0.0,0.0,0.21233900042716414,0.1364130002912134,0.23465120049659163,0.6977438220040466,1.0667800083153423,9.5367431640625e-07
fp16,32,64,8,32,256,0.8,0.6,0.5,0.5,1.3,1,1145,35.78125,50.70000000000005,211,32,256,gpu,persistent_chunked,gpu,bucket,4,0.028480300307273866,0.0,0.0,0.21233900042716414,0.1364130002912134,0.240819300734438,0.5466304633657664,1.0394565919489953,9.5367431640625e-07
fp16,32,64,8,32,256,0.8,0.6,0.5,0.5,1.3,2,959,29.96875,56.80000000000001,211,32,48,gpu,static_chunked,gpu,identity,0,0.015536099672317505,0.0,0.0,0.23126500309444964,0.13517000479623675,0.24680110276676714,1.0,1.0,0.0
fp16,32,64,8,32,256,0.8,0.6,0.5,0.5,1.3,2,959,29.96875,56.80000000000001,211,32,48,gpu,persistent_chunked,gpu,identity,1,0.025080299377441405,0.0,0.0,0.23126500309444964,0.13517000479623675,0.256345302471891,0.6194543150585963,0.9627681895744103,0.0
fp16,32,64,8,32,256,0.8,0.6,0.5,0.5,1.3,2,959,29.96875,56.80000000000001,211,32,48,gpu,persistent_chunked,gpu,identity,4,0.02743229866027832,0.0,0.0,0.23126500309444964,0.13517000479623675,0.25869730175472794,0.5663433409178216,0.9540149862125751,0.0
fp16,32,64,8,32,256,0.8,0.6,0.5,0.5,1.3,2,959,29.96875,56.80000000000001,211,32,48,gpu,static_chunked,gpu,bucket,0,0.015372200310230255,0.0,0.0,0.22522300423588604,0.13517000479623675,0.2405952045461163,1.0106620626051934,1.0257939397934315,0.0
fp16,32,64,8,32,256,0.8,0.6,0.5,0.5,1.3,2,959,29.96875,56.80000000000001,211,32,48,gpu,persistent_chunked,gpu,bucket,1,0.02473219931125641,0.0,0.0,0.22522300423588604,0.13517000479623675,0.24995520354714246,0.6281729933029665,0.9873813357929137,0.0
fp16,32,64,8,32,256,0.8,0.6,0.5,0.5,1.3,2,959,29.96875,56.80000000000001,211,32,48,gpu,persistent_chunked,gpu,bucket,4,0.028072300553321838,0.0,0.0,0.22522300423588604,0.13517000479623675,0.25329530478920786,0.5534316520588511,0.9743611432993391,0.0
fp16,32,64,8,32,256,0.8,0.6,0.5,0.5,1.3,2,959,29.96875,56.80000000000001,211,32,256,gpu,static_chunked,gpu,identity,0,0.015360100567340851,0.0,0.0,0.22922000789549202,0.13573099568020552,0.24458010846283287,1.0,1.0,0.0
fp16,32,64,8,32,256,0.8,0.6,0.5,0.5,1.3,2,959,29.96875,56.80000000000001,211,32,256,gpu,persistent_chunked,gpu,identity,1,0.022036199271678925,0.0,0.0,0.22922000789549202,0.13573099568020552,0.25125620716717095,0.6970394657431582,0.9734291193057125,0.0
fp16,32,64,8,32,256,0.8,0.6,0.5,0.5,1.3,2,959,29.96875,56.80000000000001,211,32,256,gpu,persistent_chunked,gpu,identity,4,0.027500298619270325,0.0,0.0,0.22922000789549202,0.13573099568020552,0.25672030651476235,0.5585430463863235,0.9527104099525864,0.0
fp16,32,64,8,32,256,0.8,0.6,0.5,0.5,1.3,2,959,29.96875,56.80000000000001,211,32,256,gpu,static_chunked,gpu,bucket,0,0.01533609926700592,0.0,0.0,0.21130600362084806,0.13573099568020552,0.22664210288785397,1.0015650198865476,1.0791468370016621,0.0
fp16,32,64,8,32,256,0.8,0.6,0.5,0.5,1.3,2,959,29.96875,56.80000000000001,211,32,256,gpu,persistent_chunked,gpu,bucket,1,0.022084200382232667,0.0,0.0,0.21130600362084806,0.13573099568020552,0.23339020400308072,0.6955244157129847,1.04794504768334,0.0
fp16,32,64,8,32,256,0.8,0.6,0.5,0.5,1.3,2,959,29.96875,56.80000000000001,211,32,256,gpu,persistent_chunked,gpu,bucket,4,0.027992299199104308,0.0,0.0,0.21130600362084806,0.13573099568020552,0.23929830281995237,0.5487259355898976,1.0220720564276402,0.0
fp16,32,64,8,32,256,0.95,0.6,0.5,0.5,1.3,0,1026,32.0625,71.00000000000003,131,32,48,cpu,static_chunked,cpu,identity,0,0.015508200228214263,0.7941079966258258,0.5791550065623596,0.0,0.0,1.3887712034163997,1.0,1.0,0.0
fp16,32,64,8,32,256,0.95,0.6,0.5,0.5,1.3,0,1026,32.0625,71.00000000000003,131,32,48,cpu,static_chunked,gpu,identity,0,0.01533609926700592,0.3337319940328598,0.4213409993099049,0.08075599907897413,0.0,0.8511650916887448,1.0112219514370646,1.6316120303536221,0.0
fp16,32,64,8,32,256,0.95,0.6,0.5,0.5,1.3,0,1026,32.0625,71.00000000000003,131,32,48,cpu,persistent_chunked,cpu,identity,1,0.02515229880809784,0.7941079966258258,0.5791550065623596,0.0,0.0,1.3984153019962833,0.6165718826154118,0.9931035518803918,0.0
fp16,32,64,8,32,256,0.95,0.6,0.5,0.5,1.3,0,1026,32.0625,71.00000000000003,131,32,48,cpu,persistent_chunked,gpu,identity,1,0.025372201204299928,0.3337319940328598,0.4213409993099049,0.08075599907897413,0.0,0.8612011936260388,0.6112280169678784,1.6125978617947072,0.0
fp16,32,64,8,32,256,0.95,0.6,0.5,0.5,1.3,0,1026,32.0625,71.00000000000003,131,32,48,cpu,persistent_chunked,cpu,identity,4,0.02751230001449585,0.7941079966258258,0.5791550065623596,0.0,0.0,1.4007753032026813,0.5636824336766904,0.991430388757686,0.0
fp16,32,64,8,32,256,0.95,0.6,0.5,0.5,1.3,0,1026,32.0625,71.00000000000003,131,32,48,cpu,persistent_chunked,gpu,identity,4,0.02751230001449585,0.3337319940328598,0.4213409993099049,0.08075599907897413,0.0,0.8633412924362347,0.5636824336766904,1.6086004637835305,0.0
fp16,32,64,8,32,256,0.95,0.6,0.5,0.5,1.3,0,1026,32.0625,71.00000000000003,131,32,48,cpu,static_chunked,cpu,sorted,0,0.015420199930667877,0.8408579888055101,0.5698370077880099,0.0,0.0,1.4261151965241878,1.0057068194927468,0.9738141819126498,0.0
fp16,32,64,8,32,256,0.95,0.6,0.5,0.5,1.3,0,1026,32.0625,71.00000000000003,131,32,48,cpu,static_chunked,gpu,sorted,0,0.01528410017490387,0.3570669941836968,0.41784501809161156,0.08026399882510304,0.0,0.8704601112753153,1.0146622994318213,1.5954449668942374,0.0
fp16,32,64,8,32,256,0.95,0.6,0.5,0.5,1.3,0,1026,32.0625,71.00000000000003,131,32,48,cpu,persistent_chunked,cpu,sorted,1,0.024276299774646758,0.8408579888055101,0.5698370077880099,0.0,0.0,1.434971296368167,0.6388205934254625,0.9678041692759312,0.0
fp16,32,64,8,32,256,0.95,0.6,0.5,0.5,1.3,0,1026,32.0625,71.00000000000003,131,32,48,cpu,persistent_chunked,gpu,sorted,1,0.024476200342178345,0.3570669941836968,0.41784501809161156,0.08026399882510304,0.0,0.8796522114425898,0.6336032558734178,1.5787730484288534,0.0
fp16,32,64,8,32,256,0.95,0.6,0.5,0.5,1.3,0,1026,32.0625,71.00000000000003,131,32,48,cpu,persistent_chunked,cpu,sorted,4,0.02791230082511902,0.8408579888055101,0.5698370077880099,0.0,0.0,1.438607297418639,0.5556045101899312,0.965358097312823,0.0
fp16,32,64,8,32,256,0.95,0.6,0.5,0.5,1.3,0,1026,32.0625,71.00000000000003,131,32,48,cpu,persistent_chunked,gpu,sorted,4,0.028156301379203795,0.3570669941836968,0.41784501809161156,0.08026399882510304,0.0,0.8833323124796152,0.5507896800560814,1.5721956321488564,0.0
fp16,32,64,8,32,256,0.95,0.6,0.5,0.5,1.3,0,1026,32.0625,71.00000000000003,131,32,256,cpu,static_chunked,cpu,identity,0,0.015368199348449707,0.753679996705614,0.44567800068762153,0.0,0.0,1.2147261967416854,1.0,1.0,0.0
fp16,32,64,8,32,256,0.95,0.6,0.5,0.5,1.3,0,1026,32.0625,71.00000000000003,131,32,256,cpu,static_chunked,gpu,identity,0,0.015268099308013917,0.2808900026138872,0.2880550018744543,0.08034499478526413,0.0,0.6645580985816195,1.0065561559704586,1.8278705794637087,0.0
fp16,32,64,8,32,256,0.95,0.6,0.5,0.5,1.3,0,1026,32.0625,71.00000000000003,131,32,256,cpu,persistent_chunked,cpu,identity,1,0.022088199853897095,0.753679996705614,0.44567800068762153,0.0,0.0,1.2214461972471327,0.695765134782509,0.9944983245921165,0.0
fp16,32,64,8,32,256,0.95,0.6,0.5,0.5,1.3,0,1026,32.0625,71.00000000000003,131,32,256,cpu,persistent_chunked,gpu,identity,1,0.022196200489997864,0.2808900026138872,0.2880550018744543,0.08034499478526413,0.0,0.6714861997636035,0.6923797320795955,1.809011409570784,0.0
fp16,32,64,8,32,256,0.95,0.6,0.5,0.5,1.3,0,1026,32.0625,71.00000000000003,131,32,256,cpu,persistent_chunked,cpu,identity,4,0.02753230035305023,0.753679996705614,0.44567800068762153,0.0,0.0,1.2268902977462859,0.5581879883402879,0.9900854208180265,0.0
fp16,32,64,8,32,256,0.95,0.6,0.5,0.5,1.3,0,1026,32.0625,71.00000000000003,131,32,256,cpu,persistent_chunked,gpu,identity,4,0.027500298619270325,0.2808900026138872,0.2880550018744543,0.08034499478526413,0.0,0.6767902978928759,0.5588375443196361,1.7948339397352817,0.0
fp16,32,64,8,32,256,0.95,0.6,0.5,0.5,1.3,0,1026,32.0625,71.00000000000003,131,32,256,cpu,static_chunked,cpu,sorted,0,0.015340100228786468,0.7901000062702224,0.43527800880838186,0.0,0.0,1.2407181153073907,1.0018317428989487,0.9790509074986257,0.0
fp16,32,64,8,32,256,0.95,0.6,0.5,0.5,1.3,0,1026,32.0625,71.00000000000003,131,32,256,cpu,static_chunked,gpu,sorted,0,0.01528010070323944,0.29565799923148006,0.28464900969993323,0.07873099821154028,0.0,0.6743181078461931,1.0057655801438266,1.8014141732328437,0.0
fp16,32,64,8,32,256,0.95,0.6,0.5,0.5,1.3,0,1026,32.0625,71.00000000000003,131,32,256,cpu,persistent_chunked,cpu,sorted,1,0.022064200043678282,0.7901000062702224,0.43527800880838186,0.0,0.0,1.2474422151222826,0.6965219368038191,0.9737735199402482,0.0
fp16,32,64,8,32,256,0.95,0.6,0.5,0.5,1.3,0,1026,32.0625,71.00000000000003,131,32,256,cpu,persistent_chunked,gpu,sorted,1,0.022088199853897095,0.29565799923148006,0.28464900969993323,0.07873099821154028,0.0,0.6811262069968507,0.695765134782509,1.7834083966575403,0.0
fp16,32,64,8,32,256,0.95,0.6,0.5,0.5,1.3,0,1026,32.0625,71.00000000000003,131,32,256,cpu,persistent_chunked,cpu,sorted,4,0.028024300932884216,0.7901000062702224,0.43527800880838186,0.0,0.0,1.2534023160114884,0.5483883214519862,0.9691430925443985,0.0
fp16,32,64,8,32,256,0.95,0.6,0.5,0.5,1.3,0,1026,32.0625,71.00000000000003,131,32,256,cpu,persistent_chunked,gpu,sorted,4,0.027896299958229065,0.29565799923148006,0.28464900969993323,0.07873099821154028,0.0,0.6869343071011826,0.5509045777203968,1.7683294955346598,0.0
fp16,32,64,8,32,256,0.95,0.6,0.5,0.5,1.3,1,1027,32.09375,41.900000000000006,199,32,48,cpu,static_chunked,cpu,identity,0,0.017044200003147124,0.7768549985485151,0.41488900023978204,0.0,0.0,1.2087881987914444,1.0,1.0,0.0
fp16,32,64,8,32,256,0.95,0.6,0.5,0.5,1.3,1,1027,32.09375,41.900000000000006,199,32,48,cpu,static_chunked,gpu,identity,0,0.015500099956989288,0.2564030000939965,0.27178200252819806,0.09115600551012903,0.0,0.6348411080893129,1.0996187153916754,1.9040799081671715,0.0
fp16,32,64,8,32,256,0.95,0.6,0.5,0.5,1.3,1,1027,32.09375,41.900000000000006,199,32,48,cpu,persistent_chunked,cpu,identity,1,0.02820430099964142,0.7768549985485151,0.41488900023978204,0.0,0.0,1.2199482997879385,0.6043120871303925,0.9908519885650613,3.814697265625e-06
fp16,32,64,8,32,256,0.95,0.6,0.5,0.5,1.3,1,1027,32.09375,41.900000000000006,199,32,48,cpu,persistent_chunked,gpu,identity,1,0.026408299803733826,0.2564030000939965,0.27178200252819806,0.09115600551012903,0.0,0.6457493079360574,0.6454107280597168,1.8719155931501819,0.0
fp16,32,64,8,32,256,0.95,0.6,0.5,0.5,1.3,1,1027,32.09375,41.900000000000006,199,32,48,cpu,persistent_chunked,cpu,identity,4,0.0276201993227005,0.7768549985485151,0.41488900023978204,0.0,0.0,1.2193641981109977,0.6170918538281087,0.9913266279787963,7.62939453125e-06
fp16,32,64,8,32,256,0.95,0.6,0.5,0.5,1.3,1,1027,32.09375,41.900000000000006,199,32,48,cpu,persistent_chunked,gpu,identity,4,0.02751629948616028,0.2564030000939965,0.27178200252819806,0.09115600551012903,0.0,0.6468573076184839,0.6194219543118343,1.8687091952965722,7.62939453125e-06
fp16,32,64,8,32,256,0.95,0.6,0.5,0.5,1.3,1,1027,32.09375,41.900000000000006,199,32,48,cpu,static_chunked,cpu,sorted,0,0.016388200223445892,0.7904709927970544,0.4027050017612055,0.0,0.0,1.2095641947817057,1.0400287872223284,0.9993584499329518,7.62939453125e-06
fp16,32,64,8,32,256,0.95,0.6,0.5,0.5,1.3,1,1027,32.09375,41.900000000000006,199,32,48,cpu,static_chunked,gpu,sorted,0,0.015296199917793274,0.27069999487139285,0.25299700791947544,0.07971299055498093,0.0,0.6187061932636425,1.1142767546677061,1.9537354110117282,3.814697265625e-06
fp16,32,64,8,32,256,0.95,0.6,0.5,0.5,1.3,1,1027,32.09375,41.900000000000006,199,32,48,cpu,persistent_chunked,cpu,sorted,1,0.02550419867038727,0.7904709927970544,0.4027050017612055,0.0,0.0,1.218680193228647,0.6682899636810395,0.9918830268251133,0.0
fp16,32,64,8,32,256,0.95,0.6,0.5,0.5,1.3,1,1027,32.09375,41.900000000000006,199,32,48,cpu,persistent_chunked,gpu,sorted,1,0.025620299577713012,0.27069999487139285,0.25299700791947544,0.07971299055498093,0.0,0.6290302929235623,0.6652615419834434,1.9216692938162399,7.62939453125e-06
fp16,32,64,8,32,256,0.95,0.6,0.5,0.5,1.3,1,1027,32.09375,41.900000000000006,199,32,48,cpu,persistent_chunked,cpu,sorted,4,0.027928298711776732,0.7904709927970544,0.4027050017612055,0.0,0.0,1.2211042932700367,0.610284220282991,0.9899139700462353,0.0
fp16,32,64,8,32,256,0.95,0.6,0.5,0.5,1.3,1,1027,32.09375,41.900000000000006,199,32,48,cpu,persistent_chunked,gpu,sorted,4,0.02802020013332367,0.27069999487139285,0.25299700791947544,0.07971299055498093,0.0,0.6314301934791728,0.6082825933451101,1.9143655328406706,0.0
fp16,32,64,8,32,256,0.95,0.6,0.5,0.5,1.3,1,1027,32.09375,41.900000000000006,199,32,256,cpu,static_chunked,cpu,identity,0,0.015448200702667236,0.7828270026948303,0.4159300005994737,0.0,0.0,1.2142052039969713,1.0,1.0,0.0
fp16,32,64,8,32,256,0.95,0.6,0.5,0.5,1.3,1,1027,32.09375,41.900000000000006,199,32,256,cpu,static_chunked,gpu,identity,0,0.015496100485324859,0.26116300432477146,0.25560198992025107,0.07956400804687291,0.0,0.6118251027772204,0.9969089137810518,1.9845625792165174,0.0
fp16,32,64,8,32,256,0.95,0.6,0.5,0.5,1.3,1,1027,32.09375,41.900000000000006,199,32,256,cpu,persistent_chunked,cpu,identity,1,0.022304199635982513,0.7828270026948303,0.4159300005994737,0.0,0.0,1.2210612029302865,0.6926139899566377,0.9943852127011633,0.0
fp16,32,64,8,32,256,0.95,0.6,0.5,0.5,1.3,1,1027,32.09375,41.900000000000006,199,32,256,cpu,persistent_chunked,gpu,identity,1,0.02226019948720932,0.26116300432477146,0.25560198992025107,0.07956400804687291,0.0,0.6185892017791048,0.6939830306347322,1.9628619453828715,0.0
fp16,32,64,8,32,256,0.95,0.6,0.5,0.5,1.3,1,1027,32.09375,41.900000000000006,199,32,256,cpu,persistent_chunked,cpu,identity,4,0.027476298809051513,0.7828270026948303,0.4159300005994737,0.0,0.0,1.2262333021033556,0.5622373235211046,0.9901910198607781,7.62939453125e-06
fp16,32,64,8,32,256,0.95,0.6,0.5,0.5,1.3,1,1027,32.09375,41.900000000000006,199,32,256,cpu,persistent_chunked,gpu,identity,4,0.027472299337387086,0.26116300432477146,0.25560198992025107,0.07956400804687291,0.0,0.6238013016292825,0.5623191751424956,1.9464614787202843,7.62939453125e-06
fp16,32,64,8,32,256,0.95,0.6,0.5,0.5,1.3,1,1027,32.09375,41.900000000000006,199,32,256,cpu,static_chunked,cpu,sorted,0,0.015368199348449707,0.7965630065882578,0.4127950087422505,0.0,0.0,1.2247262146789581,1.0052056426653262,0.991409499889945,3.814697265625e-06
fp16,32,64,8,32,256,0.95,0.6,0.5,0.5,1.3,1,1027,32.09375,41.900000000000006,199,32,256,cpu,static_chunked,gpu,sorted,0,0.015496100485324859,0.27580100868362933,0.26131299091503024,0.07846100197639316,0.0,0.6310711020603776,0.9969089137810518,1.9240386701795171,0.0
fp16,32,64,8,32,256,0.95,0.6,0.5,0.5,1.3,1,1027,32.09375,41.900000000000006,199,32,256,cpu,persistent_chunked,cpu,sorted,1,0.02202419936656952,0.7965630065882578,0.4127950087422505,0.0,0.0,1.2313822146970779,0.7014193998859284,0.9860506262839502,7.62939453125e-06
fp16,32,64,8,32,256,0.95,0.6,0.5,0.5,1.3,1,1027,32.09375,41.900000000000006,199,32,256,cpu,persistent_chunked,gpu,sorted,1,0.0220441997051239,0.27580100868362933,0.26131299091503024,0.07846100197639316,0.0,0.6376192012801767,0.7007830136412933,1.9042795473523335,7.62939453125e-06
fp16,32,64,8,32,256,0.95,0.6,0.5,0.5,1.3,1,1027,32.09375,41.900000000000006,199,32,256,cpu,persistent_chunked,cpu,sorted,4,0.02786029875278473,0.7965630065882578,0.4127950087422505,0.0,0.0,1.237218314083293,0.5544879773094011,0.9813993134240232,0.0
fp16,32,64,8,32,256,0.95,0.6,0.5,0.5,1.3,1,1027,32.09375,41.900000000000006,199,32,256,cpu,persistent_chunked,gpu,sorted,4,0.02799629867076874,0.27580100868362933,0.26131299091503024,0.07846100197639316,0.0,0.6435713002458214,0.5517943955497546,1.8866677297965089,0.0
fp16,32,64,8,32,256,0.95,0.6,0.5,0.5,1.3,2,1014,31.6875,33.900000000000006,256,32,48,cpu,static_chunked,cpu,identity,0,0.0171082004904747,0.7759740110486746,0.44257099216338247,0.0,0.0,1.2356532037025318,1.0,1.0,0.0
fp16,32,64,8,32,256,0.95,0.6,0.5,0.5,1.3,2,1014,31.6875,33.900000000000006,256,32,48,cpu,static_chunked,gpu,identity,0,0.01560010015964508,0.26645300386007875,0.28319499688223004,0.0797039974713698,0.0,0.6449520983733237,1.0966724774454224,1.9158836862753907,0.0
fp16,32,64,8,32,256,0.95,0.6,0.5,0.5,1.3,2,1014,31.6875,33.900000000000006,256,32,48,cpu,persistent_chunked,cpu,identity,1,0.025320300459861757,0.7759740110486746,0.44257099216338247,0.0,0.0,1.2438653036719187,0.6756713064126139,0.9933979186129361,0.0
fp16,32,64,8,32,256,0.95,0.6,0.5,0.5,1.3,2,1014,31.6875,33.900000000000006,256,32,48,cpu,persistent_chunked,gpu,identity,1,0.025280201435089113,0.26645300386007875,0.28319499688223004,0.0797039974713698,0.0,0.6546321996487677,0.6767430447262334,1.8875533534181506,3.814697265625e-06
fp16,32,64,8,32,256,0.95,0.6,0.5,0.5,1.3,2,1014,31.6875,33.900000000000006,256,32,48,cpu,persistent_chunked,cpu,identity,4,0.02857629954814911,0.7759740110486746,0.44257099216338247,0.0,0.0,1.2471213027602062,0.598684950850566,0.9908043435451769,0.0
fp16,32,64,8,32,256,0.95,0.6,0.5,0.5,1.3,2,1014,31.6875,33.900000000000006,256,32,48,cpu,persistent_chunked,gpu,identity,4,0.02848829925060272,0.26645300386007875,0.28319499688223004,0.0797039974713698,0.0,0.6578402974642813,0.6005342874272407,1.8783482989191977,0.0
fp16,32,64,8,32,256,0.95,0.6,0.5,0.5,1.3,2,1014,31.6875,33.900000000000006,256,32,48,cpu,static_chunked,cpu,sorted,0,0.015496100485324859,0.7989389996509999,0.4408489912748337,0.0,0.0,1.2552840914111585,1.1040326246384717,0.9843613984731073,0.0
fp16,32,64,8,32,256,0.95,0.6,0.5,0.5,1.3,2,1014,31.6875,33.900000000000006,256,32,48,cpu,static_chunked,gpu,sorted,0,0.015436199307441712,0.2807709970511496,0.2817820059135556,0.07987399294506758,0.0,0.6578631952172145,1.1083168952234845,1.8782829206527378,0.0
fp16,32,64,8,32,256,0.95,0.6,0.5,0.5,1.3,2,1014,31.6875,33.900000000000006,256,32,48,cpu,persistent_chunked,cpu,sorted,1,0.025268200039863586,0.7989389996509999,0.4408489912748337,0.0,0.0,1.2650561909656972,0.6770644708956112,0.976757564230629,0.0
fp16,32,64,8,32,256,0.95,0.6,0.5,0.5,1.3,2,1014,31.6875,33.900000000000006,256,32,48,cpu,persistent_chunked,gpu,sorted,1,0.025352299213409424,0.2807709970511496,0.2817820059135556,0.07987399294506758,0.0,0.6677792951231822,0.6748184985693831,1.850391608015634,0.0
fp16,32,64,8,32,256,0.95,0.6,0.5,0.5,1.3,2,1014,31.6875,33.900000000000006,256,32,48,cpu,persistent_chunked,cpu,sorted,4,0.028912198543548585,0.7989389996509999,0.4408489912748337,0.0,0.0,1.2687001894693821,0.5917294897067658,0.9739520920378583,3.814697265625e-06
fp16,32,64,8,32,256,0.95,0.6,0.5,0.5,1.3,2,1014,31.6875,33.900000000000006,256,32,48,cpu,persistent_chunked,gpu,sorted,4,0.02887220084667206,0.2807709970511496,0.2817820059135556,0.07987399294506758,0.0,0.6712991967564449,0.5925492338228406,1.8406892331659397,3.814697265625e-06
fp16,32,64,8,32,256,0.95,0.6,0.5,0.5,1.3,2,1014,31.6875,33.900000000000006,256,32,256,cpu,static_chunked,cpu,identity,0,0.015616099536418914,0.7769859948894009,0.6524159834953025,0.0,0.0,1.4450180779211224,1.0,1.0,0.0
fp16,32,64,8,32,256,0.95,0.6,0.5,0.5,1.3,2,1014,31.6875,33.900000000000006,256,32,256,cpu,static_chunked,gpu,identity,0,0.015624199807643891,0.2704809885472059,0.49863998719956726,0.08194800466299057,0.0,0.8666931802174076,0.9994815560908908,1.667277545161534,0.0
fp16,32,64,8,32,256,0.95,0.6,0.5,0.5,1.3,2,1014,31.6875,33.900000000000006,256,32,256,cpu,persistent_chunked,cpu,identity,1,0.02225220054388046,0.7769859948894009,0.6524159834953025,0.0,0.0,1.451654178928584,0.7017777637597945,0.9954285937354863,0.0
fp16,32,64,8,32,256,0.95,0.6,0.5,0.5,1.3,2,1014,31.6875,33.900000000000006,256,32,256,cpu,persistent_chunked,gpu,identity,1,0.022304199635982513,0.2704809885472059,0.49863998719956726,0.08194800466299057,0.0,0.8733731800457463,0.700141667994491,1.6545253631963304,0.0
fp16,32,64,8,32,256,0.95,0.6,0.5,0.5,1.3,2,1014,31.6875,33.900000000000006,256,32,256,cpu,persistent_chunked,cpu,identity,4,0.02851629853248596,0.7769859948894009,0.6524159834953025,0.0,0.0,1.4579182769171894,0.5476201449717939,0.9911516309245091,0.0
fp16,32,64,8,32,256,0.95,0.6,0.5,0.5,1.3,2,1014,31.6875,33.900000000000006,256,32,256,cpu,persistent_chunked,gpu,identity,4,0.0286761999130249,0.2704809885472059,0.49863998719956726,0.08194800466299057,0.0,0.8797451803227887,0.5445665598573954,1.642541624827008,0.0
fp16,32,64,8,32,256,0.95,0.6,0.5,0.5,1.3,2,1014,31.6875,33.900000000000006,256,32,256,cpu,static_chunked,cpu,sorted,0,0.015420199930667877,0.7896410097600892,0.6424759922083467,0.0,0.0,1.4475372018991037,1.0127040898711974,0.998259717280719,0.0
fp16,32,64,8,32,256,0.95,0.6,0.5,0.5,1.3,2,1014,31.6875,33.900000000000006,256,32,256,cpu,static_chunked,gpu,sorted,0,0.015528100728988647,0.28580099751707166,0.48915197839960456,0.09926100028678775,0.0,0.8897420769324527,1.0056670683019198,1.6240864800989119,0.0
fp16,32,64,8,32,256,0.95,0.6,0.5,0.5,1.3,2,1014,31.6875,33.900000000000006,256,32,256,cpu,persistent_chunked,cpu,sorted,1,0.025424200296401977,0.7896410097600892,0.6424759922083467,0.0,0.0,1.457541202264838,0.6142218576931562,0.9914080477970323,0.0
fp16,32,64,8,32,256,0.95,0.6,0.5,0.5,1.3,2,1014,31.6875,33.900000000000006,256,32,256,cpu,persistent_chunked,gpu,sorted,1,0.02230820059776306,0.28580099751707166,0.48915197839960456,0.09926100028678775,0.0,0.896522176801227,0.7000160980256206,1.6118040527194961,0.0
fp16,32,64,8,32,256,0.95,0.6,0.5,0.5,1.3,2,1014,31.6875,33.900000000000006,256,32,256,cpu,persistent_chunked,cpu,sorted,4,0.028592199087142944,0.7896410097600892,0.6424759922083467,0.0,0.0,1.4607092010555789,0.5461664382240892,0.9892578734198995,3.814697265625e-06
fp16,32,64,8,32,256,0.95,0.6,0.5,0.5,1.3,2,1014,31.6875,33.900000000000006,256,32,256,cpu,persistent_chunked,gpu,sorted,4,0.028784298896789552,0.28580099751707166,0.48915197839960456,0.09926100028678775,0.0,0.9029982751002535,0.5425214486693873,1.6002445605565438,3.814697265625e-06
fp16,32,64,8,32,256,0.95,0.6,0.5,0.5,1.3,0,629,19.65625,37.7,85,32,48,gpu,static_chunked,gpu,identity,0,0.015196199715137481,0.0,0.0,0.23387001419905573,0.1402000052621588,0.2490662139141932,1.0,1.0,0.0
fp16,32,64,8,32,256,0.95,0.6,0.5,0.5,1.3,0,629,19.65625,37.7,85,32,48,gpu,persistent_chunked,gpu,identity,1,0.0245961993932724,0.0,0.0,0.23387001419905573,0.1402000052621588,0.25846621359232813,0.6178271476890846,0.9636316114687187,0.0
fp16,32,64,8,32,256,0.95,0.6,0.5,0.5,1.3,0,629,19.65625,37.7,85,32,48,gpu,persistent_chunked,gpu,identity,4,0.02636429965496063,0.0,0.0,0.23387001419905573,0.1402000052621588,0.26023431385401635,0.5763930737404666,0.9570844452661684,0.0
fp16,32,64,8,32,256,0.95,0.6,0.5,0.5,1.3,0,629,19.65625,37.7,85,32,48,gpu,static_chunked,gpu,bucket,0,0.015376199781894685,0.0,0.0,0.2155149995815009,0.1402000052621588,0.23089119936339558,0.9882935920896949,1.0787167921553922,0.0
fp16,32,64,8,32,256,0.95,0.6,0.5,0.5,1.3,0,629,19.65625,37.7,85,32,48,gpu,persistent_chunked,gpu,bucket,1,0.02406820058822632,0.0,0.0,0.2155149995815009,0.1402000052621588,0.2395832001697272,0.6313807988857778,1.0395812967593219,0.0
fp16,32,64,8,32,256,0.95,0.6,0.5,0.5,1.3,0,629,19.65625,37.7,85,32,48,gpu,persistent_chunked,gpu,bucket,4,0.027056300640106203,0.0,0.0,0.2155149995815009,0.1402000052621588,0.24257130022160708,0.561651051903666,1.0267752767398803,0.0
fp16,32,64,8,32,256,0.95,0.6,0.5,0.5,1.3,0,629,19.65625,37.7,85,32,256,gpu,static_chunked,gpu,identity,0,0.015276199579238892,0.0,0.0,0.23255799897015095,0.1372539991280064,0.24783419854938984,1.0,1.0,0.0
fp16,32,64,8,32,256,0.95,0.6,0.5,0.5,1.3,0,629,19.65625,37.7,85,32,256,gpu,persistent_chunked,gpu,identity,1,0.02186020016670227,0.0,0.0,0.23255799897015095,0.1372539991280064,0.2544181991368532,0.6988133440108105,0.9741213458400364,0.0
fp16,32,64,8,32,256,0.95,0.6,0.5,0.5,1.3,0,629,19.65625,37.7,85,32,256,gpu,persistent_chunked,gpu,identity,4,0.026148301362991334,0.0,0.0,0.23255799897015095,0.1372539991280064,0.2587063003331423,0.5842138411659836,0.9579751178469478,0.0
fp16,32,64,8,32,256,0.95,0.6,0.5,0.5,1.3,0,629,19.65625,37.7,85,32,256,gpu,static_chunked,gpu,bucket,0,0.015164199471473693,0.0,0.0,0.21264899987727404,0.1372539991280064,0.22781319934874772,1.0073858239583229,1.087883402971717,0.0
fp16,32,64,8,32,256,0.95,0.6,0.5,0.5,1.3,0,629,19.65625,37.7,85,32,256,gpu,persistent_chunked,gpu,bucket,1,0.021900199353694916,0.0,0.0,0.21264899987727404,0.1372539991280064,0.23454919923096895,0.6975370101670582,1.0566405656552196,0.0
fp16,32,64,8,32,256,0.95,0.6,0.5,0.5,1.3,0,629,19.65625,37.7,85,32,256,gpu,persistent_chunked,gpu,bucket,4,0.027048298716545106,0.0,0.0,0.21264899987727404,0.1372539991280064,0.23969729859381914,0.5647748769461286,1.0339465651190303,0.0
fp16,32,64,8,32,256,0.95,0.6,0.5,0.5,1.3,1,1169,36.53125,53.400000000000055,245,32,48,gpu,static_chunked,gpu,identity,0,0.015652200579643248,0.0,0.0,0.23051300377119333,0.13682300050277263,0.24616520435083658,1.0,1.0,1.52587890625e-05
fp16,32,64,8,32,256,0.95,0.6,0.5,0.5,1.3,1,1169,36.53125,53.400000000000055,245,32,48,gpu,persistent_chunked,gpu,identity,1,0.025532200932502747,0.0,0.0,0.23051300377119333,0.13682300050277263,0.25604520470369607,0.6130376547255604,0.9614130623368129,1.52587890625e-05
fp16,32,64,8,32,256,0.95,0.6,0.5,0.5,1.3,1,1169,36.53125,53.400000000000055,245,32,48,gpu,persistent_chunked,gpu,identity,4,0.02860429883003235,0.0,0.0,0.23051300377119333,0.13682300050277263,0.2591173026012257,0.5471974919801084,0.9500145373529069,7.62939453125e-06
fp16,32,64,8,32,256,0.95,0.6,0.5,0.5,1.3,1,1169,36.53125,53.400000000000055,245,32,48,gpu,static_chunked,gpu,bucket,0,0.015672099590301514,0.0,0.0,0.21169699903111905,0.13682300050277263,0.22736909862142057,0.9987302906963034,1.0826678112521892,0.0
fp16,32,64,8,32,256,0.95,0.6,0.5,0.5,1.3,1,1169,36.53125,53.400000000000055,245,32,48,gpu,persistent_chunked,gpu,bucket,1,0.02563230097293854,0.0,0.0,0.21169699903111905,0.13682300050277263,0.23732930000405758,0.6106436014530321,1.037230566755255,1.52587890625e-05
fp16,32,64,8,32,256,0.95,0.6,0.5,0.5,1.3,1,1169,36.53125,53.400000000000055,245,32,48,gpu,persistent_chunked,gpu,bucket,4,0.028376299142837524,0.0,0.0,0.21169699903111905,0.13682300050277263,0.24007329817395656,0.5515941490768371,1.0253751925899974,1.52587890625e-05
fp16,32,64,8,32,256,0.95,0.6,0.5,0.5,1.3,1,1169,36.53125,53.400000000000055,245,32,256,gpu,static_chunked,gpu,identity,0,0.015768200159072876,0.0,0.0,0.23013299505691975,0.1360220048809424,0.24590119521599263,1.0,1.0,1.52587890625e-05
fp16,32,64,8,32,256,0.95,0.6,0.5,0.5,1.3,1,1169,36.53125,53.400000000000055,245,32,256,gpu,persistent_chunked,gpu,identity,1,0.0224481999874115,0.0,0.0,0.23013299505691975,0.1360220048809424,0.25258119504433124,0.7024260371840667,0.9735530595333267,1.52587890625e-05
fp16,32,64,8,32,256,0.95,0.6,0.5,0.5,1.3,1,1169,36.53125,53.400000000000055,245,32,256,gpu,persistent_chunked,gpu,identity,4,0.028528299927711488,0.0,0.0,0.23013299505691975,0.1360220048809424,0.25866129498463125,0.5527213398284608,0.9506686929353045,7.62939453125e-06
fp16,32,64,8,32,256,0.95,0.6,0.5,0.5,1.3,1,1169,36.53125,53.400000000000055,245,32,256,gpu,static_chunked,gpu,bucket,0,0.01549219936132431,0.0,0.0,0.21069600188639015,0.1360220048809424,0.22618820124771447,1.017815469018401,1.0871530604140094,1.52587890625e-05
fp16,32,64,8,32,256,0.95,0.6,0.5,0.5,1.3,1,1169,36.53125,53.400000000000055,245,32,256,gpu,persistent_chunked,gpu,bucket,1,0.022112199664115907,0.0,0.0,0.21069600188639015,0.1360220048809424,0.23280820155050605,0.7130995739271389,1.0562394004089506,3.814697265625e-06
fp16,32,64,8,32,256,0.95,0.6,0.5,0.5,1.3,1,1169,36.53125,53.400000000000055,245,32,256,gpu,persistent_chunked,gpu,bucket,4,0.028536298871040346,0.0,0.0,0.21069600188639015,0.1360220048809424,0.2392323007574305,0.5525664077998219,1.027876229244328,1.52587890625e-05
fp16,32,64,8,32,256,0.95,0.6,0.5,0.5,1.3,2,946,29.5625,61.800000000000004,245,32,48,gpu,static_chunked,gpu,identity,0,0.015640099346637727,0.0,0.0,0.21418099640868604,0.13534999743569642,0.22982109575532378,1.0,1.0,0.0
fp16,32,64,8,32,256,0.95,0.6,0.5,0.5,1.3,2,946,29.5625,61.800000000000004,245,32,48,gpu,persistent_chunked,gpu,identity,1,0.025344300270080566,0.0,0.0,0.21418099640868604,0.13534999743569642,0.2395252966787666,0.6171051944606719,0.9594856950059126,0.0
fp16,32,64,8,32,256,0.95,0.6,0.5,0.5,1.3,2,946,29.5625,61.800000000000004,245,32,48,gpu,persistent_chunked,gpu,identity,4,0.028272300958633423,0.0,0.0,0.21418099640868604,0.13534999743569642,0.24245329736731946,0.5531951350377006,0.947898412811199,3.814697265625e-06
fp16,32,64,8,32,256,0.95,0.6,0.5,0.5,1.3,2,946,29.5625,61.800000000000004,245,32,48,gpu,static_chunked,gpu,bucket,0,0.01552020013332367,0.0,0.0,0.216625994653441,0.13534999743569642,0.23214619478676468,1.0077253651553513,0.9899843327883251,0.0
fp16,32,64,8,32,256,0.95,0.6,0.5,0.5,1.3,2,946,29.5625,61.800000000000004,245,32,48,gpu,persistent_chunked,gpu,bucket,1,0.025008198618888856,0.0,0.0,0.216625994653441,0.13534999743569642,0.24163419327232988,0.625398877583476,0.9511116479127921,0.0
fp16,32,64,8,32,256,0.95,0.6,0.5,0.5,1.3,2,946,29.5625,61.800000000000004,245,32,48,gpu,persistent_chunked,gpu,bucket,4,0.028052198886871337,0.0,0.0,0.216625994653441,0.13534999743569642,0.24467819354031234,0.5575355931886474,0.9392790278119298,3.814697265625e-06
fp16,32,64,8,32,256,0.95,0.6,0.5,0.5,1.3,2,946,29.5625,61.800000000000004,245,32,256,gpu,static_chunked,gpu,identity,0,0.015452100336551667,0.0,0.0,0.22725699818693101,0.1337569992756471,0.24270909852348269,1.0,1.0,0.0
fp16,32,64,8,32,256,0.95,0.6,0.5,0.5,1.3,2,946,29.5625,61.800000000000004,245,32,256,gpu,persistent_chunked,gpu,identity,1,0.022204199433326723,0.0,0.0,0.22725699818693101,0.1337569992756471,0.24946119762025773,0.6959089150207912,0.9729332691368963,0.0
fp16,32,64,8,32,256,0.95,0.6,0.5,0.5,1.3,2,946,29.5625,61.800000000000004,245,32,256,gpu,persistent_chunked,gpu,identity,4,0.028052300214767456,0.0,0.0,0.22725699818693101,0.1337569992756471,0.25530929840169847,0.5508318468806804,0.9506473130548074,3.814697265625e-06
fp16,32,64,8,32,256,0.95,0.6,0.5,0.5,1.3,2,946,29.5625,61.800000000000004,245,32,256,gpu,static_chunked,gpu,bucket,0,0.015244099497795104,0.0,0.0,0.2078099932987243,0.1337569992756471,0.2230540927965194,1.0136446786369144,1.088117664556344,0.0
fp16,32,64,8,32,256,0.95,0.6,0.5,0.5,1.3,2,946,29.5625,61.800000000000004,245,32,256,gpu,persistent_chunked,gpu,bucket,1,0.02207220047712326,0.0,0.0,0.2078099932987243,0.1337569992756471,0.22988219377584757,0.7000706772560806,1.0557977307287327,0.0
fp16,32,64,8,32,256,0.95,0.6,0.5,0.5,1.3,2,946,29.5625,61.800000000000004,245,32,256,gpu,persistent_chunked,gpu,bucket,4,0.027976301312446595,0.0,0.0,0.2078099932987243,0.1337569992756471,0.2357862946111709,0.5523282067911194,1.0293605017362353,3.814697265625e-06
fp16,128,64,8,32,256,0.8,0.6,0.5,0.5,1.3,0,3548,27.71875,49.79999999999998,256,32,48,cpu,static_chunked,cpu,identity,0,0.016904200613498687,2.0296450093155727,0.7027219980955124,0.0,0.0,2.7492712080245836,1.0,1.0,3.814697265625e-06
fp16,128,64,8,32,256,0.8,0.6,0.5,0.5,1.3,0,3548,27.71875,49.79999999999998,256,32,48,cpu,static_chunked,gpu,identity,0,0.01695619970560074,0.4170320025878027,0.3942680050386116,0.07906199607532471,0.0,0.9073182034073397,0.9969333286346659,3.030106965450467,7.62939453125e-06
fp16,128,64,8,32,256,0.8,0.6,0.5,0.5,1.3,0,3548,27.71875,49.79999999999998,256,32,48,cpu,persistent_chunked,cpu,identity,1,0.037048399448394775,2.0296450093155727,0.7027219980955124,0.0,0.0,2.76941540685948,0.45627343866891684,0.992726190955318,0.0
fp16,128,64,8,32,256,0.8,0.6,0.5,0.5,1.3,0,3548,27.71875,49.79999999999998,256,32,48,cpu,persistent_chunked,gpu,identity,1,0.03715640008449554,0.4170320025878027,0.3942680050386116,0.07906199607532471,0.0,0.9275184037862345,0.45494721165284246,2.9641149941626486,7.62939453125e-06
fp16,128,64,8,32,256,0.8,0.6,0.5,0.5,1.3,0,3548,27.71875,49.79999999999998,256,32,48,cpu,persistent_chunked,cpu,identity,4,0.036376398801803586,2.0296450093155727,0.7027219980955124,0.0,0.0,2.768743406212889,0.4647024216333519,0.9929671351470812,7.62939453125e-06
fp16,128,64,8,32,256,0.8,0.6,0.5,0.5,1.3,0,3548,27.71875,49.79999999999998,256,32,48,cpu,persistent_chunked,gpu,identity,4,0.03637630045413971,0.4170320025878027,0.3942680050386116,0.07906199607532471,0.0,0.9267383041558788,0.46470367801173545,2.9666100944524594,7.62939453125e-06
fp16,128,64,8,32,256,0.8,0.6,0.5,0.5,1.3,0,3548,27.71875,49.79999999999998,256,32,48,cpu,static_chunked,cpu,sorted,0,0.01602019965648651,1.9937170000048354,0.6888459902256727,0.0,0.0,2.6985831898869947,1.0551803957483294,1.0187831964297205,3.814697265625e-06
fp16,128,64,8,32,256,0.8,0.6,0.5,0.5,1.3,0,3548,27.71875,49.79999999999998,256,32,48,cpu,static_chunked,gpu,sorted,0,0.016080200672149658,0.44339300075080246,0.3915429988410324,0.08620599692221731,0.0,0.9372221971862018,1.0512431379526357,2.933425196584812,7.62939453125e-06
fp16,128,64,8,32,256,0.8,0.6,0.5,0.5,1.3,0,3548,27.71875,49.79999999999998,256,32,48,cpu,persistent_chunked,cpu,sorted,1,0.036936399340629575,1.9937170000048354,0.6888459902256727,0.0,0.0,2.719499389571138,0.4576569702316457,1.0109475363618818,3.814697265625e-06
fp16,128,64,8,32,256,0.8,0.6,0.5,0.5,1.3,0,3548,27.71875,49.79999999999998,256,32,48,cpu,persistent_chunked,gpu,sorted,1,0.03697629868984222,0.44339300075080246,0.3915429988410324,0.08620599692221731,0.0,0.9581182952038944,0.4571631345606381,2.869448607532872,3.814697265625e-06
fp16,128,64,8,32,256,0.8,0.6,0.5,0.5,1.3,0,3548,27.71875,49.79999999999998,256,32,48,cpu,persistent_chunked,cpu,sorted,4,0.035364401340484616,1.9937170000048354,0.6888459902256727,0.0,0.0,2.717927391570993,0.4780004742833585,1.0115322493716337,1.52587890625e-05
fp16,128,64,8,32,256,0.8,0.6,0.5,0.5,1.3,0,3548,27.71875,49.79999999999998,256,32,48,cpu,persistent_chunked,gpu,sorted,4,0.03552039861679077,0.44339300075080246,0.3915429988410324,0.08620599692221731,0.0,0.956662395130843,0.47590120808801784,2.873815488115392,1.52587890625e-05
fp16,128,64,8,32,256,0.8,0.6,0.5,0.5,1.3,0,3548,27.71875,49.79999999999998,256,32,256,cpu,static_chunked,cpu,identity,0,0.016896100342273714,1.918312002089806,0.6941460014786571,0.0,0.0,2.6293541039107367,1.0,1.0,7.62939453125e-06
fp16,128,64,8,32,256,0.8,0.6,0.5,0.5,1.3,0,3548,27.71875,49.79999999999998,256,32,256,cpu,static_chunked,gpu,identity,0,0.016844199597835542,0.3572080022422597,0.3941380127798766,0.07855100557208061,0.0,0.8467412201920524,1.0030812235474127,3.105262908205134,7.62939453125e-06
fp16,128,64,8,32,256,0.8,0.6,0.5,0.5,1.3,0,3548,27.71875,49.79999999999998,256,32,256,cpu,persistent_chunked,cpu,identity,1,0.02385620027780533,1.918312002089806,0.6941460014786571,0.0,0.0,2.6363142038462684,0.7082477572085543,0.9973599125910799,7.62939453125e-06
fp16,128,64,8,32,256,0.8,0.6,0.5,0.5,1.3,0,3548,27.71875,49.79999999999998,256,32,256,cpu,persistent_chunked,gpu,identity,1,0.023844200372695922,0.3572080022422597,0.3941380127798766,0.07855100557208061,0.0,0.8537412209669129,0.7086041921381225,3.07980221563255,0.0
fp16,128,64,8,32,256,0.8,0.6,0.5,0.5,1.3,0,3548,27.71875,49.79999999999998,256,32,256,cpu,persistent_chunked,cpu,identity,4,0.028624200820922853,1.918312002089806,0.6941460014786571,0.0,0.0,2.641082204389386,0.590273260307883,0.9955593580316594,7.62939453125e-06
fp16,128,64,8,32,256,0.8,0.6,0.5,0.5,1.3,0,3548,27.71875,49.79999999999998,256,32,256,cpu,persistent_chunked,gpu,identity,4,0.028664198517799378,0.3572080022422597,0.3941380127798766,0.07855100557208061,0.0,0.8585612191120162,0.5894495997082171,3.0625120787894398,7.62939453125e-06
fp16,128,64,8,32,256,0.8,0.6,0.5,0.5,1.3,0,3548,27.71875,49.79999999999998,256,32,256,cpu,static_chunked,cpu,sorted,0,0.01613219976425171,1.9468280079308897,0.6871330115245655,0.0,0.0,2.650093219219707,1.0473525364913205,0.9921741940402095,7.62939453125e-06
fp16,128,64,8,32,256,0.8,0.6,0.5,0.5,1.3,0,3548,27.71875,49.79999999999998,256,32,256,cpu,static_chunked,gpu,sorted,0,0.01605619937181473,0.38063300598878413,0.39111201476771384,0.07851100235711783,0.0,0.8663122224854305,1.0523100735740338,3.035111401715167,3.814697265625e-06
fp16,128,64,8,32,256,0.8,0.6,0.5,0.5,1.3,0,3548,27.71875,49.79999999999998,256,32,256,cpu,persistent_chunked,cpu,sorted,1,0.023596200346946716,1.9468280079308897,0.6871330115245655,0.0,0.0,2.657557219802402,0.716051741121109,0.9893875790588764,3.814697265625e-06
fp16,128,64,8,32,256,0.8,0.6,0.5,0.5,1.3,0,3548,27.71875,49.79999999999998,256,32,256,cpu,persistent_chunked,gpu,sorted,1,0.023592199385166168,0.38063300598878413,0.39111201476771384,0.07851100235711783,0.0,0.873848222498782,0.7161731751426832,3.008936833895547,3.814697265625e-06
fp16,128,64,8,32,256,0.8,0.6,0.5,0.5,1.3,0,3548,27.71875,49.79999999999998,256,32,256,cpu,persistent_chunked,cpu,sorted,4,0.028632301092147826,1.9468280079308897,0.6871330115245655,0.0,0.0,2.662593320547603,0.5901062680186515,0.987516224734602,1.52587890625e-05
fp16,128,64,8,32,256,0.8,0.6,0.5,0.5,1.3,0,3548,27.71875,49.79999999999998,256,32,256,cpu,persistent_chunked,gpu,sorted,4,0.028428301215171814,0.38063300598878413,0.39111201476771384,0.07851100235711783,0.0,0.8786843243287876,0.5943408371252407,2.9923762506168035,1.52587890625e-05
fp16,128,64,8,32,256,0.8,0.6,0.5,0.5,1.3,1,3015,23.5546875,32.0,256,32,48,cpu,static_chunked,cpu,identity,0,0.017240099608898163,1.9523480004863814,0.778137007728219,0.0,0.0,2.7477251078234985,1.0,1.0,1.9073486328125e-06
fp16,128,64,8,32,256,0.8,0.6,0.5,0.5,1.3,1,3015,23.5546875,32.0,256,32,48,cpu,static_chunked,gpu,identity,0,0.01721220016479492,0.30205200891941786,0.45161900925450027,0.08018400694709271,0.0,0.8510672252858058,1.0016209109722245,3.2285641206554,0.0
fp16,128,64,8,32,256,0.8,0.6,0.5,0.5,1.3,1,3015,23.5546875,32.0,256,32,48,cpu,persistent_chunked,cpu,identity,1,0.03884440064430237,1.9523480004863814,0.778137007728219,0.0,0.0,2.7693294088589027,0.4438245750466203,0.9921987247287039,1.9073486328125e-06
fp16,128,64,8,32,256,0.8,0.6,0.5,0.5,1.3,1,3015,23.5546875,32.0,256,32,48,cpu,persistent_chunked,gpu,identity,1,0.03884029984474182,0.30205200891941786,0.45161900925450027,0.08018400694709271,0.0,0.8726953249657526,0.44387143451036254,3.148550277763122,1.9073486328125e-06
fp16,128,64,8,32,256,0.8,0.6,0.5,0.5,1.3,1,3015,23.5546875,32.0,256,32,48,cpu,persistent_chunked,cpu,identity,4,0.03886840045452118,1.9523480004863814,0.778137007728219,0.0,0.0,2.7693534086691214,0.4435505296666457,0.992190126121889,1.9073486328125e-06
fp16,128,64,8,32,256,0.8,0.6,0.5,0.5,1.3,1,3015,23.5546875,32.0,256,32,48,cpu,persistent_chunked,gpu,identity,4,0.03899640142917633,0.30205200891941786,0.45161900925450027,0.08018400694709271,0.0,0.8728514265501872,0.44209462865974763,3.147987188018315,1.9073486328125e-06
fp16,128,64,8,32,256,0.8,0.6,0.5,0.5,1.3,1,3015,23.5546875,32.0,256,32,48,cpu,static_chunked,cpu,sorted,0,0.01602019965648651,2.133035013685003,0.7508739945478737,0.0,0.0,2.8999292078893633,1.0761476123000577,0.9475145463372734,0.0
fp16,128,64,8,32,256,0.8,0.6,0.5,0.5,1.3,1,3015,23.5546875,32.0,256,32,48,cpu,static_chunked,gpu,sorted,0,0.016024099290370943,0.32155901135411114,0.4484630189836025,0.09779899846762419,0.0,0.8838451280957088,1.0758857204072574,3.108830971036315,1.9073486328125e-06
fp16,128,64,8,32,256,0.8,0.6,0.5,0.5,1.3,1,3015,23.5546875,32.0,256,32,48,cpu,persistent_chunked,cpu,sorted,1,0.03828440010547638,2.133035013685003,0.7508739945478737,0.0,0.0,2.922193408338353,0.45031656657543023,0.9402954301323736,1.9073486328125e-06
fp16,128,64,8,32,256,0.8,0.6,0.5,0.5,1.3,1,3015,23.5546875,32.0,256,32,48,cpu,persistent_chunked,gpu,sorted,1,0.03842839896678925,0.32155901135411114,0.4484630189836025,0.09779899846762419,0.0,0.9062494277721271,0.4486291407507628,3.031974447231765,1.9073486328125e-06
fp16,128,64,8,32,256,0.8,0.6,0.5,0.5,1.3,1,3015,23.5546875,32.0,256,32,48,cpu,persistent_chunked,cpu,sorted,4,0.03642440140247345,2.133035013685003,0.7508739945478737,0.0,0.0,2.92033340963535,0.47331181694388663,0.9408943166412618,1.9073486328125e-06
fp16,128,64,8,32,256,0.8,0.6,0.5,0.5,1.3,1,3015,23.5546875,32.0,256,32,48,cpu,persistent_chunked,gpu,sorted,4,0.036316299438476564,0.32155901135411114,0.4484630189836025,0.09779899846762419,0.0,0.9041373282438144,0.4747207142650812,3.039057256004071,1.9073486328125e-06
fp16,128,64,8,32,256,0.8,0.6,0.5,0.5,1.3,1,3015,23.5546875,32.0,256,32,256,cpu,static_chunked,cpu,identity,0,0.017388199269771577,1.9426090002525598,0.8047980081755668,0.0,0.0,2.7647952076978983,1.0,1.0,1.9073486328125e-06
fp16,128,64,8,32,256,0.8,0.6,0.5,0.5,1.3,1,3015,23.5546875,32.0,256,32,256,cpu,static_chunked,gpu,identity,0,0.017144200205802918,0.29759299650322646,0.5179160070838407,0.07829999958630651,0.0,0.9109532033791765,1.0142321637078218,3.035057341520842,0.0
fp16,128,64,8,32,256,0.8,0.6,0.5,0.5,1.3,1,3015,23.5546875,32.0,256,32,256,cpu,persistent_chunked,cpu,identity,1,0.02528429925441742,1.9426090002525598,0.8047980081755668,0.0,0.0,2.772691307682544,0.6877073829417552,0.997152189296094,1.9073486328125e-06
fp16,128,64,8,32,256,0.8,0.6,0.5,0.5,1.3,1,3015,23.5546875,32.0,256,32,256,cpu,persistent_chunked,gpu,identity,1,0.025300198793411256,0.29759299650322646,0.5179160070838407,0.07829999958630651,0.0,0.9191092019667849,0.6872752033197406,3.008124825408737,1.9073486328125e-06
fp16,128,64,8,32,256,0.8,0.6,0.5,0.5,1.3,1,3015,23.5546875,32.0,256,32,256,cpu,persistent_chunked,cpu,identity,4,0.02868430018424988,1.9426090002525598,0.8047980081755668,0.0,0.0,2.7760913086123766,0.6061922082142752,0.9959309332227532,1.9073486328125e-06
fp16,128,64,8,32,256,0.8,0.6,0.5,0.5,1.3,1,3015,23.5546875,32.0,256,32,256,cpu,persistent_chunked,gpu,identity,4,0.02854830026626587,0.29759299650322646,0.5179160070838407,0.07829999958630651,0.0,0.9223573034396395,0.6090800190412163,2.9975316478630027,1.9073486328125e-06
fp16,128,64,8,32,256,0.8,0.6,0.5,0.5,1.3,1,3015,23.5546875,32.0,256,32,256,cpu,static_chunked,cpu,sorted,0,0.016244199872016907,2.1037889819126576,0.8025639981497079,0.0,0.0,2.9225971799343826,1.070425099836735,0.9460062531641712,1.9073486328125e-06
fp16,128,64,8,32,256,0.8,0.6,0.5,0.5,1.3,1,3015,23.5546875,32.0,256,32,256,cpu,static_chunked,gpu,sorted,0,0.0161761999130249,0.31714099168311805,0.5151410005055368,0.07912199362181127,0.0,0.927580185723491,1.0749248502901343,2.9806535868825423,1.9073486328125e-06
fp16,128,64,8,32,256,0.8,0.6,0.5,0.5,1.3,1,3015,23.5546875,32.0,256,32,256,cpu,persistent_chunked,cpu,sorted,1,0.023988200724124907,2.1037889819126576,0.8025639981497079,0.0,0.0,2.9303411807864905,0.7248646728341023,0.9435062462439406,1.9073486328125e-06
fp16,128,64,8,32,256,0.8,0.6,0.5,0.5,1.3,1,3015,23.5546875,32.0,256,32,256,cpu,persistent_chunked,gpu,sorted,1,0.023924300074577333,0.31714099168311805,0.5151410005055368,0.07912199362181127,0.0,0.9353282858850435,0.726800751351919,2.9559623604045537,1.9073486328125e-06
fp16,128,64,8,32,256,0.8,0.6,0.5,0.5,1.3,1,3015,23.5546875,32.0,256,32,256,cpu,persistent_chunked,cpu,sorted,4,0.028664198517799378,2.1037889819126576,0.8025639981497079,0.0,0.0,2.935017178580165,0.6066173194751692,0.9420030751013823,1.9073486328125e-06
fp16,128,64,8,32,256,0.8,0.6,0.5,0.5,1.3,1,3015,23.5546875,32.0,256,32,256,cpu,persistent_chunked,gpu,sorted,4,0.02860429883003235,0.31714099168311805,0.5151410005055368,0.07912199362181127,0.0,0.9400082846404985,0.6078876246221874,2.9412455750379696,1.9073486328125e-06
fp16,128,64,8,32,256,0.8,0.6,0.5,0.5,1.3,2,4097,32.0078125,51.3,231,32,48,cpu,static_chunked,cpu,identity,0,0.01719609946012497,2.0033559994772077,4.4313279940979555,0.0,0.0,6.451880093035288,1.0,1.0,1.9073486328125e-06
fp16,128,64,8,32,256,0.8,0.6,0.5,0.5,1.3,2,4097,32.0078125,51.3,231,32,48,cpu,static_chunked,gpu,identity,0,0.01730020046234131,0.3152069984935224,4.166677987086587,0.07959399954415858,0.0,4.578779185586609,0.9939826707532698,1.4090830397204899,0.0
fp16,128,64,8,32,256,0.8,0.6,0.5,0.5,1.3,2,4097,32.0078125,51.3,231,32,48,cpu,persistent_chunked,cpu,identity,1,0.040868398547172544,2.0033559994772077,4.4313279940979555,0.0,0.0,6.475552392122336,0.4207676363994613,0.9963443583414063,1.9073486328125e-06
fp16,128,64,8,32,256,0.8,0.6,0.5,0.5,1.3,2,4097,32.0078125,51.3,231,32,48,cpu,persistent_chunked,gpu,identity,1,0.04087640047073364,0.3152069984935224,4.166677987086587,0.07959399954415858,0.0,4.6023553855950015,0.4206852673448313,1.4018648175734427,1.9073486328125e-06
fp16,128,64,8,32,256,0.8,0.6,0.5,0.5,1.3,2,4097,32.0078125,51.3,231,32,48,cpu,persistent_chunked,cpu,identity,4,0.04046440124511719,2.0033559994772077,4.4313279940979555,0.0,0.0,6.47514839482028,0.4249685879684186,0.9964065222345165,1.9073486328125e-06
fp16,128,64,8,32,256,0.8,0.6,0.5,0.5,1.3,2,4097,32.0078125,51.3,231,32,48,cpu,persistent_chunked,gpu,identity,4,0.04057239890098572,0.3152069984935224,4.166677987086587,0.07959399954415858,0.0,4.602051384025254,0.42383738516647546,1.401957421733969,1.9073486328125e-06
fp16,128,64,8,32,256,0.8,0.6,0.5,0.5,1.3,2,4097,32.0078125,51.3,231,32,48,cpu,static_chunked,cpu,sorted,0,0.016532200574874877,1.996442981180735,4.404214982059784,0.0,0.0,6.417190163815394,1.0401579258758247,1.0054057817104283,1.9073486328125e-06
fp16,128,64,8,32,256,0.8,0.6,0.5,0.5,1.3,2,4097,32.0078125,51.3,231,32,48,cpu,static_chunked,gpu,sorted,0,0.01650020033121109,0.335145989083685,4.118846001802012,0.07844099309295416,0.0,4.548933184309862,1.0421751927216028,1.4183281731393753,9.5367431640625e-07
fp16,128,64,8,32,256,0.8,0.6,0.5,0.5,1.3,2,4097,32.0078125,51.3,231,32,48,cpu,persistent_chunked,cpu,sorted,1,0.04031639993190765,1.996442981180735,4.404214982059784,0.0,0.0,6.440974363172427,0.426528645642178,1.001693180138275,9.5367431640625e-07
fp16,128,64,8,32,256,0.8,0.6,0.5,0.5,1.3,2,4097,32.0078125,51.3,231,32,48,cpu,persistent_chunked,gpu,sorted,1,0.040336400270462036,0.335145989083685,4.118846001802012,0.07844099309295416,0.0,4.5727693842491135,0.4263171563357752,1.4109349391768506,1.9073486328125e-06
fp16,128,64,8,32,256,0.8,0.6,0.5,0.5,1.3,2,4097,32.0078125,51.3,231,32,48,cpu,persistent_chunked,cpu,sorted,4,0.037868401408195494,1.996442981180735,4.404214982059784,0.0,0.0,6.438526364648714,0.4541015416722445,1.0020740349002675,1.9073486328125e-06
fp16,128,64,8,32,256,0.8,0.6,0.5,0.5,1.3,2,4097,32.0078125,51.3,231,32,48,cpu,persistent_chunked,gpu,sorted,4,0.03796440064907074,0.335145989083685,4.118846001802012,0.07844099309295416,0.0,4.570397384627722,0.4529532711204775,1.4116672031048827,1.9073486328125e-06
fp16,128,64,8,32,256,0.8,0.6,0.5,0.5,1.3,2,4097,32.0078125,51.3,231,32,256,cpu,static_chunked,cpu,identity,0,0.017316199839115143,2.1445269958348945,0.6737259973306209,0.0,0.0,2.8355691930046305,1.0,1.0,0.0
fp16,128,64,8,32,256,0.8,0.6,0.5,0.5,1.3,2,4097,32.0078125,51.3,231,32,256,cpu,static_chunked,gpu,identity,0,0.01721220016479492,0.39968900091480464,0.3757530066650361,0.07878099859226495,0.0,0.8714352063369006,1.006042206883751,3.253907086132101,1.9073486328125e-06
fp16,128,64,8,32,256,0.8,0.6,0.5,0.5,1.3,2,4097,32.0078125,51.3,231,32,256,cpu,persistent_chunked,cpu,identity,1,0.025240299105644227,2.1445269958348945,0.6737259973306209,0.0,0.0,2.8434932922711598,0.6860536702294031,0.9972132519925165,1.9073486328125e-06
fp16,128,64,8,32,256,0.8,0.6,0.5,0.5,1.3,2,4097,32.0078125,51.3,231,32,256,cpu,persistent_chunked,gpu,identity,1,0.025200200080871583,0.39968900091480464,0.3757530066650361,0.07878099859226495,0.0,0.8794232062529772,0.6871453315269169,3.224351112004819,9.5367431640625e-07
fp16,128,64,8,32,256,0.8,0.6,0.5,0.5,1.3,2,4097,32.0078125,51.3,231,32,256,cpu,persistent_chunked,cpu,identity,4,0.028680300712585448,2.1445269958348945,0.6737259973306209,0.0,0.0,2.846933293878101,0.6037663277190282,0.9960083009679548,1.9073486328125e-06
fp16,128,64,8,32,256,0.8,0.6,0.5,0.5,1.3,2,4097,32.0078125,51.3,231,32,256,cpu,persistent_chunked,gpu,identity,4,0.02881230115890503,0.39968900091480464,0.3757530066650361,0.07878099859226495,0.0,0.8830353073310107,0.6010002374892995,3.2111617389062133,1.9073486328125e-06
fp16,128,64,8,32,256,0.8,0.6,0.5,0.5,1.3,2,4097,32.0078125,51.3,231,32,256,cpu,static_chunked,cpu,sorted,0,0.01650409996509552,2.1045989997219294,0.6583070062333718,0.0,0.0,2.779410105920397,1.049205947354726,1.020205397888066,9.5367431640625e-07
fp16,128,64,8,32,256,0.8,0.6,0.5,0.5,1.3,2,4097,32.0078125,51.3,231,32,256,cpu,static_chunked,gpu,sorted,0,0.016360199451446532,0.4263900045771152,0.3704529954120517,0.07613700290676206,0.0,0.8893402023473754,1.0584345191209807,3.188396505094751,1.9073486328125e-06
fp16,128,64,8,32,256,0.8,0.6,0.5,0.5,1.3,2,4097,32.0078125,51.3,231,32,256,cpu,persistent_chunked,cpu,sorted,1,0.024232199788093566,2.1045989997219294,0.6583070062333718,0.0,0.0,2.787138205743395,0.7145946298950299,1.0173766005436813,0.0
fp16,128,64,8,32,256,0.8,0.6,0.5,0.5,1.3,2,4097,32.0078125,51.3,231,32,256,cpu,persistent_chunked,gpu,sorted,1,0.02430029958486557,0.4263900045771152,0.3704529954120517,0.07613700290676206,0.0,0.8972803024807945,0.7125920311657317,3.160182147278691,9.5367431640625e-07
fp16,128,64,8,32,256,0.8,0.6,0.5,0.5,1.3,2,4097,32.0078125,51.3,231,32,256,cpu,persistent_chunked,cpu,sorted,4,0.02876020073890686,2.1045989997219294,0.6583070062333718,0.0,0.0,2.791666206694208,0.602088976927402,1.0157264454486523,0.0
fp16,128,64,8,32,256,0.8,0.6,0.5,0.5,1.3,2,4097,32.0078125,51.3,231,32,256,cpu,persistent_chunked,gpu,sorted,4,0.028828299045562743,0.4263900045771152,0.3704529954120517,0.07613700290676206,0.0,0.9018083019414916,0.6006667202857553,3.1443148027135805,0.0
fp16,128,64,8,32,256,0.8,0.6,0.5,0.5,1.3,0,3008,23.5,42.09999999999998,204,32,48,gpu,static_chunked,gpu,identity,0,0.017168200016021727,0.0,0.0,0.217427994357422,0.13679299445357174,0.23459619437344373,1.0,1.0,1.9073486328125e-06
fp16,128,64,8,32,256,0.8,0.6,0.5,0.5,1.3,0,3008,23.5,42.09999999999998,204,32,48,gpu,persistent_chunked,gpu,identity,1,0.03798840045928955,0.0,0.0,0.217427994357422,0.13679299445357174,0.2554163948167115,0.45193269020158167,0.9184852622392995,1.9073486328125e-06
fp16,128,64,8,32,256,0.8,0.6,0.5,0.5,1.3,0,3008,23.5,42.09999999999998,204,32,48,gpu,persistent_chunked,gpu,identity,4,0.03736839890480041,0.0,0.0,0.217427994357422,0.13679299445357174,0.2547963932622224,0.4594309769535314,0.9207202322209099,1.52587890625e-05
fp16,128,64,8,32,256,0.8,0.6,0.5,0.5,1.3,0,3008,23.5,42.09999999999998,204,32,48,gpu,static_chunked,gpu,bucket,0,0.016592100262641907,0.0,0.0,0.20754900469910353,0.13679299445357174,0.22414110496174544,1.0347213278765524,1.046645123006254,0.0
fp16,128,64,8,32,256,0.8,0.6,0.5,0.5,1.3,0,3008,23.5,42.09999999999998,204,32,48,gpu,persistent_chunked,gpu,bucket,1,0.03773239850997925,0.0,0.0,0.20754900469910353,0.13679299445357174,0.2452814032090828,0.4549989052904013,0.9564369385699788,1.9073486328125e-06
fp16,128,64,8,32,256,0.8,0.6,0.5,0.5,1.3,0,3008,23.5,42.09999999999998,204,32,48,gpu,persistent_chunked,gpu,bucket,4,0.03616830110549927,0.0,0.0,0.20754900469910353,0.13679299445357174,0.2437173058046028,0.47467532317716077,0.9625750358553865,0.0
fp16,128,64,8,32,256,0.8,0.6,0.5,0.5,1.3,0,3008,23.5,42.09999999999998,204,32,256,gpu,static_chunked,gpu,identity,0,0.017208099365234375,0.0,0.0,0.21511300292331725,0.1348490040982142,0.23232110228855163,1.0,1.0,7.62939453125e-06
fp16,128,64,8,32,256,0.8,0.6,0.5,0.5,1.3,0,3008,23.5,42.09999999999998,204,32,256,gpu,persistent_chunked,gpu,identity,1,0.024696299433708192,0.0,0.0,0.21511300292331725,0.1348490040982142,0.23980930235702544,0.6967885780388171,0.968774355311182,1.9073486328125e-06
fp16,128,64,8,32,256,0.8,0.6,0.5,0.5,1.3,0,3008,23.5,42.09999999999998,204,32,256,gpu,persistent_chunked,gpu,identity,4,0.028872299194335937,0.0,0.0,0.21511300292331725,0.1348490040982142,0.24398530211765318,0.5960072403451055,0.9521930225802007,1.52587890625e-05
fp16,128,64,8,32,256,0.8,0.6,0.5,0.5,1.3,0,3008,23.5,42.09999999999998,204,32,256,gpu,static_chunked,gpu,bucket,0,0.016592100262641907,0.0,0.0,0.20694801060017198,0.1348490040982142,0.2235401108628139,1.0371260475070432,1.0392815025090805,1.9073486328125e-06
fp16,128,64,8,32,256,0.8,0.6,0.5,0.5,1.3,0,3008,23.5,42.09999999999998,204,32,256,gpu,persistent_chunked,gpu,bucket,1,0.024276299774646758,0.0,0.0,0.20694801060017198,0.1348490040982142,0.23122431037481875,0.7088435851004714,1.0047434108980797,7.62939453125e-06
fp16,128,64,8,32,256,0.8,0.6,0.5,0.5,1.3,0,3008,23.5,42.09999999999998,204,32,256,gpu,persistent_chunked,gpu,bucket,4,0.029028299450874328,0.0,0.0,0.20694801060017198,0.1348490040982142,0.2359763100510463,0.5928042527725843,0.9845102766387694,0.0
fp16,128,64,8,32,256,0.8,0.6,0.5,0.5,1.3,1,3618,28.265625,46.599999999999994,211,32,48,gpu,static_chunked,gpu,identity,0,0.017336100339889526,0.0,0.0,0.22894999710842967,0.13531999138649553,0.2462860974483192,1.0,1.0,9.5367431640625e-07
fp16,128,64,8,32,256,0.8,0.6,0.5,0.5,1.3,1,3618,28.265625,46.599999999999994,211,32,48,gpu,persistent_chunked,gpu,identity,1,0.04024440050125122,0.0,0.0,0.22894999710842967,0.13531999138649553,0.2691943976096809,0.43077049537240686,0.9149005314940557,7.62939453125e-06
fp16,128,64,8,32,256,0.8,0.6,0.5,0.5,1.3,1,3618,28.265625,46.599999999999994,211,32,48,gpu,persistent_chunked,gpu,identity,4,0.0397163987159729,0.0,0.0,0.22894999710842967,0.13531999138649553,0.26866639582440255,0.4364972882830235,0.9166985573040892,3.814697265625e-06
fp16,128,64,8,32,256,0.8,0.6,0.5,0.5,1.3,1,3618,28.265625,46.599999999999994,211,32,48,gpu,static_chunked,gpu,bucket,0,0.01658419966697693,0.0,0.0,0.2102939906762913,0.13531999138649553,0.22687819034326823,1.0453383755629648,1.0855432912069982,7.62939453125e-06
fp16,128,64,8,32,256,0.8,0.6,0.5,0.5,1.3,1,3618,28.265625,46.599999999999994,211,32,48,gpu,persistent_chunked,gpu,bucket,1,0.03955239951610565,0.0,0.0,0.2102939906762913,0.13531999138649553,0.24984639019239693,0.4383071710435748,0.9857500733097,3.814697265625e-06
fp16,128,64,8,32,256,0.8,0.6,0.5,0.5,1.3,1,3618,28.265625,46.599999999999994,211,32,48,gpu,persistent_chunked,gpu,bucket,4,0.0381164014339447,0.0,0.0,0.2102939906762913,0.13531999138649553,0.248410392110236,0.4548199643120244,0.9914484468871411,3.814697265625e-06
fp16,128,64,8,32,256,0.8,0.6,0.5,0.5,1.3,1,3618,28.265625,46.599999999999994,211,32,256,gpu,static_chunked,gpu,identity,0,0.017360199987888337,0.0,0.0,0.23111399787012488,0.1375639985781163,0.24847419785801322,1.0,1.0,3.814697265625e-06
fp16,128,64,8,32,256,0.8,0.6,0.5,0.5,1.3,1,3618,28.265625,46.599999999999994,211,32,256,gpu,persistent_chunked,gpu,identity,1,0.025332298874855042,0.0,0.0,0.23111399787012488,0.1375639985781163,0.25644629674497993,0.6852990355770732,0.9689131838199463,7.62939453125e-06
fp16,128,64,8,32,256,0.8,0.6,0.5,0.5,1.3,1,3618,28.265625,46.599999999999994,211,32,256,gpu,persistent_chunked,gpu,identity,4,0.02910029888153076,0.0,0.0,0.23111399787012488,0.1375639985781163,0.26021429675165564,0.5965643191007369,0.954882959775085,3.814697265625e-06
fp16,128,64,8,32,256,0.8,0.6,0.5,0.5,1.3,1,3618,28.265625,46.599999999999994,211,32,256,gpu,static_chunked,gpu,bucket,0,0.01652809977531433,0.0,0.0,0.2232690021628514,0.1375639985781163,0.23979710193816572,1.0503445782567695,1.0361851575757783,9.5367431640625e-07
fp16,128,64,8,32,256,0.8,0.6,0.5,0.5,1.3,1,3618,28.265625,46.599999999999994,211,32,256,gpu,persistent_chunked,gpu,bucket,1,0.02451229989528656,0.0,0.0,0.2232690021628514,0.1375639985781163,0.24778130205813795,0.7082240369956679,1.0027964006731738,0.0
fp16,128,64,8,32,256,0.8,0.6,0.5,0.5,1.3,1,3618,28.265625,46.599999999999994,211,32,256,gpu,persistent_chunked,gpu,bucket,4,0.028904300928115845,0.0,0.0,0.2232690021628514,0.1375639985781163,0.25217330309096725,0.6006095781753258,0.985331098940241,3.814697265625e-06
fp16,128,64,8,32,256,0.8,0.6,0.5,0.5,1.3,2,3549,27.7265625,50.499999999999986,211,32,48,gpu,static_chunked,gpu,identity,0,0.017236199975013734,0.0,0.0,0.2390000008745119,0.1349300000583753,0.25623620084952564,1.0,1.0,7.62939453125e-06
fp16,128,64,8,32,256,0.8,0.6,0.5,0.5,1.3,2,3549,27.7265625,50.499999999999986,211,32,48,gpu,persistent_chunked,gpu,identity,1,0.03878439962863922,0.0,0.0,0.2390000008745119,0.1349300000583753,0.2777844005031511,0.4444106429402135,0.9224283306960535,0.0
fp16,128,64,8,32,256,0.8,0.6,0.5,0.5,1.3,2,3549,27.7265625,50.499999999999986,211,32,48,gpu,persistent_chunked,gpu,identity,4,0.03760440051555634,0.0,0.0,0.2390000008745119,0.1349300000583753,0.27660440139006826,0.4583559301226832,0.9263634257510627,0.0
fp16,128,64,8,32,256,0.8,0.6,0.5,0.5,1.3,2,3549,27.7265625,50.499999999999986,211,32,48,gpu,static_chunked,gpu,bucket,0,0.016516199707984923,0.0,0.0,0.20947400480508804,0.1349300000583753,0.22599020451307297,1.0435935796223583,1.1338376431032569,0.0
fp16,128,64,8,32,256,0.8,0.6,0.5,0.5,1.3,2,3549,27.7265625,50.499999999999986,211,32,48,gpu,persistent_chunked,gpu,bucket,1,0.03880040049552917,0.0,0.0,0.20947400480508804,0.1349300000583753,0.24827440530061723,0.4442273727818814,1.0320685313464675,7.62939453125e-06
fp16,128,64,8,32,256,0.8,0.6,0.5,0.5,1.3,2,3549,27.7265625,50.499999999999986,211,32,48,gpu,persistent_chunked,gpu,bucket,4,0.03790040016174316,0.0,0.0,0.20947400480508804,0.1349300000583753,0.24737440496683122,0.4547762002896221,1.0358234146490728,7.62939453125e-06
fp16,128,64,8,32,256,0.8,0.6,0.5,0.5,1.3,2,3549,27.7265625,50.499999999999986,211,32,256,gpu,static_chunked,gpu,identity,0,0.01724420040845871,0.0,0.0,0.23479100491385907,0.13476899766828865,0.25203520532231777,1.0,1.0,1.52587890625e-05
fp16,128,64,8,32,256,0.8,0.6,0.5,0.5,1.3,2,3549,27.7265625,50.499999999999986,211,32,256,gpu,persistent_chunked,gpu,identity,1,0.02494020015001297,0.0,0.0,0.23479100491385907,0.13476899766828865,0.25973120506387204,0.6914218933583716,0.97036936805625,7.62939453125e-06
fp16,128,64,8,32,256,0.8,0.6,0.5,0.5,1.3,2,3549,27.7265625,50.499999999999986,211,32,256,gpu,persistent_chunked,gpu,identity,4,0.028640300035476685,0.0,0.0,0.23479100491385907,0.13476899766828865,0.26343130494933575,0.6020956619552991,0.9567397670174024,7.62939453125e-06
fp16,128,64,8,32,256,0.8,0.6,0.5,0.5,1.3,2,3549,27.7265625,50.499999999999986,211,32,256,gpu,static_chunked,gpu,bucket,0,0.016540199518203735,0.0,0.0,0.21381200349424034,0.13476899766828865,0.23035220301244408,1.0425630228631866,1.0941297805113777,1.52587890625e-05
fp16,128,64,8,32,256,0.8,0.6,0.5,0.5,1.3,2,3549,27.7265625,50.499999999999986,211,32,256,gpu,persistent_chunked,gpu,bucket,1,0.0243601992726326,0.0,0.0,0.21381200349424034,0.13476899766828865,0.23817220276687295,0.7078842096267931,1.0582057956150919,7.62939453125e-06
fp16,128,64,8,32,256,0.8,0.6,0.5,0.5,1.3,2,3549,27.7265625,50.499999999999986,211,32,256,gpu,persistent_chunked,gpu,bucket,4,0.028524300456047057,0.0,0.0,0.21381200349424034,0.13476899766828865,0.2423363039502874,0.6045442003049367,1.0400224861645986,7.62939453125e-06
fp16,128,64,8,32,256,0.95,0.6,0.5,0.5,1.3,0,3503,27.3671875,50.79999999999998,256,32,48,cpu,static_chunked,cpu,identity,0,0.017064100503921507,2.1850140037713572,0.6939559971215203,0.0,0.0,2.896034101396799,1.0,1.0,0.0
fp16,128,64,8,32,256,0.95,0.6,0.5,0.5,1.3,0,3503,27.3671875,50.79999999999998,256,32,48,cpu,static_chunked,gpu,identity,0,0.016768099367618562,0.3805720043601468,0.3882570017594844,0.08168700151145458,0.0,0.8672841069987044,1.0176526349118948,3.3391988600122304,9.5367431640625e-07
fp16,128,64,8,32,256,0.95,0.6,0.5,0.5,1.3,0,3503,27.3671875,50.79999999999998,256,32,48,cpu,persistent_chunked,cpu,identity,1,0.0371163010597229,2.1850140037713572,0.6939559971215203,0.0,0.0,2.9160863019526007,0.45974679633253585,0.9931235915266381,0.0
fp16,128,64,8,32,256,0.95,0.6,0.5,0.5,1.3,0,3503,27.3671875,50.79999999999998,256,32,48,cpu,persistent_chunked,gpu,identity,1,0.037128299474716187,0.3805720043601468,0.3882570017594844,0.08168700151145458,0.0,0.887644307105802,0.45959822414010376,3.2626065172877956,9.5367431640625e-07
fp16,128,64,8,32,256,0.95,0.6,0.5,0.5,1.3,0,3503,27.3671875,50.79999999999998,256,32,48,cpu,persistent_chunked,cpu,identity,4,0.03732840120792389,2.1850140037713572,0.6939559971215203,0.0,0.0,2.9162984021008014,0.4571345129107545,0.9930513624087972,1.9073486328125e-06
fp16,128,64,8,32,256,0.95,0.6,0.5,0.5,1.3,0,3503,27.3671875,50.79999999999998,256,32,48,cpu,persistent_chunked,gpu,identity,4,0.03731639981269837,0.3805720043601468,0.3882570017594844,0.08168700151145458,0.0,0.8878324074437842,0.457281532773019,3.261915286168657,1.9073486328125e-06
fp16,128,64,8,32,256,0.95,0.6,0.5,0.5,1.3,0,3503,27.3671875,50.79999999999998,256,32,48,cpu,static_chunked,cpu,sorted,0,0.016092100739479066,2.157361013814807,0.7239030092023313,0.0,0.0,2.897356123756617,1.0604022917938747,0.9995437142334771,0.0
fp16,128,64,8,32,256,0.95,0.6,0.5,0.5,1.3,0,3503,27.3671875,50.79999999999998,256,32,48,cpu,static_chunked,gpu,sorted,0,0.015980200469493867,0.4052390140714124,0.385421997634694,0.08053499914240092,0.0,0.8871762113180012,1.0678276869240033,3.2643279479895106,9.5367431640625e-07
fp16,128,64,8,32,256,0.95,0.6,0.5,0.5,1.3,0,3503,27.3671875,50.79999999999998,256,32,48,cpu,persistent_chunked,cpu,sorted,1,0.036916300654411316,2.157361013814807,0.7239030092023313,0.0,0.0,2.9181803236715496,0.4622375536396665,0.9924109479818276,1.52587890625e-05
fp16,128,64,8,32,256,0.95,0.6,0.5,0.5,1.3,0,3503,27.3671875,50.79999999999998,256,32,48,cpu,persistent_chunked,gpu,sorted,1,0.03705640137195587,0.4052390140714124,0.385421997634694,0.08053499914240092,0.0,0.9082524122204632,0.4604899524009244,3.1885784859262616,9.5367431640625e-07
fp16,128,64,8,32,256,0.95,0.6,0.5,0.5,1.3,0,3503,27.3671875,50.79999999999998,256,32,48,cpu,persistent_chunked,cpu,sorted,4,0.035356301069259646,2.157361013814807,0.7239030092023313,0.0,0.0,2.9166203240863977,0.48263251493685805,0.9929417543587724,1.9073486328125e-06
fp16,128,64,8,32,256,0.95,0.6,0.5,0.5,1.3,0,3503,27.3671875,50.79999999999998,256,32,48,cpu,persistent_chunked,gpu,sorted,4,0.03548440039157867,0.4052390140714124,0.385421997634694,0.08053499914240092,0.0,0.9066804112400859,0.48089020289522044,3.1941068379715323,1.9073486328125e-06
fp16,128,64,8,32,256,0.95,0.6,0.5,0.5,1.3,0,3503,27.3671875,50.79999999999998,256,32,256,cpu,static_chunked,cpu,identity,0,0.01698009967803955,2.133956993930042,0.7057570037432015,0.0,0.0,2.8566940973512827,1.0,1.0,1.52587890625e-05
fp16,128,64,8,32,256,0.95,0.6,0.5,0.5,1.3,0,3503,27.3671875,50.79999999999998,256,32,256,cpu,static_chunked,gpu,identity,0,0.016892099380493165,0.38031199073884636,0.3927950019715354,0.08043400885071605,0.0,0.870433100941591,1.0052095536241046,3.281922636284229,1.52587890625e-05
fp16,128,64,8,32,256,0.95,0.6,0.5,0.5,1.3,0,3503,27.3671875,50.79999999999998,256,32,256,cpu,persistent_chunked,cpu,identity,1,0.02382420003414154,2.133956993930042,0.7057570037432015,0.0,0.0,2.863538197707385,0.7127248618508082,0.997609914768526,1.52587890625e-05
fp16,128,64,8,32,256,0.95,0.6,0.5,0.5,1.3,0,3503,27.3671875,50.79999999999998,256,32,256,cpu,persistent_chunked,gpu,identity,1,0.02387620061635971,0.38031199073884636,0.3927950019715354,0.08043400885071605,0.0,0.8774172021774576,0.7111726003175302,3.2557990546138353,1.52587890625e-05
fp16,128,64,8,32,256,0.95,0.6,0.5,0.5,1.3,0,3503,27.3671875,50.79999999999998,256,32,256,cpu,persistent_chunked,cpu,identity,4,0.028820300102233888,2.133956993930042,0.7057570037432015,0.0,0.0,2.868534297775477,0.5891715082010338,0.9958723866633297,1.52587890625e-05
fp16,128,64,8,32,256,0.95,0.6,0.5,0.5,1.3,0,3503,27.3671875,50.79999999999998,256,32,256,cpu,persistent_chunked,gpu,identity,4,0.02886430025100708,0.38031199073884636,0.3927950019715354,0.08043400885071605,0.0,0.8824053018121049,0.5882733872076844,3.237394530024677,1.52587890625e-05
fp16,128,64,8,32,256,0.95,0.6,0.5,0.5,1.3,0,3503,27.3671875,50.79999999999998,256,32,256,cpu,static_chunked,cpu,sorted,0,0.016096200048923492,2.196827990701422,0.6889249925734475,0.0,0.0,2.901849183323793,1.054913558879083,0.9844392030323267,1.52587890625e-05
fp16,128,64,8,32,256,0.95,0.6,0.5,0.5,1.3,0,3503,27.3671875,50.79999999999998,256,32,256,cpu,static_chunked,gpu,sorted,0,0.016088099777698518,0.40527999226469547,0.3890880034305155,0.0786909949965775,0.0,0.889147090469487,1.0554447021504385,3.2128476019000325,1.52587890625e-05
fp16,128,64,8,32,256,0.95,0.6,0.5,0.5,1.3,0,3503,27.3671875,50.79999999999998,256,32,256,cpu,persistent_chunked,cpu,sorted,1,0.023604300618171693,2.196827990701422,0.6889249925734475,0.0,0.0,2.9093572838930415,0.7193646595471452,0.9818986870972101,1.52587890625e-05
fp16,128,64,8,32,256,0.95,0.6,0.5,0.5,1.3,0,3503,27.3671875,50.79999999999998,256,32,256,cpu,persistent_chunked,gpu,sorted,1,0.023596200346946716,0.40527999226469547,0.3890880034305155,0.0786909949965775,0.0,0.8966551910387353,0.7196116081560873,3.185944971825713,1.52587890625e-05
fp16,128,64,8,32,256,0.95,0.6,0.5,0.5,1.3,0,3503,27.3671875,50.79999999999998,256,32,256,cpu,persistent_chunked,cpu,sorted,4,0.02862429916858673,2.196827990701422,0.6889249925734475,0.0,0.0,2.914377282443456,0.5932057786998706,0.9802073721066714,1.52587890625e-05
fp16,128,64,8,32,256,0.95,0.6,0.5,0.5,1.3,0,3503,27.3671875,50.79999999999998,256,32,256,cpu,persistent_chunked,gpu,sorted,4,0.028728300333023073,0.40527999226469547,0.3890880034305155,0.0786909949965775,0.0,0.9017872910248116,0.5910582763756821,3.1678136582573373,1.52587890625e-05
fp16,128,64,8,32,256,0.95,0.6,0.5,0.5,1.3,1,2944,23.0,32.0,256,32,48,cpu,static_chunked,cpu,identity,0,0.017128199338912964,2.2089209815021604,0.7258160039782524,0.0,0.0,2.951865184819326,1.0,1.0,3.814697265625e-06
fp16,128,64,8,32,256,0.95,0.6,0.5,0.5,1.3,1,2944,23.0,32.0,256,32,48,cpu,static_chunked,gpu,identity,0,0.017228199541568755,0.3441019944148138,0.4038370243506506,0.07804000051692128,0.0,0.8432072188239544,0.9941955511709446,3.500758910646398,3.814697265625e-06
fp16,128,64,8,32,256,0.95,0.6,0.5,0.5,1.3,1,2944,23.0,32.0,256,32,48,cpu,persistent_chunked,cpu,identity,1,0.03885639905929565,2.2089209815021604,0.7258160039782524,0.0,0.0,2.9735933845397087,0.44080768557001343,0.992692948594333,3.814697265625e-06
fp16,128,64,8,32,256,0.95,0.6,0.5,0.5,1.3,1,2944,23.0,32.0,256,32,48,cpu,persistent_chunked,gpu,identity,1,0.03878439962863922,0.3441019944148138,0.4038370243506506,0.07804000051692128,0.0,0.8647634189110249,0.4416260017665747,3.4134945122176146,3.814697265625e-06
fp16,128,64,8,32,256,0.95,0.6,0.5,0.5,1.3,1,2944,23.0,32.0,256,32,48,cpu,persistent_chunked,cpu,identity,4,0.03897640109062195,2.2089209815021604,0.7258160039782524,0.0,0.0,2.973713386571035,0.43945051004296426,0.9926528891955851,1.52587890625e-05
fp16,128,64,8,32,256,0.95,0.6,0.5,0.5,1.3,1,2944,23.0,32.0,256,32,48,cpu,persistent_chunked,gpu,identity,4,0.03890039920806885,0.3441019944148138,0.4038370243506506,0.07804000051692128,0.0,0.8648794184904546,0.440309089048119,3.413036686630212,1.52587890625e-05
fp16,128,64,8,32,256,0.95,0.6,0.5,0.5,1.3,1,2944,23.0,32.0,256,32,48,cpu,static_chunked,cpu,sorted,0,0.01605609953403473,2.195494991610758,0.7088840065989643,0.0,0.0,2.920435097743757,1.0667721200037197,1.0107621248285403,3.814697265625e-06
fp16,128,64,8,32,256,0.95,0.6,0.5,0.5,1.3,1,2944,23.0,32.0,256,32,48,cpu,static_chunked,gpu,sorted,0,0.016160200536251067,0.3668249846668914,0.4027850227430463,0.07928200648166239,0.0,0.8650522144278512,1.059900172679816,3.412354925617641,1.52587890625e-05
fp16,128,64,8,32,256,0.95,0.6,0.5,0.5,1.3,1,2944,23.0,32.0,256,32,48,cpu,persistent_chunked,cpu,sorted,1,0.03827640116214752,2.195494991610758,0.7088840065989643,0.0,0.0,2.94265539937187,0.4474871936458714,1.0031297533001728,3.814697265625e-06
fp16,128,64,8,32,256,0.95,0.6,0.5,0.5,1.3,1,2944,23.0,32.0,256,32,48,cpu,persistent_chunked,gpu,sorted,1,0.03826040029525757,0.3668249846668914,0.4027850227430463,0.07928200648166239,0.0,0.8871524141868576,0.44767433708831395,3.3273484213250253,0.0
fp16,128,64,8,32,256,0.95,0.6,0.5,0.5,1.3,1,2944,23.0,32.0,256,32,48,cpu,persistent_chunked,cpu,sorted,4,0.03662840127944946,2.195494991610758,0.7088840065989643,0.0,0.0,2.941007399489172,0.4676207189125347,1.0036918592357298,3.814697265625e-06
fp16,128,64,8,32,256,0.95,0.6,0.5,0.5,1.3,1,2944,23.0,32.0,256,32,48,cpu,persistent_chunked,gpu,sorted,4,0.036716300249099734,0.3668249846668914,0.4027850227430463,0.07928200648166239,0.0,0.8856083141406998,0.4665012330411188,3.3331498109110482,3.814697265625e-06
fp16,128,64,8,32,256,0.95,0.6,0.5,0.5,1.3,1,2944,23.0,32.0,256,32,256,cpu,static_chunked,cpu,identity,0,0.017180199921131133,1.9630800088634714,0.7835989817976952,0.0,0.0,2.7638591905822976,1.0,1.0,0.0
fp16,128,64,8,32,256,0.95,0.6,0.5,0.5,1.3,1,2944,23.0,32.0,256,32,256,cpu,static_chunked,gpu,identity,0,0.017140200734138487,0.28475900762714446,0.4702049773186445,0.09484300971962512,0.0,0.8669471953995526,1.0023336475233326,3.188036370898587,1.52587890625e-05
fp16,128,64,8,32,256,0.95,0.6,0.5,0.5,1.3,1,2944,23.0,32.0,256,32,256,cpu,persistent_chunked,cpu,identity,1,0.02523620128631592,1.9630800088634714,0.7835989817976952,0.0,0.0,2.7719151919474827,0.6807759902615346,0.9970937056845793,1.52587890625e-05
fp16,128,64,8,32,256,0.95,0.6,0.5,0.5,1.3,1,2944,23.0,32.0,256,32,256,cpu,persistent_chunked,gpu,identity,1,0.025288200378417967,0.28475900762714446,0.4702049773186445,0.09484300971962512,0.0,0.875095195043832,0.6793761384378088,3.158352606934221,1.52587890625e-05
fp16,128,64,8,32,256,0.95,0.6,0.5,0.5,1.3,1,2944,23.0,32.0,256,32,256,cpu,persistent_chunked,cpu,identity,4,0.02846829891204834,1.9630800088634714,0.7835989817976952,0.0,0.0,2.7751472895732148,0.6034853004111228,0.9959324324754477,1.52587890625e-05
fp16,128,64,8,32,256,0.95,0.6,0.5,0.5,1.3,1,2944,23.0,32.0,256,32,256,cpu,persistent_chunked,gpu,identity,4,0.028580299019813536,0.28475900762714446,0.4702049773186445,0.09484300971962512,0.0,0.8783872936852276,0.6011203699870604,3.146515449906694,1.52587890625e-05
fp16,128,64,8,32,256,0.95,0.6,0.5,0.5,1.3,1,2944,23.0,32.0,256,32,256,cpu,static_chunked,cpu,sorted,0,0.01592410057783127,1.9722760189324617,0.7771559903630987,0.0,0.0,2.765356109873392,1.0788803949812111,0.9994586884178317,3.814697265625e-06
fp16,128,64,8,32,256,0.95,0.6,0.5,0.5,1.3,1,2944,23.0,32.0,256,32,256,cpu,static_chunked,gpu,sorted,0,0.016040199995040895,0.30499801505357027,0.4845329822273925,0.07789999654050916,0.0,0.8834711938165128,1.0710714284387157,3.1284089508823536,1.52587890625e-05
fp16,128,64,8,32,256,0.95,0.6,0.5,0.5,1.3,1,2944,23.0,32.0,256,32,256,cpu,persistent_chunked,cpu,sorted,1,0.02393220067024231,1.9722760189324617,0.7771559903630987,0.0,0.0,2.773364209965803,0.7178696250233801,0.9965727475138858,0.0
fp16,128,64,8,32,256,0.95,0.6,0.5,0.5,1.3,1,2944,23.0,32.0,256,32,256,cpu,persistent_chunked,gpu,sorted,1,0.02398419976234436,0.30499801505357027,0.4845329822273925,0.07789999654050916,0.0,0.8914151935838163,0.716313243358837,3.100529596618798,1.52587890625e-05
fp16,128,64,8,32,256,0.95,0.6,0.5,0.5,1.3,1,2944,23.0,32.0,256,32,256,cpu,persistent_chunked,cpu,sorted,4,0.02884030044078827,1.9722760189324617,0.7771559903630987,0.0,0.0,2.778272309736349,0.5957011424483468,0.9948122006962596,3.814697265625e-06
fp16,128,64,8,32,256,0.95,0.6,0.5,0.5,1.3,1,2944,23.0,32.0,256,32,256,cpu,persistent_chunked,gpu,sorted,4,0.02908029854297638,0.30499801505357027,0.4845329822273925,0.07789999654050916,0.0,0.8965112923644483,0.5907848537297972,3.0829050499664405,3.814697265625e-06
fp16,128,64,8,32,256,0.95,0.6,0.5,0.5,1.3,2,4098,32.015625,52.3,245,32,48,cpu,static_chunked,cpu,identity,0,0.017228199541568755,2.2859999880893156,0.6721529935020953,0.0,0.0,2.97538118113298,1.0,1.0,3.814697265625e-06
fp16,128,64,8,32,256,0.95,0.6,0.5,0.5,1.3,2,4098,32.015625,52.3,245,32,48,cpu,static_chunked,gpu,identity,0,0.017236199975013734,0.41110099118668586,0.37803800660185516,0.12354800128377974,0.0,0.9299231990473344,0.9995358354244801,3.199598831582143,3.814697265625e-06
fp16,128,64,8,32,256,0.95,0.6,0.5,0.5,1.3,2,4098,32.015625,52.3,245,32,48,cpu,persistent_chunked,cpu,identity,1,0.04070039987564087,2.2859999880893156,0.6721529935020953,0.0,0.0,2.9988533814670517,0.42329312719799117,0.9921729416719303,3.814697265625e-06
fp16,128,64,8,32,256,0.95,0.6,0.5,0.5,1.3,2,4098,32.015625,52.3,245,32,48,cpu,persistent_chunked,gpu,identity,1,0.040708398818969725,0.41110099118668586,0.37803800660185516,0.12354800128377974,0.0,0.9533953978912905,0.42320995277123447,3.12082603682994,1.9073486328125e-06
fp16,128,64,8,32,256,0.95,0.6,0.5,0.5,1.3,2,4098,32.015625,52.3,245,32,48,cpu,persistent_chunked,cpu,identity,4,0.040080401301383975,2.2859999880893156,0.6721529935020953,0.0,0.0,2.9982333828927947,0.42984099415626026,0.992378111093618,1.9073486328125e-06
fp16,128,64,8,32,256,0.95,0.6,0.5,0.5,1.3,2,4098,32.015625,52.3,245,32,48,cpu,persistent_chunked,gpu,identity,4,0.04022839963436127,0.41110099118668586,0.37803800660185516,0.12354800128377974,0.0,0.9529153987066821,0.42825962996681605,3.1223980483170206,1.9073486328125e-06
fp16,128,64,8,32,256,0.95,0.6,0.5,0.5,1.3,2,4098,32.015625,52.3,245,32,48,cpu,static_chunked,cpu,sorted,0,0.01650020033121109,2.119669006788172,0.6666529952781275,0.0,0.0,2.8028222023975102,1.0441206285829518,1.0615661523545319,3.814697265625e-06
fp16,128,64,8,32,256,0.95,0.6,0.5,0.5,1.3,2,4098,32.015625,52.3,245,32,48,cpu,static_chunked,gpu,sorted,0,0.0164001002907753,0.43826299952343106,0.37130499549675733,0.0873079989105463,0.0,0.91327609422151,1.05049354797295,3.257920797400526,3.814697265625e-06
fp16,128,64,8,32,256,0.95,0.6,0.5,0.5,1.3,2,4098,32.015625,52.3,245,32,48,cpu,persistent_chunked,cpu,sorted,1,0.040048399567604066,2.119669006788172,0.6666529952781275,0.0,0.0,2.8263704016339033,0.4301844699807925,1.0527216034433897,3.814697265625e-06
fp16,128,64,8,32,256,0.95,0.6,0.5,0.5,1.3,2,4098,32.015625,52.3,245,32,48,cpu,persistent_chunked,gpu,sorted,1,0.0400844007730484,0.43826299952343106,0.37130499549675733,0.0873079989105463,0.0,0.9369603947037831,0.4297981062287078,3.17556771657743,3.814697265625e-06
fp16,128,64,8,32,256,0.95,0.6,0.5,0.5,1.3,2,4098,32.015625,52.3,245,32,48,cpu,persistent_chunked,cpu,sorted,4,0.037896400690078734,2.119669006788172,0.6666529952781275,0.0,0.0,2.824218402756378,0.45461308271629847,1.0535237566007891,1.9073486328125e-06
fp16,128,64,8,32,256,0.95,0.6,0.5,0.5,1.3,2,4098,32.015625,52.3,245,32,48,cpu,persistent_chunked,gpu,sorted,4,0.037960299849510194,0.43826299952343106,0.37130499549675733,0.0873079989105463,0.0,0.9348362937802449,0.45384782548789726,3.1827831256970995,1.9073486328125e-06
fp16,128,64,8,32,256,0.95,0.6,0.5,0.5,1.3,2,4098,32.015625,52.3,245,32,256,cpu,static_chunked,cpu,identity,0,0.017260199785232543,2.2027680097380653,0.6999570032348856,0.0,0.0,2.9199852127581836,1.0,1.0,3.814697265625e-06
fp16,128,64,8,32,256,0.95,0.6,0.5,0.5,1.3,2,4098,32.015625,52.3,245,32,256,cpu,static_chunked,gpu,identity,0,0.01719219982624054,0.3412160003790632,0.3954909916501492,0.09415099339094013,0.0,0.8480501852463931,1.0039552797012175,3.443175019070138,3.814697265625e-06
fp16,128,64,8,32,256,0.95,0.6,0.5,0.5,1.3,2,4098,32.015625,52.3,245,32,256,cpu,persistent_chunked,cpu,identity,1,0.025132301449775695,2.2027680097380653,0.6999570032348856,0.0,0.0,2.9278573144227265,0.6867735459772861,0.99731130966466,3.814697265625e-06
fp16,128,64,8,32,256,0.95,0.6,0.5,0.5,1.3,2,4098,32.015625,52.3,245,32,256,cpu,persistent_chunked,gpu,identity,1,0.025120198726654053,0.3412160003790632,0.3954909916501492,0.09415099339094013,0.0,0.8559781841468066,0.6871044283148295,3.4112846178067833,3.814697265625e-06
fp16,128,64,8,32,256,0.95,0.6,0.5,0.5,1.3,2,4098,32.015625,52.3,245,32,256,cpu,persistent_chunked,cpu,identity,4,0.028776299953460694,2.2027680097380653,0.6999570032348856,0.0,0.0,2.931501312926412,0.5998060839352906,0.9960716032711812,1.9073486328125e-06
fp16,128,64,8,32,256,0.95,0.6,0.5,0.5,1.3,2,4098,32.015625,52.3,245,32,256,cpu,persistent_chunked,gpu,identity,4,0.02880829870700836,0.3412160003790632,0.3954909916501492,0.09415099339094013,0.0,0.859666284127161,0.5991398506650986,3.3966496845027625,1.9073486328125e-06
fp16,128,64,8,32,256,0.95,0.6,0.5,0.5,1.3,2,4098,32.015625,52.3,245,32,256,cpu,static_chunked,cpu,sorted,0,0.01666409969329834,2.0294640125939623,0.7260569982463494,0.0,0.0,2.77218511053361,1.0357715149876312,1.053315379865136,3.814697265625e-06
fp16,128,64,8,32,256,0.95,0.6,0.5,0.5,1.3,2,4098,32.015625,52.3,245,32,256,cpu,static_chunked,gpu,sorted,0,0.016444200277328493,0.36319800710771233,0.39092199585866183,0.07657801324967295,0.0,0.8471422164933756,1.0496223284892159,3.4468654210683134,3.814697265625e-06
fp16,128,64,8,32,256,0.95,0.6,0.5,0.5,1.3,2,4098,32.015625,52.3,245,32,256,cpu,persistent_chunked,cpu,sorted,1,0.024184200167655944,2.0294640125939623,0.7260569982463494,0.0,0.0,2.7797052110079674,0.7136973588366345,1.0504657836358655,1.9073486328125e-06
fp16,128,64,8,32,256,0.95,0.6,0.5,0.5,1.3,2,4098,32.015625,52.3,245,32,256,cpu,persistent_chunked,gpu,sorted,1,0.02424419969320297,0.36319800710771233,0.39092199585866183,0.07657801324967295,0.0,0.8549422159092501,0.7119311011974364,3.415418210051441,3.814697265625e-06
fp16,128,64,8,32,256,0.95,0.6,0.5,0.5,1.3,2,4098,32.015625,52.3,245,32,256,cpu,persistent_chunked,cpu,sorted,4,0.028824299573898315,2.0294640125939623,0.7260569982463494,0.0,0.0,2.78434531041421,0.5988072577785175,1.0487151869549525,1.9073486328125e-06
fp16,128,64,8,32,256,0.95,0.6,0.5,0.5,1.3,2,4098,32.015625,52.3,245,32,256,cpu,persistent_chunked,gpu,sorted,4,0.028800299763679503,0.36319800710771233,0.39092199585866183,0.07657801324967295,0.0,0.8594983159797266,0.5993062546869614,3.3973134774903486,1.9073486328125e-06
fp16,128,64,8,32,256,0.95,0.6,0.5,0.5,1.3,0,2802,21.890625,43.39999999999998,236,32,48,gpu,static_chunked,gpu,identity,0,0.017296099662780763,0.0,0.0,0.21806999575346708,0.1376149884890765,0.23536609541624784,1.0,1.0,0.0
fp16,128,64,8,32,256,0.95,0.6,0.5,0.5,1.3,0,2802,21.890625,43.39999999999998,236,32,48,gpu,persistent_chunked,gpu,identity,1,0.03820439875125885,0.0,0.0,0.21806999575346708,0.1376149884890765,0.25627439450472594,0.45272534650766755,0.9184144044945055,0.0
fp16,128,64,8,32,256,0.95,0.6,0.5,0.5,1.3,0,2802,21.890625,43.39999999999998,236,32,48,gpu,persistent_chunked,gpu,identity,4,0.03800039887428284,0.0,0.0,0.21806999575346708,0.1376149884890765,0.25607039462774994,0.45515573981214386,0.919146064340628,0.0
fp16,128,64,8,32,256,0.95,0.6,0.5,0.5,1.3,0,2802,21.890625,43.39999999999998,236,32,48,gpu,static_chunked,gpu,bucket,0,0.016336099803447725,0.0,0.0,0.21046499023213983,0.1376149884890765,0.22680109003558754,1.0587655481347165,1.0377643924873392,0.0
fp16,128,64,8,32,256,0.95,0.6,0.5,0.5,1.3,0,2802,21.890625,43.39999999999998,236,32,48,gpu,persistent_chunked,gpu,bucket,1,0.03796829879283905,0.0,0.0,0.21046499023213983,0.1376149884890765,0.24843328902497888,0.4555405486337688,0.9474015996003773,0.0
fp16,128,64,8,32,256,0.95,0.6,0.5,0.5,1.3,0,2802,21.890625,43.39999999999998,236,32,48,gpu,persistent_chunked,gpu,bucket,4,0.03642430007457733,0.0,0.0,0.21046499023213983,0.1376149884890765,0.24688929030671716,0.4748505702887269,0.95332646921965,0.0
fp16,128,64,8,32,256,0.95,0.6,0.5,0.5,1.3,0,2802,21.890625,43.39999999999998,236,32,256,gpu,static_chunked,gpu,identity,0,0.017336200177669524,0.0,0.0,0.2269079996040091,0.13372799730859697,0.2442441997816786,1.0,1.0,0.0
fp16,128,64,8,32,256,0.95,0.6,0.5,0.5,1.3,0,2802,21.890625,43.39999999999998,236,32,256,gpu,persistent_chunked,gpu,identity,1,0.024976199865341185,0.0,0.0,0.2269079996040091,0.13372799730859697,0.25188419946935026,0.6941088024254047,0.969668602858905,0.0
fp16,128,64,8,32,256,0.95,0.6,0.5,0.5,1.3,0,2802,21.890625,43.39999999999998,236,32,256,gpu,persistent_chunked,gpu,identity,4,0.028980299830436707,0.0,0.0,0.2269079996040091,0.13372799730859697,0.2558882994344458,0.598206377404767,0.9544953806856252,0.0
fp16,128,64,8,32,256,0.95,0.6,0.5,0.5,1.3,0,2802,21.890625,43.39999999999998,236,32,256,gpu,static_chunked,gpu,bucket,0,0.01615619957447052,0.0,0.0,0.20736998703796417,0.13372799730859697,0.22352618661243467,1.0730370157758884,1.0926871857084302,0.0
fp16,128,64,8,32,256,0.95,0.6,0.5,0.5,1.3,0,2802,21.890625,43.39999999999998,236,32,256,gpu,persistent_chunked,gpu,bucket,1,0.023948200047016144,0.0,0.0,0.20736998703796417,0.13372799730859697,0.2313181870849803,0.723904098998436,1.0558797942331686,0.0
fp16,128,64,8,32,256,0.95,0.6,0.5,0.5,1.3,0,2802,21.890625,43.39999999999998,236,32,256,gpu,persistent_chunked,gpu,bucket,4,0.028844299912452697,0.0,0.0,0.20736998703796417,0.13372799730859697,0.23621428695041685,0.6010269006454588,1.0339941877984176,0.0
fp16,128,64,8,32,256,0.95,0.6,0.5,0.5,1.3,1,3521,27.5078125,48.89999999999999,245,32,48,gpu,static_chunked,gpu,identity,0,0.017424200475215913,0.0,0.0,0.2271779958391562,0.13287599722389132,0.24460219631437213,1.0,1.0,1.52587890625e-05
fp16,128,64,8,32,256,0.95,0.6,0.5,0.5,1.3,1,3521,27.5078125,48.89999999999999,245,32,48,gpu,persistent_chunked,gpu,identity,1,0.04046039879322052,0.0,0.0,0.2271779958391562,0.13287599722389132,0.2676383946323767,0.43064826336154366,0.9139279013026264,3.814697265625e-06
fp16,128,64,8,32,256,0.95,0.6,0.5,0.5,1.3,1,3521,27.5078125,48.89999999999999,245,32,48,gpu,persistent_chunked,gpu,identity,4,0.03917239904403687,0.0,0.0,0.2271779958391562,0.13287599722389132,0.26635039488319306,0.44480810214426636,0.9183474138329755,7.62939453125e-06
fp16,128,64,8,32,256,0.95,0.6,0.5,0.5,1.3,1,3521,27.5078125,48.89999999999999,245,32,48,gpu,static_chunked,gpu,bucket,0,0.016568100452423094,0.0,0.0,0.2139919961337,0.13287599722389132,0.23056009658612311,1.051671585722889,1.0609042932240609,3.814697265625e-06
fp16,128,64,8,32,256,0.95,0.6,0.5,0.5,1.3,1,3521,27.5078125,48.89999999999999,245,32,48,gpu,persistent_chunked,gpu,bucket,1,0.039752399921417235,0.0,0.0,0.2139919961337,0.13287599722389132,0.2537443960551172,0.4383182024144497,0.9639708309508468,3.814697265625e-06
fp16,128,64,8,32,256,0.95,0.6,0.5,0.5,1.3,1,3521,27.5078125,48.89999999999999,245,32,48,gpu,persistent_chunked,gpu,bucket,4,0.0380403995513916,0.0,0.0,0.2139919961337,0.13287599722389132,0.2520323956850916,0.45804462310329486,0.9705188717881993,1.52587890625e-05
fp16,128,64,8,32,256,0.95,0.6,0.5,0.5,1.3,1,3521,27.5078125,48.89999999999999,245,32,256,gpu,static_chunked,gpu,identity,0,0.017560200393199922,0.0,0.0,0.21232798462733626,0.13204399147070944,0.22988818502053618,1.0,1.0,7.62939453125e-06
fp16,128,64,8,32,256,0.95,0.6,0.5,0.5,1.3,1,3521,27.5078125,48.89999999999999,245,32,256,gpu,persistent_chunked,gpu,identity,1,0.025560298562049867,0.0,0.0,0.21232798462733626,0.13204399147070944,0.23788828318938612,0.687010769869178,0.9663703564480267,3.814697265625e-06
fp16,128,64,8,32,256,0.95,0.6,0.5,0.5,1.3,1,3521,27.5078125,48.89999999999999,245,32,256,gpu,persistent_chunked,gpu,identity,4,0.029012298583984374,0.0,0.0,0.21232798462733626,0.13204399147070944,0.24134028321132064,0.6052674641537592,0.9525479209753108,1.52587890625e-05
fp16,128,64,8,32,256,0.95,0.6,0.5,0.5,1.3,1,3521,27.5078125,48.89999999999999,245,32,256,gpu,static_chunked,gpu,bucket,0,0.016524200141429902,0.0,0.0,0.20431297889444977,0.13204399147070944,0.22083717903587968,1.0626959394647209,1.0409849737447785,7.62939453125e-06
fp16,128,64,8,32,256,0.95,0.6,0.5,0.5,1.3,1,3521,27.5078125,48.89999999999999,245,32,256,gpu,persistent_chunked,gpu,bucket,1,0.024312299489974976,0.0,0.0,0.20431297889444977,0.13204399147070944,0.22862527838442476,0.7222764099480085,1.005523915137625,1.52587890625e-05
fp16,128,64,8,32,256,0.95,0.6,0.5,0.5,1.3,1,3521,27.5078125,48.89999999999999,245,32,256,gpu,persistent_chunked,gpu,bucket,4,0.028872299194335937,0.0,0.0,0.20431297889444977,0.13204399147070944,0.2331852780887857,0.6082023560023518,0.9858606293876145,3.814697265625e-06
fp16,128,64,8,32,256,0.95,0.6,0.5,0.5,1.3,2,3447,26.9296875,54.499999999999986,245,32,48,gpu,static_chunked,gpu,identity,0,0.017420199513435364,0.0,0.0,0.21290000586304814,0.13280499842949212,0.2303202053764835,1.0,1.0,0.0
fp16,128,64,8,32,256,0.95,0.6,0.5,0.5,1.3,2,3447,26.9296875,54.499999999999986,245,32,48,gpu,persistent_chunked,gpu,identity,1,0.03940440118312836,0.0,0.0,0.21290000586304814,0.13280499842949212,0.2523044070461765,0.44208766001738176,0.9128663588279317,7.62939453125e-06
fp16,128,64,8,32,256,0.95,0.6,0.5,0.5,1.3,2,3447,26.9296875,54.499999999999986,245,32,48,gpu,persistent_chunked,gpu,identity,4,0.03825640082359314,0.0,0.0,0.21290000586304814,0.13280499842949212,0.2511564066866413,0.4553538529085082,0.9170389416497969,7.62939453125e-06
fp16,128,64,8,32,256,0.95,0.6,0.5,0.5,1.3,2,3447,26.9296875,54.499999999999986,245,32,48,gpu,static_chunked,gpu,bucket,0,0.016440199315547945,0.0,0.0,0.20545499864965677,0.13280499842949212,0.2218951979652047,1.0596099949323976,1.0379684080076395,7.62939453125e-06
fp16,128,64,8,32,256,0.95,0.6,0.5,0.5,1.3,2,3447,26.9296875,54.499999999999986,245,32,48,gpu,persistent_chunked,gpu,bucket,1,0.03927240073680878,0.0,0.0,0.20545499864965677,0.13280499842949212,0.24472739938646554,0.4435735831425239,0.9411296240384157,7.62939453125e-06
fp16,128,64,8,32,256,0.95,0.6,0.5,0.5,1.3,2,3447,26.9296875,54.499999999999986,245,32,48,gpu,persistent_chunked,gpu,bucket,4,0.038536399602890015,0.0,0.0,0.20545499864965677,0.13280499842949212,0.2439913982525468,0.45204533098439603,0.9439685457193343,7.62939453125e-06
fp16,128,64,8,32,256,0.95,0.6,0.5,0.5,1.3,2,3447,26.9296875,54.499999999999986,245,32,256,gpu,static_chunked,gpu,identity,0,0.017372199892997743,0.0,0.0,0.21226800163276494,0.13235400547273457,0.22964020152576267,1.0,1.0,7.62939453125e-06
fp16,128,64,8,32,256,0.95,0.6,0.5,0.5,1.3,2,3447,26.9296875,54.499999999999986,245,32,256,gpu,persistent_chunked,gpu,identity,1,0.02520430088043213,0.0,0.0,0.21226800163276494,0.13235400547273457,0.23747230251319706,0.689255376509372,0.9670188863941337,7.62939453125e-06
fp16,128,64,8,32,256,0.95,0.6,0.5,0.5,1.3,2,3447,26.9296875,54.499999999999986,245,32,256,gpu,persistent_chunked,gpu,identity,4,0.029196301102638246,0.0,0.0,0.21226800163276494,0.13235400547273457,0.24146430273540317,0.595013725606082,0.9510316801461235,7.62939453125e-06
fp16,128,64,8,32,256,0.95,0.6,0.5,0.5,1.3,2,3447,26.9296875,54.499999999999986,245,32,256,gpu,static_chunked,gpu,bucket,0,0.016964200139045715,0.0,0.0,0.20928200683556497,0.13235400547273457,0.22624620697461068,1.0240506331337693,1.0150013323827032,7.62939453125e-06
fp16,128,64,8,32,256,0.95,0.6,0.5,0.5,1.3,2,3447,26.9296875,54.499999999999986,245,32,256,gpu,persistent_chunked,gpu,bucket,1,0.02458830028772354,0.0,0.0,0.20928200683556497,0.13235400547273457,0.23387030712328852,0.706523008492431,0.981912600836087,7.62939453125e-06
fp16,128,64,8,32,256,0.95,0.6,0.5,0.5,1.3,2,3447,26.9296875,54.499999999999986,245,32,256,gpu,persistent_chunked,gpu,bucket,4,0.029248300194740295,0.0,0.0,0.20928200683556497,0.13235400547273457,0.23853030703030526,0.5939558804214468,0.9627296605818182,3.814697265625e-06
fp16,256,64,8,32,256,0.8,0.6,0.5,0.5,1.3,0,7312,28.5625,50.5,256,32,48,cpu,static_chunked,cpu,identity,0,0.019824199378490448,3.5965819988632575,0.6954990094527602,0.0,0.0,4.311905207694508,1.0,1.0,3.814697265625e-06
fp16,256,64,8,32,256,0.8,0.6,0.5,0.5,1.3,0,7312,28.5625,50.5,256,32,48,cpu,static_chunked,gpu,identity,0,0.019804200530052184,0.37778700061608106,0.38791701081208885,0.10568401194177568,0.0,0.8911922238999977,1.0010098286173137,4.83835595964351,0.0
fp16,256,64,8,32,256,0.8,0.6,0.5,0.5,1.3,0,7312,28.5625,50.5,256,32,48,cpu,persistent_chunked,cpu,identity,1,0.056580501794815066,3.5965819988632575,0.6954990094527602,0.0,0.0,4.348661510110833,0.35037157235510946,0.9915476745359775,3.814697265625e-06
fp16,256,64,8,32,256,0.8,0.6,0.5,0.5,1.3,0,7312,28.5625,50.5,256,32,48,cpu,persistent_chunked,gpu,identity,1,0.0564005970954895,0.37778700061608106,0.38791701081208885,0.10568401194177568,0.0,0.9277886204654351,0.351489175636331,4.647508185141778,0.0
fp16,256,64,8,32,256,0.8,0.6,0.5,0.5,1.3,0,7312,28.5625,50.5,256,32,48,cpu,persistent_chunked,cpu,identity,4,0.05308060050010681,3.5965819988632575,0.6954990094527602,0.0,0.0,4.345161608816125,0.3734735325469906,0.9923463373481574,3.814697265625e-06
fp16,256,64,8,32,256,0.8,0.6,0.5,0.5,1.3,0,7312,28.5625,50.5,256,32,48,cpu,persistent_chunked,gpu,identity,4,0.053128600120544434,0.37778700061608106,0.38791701081208885,0.10568401194177568,0.0,0.92451662349049,0.3731361137600269,4.663956383407164,3.814697265625e-06
fp16,256,64,8,32,256,0.8,0.6,0.5,0.5,1.3,0,7312,28.5625,50.5,256,32,48,cpu,static_chunked,cpu,sorted,0,0.01873620003461838,3.5691300145117566,0.6796079978812486,0.0,0.0,4.267474212427624,1.058069370622741,1.0104115439379795,0.0
fp16,256,64,8,32,256,0.8,0.6,0.5,0.5,1.3,0,7312,28.5625,50.5,256,32,48,cpu,static_chunked,gpu,sorted,0,0.018768200278282167,0.405902013881132,0.3829070192296058,0.10383999324403703,0.0,0.911417226633057,1.056265336289609,4.730989366553318,0.0
fp16,256,64,8,32,256,0.8,0.6,0.5,0.5,1.3,0,7312,28.5625,50.5,256,32,48,cpu,persistent_chunked,cpu,sorted,1,0.05567650198936462,3.5691300145117566,0.6796079978812486,0.0,0.0,4.30441451438237,0.35606043250126035,1.001740235120737,3.814697265625e-06
fp16,256,64,8,32,256,0.8,0.6,0.5,0.5,1.3,0,7312,28.5625,50.5,256,32,48,cpu,persistent_chunked,gpu,sorted,1,0.05579259991645813,0.405902013881132,0.3829070192296058,0.10383999324403703,0.0,0.948441626271233,0.35531951205311285,4.546305316276155,3.814697265625e-06
fp16,256,64,8,32,256,0.8,0.6,0.5,0.5,1.3,0,7312,28.5625,50.5,256,32,48,cpu,persistent_chunked,cpu,sorted,4,0.05203250050544739,3.5691300145117566,0.6796079978812486,0.0,0.0,4.300770512898453,0.3809964769310868,1.0025889999856215,3.814697265625e-06
fp16,256,64,8,32,256,0.8,0.6,0.5,0.5,1.3,0,7312,28.5625,50.5,256,32,48,cpu,persistent_chunked,gpu,sorted,4,0.05212849974632263,0.405902013881132,0.3829070192296058,0.10383999324403703,0.0,0.9447775261010974,0.38029483823556487,4.563937105372155,3.814697265625e-06
fp16,256,64,8,32,256,0.8,0.6,0.5,0.5,1.3,0,7312,28.5625,50.5,256,32,256,cpu,static_chunked,cpu,identity,0,0.020724299550056457,3.6480019916780293,0.6916709971847013,0.0,0.0,4.360397288412787,1.0,1.0,3.814697265625e-06
fp16,256,64,8,32,256,0.8,0.6,0.5,0.5,1.3,0,7312,28.5625,50.5,256,32,256,cpu,static_chunked,gpu,identity,0,0.019468200206756592,0.3959829919040203,0.40040099702309817,0.0870280055096373,0.0,0.9028801946435123,1.0645205684120675,4.829430653459421,3.814697265625e-06
fp16,256,64,8,32,256,0.8,0.6,0.5,0.5,1.3,0,7312,28.5625,50.5,256,32,256,cpu,persistent_chunked,cpu,identity,1,0.028340300917625426,3.6480019916780293,0.6916709971847013,0.0,0.0,4.368013289780356,0.7312660373753329,0.9982564152482348,3.814697265625e-06
fp16,256,64,8,32,256,0.8,0.6,0.5,0.5,1.3,0,7312,28.5625,50.5,256,32,256,cpu,persistent_chunked,gpu,identity,1,0.0284961998462677,0.3959829919040203,0.40040099702309817,0.0870280055096373,0.0,0.9119081942830235,0.7272653779051464,4.78161871529304,3.814697265625e-06
fp16,256,64,8,32,256,0.8,0.6,0.5,0.5,1.3,0,7312,28.5625,50.5,256,32,256,cpu,persistent_chunked,cpu,identity,4,0.029476198554039,3.6480019916780293,0.6916709971847013,0.0,0.0,4.369149187416769,0.7030858986806727,0.997996887121825,3.814697265625e-06
fp16,256,64,8,32,256,0.8,0.6,0.5,0.5,1.3,0,7312,28.5625,50.5,256,32,256,cpu,persistent_chunked,gpu,identity,4,0.02944830060005188,0.3959829919040203,0.40040099702309817,0.0870280055096373,0.0,0.9128602950368077,0.7037519696474419,4.776631552626538,3.814697265625e-06
fp16,256,64,8,32,256,0.8,0.6,0.5,0.5,1.3,0,7312,28.5625,50.5,256,32,256,cpu,static_chunked,cpu,sorted,0,0.01885620057582855,3.561525998520665,0.6707009888486937,0.0,0.0,4.251083187945187,1.0990708052089024,1.0257144110417746,3.814697265625e-06
fp16,256,64,8,32,256,0.8,0.6,0.5,0.5,1.3,0,7312,28.5625,50.5,256,32,256,cpu,static_chunked,gpu,sorted,0,0.01881619989871979,0.4231959901517257,0.3972139966208488,0.0832799996715039,0.0,0.9225061863427981,1.1014072799825267,4.7266862303647335,3.814697265625e-06
fp16,256,64,8,32,256,0.8,0.6,0.5,0.5,1.3,0,7312,28.5625,50.5,256,32,256,cpu,persistent_chunked,cpu,sorted,1,0.02745630145072937,3.561525998520665,0.6707009888486937,0.0,0.0,4.259683288820088,0.7548103151200622,1.0236435417292717,1.52587890625e-05
fp16,256,64,8,32,256,0.8,0.6,0.5,0.5,1.3,0,7312,28.5625,50.5,256,32,256,cpu,persistent_chunked,gpu,sorted,1,0.027368301153182985,0.4231959901517257,0.3972139966208488,0.0832799996715039,0.0,0.9310582875972614,0.7572373394336968,4.68326993755188,3.814697265625e-06
fp16,256,64,8,32,256,0.8,0.6,0.5,0.5,1.3,0,7312,28.5625,50.5,256,32,256,cpu,persistent_chunked,cpu,sorted,4,0.02918429970741272,3.561525998520665,0.6707009888486937,0.0,0.0,4.261411287076771,0.7101181031523107,1.0232284552388085,3.814697265625e-06
fp16,256,64,8,32,256,0.8,0.6,0.5,0.5,1.3,0,7312,28.5625,50.5,256,32,256,cpu,persistent_chunked,gpu,sorted,4,0.030784299969673155,0.4231959901517257,0.3972139966208488,0.0832799996715039,0.0,0.9344742864137515,0.6732100314274742,4.666150103655351,3.814697265625e-06
fp16,256,64,8,32,256,0.8,0.6,0.5,0.5,1.3,1,6156,24.046875,38.5,256,32,48,cpu,static_chunked,cpu,identity,0,0.0221001997590065,3.5452040028758347,0.7523579988628626,0.0,0.0,4.319662201497704,1.0,1.0,1.52587890625e-05
fp16,256,64,8,32,256,0.8,0.6,0.5,0.5,1.3,1,6156,24.046875,38.5,256,32,48,cpu,static_chunked,gpu,identity,0,0.01934420019388199,0.30405599682126194,0.443543991423212,0.08799000352155417,0.0,0.85493419195991,1.1424716213387904,5.052625385814799,1.52587890625e-05
fp16,256,64,8,32,256,0.8,0.6,0.5,0.5,1.3,1,6156,24.046875,38.5,256,32,48,cpu,persistent_chunked,cpu,identity,1,0.056972599029541014,3.5452040028758347,0.7523579988628626,0.0,0.0,4.354534600768238,0.38790927806448267,0.9919917046325957,7.62939453125e-06
fp16,256,64,8,32,256,0.8,0.6,0.5,0.5,1.3,1,6156,24.046875,38.5,256,32,48,cpu,persistent_chunked,gpu,identity,1,0.05688859820365906,0.30405599682126194,0.443543991423212,0.08799000352155417,0.0,0.8924785899696872,0.3884820589160698,4.8400737564409475,7.62939453125e-06
fp16,256,64,8,32,256,0.8,0.6,0.5,0.5,1.3,1,6156,24.046875,38.5,256,32,48,cpu,persistent_chunked,cpu,identity,4,0.05346059799194336,3.5452040028758347,0.7523579988628626,0.0,0.0,4.351022599730641,0.4133923036614191,0.9927924074136324,1.52587890625e-05
fp16,256,64,8,32,256,0.8,0.6,0.5,0.5,1.3,1,6156,24.046875,38.5,256,32,48,cpu,persistent_chunked,gpu,identity,4,0.05357660055160522,0.30405599682126194,0.443543991423212,0.08799000352155417,0.0,0.8891665923176333,0.41249723818739653,4.858102226083871,1.52587890625e-05
fp16,256,64,8,32,256,0.8,0.6,0.5,0.5,1.3,1,6156,24.046875,38.5,256,32,48,cpu,static_chunked,cpu,sorted,0,0.018692100048065187,3.7567909894278273,0.7406049990095198,0.0,0.0,4.516088088485413,1.1823283473862043,0.956505302124524,7.62939453125e-06
fp16,256,64,8,32,256,0.8,0.6,0.5,0.5,1.3,1,6156,24.046875,38.5,256,32,48,cpu,static_chunked,gpu,sorted,0,0.018660199642181397,0.3263289836468175,0.4397260054247454,0.08381200314033777,0.0,0.868527191854082,1.1843495880424013,4.9735486027516735,1.52587890625e-05
fp16,256,64,8,32,256,0.8,0.6,0.5,0.5,1.3,1,6156,24.046875,38.5,256,32,48,cpu,persistent_chunked,cpu,sorted,1,0.05654060244560242,3.7567909894278273,0.7406049990095198,0.0,0.0,4.55393659088295,0.39087308594331044,0.9485556320976741,1.9073486328125e-06
fp16,256,64,8,32,256,0.8,0.6,0.5,0.5,1.3,1,6156,24.046875,38.5,256,32,48,cpu,persistent_chunked,gpu,sorted,1,0.05648859739303589,0.3263289836468175,0.4397260054247454,0.08381200314033777,0.0,0.9063555896049366,0.3912329351220728,4.765968512844461,7.62939453125e-06
fp16,256,64,8,32,256,0.8,0.6,0.5,0.5,1.3,1,6156,24.046875,38.5,256,32,48,cpu,persistent_chunked,cpu,sorted,4,0.05188860297203064,3.7567909894278273,0.7406049990095198,0.0,0.0,4.549284591409378,0.42591626085826795,0.949525604455417,7.62939453125e-06
fp16,256,64,8,32,256,0.8,0.6,0.5,0.5,1.3,1,6156,24.046875,38.5,256,32,48,cpu,persistent_chunked,gpu,sorted,4,0.051992499828338624,0.3263289836468175,0.4397260054247454,0.08381200314033777,0.0,0.9018594920402393,0.4250651503961873,4.789728599213954,7.62939453125e-06
fp16,256,64,8,32,256,0.8,0.6,0.5,0.5,1.3,1,6156,24.046875,38.5,256,32,256,cpu,static_chunked,cpu,identity,0,0.019432200491428374,3.805073007242754,0.721056989277713,0.0,0.0,4.545562197011895,1.0,1.0,7.62939453125e-06
fp16,256,64,8,32,256,0.8,0.6,0.5,0.5,1.3,1,6156,24.046875,38.5,256,32,256,cpu,static_chunked,gpu,identity,0,0.020840199291706087,0.3456150006968528,0.41826299275271595,0.08653699478600174,0.0,0.8712551875272766,0.9324383236182361,5.217256966828201,7.62939453125e-06
fp16,256,64,8,32,256,0.8,0.6,0.5,0.5,1.3,1,6156,24.046875,38.5,256,32,256,cpu,persistent_chunked,cpu,identity,1,0.028668200969696044,3.805073007242754,0.721056989277713,0.0,0.0,4.554798197490163,0.6778311799882155,0.9979722481484784,1.52587890625e-05
fp16,256,64,8,32,256,0.8,0.6,0.5,0.5,1.3,1,6156,24.046875,38.5,256,32,256,cpu,persistent_chunked,gpu,identity,1,0.02871229946613312,0.3456150006968528,0.41826299275271595,0.08653699478600174,0.0,0.8791272877017036,0.6767901161782304,5.170539307106855,1.52587890625e-05
fp16,256,64,8,32,256,0.8,0.6,0.5,0.5,1.3,1,6156,24.046875,38.5,256,32,256,cpu,persistent_chunked,cpu,identity,4,0.03182030022144318,3.805073007242754,0.721056989277713,0.0,0.0,4.55795029674191,0.6106856426933814,0.9972820897720472,1.52587890625e-05
fp16,256,64,8,32,256,0.8,0.6,0.5,0.5,1.3,1,6156,24.046875,38.5,256,32,256,cpu,persistent_chunked,gpu,identity,4,0.031740298867225646,0.3456150006968528,0.41826299275271595,0.08653699478600174,0.0,0.8821552871027961,0.6122248745267377,5.1527914228577405,1.52587890625e-05
fp16,256,64,8,32,256,0.8,0.6,0.5,0.5,1.3,1,6156,24.046875,38.5,256,32,256,cpu,static_chunked,cpu,sorted,0,0.01873220056295395,3.5999589890707284,0.6990649999352172,0.0,0.0,4.317756189568899,1.0373688038477866,1.052760275810233,7.62939453125e-06
fp16,256,64,8,32,256,0.8,0.6,0.5,0.5,1.3,1,6156,24.046875,38.5,256,32,256,cpu,static_chunked,gpu,sorted,0,0.01867620050907135,0.3697619977174327,0.40660098602529615,0.08328999683726579,0.0,0.878329181089066,1.0404793245815613,5.17523759301236,7.62939453125e-06
fp16,256,64,8,32,256,0.8,0.6,0.5,0.5,1.3,1,6156,24.046875,38.5,256,32,256,cpu,persistent_chunked,cpu,sorted,1,0.027740299701690674,3.5999589890707284,0.6990649999352172,0.0,0.0,4.326764288707636,0.7005043456774207,1.0505684834450761,7.62939453125e-06
fp16,256,64,8,32,256,0.8,0.6,0.5,0.5,1.3,1,6156,24.046875,38.5,256,32,256,cpu,persistent_chunked,gpu,sorted,1,0.02764819860458374,0.3697619977174327,0.40660098602529615,0.08328999683726579,0.0,0.8873011791845784,0.7028378510058427,5.12290787350156,0.0
fp16,256,64,8,32,256,0.8,0.6,0.5,0.5,1.3,1,6156,24.046875,38.5,256,32,256,cpu,persistent_chunked,cpu,sorted,4,0.030572301149368285,3.5999589890707284,0.6990649999352172,0.0,0.0,4.3295962901553136,0.6356145844726477,1.0498813035634864,7.62939453125e-06
fp16,256,64,8,32,256,0.8,0.6,0.5,0.5,1.3,1,6156,24.046875,38.5,256,32,256,cpu,persistent_chunked,gpu,sorted,4,0.029684299230575563,0.3697619977174327,0.40660098602529615,0.08328999683726579,0.0,0.8893372798105702,0.6546289114149856,5.111179189497268,7.62939453125e-06
fp16,256,64,8,32,256,0.8,0.6,0.5,0.5,1.3,2,7643,29.85546875,46.5,256,32,48,cpu,static_chunked,cpu,identity,0,0.019780200719833375,4.092425006092526,0.6965009961277246,0.0,0.0,4.808706202940084,1.0,1.0,3.814697265625e-06
fp16,256,64,8,32,256,0.8,0.6,0.5,0.5,1.3,2,7643,29.85546875,46.5,256,32,48,cpu,static_chunked,gpu,identity,0,0.01974419951438904,0.3537199954735115,0.3924060001736507,0.09004400635603815,0.0,0.8559142015175893,1.0018233813641368,5.6182105571025085,9.5367431640625e-07
fp16,256,64,8,32,256,0.8,0.6,0.5,0.5,1.3,2,7643,29.85546875,46.5,256,32,48,cpu,persistent_chunked,cpu,identity,1,0.057872599363327025,4.092425006092526,0.6965009961277246,0.0,0.0,4.846798601583577,0.34178870376380194,0.9921407094094962,0.0
fp16,256,64,8,32,256,0.8,0.6,0.5,0.5,1.3,2,7643,29.85546875,46.5,256,32,48,cpu,persistent_chunked,gpu,identity,1,0.05787659883499145,0.3537199954735115,0.3924060001736507,0.09004400635603815,0.0,0.8940466008381918,0.34176508499104336,5.378585633491362,3.814697265625e-06
fp16,256,64,8,32,256,0.8,0.6,0.5,0.5,1.3,2,7643,29.85546875,46.5,256,32,48,cpu,persistent_chunked,cpu,identity,4,0.05392060279846191,4.092425006092526,0.6965009961277246,0.0,0.0,4.842846605018712,0.36683938408043176,0.9929503441130578,9.5367431640625e-07
fp16,256,64,8,32,256,0.8,0.6,0.5,0.5,1.3,2,7643,29.85546875,46.5,256,32,48,cpu,persistent_chunked,gpu,identity,4,0.05392460227012634,0.3537199954735115,0.3924060001736507,0.09004400635603815,0.0,0.8900946042733267,0.3668121763930264,5.4024664118326085,9.5367431640625e-07
fp16,256,64,8,32,256,0.8,0.6,0.5,0.5,1.3,2,7643,29.85546875,46.5,256,32,48,cpu,static_chunked,cpu,sorted,0,0.01897220015525818,4.0939579921541736,0.6929340015631169,0.0,0.0,4.805864193872549,1.042588659088717,1.000591362750358,0.0
fp16,256,64,8,32,256,0.8,0.6,0.5,0.5,1.3,2,7643,29.85546875,46.5,256,32,48,cpu,static_chunked,gpu,sorted,0,0.019012199342250825,0.3779259859584272,0.38754699926357716,0.08605601033195853,0.0,0.8705411948962137,1.0403951885711518,5.523812349297703,9.5367431640625e-07
fp16,256,64,8,32,256,0.8,0.6,0.5,0.5,1.3,2,7643,29.85546875,46.5,256,32,48,cpu,persistent_chunked,cpu,sorted,1,0.058056598901748656,4.0939579921541736,0.6929340015631169,0.0,0.0,4.844948592619039,0.3407054683535311,0.9925195512426762,9.5367431640625e-07
fp16,256,64,8,32,256,0.8,0.6,0.5,0.5,1.3,2,7643,29.85546875,46.5,256,32,48,cpu,persistent_chunked,gpu,sorted,1,0.05823659896850586,0.3779259859584272,0.38754699926357716,0.08605601033195853,0.0,0.9097655945224687,0.33965240192907614,5.285654054068893,3.814697265625e-06
fp16,256,64,8,32,256,0.8,0.6,0.5,0.5,1.3,2,7643,29.85546875,46.5,256,32,48,cpu,persistent_chunked,cpu,sorted,4,0.05366860032081604,4.0939579921541736,0.6929340015631169,0.0,0.0,4.840560594038107,0.3685618891044821,0.9934192764496624,0.0
fp16,256,64,8,32,256,0.8,0.6,0.5,0.5,1.3,2,7643,29.85546875,46.5,256,32,48,cpu,persistent_chunked,gpu,sorted,4,0.053700602054595946,0.3779259859584272,0.38754699926357716,0.08605601033195853,0.0,0.9052295976085588,0.3683422524709012,5.312139832417935,0.0
fp16,256,64,8,32,256,0.8,0.6,0.5,0.5,1.3,2,7643,29.85546875,46.5,256,32,256,cpu,static_chunked,cpu,identity,0,0.01987220048904419,4.025176007417031,0.7156179926823825,0.0,0.0,4.7606662005884575,1.0,1.0,0.0
fp16,256,64,8,32,256,0.8,0.6,0.5,0.5,1.3,2,7643,29.85546875,46.5,256,32,256,cpu,static_chunked,gpu,identity,0,0.019808200001716614,0.33940200228244066,0.407073981477879,0.08596500265412033,0.0,0.8522491864161565,1.0032310097496002,5.586002634520329,3.814697265625e-06
fp16,256,64,8,32,256,0.8,0.6,0.5,0.5,1.3,2,7643,29.85546875,46.5,256,32,256,cpu,persistent_chunked,cpu,identity,1,0.02883630096912384,4.025176007417031,0.7156179926823825,0.0,0.0,4.769630301068537,0.6891383367902193,0.998120587988115,3.814697265625e-06
fp16,256,64,8,32,256,0.8,0.6,0.5,0.5,1.3,2,7643,29.85546875,46.5,256,32,256,cpu,persistent_chunked,gpu,identity,1,0.028860199451446533,0.33940200228244066,0.407073981477879,0.08596500265412033,0.0,0.8613011858658866,0.6885676768269234,5.5272955369293335,3.814697265625e-06
fp16,256,64,8,32,256,0.8,0.6,0.5,0.5,1.3,2,7643,29.85546875,46.5,256,32,256,cpu,persistent_chunked,cpu,identity,4,0.03136430084705353,4.025176007417031,0.7156179926823825,0.0,0.0,4.772158300946467,0.6335929688326227,0.9975918442697657,0.0
fp16,256,64,8,32,256,0.8,0.6,0.5,0.5,1.3,2,7643,29.85546875,46.5,256,32,256,cpu,persistent_chunked,gpu,identity,4,0.03151629865169525,0.33940200228244066,0.407073981477879,0.08596500265412033,0.0,0.8639572850661352,0.6305372565688411,5.510302746303056,0.0
fp16,256,64,8,32,256,0.8,0.6,0.5,0.5,1.3,2,7643,29.85546875,46.5,256,32,256,cpu,static_chunked,cpu,sorted,0,0.01896820068359375,4.041195017634891,0.7188039890024811,0.0,0.0,4.7789672073209655,1.047658701029684,0.996170510083335,0.0
fp16,256,64,8,32,256,0.8,0.6,0.5,0.5,1.3,2,7643,29.85546875,46.5,256,32,256,cpu,static_chunked,gpu,sorted,0,0.01897220015525818,0.36106300831306726,0.402405989007093,0.08477301162201911,0.0,0.8672142090974375,1.0474378472934556,5.489608162143897,3.814697265625e-06
fp16,256,64,8,32,256,0.8,0.6,0.5,0.5,1.3,2,7643,29.85546875,46.5,256,32,256,cpu,persistent_chunked,cpu,sorted,1,0.028008198738098143,4.041195017634891,0.7188039890024811,0.0,0.0,4.78800720537547,0.7095136918609848,0.9942896901332319,3.814697265625e-06
fp16,256,64,8,32,256,0.8,0.6,0.5,0.5,1.3,2,7643,29.85546875,46.5,256,32,256,cpu,persistent_chunked,gpu,sorted,1,0.02825230062007904,0.36106300831306726,0.402405989007093,0.08477301162201911,0.0,0.8764943095622584,0.7033834432202284,5.431485576861355,3.814697265625e-06
fp16,256,64,8,32,256,0.8,0.6,0.5,0.5,1.3,2,7643,29.85546875,46.5,256,32,256,cpu,persistent_chunked,cpu,sorted,4,0.029684299230575563,4.041195017634891,0.7188039890024811,0.0,0.0,4.789683305867948,0.6694515620761339,0.9939417486655243,9.5367431640625e-07
fp16,256,64,8,32,256,0.8,0.6,0.5,0.5,1.3,2,7643,29.85546875,46.5,256,32,256,cpu,persistent_chunked,gpu,sorted,4,0.029432299733161926,0.36106300831306726,0.402405989007093,0.08477301162201911,0.0,0.8776743086753414,0.6751834096964502,5.424183154880822,9.5367431640625e-07
fp16,256,64,8,32,256,0.8,0.6,0.5,0.5,1.3,0,6669,26.05078125,46.0,211,32,48,gpu,static_chunked,gpu,identity,0,0.0196602001786232,0.0,0.0,0.2440899988869205,0.14182300947140902,0.2637501990655437,1.0,1.0,1.52587890625e-05
fp16,256,64,8,32,256,0.8,0.6,0.5,0.5,1.3,0,6669,26.05078125,46.0,211,32,48,gpu,persistent_chunked,gpu,identity,1,0.05666059851646423,0.0,0.0,0.2440899988869205,0.14182300947140902,0.3007505974033847,0.34698186558884314,0.8769731509852535,7.62939453125e-06
fp16,256,64,8,32,256,0.8,0.6,0.5,0.5,1.3,0,6669,26.05078125,46.0,211,32,48,gpu,persistent_chunked,gpu,identity,4,0.054884600639343264,0.0,0.0,0.2440899988869205,0.14182300947140902,0.29897459952626376,0.3582097701286735,0.8821826318472057,1.52587890625e-05
fp16,256,64,8,32,256,0.8,0.6,0.5,0.5,1.3,0,6669,26.05078125,46.0,211,32,48,gpu,static_chunked,gpu,bucket,0,0.01910019963979721,0.0,0.0,0.2534580125939101,0.14182300947140902,0.2725582122337073,1.0293190934852414,0.9676839193507364,7.62939453125e-06
fp16,256,64,8,32,256,0.8,0.6,0.5,0.5,1.3,0,6669,26.05078125,46.0,211,32,48,gpu,persistent_chunked,gpu,bucket,1,0.05664049983024597,0.0,0.0,0.2534580125939101,0.14182300947140902,0.3100985124241561,0.34710499090837243,0.8505368084603493,7.62939453125e-06
fp16,256,64,8,32,256,0.8,0.6,0.5,0.5,1.3,0,6669,26.05078125,46.0,211,32,48,gpu,persistent_chunked,gpu,bucket,4,0.05271649956703186,0.0,0.0,0.2534580125939101,0.14182300947140902,0.30617451216094194,0.3729420644408341,0.8614374763073103,3.814697265625e-06
fp16,256,64,8,32,256,0.8,0.6,0.5,0.5,1.3,0,6669,26.05078125,46.0,211,32,256,gpu,static_chunked,gpu,identity,0,0.019880199432373048,0.0,0.0,0.23876001068856567,0.13717400724999607,0.25864021012093874,1.0,1.0,7.62939453125e-06
fp16,256,64,8,32,256,0.8,0.6,0.5,0.5,1.3,0,6669,26.05078125,46.0,211,32,256,gpu,persistent_chunked,gpu,identity,1,0.02900429964065552,0.0,0.0,0.23876001068856567,0.13717400724999607,0.2677643103292212,0.6854224952395279,0.9659248829798706,1.52587890625e-05
fp16,256,64,8,32,256,0.8,0.6,0.5,0.5,1.3,0,6669,26.05078125,46.0,211,32,256,gpu,persistent_chunked,gpu,identity,4,0.03149229884147644,0.0,0.0,0.23876001068856567,0.13717400724999607,0.2702523095300421,0.6312717763934763,0.957032376784138,1.52587890625e-05
fp16,256,64,8,32,256,0.8,0.6,0.5,0.5,1.3,0,6669,26.05078125,46.0,211,32,256,gpu,static_chunked,gpu,bucket,0,0.01913619935512543,0.0,0.0,0.2196120040025562,0.13717400724999607,0.23874820335768163,1.0388791976630587,1.083317932799083,7.62939453125e-06
fp16,256,64,8,32,256,0.8,0.6,0.5,0.5,1.3,0,6669,26.05078125,46.0,211,32,256,gpu,persistent_chunked,gpu,bucket,1,0.028324300050735475,0.0,0.0,0.2196120040025562,0.13717400724999607,0.24793630405329167,0.7018778715365585,1.0431719997945375,7.62939453125e-06
fp16,256,64,8,32,256,0.8,0.6,0.5,0.5,1.3,0,6669,26.05078125,46.0,211,32,256,gpu,persistent_chunked,gpu,bucket,4,0.030580300092697143,0.0,0.0,0.2196120040025562,0.13717400724999607,0.25019230409525334,0.6500982453445779,1.0337656510108684,7.62939453125e-06
fp16,256,64,8,32,256,0.8,0.6,0.5,0.5,1.3,1,7317,28.58203125,49.0,211,32,48,gpu,static_chunked,gpu,identity,0,0.019700199365615845,0.0,0.0,0.2621140010887757,0.16006799705792218,0.28181420045439154,1.0,1.0,7.62939453125e-06
fp16,256,64,8,32,256,0.8,0.6,0.5,0.5,1.3,1,7317,28.58203125,49.0,211,32,48,gpu,persistent_chunked,gpu,identity,1,0.057688599824905394,0.0,0.0,0.2621140010887757,0.16006799705792218,0.31980260091368107,0.3414920699307881,0.8812129721560861,0.0
fp16,256,64,8,32,256,0.8,0.6,0.5,0.5,1.3,1,7317,28.58203125,49.0,211,32,48,gpu,persistent_chunked,gpu,identity,4,0.05349649786949158,0.0,0.0,0.2621140010887757,0.16006799705792218,0.31561049895826726,0.36825213145121855,0.8929176988236233,1.9073486328125e-06
fp16,256,64,8,32,256,0.8,0.6,0.5,0.5,1.3,1,7317,28.58203125,49.0,211,32,48,gpu,static_chunked,gpu,bucket,0,0.01934420019388199,0.0,0.0,0.24103399482555687,0.16006799705792218,0.2603781950194389,1.0184034060941143,1.082326423045341,0.0
fp16,256,64,8,32,256,0.8,0.6,0.5,0.5,1.3,1,7317,28.58203125,49.0,211,32,48,gpu,persistent_chunked,gpu,bucket,1,0.058068597316741945,0.0,0.0,0.24103399482555687,0.16006799705792218,0.29910259214229884,0.33925736587296584,0.942199124507479,7.62939453125e-06
fp16,256,64,8,32,256,0.8,0.6,0.5,0.5,1.3,1,7317,28.58203125,49.0,211,32,48,gpu,persistent_chunked,gpu,bucket,4,0.053336501121520996,0.0,0.0,0.24103399482555687,0.16006799705792218,0.29437049594707787,0.3693567997782839,0.9573452650127555,3.814697265625e-06
fp16,256,64,8,32,256,0.8,0.6,0.5,0.5,1.3,1,7317,28.58203125,49.0,211,32,256,gpu,static_chunked,gpu,identity,0,0.019756199419498445,0.0,0.0,0.23923098342493176,0.1365429925499484,0.25898718284443023,1.0,1.0,7.62939453125e-06
fp16,256,64,8,32,256,0.8,0.6,0.5,0.5,1.3,1,7317,28.58203125,49.0,211,32,256,gpu,persistent_chunked,gpu,identity,1,0.02881230115890503,0.0,0.0,0.23923098342493176,0.1365429925499484,0.2680432845838368,0.6856862737391035,0.9662140323587399,3.814697265625e-06
fp16,256,64,8,32,256,0.8,0.6,0.5,0.5,1.3,1,7317,28.58203125,49.0,211,32,256,gpu,persistent_chunked,gpu,identity,4,0.03045229911804199,0.0,0.0,0.23923098342493176,0.1365429925499484,0.26968328254297375,0.6487588783663807,0.9603382916520267,3.814697265625e-06
fp16,256,64,8,32,256,0.8,0.6,0.5,0.5,1.3,1,7317,28.58203125,49.0,211,32,256,gpu,static_chunked,gpu,bucket,0,0.019732199609279633,0.0,0.0,0.21862098947167397,0.1365429925499484,0.2383531890809536,1.0012162764767252,1.086568985475032,7.62939453125e-06
fp16,256,64,8,32,256,0.8,0.6,0.5,0.5,1.3,1,7317,28.58203125,49.0,211,32,256,gpu,persistent_chunked,gpu,bucket,1,0.028536298871040346,0.0,0.0,0.21862098947167397,0.1365429925499484,0.2471572883427143,0.6923182122804209,1.0478638302800616,3.814697265625e-06
fp16,256,64,8,32,256,0.8,0.6,0.5,0.5,1.3,1,7317,28.58203125,49.0,211,32,256,gpu,persistent_chunked,gpu,bucket,4,0.030340299010276794,0.0,0.0,0.21862098947167397,0.1365429925499484,0.24896128848195076,0.6511537481158861,1.0402708968274252,3.814697265625e-06
fp16,256,64,8,32,256,0.8,0.6,0.5,0.5,1.3,2,7444,29.078125,51.5,211,32,48,gpu,static_chunked,gpu,identity,0,0.020228199660778046,0.0,0.0,0.24315898190252483,0.1370739919366315,0.2633871815633029,1.0,1.0,7.62939453125e-06
fp16,256,64,8,32,256,0.8,0.6,0.5,0.5,1.3,2,7444,29.078125,51.5,211,32,48,gpu,persistent_chunked,gpu,identity,1,0.058724498748779295,0.0,0.0,0.24315898190252483,0.1370739919366315,0.3018834806513041,0.3444592987896475,0.8724796103286385,7.62939453125e-06
fp16,256,64,8,32,256,0.8,0.6,0.5,0.5,1.3,2,7444,29.078125,51.5,211,32,48,gpu,persistent_chunked,gpu,identity,4,0.056944602727890016,0.0,0.0,0.24315898190252483,0.1370739919366315,0.30010358463041487,0.35522593348202935,0.8776542335796182,1.52587890625e-05
fp16,256,64,8,32,256,0.8,0.6,0.5,0.5,1.3,2,7444,29.078125,51.5,211,32,48,gpu,static_chunked,gpu,bucket,0,0.019496199488639832,0.0,0.0,0.21795000066049397,0.1370739919366315,0.2374462001491338,1.0375457879657386,1.1092499328179444,7.62939453125e-06
fp16,256,64,8,32,256,0.8,0.6,0.5,0.5,1.3,2,7444,29.078125,51.5,211,32,48,gpu,persistent_chunked,gpu,bucket,1,0.05868459939956665,0.0,0.0,0.21795000066049397,0.1370739919366315,0.27663460006006063,0.34469349484777123,0.9521122141124734,1.52587890625e-05
fp16,256,64,8,32,256,0.8,0.6,0.5,0.5,1.3,2,7444,29.078125,51.5,211,32,48,gpu,persistent_chunked,gpu,bucket,4,0.05416849851608276,0.0,0.0,0.21795000066049397,0.1370739919366315,0.2721184991765767,0.37343105707041596,0.9679135463421467,1.52587890625e-05
fp16,256,64,8,32,256,0.8,0.6,0.5,0.5,1.3,2,7444,29.078125,51.5,211,32,256,gpu,static_chunked,gpu,identity,0,0.02008820027112961,0.0,0.0,0.26859699573833495,0.1363019982818514,0.2886851960094646,1.0,1.0,7.62939453125e-06
fp16,256,64,8,32,256,0.8,0.6,0.5,0.5,1.3,2,7444,29.078125,51.5,211,32,256,gpu,persistent_chunked,gpu,identity,1,0.02899630069732666,0.0,0.0,0.26859699573833495,0.1363019982818514,0.2975932964356616,0.6927849342168554,0.9700661925759375,3.814697265625e-06
fp16,256,64,8,32,256,0.8,0.6,0.5,0.5,1.3,2,7444,29.078125,51.5,211,32,256,gpu,persistent_chunked,gpu,identity,4,0.033128300309181215,0.0,0.0,0.26859699573833495,0.1363019982818514,0.3017252960475162,0.6063758201794115,0.9567815486176604,1.52587890625e-05
fp16,256,64,8,32,256,0.8,0.6,0.5,0.5,1.3,2,7444,29.078125,51.5,211,32,256,gpu,static_chunked,gpu,bucket,0,0.019536200165748595,0.0,0.0,0.2172379900002852,0.1363019982818514,0.2367741901660338,1.0282552441466482,1.219242670863024,1.52587890625e-05
fp16,256,64,8,32,256,0.8,0.6,0.5,0.5,1.3,2,7444,29.078125,51.5,211,32,256,gpu,persistent_chunked,gpu,bucket,1,0.028340300917625426,0.0,0.0,0.2172379900002852,0.1363019982818514,0.24557829091791064,0.7088209941566406,1.1755322301919726,7.62939453125e-06
fp16,256,64,8,32,256,0.8,0.6,0.5,0.5,1.3,2,7444,29.078125,51.5,211,32,256,gpu,persistent_chunked,gpu,bucket,4,0.03046430051326752,0.0,0.0,0.2172379900002852,0.1363019982818514,0.24770229051355272,0.659401329841169,1.1654522669570127,1.52587890625e-05
fp16,256,64,8,32,256,0.95,0.6,0.5,0.5,1.3,0,7240,28.28125,51.5,256,32,48,cpu,static_chunked,cpu,identity,0,0.01950020045042038,3.92283100518398,0.7143350085243583,0.0,0.0,4.656666214158759,1.0,1.0,3.814697265625e-06
fp16,256,64,8,32,256,0.95,0.6,0.5,0.5,1.3,0,7240,28.28125,51.5,256,32,48,cpu,static_chunked,gpu,identity,0,0.019548200070858,0.3428510099183768,0.4082669911440462,0.0882299937075004,0.0,0.8588961948407814,0.9975445503799003,5.421686860566418,3.814697265625e-06
fp16,256,64,8,32,256,0.95,0.6,0.5,0.5,1.3,0,7240,28.28125,51.5,256,32,48,cpu,persistent_chunked,cpu,identity,1,0.056416600942611694,3.92283100518398,0.7143350085243583,0.0,0.0,4.69358261465095,0.34564649632572597,0.9921347074243548,0.0
fp16,256,64,8,32,256,0.95,0.6,0.5,0.5,1.3,0,7240,28.28125,51.5,256,32,48,cpu,persistent_chunked,gpu,identity,1,0.05632060170173645,0.3428510099183768,0.4082669911440462,0.0882299937075004,0.0,0.8956685964716599,0.3462356555366694,5.19909510337075,0.0
fp16,256,64,8,32,256,0.95,0.6,0.5,0.5,1.3,0,7240,28.28125,51.5,256,32,48,cpu,persistent_chunked,cpu,identity,4,0.052864497900009154,3.92283100518398,0.7143350085243583,0.0,0.0,4.690030511608347,0.36887138297055505,0.9928861235834163,7.62939453125e-06
fp16,256,64,8,32,256,0.95,0.6,0.5,0.5,1.3,0,7240,28.28125,51.5,256,32,48,cpu,persistent_chunked,gpu,identity,4,0.05295249819755554,0.3428510099183768,0.4082669911440462,0.0882299937075004,0.0,0.8923004929674789,0.3682583657841581,5.218719759609588,7.62939453125e-06
fp16,256,64,8,32,256,0.95,0.6,0.5,0.5,1.3,0,7240,28.28125,51.5,256,32,48,cpu,static_chunked,cpu,sorted,0,0.018928200006484985,3.9462170243496075,0.7151579920900986,0.0,0.0,4.680303216446191,1.0302194843534738,0.9949496856946418,3.814697265625e-06
fp16,256,64,8,32,256,0.95,0.6,0.5,0.5,1.3,0,7240,28.28125,51.5,256,32,48,cpu,static_chunked,gpu,sorted,0,0.018860200047492982,0.36762902163900435,0.40276699292007834,0.08685700595378876,0.0,0.8761132205603644,1.0339339138140515,5.315142044290054,1.52587890625e-05
fp16,256,64,8,32,256,0.95,0.6,0.5,0.5,1.3,0,7240,28.28125,51.5,256,32,48,cpu,persistent_chunked,cpu,sorted,1,0.05616850256919861,3.9462170243496075,0.7151579920900986,0.0,0.0,4.717543519008904,0.347173229807871,0.9870955499181203,3.814697265625e-06
fp16,256,64,8,32,256,0.95,0.6,0.5,0.5,1.3,0,7240,28.28125,51.5,256,32,48,cpu,persistent_chunked,gpu,sorted,1,0.05619660019874573,0.36762902163900435,0.40276699292007834,0.08685700595378876,0.0,0.9134496207116172,0.34699964733552713,5.097890577184773,1.52587890625e-05
fp16,256,64,8,32,256,0.95,0.6,0.5,0.5,1.3,0,7240,28.28125,51.5,256,32,48,cpu,persistent_chunked,cpu,sorted,4,0.05274450182914734,3.9462170243496075,0.7151579920900986,0.0,0.0,4.714119518268854,0.36971058165619647,0.9878125058375284,7.62939453125e-06
fp16,256,64,8,32,256,0.95,0.6,0.5,0.5,1.3,0,7240,28.28125,51.5,256,32,48,cpu,persistent_chunked,gpu,sorted,4,0.05273650288581848,0.36762902163900435,0.40276699292007834,0.08685700595378876,0.0,0.9099895233986899,0.3697666584498578,5.117274533850378,7.62939453125e-06
fp16,256,64,8,32,256,0.95,0.6,0.5,0.5,1.3,0,7240,28.28125,51.5,256,32,256,cpu,static_chunked,cpu,identity,0,0.019428199529647826,3.9209560200106353,0.7281120051629841,0.0,0.0,4.668496224703267,1.0,1.0,7.62939453125e-06
fp16,256,64,8,32,256,0.95,0.6,0.5,0.5,1.3,0,7240,28.28125,51.5,256,32,256,cpu,static_chunked,gpu,identity,0,0.019408200681209565,0.32913300674408674,0.4258390108589083,0.0877190032042563,0.0,0.8620992214884609,1.001030432896215,5.41526556147778,7.62939453125e-06
fp16,256,64,8,32,256,0.95,0.6,0.5,0.5,1.3,0,7240,28.28125,51.5,256,32,256,cpu,persistent_chunked,cpu,identity,1,0.028476300835609435,3.9209560200106353,0.7281120051629841,0.0,0.0,4.677544326009229,0.6822585434043801,0.9980656300239316,7.62939453125e-06
fp16,256,64,8,32,256,0.95,0.6,0.5,0.5,1.3,0,7240,28.28125,51.5,256,32,256,cpu,persistent_chunked,gpu,identity,1,0.028400298953056336,0.32913300674408674,0.4258390108589083,0.0877190032042563,0.0,0.8710913197603076,0.6840843317093687,5.359364878056489,7.62939453125e-06
fp16,256,64,8,32,256,0.95,0.6,0.5,0.5,1.3,0,7240,28.28125,51.5,256,32,256,cpu,persistent_chunked,cpu,identity,4,0.029600301384925844,3.9209560200106353,0.7281120051629841,0.0,0.0,4.678668326558546,0.6563514092982097,0.9978258553192291,7.62939453125e-06
fp16,256,64,8,32,256,0.95,0.6,0.5,0.5,1.3,0,7240,28.28125,51.5,256,32,256,cpu,persistent_chunked,gpu,identity,4,0.029512301087379456,0.32913300674408674,0.4258390108589083,0.0877190032042563,0.0,0.8722033218946308,0.6583085294543853,5.352532038701933,7.62939453125e-06
fp16,256,64,8,32,256,0.95,0.6,0.5,0.5,1.3,0,7240,28.28125,51.5,256,32,256,cpu,static_chunked,cpu,sorted,0,0.01880819946527481,3.9332290034508333,0.731539010303095,0.0,0.0,4.683576213219203,1.0329643496985297,0.9967802406047385,7.62939453125e-06
fp16,256,64,8,32,256,0.95,0.6,0.5,0.5,1.3,0,7240,28.28125,51.5,256,32,256,cpu,static_chunked,gpu,sorted,0,0.018696199357509612,0.3494620032142848,0.42103001032955945,0.08615599654149264,0.0,0.8753442094428465,1.0391523516700305,5.333326221092784,7.62939453125e-06
fp16,256,64,8,32,256,0.95,0.6,0.5,0.5,1.3,0,7240,28.28125,51.5,256,32,256,cpu,persistent_chunked,cpu,sorted,1,0.027528199553489684,3.9332290034508333,0.731539010303095,0.0,0.0,4.692296213307418,0.7057562733769474,0.9949278588728789,7.62939453125e-06
fp16,256,64,8,32,256,0.95,0.6,0.5,0.5,1.3,0,7240,28.28125,51.5,256,32,256,cpu,persistent_chunked,gpu,sorted,1,0.02742829918861389,0.3494620032142848,0.42103001032955945,0.08615599654149264,0.0,0.8840763092739508,0.7083268049559891,5.280648486709566,7.62939453125e-06
fp16,256,64,8,32,256,0.95,0.6,0.5,0.5,1.3,0,7240,28.28125,51.5,256,32,256,cpu,persistent_chunked,cpu,sorted,4,0.029540300369262695,3.9332290034508333,0.731539010303095,0.0,0.0,4.694308314123191,0.6576845626750389,0.9945014073016324,7.62939453125e-06
fp16,256,64,8,32,256,0.95,0.6,0.5,0.5,1.3,0,7240,28.28125,51.5,256,32,256,cpu,persistent_chunked,gpu,sorted,4,0.02958430051803589,0.3494620032142848,0.42103001032955945,0.08615599654149264,0.0,0.8862323106033727,0.6567064013497139,5.267801871864521,7.62939453125e-06
fp16,256,64,8,32,256,0.95,0.6,0.5,0.5,1.3,1,6050,23.6328125,38.5,256,32,48,cpu,static_chunked,cpu,identity,0,0.022256200015544892,4.042741013108753,0.7296650001080707,0.0,0.0,4.794662213232368,1.0,1.0,1.52587890625e-05
fp16,256,64,8,32,256,0.95,0.6,0.5,0.5,1.3,1,6050,23.6328125,38.5,256,32,48,cpu,static_chunked,gpu,identity,0,0.01936420053243637,0.3256470081396401,0.42304297676309943,0.10774699330795556,0.0,0.8758011787431315,1.1493477346645022,5.474601233253902,3.0517578125e-05
fp16,256,64,8,32,256,0.95,0.6,0.5,0.5,1.3,1,6050,23.6328125,38.5,256,32,48,cpu,persistent_chunked,cpu,identity,1,0.056932497024536136,4.042741013108753,0.7296650001080707,0.0,0.0,4.829338510241359,0.39092260446530497,0.9928196590619078,3.814697265625e-06
fp16,256,64,8,32,256,0.95,0.6,0.5,0.5,1.3,1,6050,23.6328125,38.5,256,32,48,cpu,persistent_chunked,gpu,identity,1,0.05709660053253174,0.3256470081396401,0.42304297676309943,0.10774699330795556,0.0,0.9135335787432268,0.3897990389614186,5.248479448153965,3.814697265625e-06
fp16,256,64,8,32,256,0.95,0.6,0.5,0.5,1.3,1,6050,23.6328125,38.5,256,32,48,cpu,persistent_chunked,cpu,identity,4,0.05303249955177307,4.042741013108753,0.7296650001080707,0.0,0.0,4.825438512768597,0.4196709603290948,0.9936220719723625,1.52587890625e-05
fp16,256,64,8,32,256,0.95,0.6,0.5,0.5,1.3,1,6050,23.6328125,38.5,256,32,48,cpu,persistent_chunked,gpu,identity,4,0.05306050181388855,0.3256470081396401,0.42304297676309943,0.10774699330795556,0.0,0.9094974800245836,0.4194494822836249,5.271770750923652,1.52587890625e-05
fp16,256,64,8,32,256,0.95,0.6,0.5,0.5,1.3,1,6050,23.6328125,38.5,256,32,48,cpu,static_chunked,cpu,sorted,0,0.018636199831962585,4.036949001601897,0.7246139866765589,0.0,0.0,4.780199188110418,1.1942456196125197,1.0030256113924967,7.62939453125e-06
fp16,256,64,8,32,256,0.95,0.6,0.5,0.5,1.3,1,6050,23.6328125,38.5,256,32,48,cpu,static_chunked,gpu,sorted,0,0.018744200468063354,0.3460360021563247,0.42000798566732556,0.08439199882559478,0.0,0.8691801871173084,1.1873645959701153,5.516304080899695,1.52587890625e-05
fp16,256,64,8,32,256,0.95,0.6,0.5,0.5,1.3,1,6050,23.6328125,38.5,256,32,48,cpu,persistent_chunked,cpu,sorted,1,0.05709249973297119,4.036949001601897,0.7246139866765589,0.0,0.0,4.818655488011427,0.3898270371702052,0.995020753229038,1.52587890625e-05
fp16,256,64,8,32,256,0.95,0.6,0.5,0.5,1.3,1,6050,23.6328125,38.5,256,32,48,cpu,persistent_chunked,gpu,sorted,1,0.05698860287666321,0.3460360021563247,0.42000798566732556,0.08439199882559478,0.0,0.9074245895259082,0.39053773723340024,5.283813408381826,0.0
fp16,256,64,8,32,256,0.95,0.6,0.5,0.5,1.3,1,6050,23.6328125,38.5,256,32,48,cpu,persistent_chunked,cpu,sorted,4,0.05194849967956543,4.036949001601897,0.7246139866765589,0.0,0.0,4.813511487958022,0.42842815774908005,0.9960840906326268,1.52587890625e-05
fp16,256,64,8,32,256,0.95,0.6,0.5,0.5,1.3,1,6050,23.6328125,38.5,256,32,48,cpu,persistent_chunked,gpu,sorted,4,0.05232449769973755,0.3460360021563247,0.42000798566732556,0.08439199882559478,0.0,0.9027604843489826,0.4253495206635596,5.311112190173006,1.52587890625e-05
fp16,256,64,8,32,256,0.95,0.6,0.5,0.5,1.3,1,6050,23.6328125,38.5,256,32,256,cpu,static_chunked,cpu,identity,0,0.019404199719429017,4.0033440018305555,0.7582789985463023,0.0,0.0,4.781027200096287,1.0,1.0,3.0517578125e-05
fp16,256,64,8,32,256,0.95,0.6,0.5,0.5,1.3,1,6050,23.6328125,38.5,256,32,256,cpu,static_chunked,gpu,identity,0,0.02066420018672943,0.2989350032294169,0.4541249945759773,0.08685799548402429,0.0,0.860582193476148,0.9390249583378704,5.555573002021217,1.52587890625e-05
fp16,256,64,8,32,256,0.95,0.6,0.5,0.5,1.3,1,6050,23.6328125,38.5,256,32,256,cpu,persistent_chunked,cpu,identity,1,0.028588300943374632,4.0033440018305555,0.7582789985463023,0.0,0.0,4.790211301320232,0.6787461681568019,0.998082735677774,3.0517578125e-05
fp16,256,64,8,32,256,0.95,0.6,0.5,0.5,1.3,1,6050,23.6328125,38.5,256,32,256,cpu,persistent_chunked,gpu,identity,1,0.02860429883003235,0.2989350032294169,0.4541249945759773,0.08685799548402429,0.0,0.8685222921194509,0.6783665572342601,5.5047835196367485,1.52587890625e-05
fp16,256,64,8,32,256,0.95,0.6,0.5,0.5,1.3,1,6050,23.6328125,38.5,256,32,256,cpu,persistent_chunked,cpu,identity,4,0.03096030056476593,4.0033440018305555,0.7582789985463023,0.0,0.0,4.792583300941624,0.6267445523933891,0.9975887532631793,1.52587890625e-05
fp16,256,64,8,32,256,0.95,0.6,0.5,0.5,1.3,1,6050,23.6328125,38.5,256,32,256,cpu,persistent_chunked,gpu,identity,4,0.030852299928665162,0.2989350032294169,0.4541249945759773,0.08685799548402429,0.0,0.8707702932180836,0.6289385155821201,5.490572240845707,1.52587890625e-05
fp16,256,64,8,32,256,0.95,0.6,0.5,0.5,1.3,1,6050,23.6328125,38.5,256,32,256,cpu,static_chunked,cpu,sorted,0,0.018692199885845185,4.014676000224426,0.7654329965589568,0.0,0.0,4.7988011966692286,1.0380907457619795,0.9962961590104465,3.0517578125e-05
fp16,256,64,8,32,256,0.95,0.6,0.5,0.5,1.3,1,6050,23.6328125,38.5,256,32,256,cpu,static_chunked,gpu,sorted,0,0.01876419931650162,0.3193040029145777,0.44978599180467427,0.08525399607606232,0.0,0.873108190111816,1.0341075253002971,5.47587029218452,3.0517578125e-05
fp16,256,64,8,32,256,0.95,0.6,0.5,0.5,1.3,1,6050,23.6328125,38.5,256,32,256,cpu,persistent_chunked,cpu,sorted,1,0.02941029965877533,4.014676000224426,0.7654329965589568,0.0,0.0,4.809519296442159,0.6597756549426815,0.9940758952008055,3.0517578125e-05
fp16,256,64,8,32,256,0.95,0.6,0.5,0.5,1.3,1,6050,23.6328125,38.5,256,32,256,cpu,persistent_chunked,gpu,sorted,1,0.0279682993888855,0.3193040029145777,0.44978599180467427,0.08525399607606232,0.0,0.8823122901841998,0.6937926203385886,5.418747141217034,1.52587890625e-05
fp16,256,64,8,32,256,0.95,0.6,0.5,0.5,1.3,1,6050,23.6328125,38.5,256,32,256,cpu,persistent_chunked,cpu,sorted,4,0.029832300543785096,4.014676000224426,0.7654329965589568,0.0,0.0,4.8099412973271685,0.6504426197687746,0.9939886798105106,3.0517578125e-05
fp16,256,64,8,32,256,0.95,0.6,0.5,0.5,1.3,1,6050,23.6328125,38.5,256,32,256,cpu,persistent_chunked,gpu,sorted,4,0.029916301369667053,0.3193040029145777,0.44978599180467427,0.08525399607606232,0.0,0.8842602921649814,0.6486162670865276,5.4068097849227685,3.0517578125e-05
fp16,256,64,8,32,256,0.95,0.6,0.5,0.5,1.3,2,7576,29.59375,47.5,256,32,48,cpu,static_chunked,cpu,identity,0,0.019880199432373048,4.0115099982358515,0.7260069978656247,0.0,0.0,4.75739719553385,1.0,1.0,1.52587890625e-05
fp16,256,64,8,32,256,0.95,0.6,0.5,0.5,1.3,2,7576,29.59375,47.5,256,32,48,cpu,static_chunked,gpu,identity,0,0.01992419958114624,0.3315279900562018,0.42000701068900526,0.08660700405016541,0.0,0.8580662043765187,0.9977916227653719,5.544324169008185,1.52587890625e-05
fp16,256,64,8,32,256,0.95,0.6,0.5,0.5,1.3,2,7576,29.59375,47.5,256,32,48,cpu,persistent_chunked,cpu,identity,1,0.05801659822463989,4.0115099982358515,0.7260069978656247,0.0,0.0,4.795533594326116,0.3426639968685693,0.992047517123561,1.52587890625e-05
fp16,256,64,8,32,256,0.95,0.6,0.5,0.5,1.3,2,7576,29.59375,47.5,256,32,48,cpu,persistent_chunked,gpu,identity,1,0.0579925000667572,0.3315279900562018,0.42000701068900526,0.08660700405016541,0.0,0.8961345048621296,0.3428063871964177,5.30879814327178,1.52587890625e-05
fp16,256,64,8,32,256,0.95,0.6,0.5,0.5,1.3,2,7576,29.59375,47.5,256,32,48,cpu,persistent_chunked,cpu,identity,4,0.05382050275802612,4.0115099982358515,0.7260069978656247,0.0,0.0,4.7913374988595026,0.3693796678517345,0.9929163196427445,1.52587890625e-05
fp16,256,64,8,32,256,0.95,0.6,0.5,0.5,1.3,2,7576,29.59375,47.5,256,32,48,cpu,persistent_chunked,gpu,identity,4,0.05376849770545959,0.3315279900562018,0.42000701068900526,0.08660700405016541,0.0,0.891910502500832,0.3697369329765454,5.333940100710286,1.52587890625e-05
fp16,256,64,8,32,256,0.95,0.6,0.5,0.5,1.3,2,7576,29.59375,47.5,256,32,48,cpu,static_chunked,cpu,sorted,0,0.01899220049381256,4.070553986821324,0.7506840047426522,0.0,0.0,4.840230192057788,1.0467559795848715,0.9828865584409896,3.814697265625e-06
fp16,256,64,8,32,256,0.95,0.6,0.5,0.5,1.3,2,7576,29.59375,47.5,256,32,48,cpu,static_chunked,gpu,sorted,0,0.019028200209140776,0.3524679923430085,0.41585901635698974,0.08468300802633166,0.0,0.8720382169354707,1.0447756074598684,5.455491632296075,3.814697265625e-06
fp16,256,64,8,32,256,0.95,0.6,0.5,0.5,1.3,2,7576,29.59375,47.5,256,32,48,cpu,persistent_chunked,cpu,sorted,1,0.058720600605010984,4.070553986821324,0.7506840047426522,0.0,0.0,4.879958592168987,0.33855579179271117,0.9748847465976832,1.52587890625e-05
fp16,256,64,8,32,256,0.95,0.6,0.5,0.5,1.3,2,7576,29.59375,47.5,256,32,48,cpu,persistent_chunked,gpu,sorted,1,0.05886459946632385,0.3524679923430085,0.41585901635698974,0.08468300802633166,0.0,0.9118746161926538,0.3377275920096324,5.217161560431839,1.52587890625e-05
fp16,256,64,8,32,256,0.95,0.6,0.5,0.5,1.3,2,7576,29.59375,47.5,256,32,48,cpu,persistent_chunked,cpu,sorted,4,0.05398849844932556,4.070553986821324,0.7506840047426522,0.0,0.0,4.8752264900133016,0.3682302713240471,0.975831011190799,7.62939453125e-06
fp16,256,64,8,32,256,0.95,0.6,0.5,0.5,1.3,2,7576,29.59375,47.5,256,32,48,cpu,persistent_chunked,gpu,sorted,4,0.05412449836730957,0.3524679923430085,0.41585901635698974,0.08468300802633166,0.0,0.9071345150936395,0.3673050103385421,5.244423088722145,7.62939453125e-06
fp16,256,64,8,32,256,0.95,0.6,0.5,0.5,1.3,2,7576,29.59375,47.5,256,32,256,cpu,static_chunked,cpu,identity,0,0.01992020010948181,4.038332001073286,0.7234129880089313,0.0,0.0,4.781665189191699,1.0,1.0,3.814697265625e-06
fp16,256,64,8,32,256,0.95,0.6,0.5,0.5,1.3,2,7576,29.59375,47.5,256,32,256,cpu,static_chunked,gpu,identity,0,0.019932200014591218,0.3370990016264841,0.4126650019316003,0.08612600504420698,0.0,0.8558222086168825,0.9993979638423947,5.587217930368362,1.52587890625e-05
fp16,256,64,8,32,256,0.95,0.6,0.5,0.5,1.3,2,7576,29.59375,47.5,256,32,256,cpu,persistent_chunked,cpu,identity,1,0.028816300630569457,4.038332001073286,0.7234129880089313,0.0,0.0,4.7905612897127865,0.6912823531674877,0.9981429941121532,1.52587890625e-05
fp16,256,64,8,32,256,0.95,0.6,0.5,0.5,1.3,2,7576,29.59375,47.5,256,32,256,cpu,persistent_chunked,gpu,identity,1,0.02894830107688904,0.3370990016264841,0.4126650019316003,0.08612600504420698,0.0,0.8648383096791804,0.6881301965380332,5.528970138898566,3.814697265625e-06
fp16,256,64,8,32,256,0.95,0.6,0.5,0.5,1.3,2,7576,29.59375,47.5,256,32,256,cpu,persistent_chunked,cpu,identity,4,0.030180299282073976,4.038332001073286,0.7234129880089313,0.0,0.0,4.7919252883642915,0.6600398466331214,0.9978588774750922,7.62939453125e-06
fp16,256,64,8,32,256,0.95,0.6,0.5,0.5,1.3,2,7576,29.59375,47.5,256,32,256,cpu,persistent_chunked,gpu,identity,4,0.030500298738479613,0.3370990016264841,0.4126650019316003,0.08612600504420698,0.0,0.8663903073407709,0.6531149179975146,5.519065885984066,7.62939453125e-06
fp16,256,64,8,32,256,0.95,0.6,0.5,0.5,1.3,2,7576,29.59375,47.5,256,32,256,cpu,static_chunked,cpu,sorted,0,0.0189641997218132,4.053149983519688,0.7126120035536587,0.0,0.0,4.78472618679516,1.0504107951662727,0.9993602564736288,1.52587890625e-05
fp16,256,64,8,32,256,0.95,0.6,0.5,0.5,1.3,2,7576,29.59375,47.5,256,32,256,cpu,static_chunked,gpu,sorted,0,0.019140200316905977,0.35769799433182925,0.4080159997101873,0.0851439981488511,0.0,0.8699981925077737,1.0407519137554107,5.4961783028635125,1.52587890625e-05
fp16,256,64,8,32,256,0.95,0.6,0.5,0.5,1.3,2,7576,29.59375,47.5,256,32,256,cpu,persistent_chunked,cpu,sorted,1,0.028136199712753295,4.053149983519688,0.7126120035536587,0.0,0.0,4.7938981867861,0.7079918508131922,0.997448214977089,3.814697265625e-06
fp16,256,64,8,32,256,0.95,0.6,0.5,0.5,1.3,2,7576,29.59375,47.5,256,32,256,cpu,persistent_chunked,gpu,sorted,1,0.02809630036354065,0.35769799433182925,0.4080159997101873,0.0851439981488511,0.0,0.8789542925544083,0.708997264826062,5.440175023544479,1.9073486328125e-06
fp16,256,64,8,32,256,0.95,0.6,0.5,0.5,1.3,2,7576,29.59375,47.5,256,32,256,cpu,persistent_chunked,cpu,sorted,4,0.029624301195144653,4.053149983519688,0.7126120035536587,0.0,0.0,4.7953862882684914,0.6724276795007297,0.9971386874274634,1.52587890625e-05
fp16,256,64,8,32,256,0.95,0.6,0.5,0.5,1.3,2,7576,29.59375,47.5,256,32,256,cpu,persistent_chunked,gpu,sorted,4,0.029596298933029175,0.35769799433182925,0.4080159997101873,0.0851439981488511,0.0,0.8804542911238968,0.6730638906762448,5.430906791410965,1.52587890625e-05
fp16,256,64,8,32,256,0.95,0.6,0.5,0.5,1.3,0,6378,24.9140625,48.5,245,32,48,gpu,static_chunked,gpu,identity,0,0.019824199378490448,0.0,0.0,0.30406600853893906,0.13923800725024194,0.3238902079174295,1.0,1.0,3.814697265625e-06
fp16,256,64,8,32,256,0.95,0.6,0.5,0.5,1.3,0,6378,24.9140625,48.5,245,32,48,gpu,persistent_chunked,gpu,identity,1,0.05737659931182861,0.0,0.0,0.30406600853893906,0.13923800725024194,0.36144260785076765,0.34551018387741117,0.8961041141313291,3.814697265625e-06
fp16,256,64,8,32,256,0.95,0.6,0.5,0.5,1.3,0,6378,24.9140625,48.5,245,32,48,gpu,persistent_chunked,gpu,identity,4,0.0561044991016388,0.0,0.0,0.30406600853893906,0.13923800725024194,0.36017050764057784,0.35334420048162213,0.8992690990697294,4.76837158203125e-07
fp16,256,64,8,32,256,0.95,0.6,0.5,0.5,1.3,0,6378,24.9140625,48.5,245,32,48,gpu,static_chunked,gpu,bucket,0,0.019268199801445007,0.0,0.0,0.24296801711898297,0.13923800725024194,0.262236216920428,1.0288558133491923,1.2351086044522583,3.814697265625e-06
fp16,256,64,8,32,256,0.95,0.6,0.5,0.5,1.3,0,6378,24.9140625,48.5,245,32,48,gpu,persistent_chunked,gpu,bucket,1,0.05789660215377808,0.0,0.0,0.24296801711898297,0.13923800725024194,0.30086461927276104,0.34240695724829867,1.0765313937555205,3.814697265625e-06
fp16,256,64,8,32,256,0.95,0.6,0.5,0.5,1.3,0,6378,24.9140625,48.5,245,32,48,gpu,persistent_chunked,gpu,bucket,4,0.05407249927520752,0.0,0.0,0.24296801711898297,0.13923800725024194,0.2970405163941905,0.366622583461385,1.0903906707716864,3.814697265625e-06
fp16,256,64,8,32,256,0.95,0.6,0.5,0.5,1.3,0,6378,24.9140625,48.5,245,32,256,gpu,static_chunked,gpu,identity,0,0.019788199663162233,0.0,0.0,0.29375501617323607,0.19262100977357477,0.3135432158363983,1.0,1.0,5.7220458984375e-06
fp16,256,64,8,32,256,0.95,0.6,0.5,0.5,1.3,0,6378,24.9140625,48.5,245,32,256,gpu,persistent_chunked,gpu,identity,1,0.028964298963546752,0.0,0.0,0.29375501617323607,0.19262100977357477,0.3227193151367828,0.6831927707992114,0.9715663151537886,3.814697265625e-06
fp16,256,64,8,32,256,0.95,0.6,0.5,0.5,1.3,0,6378,24.9140625,48.5,245,32,256,gpu,persistent_chunked,gpu,identity,4,0.03270829916000366,0.0,0.0,0.29375501617323607,0.19262100977357477,0.32646331533323975,0.6049901759294053,0.9604240388122839,3.814697265625e-06
fp16,256,64,8,32,256,0.95,0.6,0.5,0.5,1.3,0,6378,24.9140625,48.5,245,32,256,gpu,static_chunked,gpu,bucket,0,0.01922820061445236,0.0,0.0,0.30127000354696065,0.19262100977357477,0.320498204161413,1.0291238405474594,0.9782994468152716,1.9073486328125e-06
fp16,256,64,8,32,256,0.95,0.6,0.5,0.5,1.3,0,6378,24.9140625,48.5,245,32,256,gpu,persistent_chunked,gpu,bucket,1,0.02846829891204834,0.0,0.0,0.30127000354696065,0.19262100977357477,0.329738302459009,0.6950959635592234,0.950885030638429,7.62939453125e-06
fp16,256,64,8,32,256,0.95,0.6,0.5,0.5,1.3,0,6378,24.9140625,48.5,245,32,256,gpu,persistent_chunked,gpu,bucket,4,0.030900299549102783,0.0,0.0,0.30127000354696065,0.19262100977357477,0.33217030309606344,0.6403886030851375,0.9439230807629477,3.814697265625e-06
fp16,256,64,8,32,256,0.95,0.6,0.5,0.5,1.3,1,7150,27.9296875,52.5,245,32,48,gpu,static_chunked,gpu,identity,0,0.01997220069169998,0.0,0.0,0.22262800484895706,0.13567099813371897,0.24260020554065703,1.0,1.0,7.62939453125e-06
fp16,256,64,8,32,256,0.95,0.6,0.5,0.5,1.3,1,7150,27.9296875,52.5,245,32,48,gpu,persistent_chunked,gpu,identity,1,0.058084499835968015,0.0,0.0,0.22262800484895706,0.13567099813371897,0.2807125046849251,0.34384733875822193,0.8642301340047329,1.52587890625e-05
fp16,256,64,8,32,256,0.95,0.6,0.5,0.5,1.3,1,7150,27.9296875,52.5,245,32,48,gpu,persistent_chunked,gpu,identity,4,0.054480499029159545,0.0,0.0,0.22262800484895706,0.13567099813371897,0.2771085038781166,0.36659357105026297,0.875470085347371,7.62939453125e-06
fp16,256,64,8,32,256,0.95,0.6,0.5,0.5,1.3,1,7150,27.9296875,52.5,245,32,48,gpu,static_chunked,gpu,bucket,0,0.019432200491428374,0.0,0.0,0.21636599558405578,0.13567099813371897,0.23579819607548416,1.0277889372595659,1.0288467408927735,1.52587890625e-05
fp16,256,64,8,32,256,0.95,0.6,0.5,0.5,1.3,1,7150,27.9296875,52.5,245,32,48,gpu,persistent_chunked,gpu,bucket,1,0.058456599712371826,0.0,0.0,0.21636599558405578,0.13567099813371897,0.2748225952964276,0.3416586115164177,0.8827520360143057,1.52587890625e-05
fp16,256,64,8,32,256,0.95,0.6,0.5,0.5,1.3,1,7150,27.9296875,52.5,245,32,48,gpu,persistent_chunked,gpu,bucket,4,0.05341249704360962,0.0,0.0,0.21636599558405578,0.13567099813371897,0.2697784926276654,0.37392374064431605,0.8992570281556193,1.52587890625e-05
fp16,256,64,8,32,256,0.95,0.6,0.5,0.5,1.3,1,7150,27.9296875,52.5,245,32,256,gpu,static_chunked,gpu,identity,0,0.01976419985294342,0.0,0.0,0.25509099941700697,0.15442699077539146,0.2748551992699504,1.0,1.0,1.52587890625e-05
fp16,256,64,8,32,256,0.95,0.6,0.5,0.5,1.3,1,7150,27.9296875,52.5,245,32,256,gpu,persistent_chunked,gpu,identity,1,0.02871229946613312,0.0,0.0,0.25509099941700697,0.15442699077539146,0.2838032988831401,0.6883530828401881,0.9684707695491792,1.52587890625e-05
fp16,256,64,8,32,256,0.95,0.6,0.5,0.5,1.3,1,7150,27.9296875,52.5,245,32,256,gpu,persistent_chunked,gpu,identity,4,0.03184030055999756,0.0,0.0,0.25509099941700697,0.15442699077539146,0.2869312999770045,0.6207290605093753,0.9579129195454733,1.52587890625e-05
fp16,256,64,8,32,256,0.95,0.6,0.5,0.5,1.3,1,7150,27.9296875,52.5,245,32,256,gpu,static_chunked,gpu,bucket,0,0.019368200004100798,0.0,0.0,0.2347619883948937,0.15442699077539146,0.2541301883989945,1.0204458777149543,1.081552730911358,1.52587890625e-05
fp16,256,64,8,32,256,0.95,0.6,0.5,0.5,1.3,1,7150,27.9296875,52.5,245,32,256,gpu,persistent_chunked,gpu,bucket,1,0.028508299589157106,0.0,0.0,0.2347619883948937,0.15442699077539146,0.26327028798405083,0.6932788043402128,1.0440038690830216,1.52587890625e-05
fp16,256,64,8,32,256,0.95,0.6,0.5,0.5,1.3,1,7150,27.9296875,52.5,245,32,256,gpu,persistent_chunked,gpu,bucket,4,0.030260300636291503,0.0,0.0,0.2347619883948937,0.15442699077539146,0.2650222890311852,0.653139573545413,1.037102201006226,7.62939453125e-06
fp16,256,64,8,32,256,0.95,0.6,0.5,0.5,1.3,2,7308,28.546875,55.5,245,32,48,gpu,static_chunked,gpu,identity,0,0.02040019929409027,0.0,0.0,0.23877999046817422,0.13664299331139773,0.2591801897622645,1.0,1.0,1.52587890625e-05
fp16,256,64,8,32,256,0.95,0.6,0.5,0.5,1.3,2,7308,28.546875,55.5,245,32,48,gpu,persistent_chunked,gpu,identity,1,0.05959659814834595,0.0,0.0,0.23877999046817422,0.13664299331139773,0.29837658861652017,0.34230476114275427,0.8686344694937453,7.62939453125e-06
fp16,256,64,8,32,256,0.95,0.6,0.5,0.5,1.3,2,7308,28.546875,55.5,245,32,48,gpu,persistent_chunked,gpu,identity,4,0.05742849707603455,0.0,0.0,0.23877999046817422,0.13664299331139773,0.29620848754420875,0.355227810804115,0.8749924484307093,1.52587890625e-05
fp16,256,64,8,32,256,0.95,0.6,0.5,0.5,1.3,2,7308,28.546875,55.5,245,32,48,gpu,static_chunked,gpu,bucket,0,0.019408200681209565,0.0,0.0,0.21892099175602198,0.13664299331139773,0.23832919243723155,1.0511123431365346,1.0874882221175,7.62939453125e-06
fp16,256,64,8,32,256,0.95,0.6,0.5,0.5,1.3,2,7308,28.546875,55.5,245,32,48,gpu,persistent_chunked,gpu,bucket,1,0.05926460027694702,0.0,0.0,0.21892099175602198,0.13664299331139773,0.278185592032969,0.3442223384408048,0.9316808533043937,7.62939453125e-06
fp16,256,64,8,32,256,0.95,0.6,0.5,0.5,1.3,2,7308,28.546875,55.5,245,32,48,gpu,persistent_chunked,gpu,bucket,4,0.053868597745895384,0.0,0.0,0.21892099175602198,0.13664299331139773,0.27278958950191734,0.3787029948379286,0.9501102671678121,1.52587890625e-05
fp16,256,64,8,32,256,0.95,0.6,0.5,0.5,1.3,2,7308,28.546875,55.5,245,32,256,gpu,static_chunked,gpu,identity,0,0.020280200242996215,0.0,0.0,0.23860899091232568,0.13711399515159428,0.2588891911553219,1.0,1.0,7.62939453125e-06
fp16,256,64,8,32,256,0.95,0.6,0.5,0.5,1.3,2,7308,28.546875,55.5,245,32,256,gpu,persistent_chunked,gpu,identity,1,0.029044300317764282,0.0,0.0,0.23860899091232568,0.13711399515159428,0.26765329123008996,0.6982506041156824,0.9672557731889276,1.52587890625e-05
fp16,256,64,8,32,256,0.95,0.6,0.5,0.5,1.3,2,7308,28.546875,55.5,245,32,256,gpu,persistent_chunked,gpu,identity,4,0.03308829963207245,0.0,0.0,0.23860899091232568,0.13711399515159428,0.2716972905443981,0.6129115266877794,0.9528589359010069,1.52587890625e-05
fp16,256,64,8,32,256,0.95,0.6,0.5,0.5,1.3,2,7308,28.546875,55.5,245,32,256,gpu,static_chunked,gpu,bucket,0,0.019436199963092805,0.0,0.0,0.21883199224248528,0.13711399515159428,0.2382681922055781,1.0434241405987834,1.0865453284337339,7.62939453125e-06
fp16,256,64,8,32,256,0.95,0.6,0.5,0.5,1.3,2,7308,28.546875,55.5,245,32,256,gpu,persistent_chunked,gpu,bucket,1,0.028668299317359924,0.0,0.0,0.21883199224248528,0.13711399515159428,0.2475002915598452,0.707408556695083,1.0460157017339224,1.52587890625e-05
fp16,256,64,8,32,256,0.95,0.6,0.5,0.5,1.3,2,7308,28.546875,55.5,245,32,256,gpu,persistent_chunked,gpu,bucket,4,0.03008829951286316,0.0,0.0,0.21883199224248528,0.13711399515159428,0.24892029175534844,0.674022811901555,1.0400485606443504,1.52587890625e-05
